id,text,tokens,radicals,pos_tags,polarity,intensity,emotion_type,target
CFGECD_0001,产品质量很坏，让人失望。,"['产品质量', '很坏', '，', '让', '人', '失望', '。']","['产', '品', '贝', '里', '很', '土', '，', '讠', '人', '失', '望', '。']","['n', 'd', 'a', 'x', 'v', 'n', 'v', 'x']",Neutral,Low,Neutral,Neutral
CFGECD_0002,这家店的服务态度差劲。,"['这家', '店', '的', '服务态度', '差劲', '。']","['辶', '家', '店', '白', '月', '力', '态', '度', '工', '劲', '。']","['r', 'n', 'uj', 'n', 'n', 'x']",Negative,Medium,Disgust,Negative
CFGECD_0003,那条路每天都有很多车。,"['那条', '路', '每天', '都', '有', '很多', '车', '。']","['那', '条', '路', '每', '大', '都', '有', '很', '多', '车', '。']","['mq', 'n', 'r', 'd', 'v', 'm', 'zg', 'x']",Neutral,Low,Neutral,Neutral
CFGECD_0004,桌子是木头做的。,"['桌子', '是', '木头', '做', '的', '。']","['桌', '子', '是', '木', '头', '做', '白', '。']","['n', 'v', 'n', 'v', 'uj', 'x']",Neutral,Low,Neutral,Neutral
CFGECD_0005,这家餐厅的菜非常美味。,"['这家', '餐厅', '的', '菜', '非常', '美味', '。']","['辶', '家', '餐', '厅', '白', '菜', '非', '常', '羊', '口', '。']","['r', 'n', 'uj', 'n', 'd', 'nz', 'x']",Positive,Medium,Joy,Positive
CFGECD_0006,这部电影的剧情让我感到惊喜。,"['这部', '电影', '的', '剧情', '让', '我', '感到', '惊喜', '。']","['辶', '部', '田', '彡', '白', '剧', '情', '讠', '我', '感', '到', '忄', '口', '。']","['r', 'n', 'uj', 'n', 'v', 'r', 'v', 'a', 'x']",Positive,High,Surprise,Positive
CFGECD_0007,这家店的服务态度差劲。,"['这家', '店', '的', '服务态度', '差劲', '。']","['辶', '家', '店', '白', '月', '力', '态', '度', '工', '劲', '。']","['r', 'n', 'uj', 'n', 'n', 'x']",Negative,Medium,Disgust,Negative
CFGECD_0008,这是一个普通的工作日。,"['这是', '一个', '普通', '的', '工作日', '。']","['辶', '是', '一', '人', '普', '通', '白', '工', '作', '日', '。']","['r', 'v', 'm', 'nz', 'uj', 'n', 'x']",Neutral,Low,Neutral,Neutral
CFGECD_0009,我今天去超市买了米和菜。,"['我', '今天', '去', '超市', '买', '了', '米', '和', '菜', '。']","['我', '今', '大', '去', '超', '市', '买', '了', '米', '和', '菜', '。']","['r', 't', 'v', 'v', 'v', 'ul', 'q', 'c', 'n', 'x']",Neutral,Low,Neutral,Neutral
CFGECD_0010,我今天去超市买了米和菜。,"['我', '今天', '去', '超市', '买', '了', '米', '和', '菜', '。']","['我', '今', '大', '去', '超', '市', '买', '了', '米', '和', '菜', '。']","['r', 't', 'v', 'v', 'v', 'ul', 'q', 'c', 'n', 'x']",Neutral,Low,Neutral,Neutral
CFGECD_0011,产品质量很坏，让人失望。,"['产品质量', '很坏', '，', '让', '人', '失望', '。']","['产', '品', '贝', '里', '很', '土', '，', '讠', '人', '失', '望', '。']","['n', 'd', 'a', 'x', 'v', 'n', 'v', 'x']",Neutral,Low,Neutral,Neutral
CFGECD_0012,服务质量令人满意。,"['服务质量', '令人满意', '。']","['月', '力', '贝', '里', '令', '人', '氵', '心', '。']","['n', 'l', 'x']",Neutral,Low,Neutral,Neutral
CFGECD_0013,这家店的服务态度差劲。,"['这家', '店', '的', '服务态度', '差劲', '。']","['辶', '家', '店', '白', '月', '力', '态', '度', '工', '劲', '。']","['r', 'n', 'uj', 'n', 'n', 'x']",Negative,Medium,Disgust,Negative
CFGECD_0014,这部电影的剧情让我感到惊喜。,"['这部', '电影', '的', '剧情', '让', '我', '感到', '惊喜', '。']","['辶', '部', '田', '彡', '白', '剧', '情', '讠', '我', '感', '到', '忄', '口', '。']","['r', 'n', 'uj', 'n', 'v', 'r', 'v', 'a', 'x']",Positive,High,Surprise,Positive
CFGECD_0015,这家店的服务态度差劲。,"['这家', '店', '的', '服务态度', '差劲', '。']","['辶', '家', '店', '白', '月', '力', '态', '度', '工', '劲', '。']","['r', 'n', 'uj', 'n', 'n', 'x']",Negative,Medium,Disgust,Negative
CFGECD_0016,我今天去超市买了米和菜。,"['我', '今天', '去', '超市', '买', '了', '米', '和', '菜', '。']","['我', '今', '大', '去', '超', '市', '买', '了', '米', '和', '菜', '。']","['r', 't', 'v', 'v', 'v', 'ul', 'q', 'c', 'n', 'x']",Neutral,Low,Neutral,Neutral
CFGECD_0017,今天的天气很舒服。,"['今天', '的', '天气', '很', '舒服', '。']","['今', '大', '白', '大', '气', '很', '舒', '月', '。']","['t', 'uj', 'n', 'zg', 'a', 'x']",Positive,Low,Joy,Positive
CFGECD_0018,食物的味道非常糟糕。,"['食物', '的', '味道', '非常', '糟糕', '。']","['食', '物', '白', '口', '道', '非', '常', '米', '米', '。']","['n', 'uj', 'n', 'd', 'a', 'x']",Negative,High,Disgust,Negative
CFGECD_0019,今天的天气很舒服。,"['今天', '的', '天气', '很', '舒服', '。']","['今', '大', '白', '大', '气', '很', '舒', '月', '。']","['t', 'uj', 'n', 'zg', 'a', 'x']",Positive,Low,Joy,Positive
CFGECD_0020,那条路每天都有很多车。,"['那条', '路', '每天', '都', '有', '很多', '车', '。']","['那', '条', '路', '每', '大', '都', '有', '很', '多', '车', '。']","['mq', 'n', 'r', 'd', 'v', 'm', 'zg', 'x']",Neutral,Low,Neutral,Neutral
CFGECD_0021,产品质量很坏，让人失望。,"['产品质量', '很坏', '，', '让', '人', '失望', '。']","['产', '品', '贝', '里', '很', '土', '，', '讠', '人', '失', '望', '。']","['n', 'd', 'a', 'x', 'v', 'n', 'v', 'x']",Neutral,Low,Neutral,Neutral
CFGECD_0022,他的表演打动了观众。,"['他', '的', '表演', '打动', '了', '观众', '。']","['他', '白', '表', '演', '手', '力', '了', '观', '众', '。']","['r', 'uj', 'v', 'v', 'ul', 'n', 'x']",Positive,Medium,Joy,Positive
CFGECD_0023,这家餐厅的菜非常美味。,"['这家', '餐厅', '的', '菜', '非常', '美味', '。']","['辶', '家', '餐', '厅', '白', '菜', '非', '常', '羊', '口', '。']","['r', 'n', 'uj', 'n', 'd', 'nz', 'x']",Positive,Medium,Joy,Positive
CFGECD_0024,这家商店早上九点开门。,"['这家', '商店', '早上', '九点', '开门', '。']","['辶', '家', '商', '店', '早', '上', '九', '点', '开', '门', '。']","['r', 'n', 't', 'm', 'v', 'x']",Neutral,Low,Neutral,Neutral
CFGECD_0025,这个手机的电池续航简直是个笑话。,"['这个', '手机', '的', '电池', '续航', '简直', '是', '个', '笑话', '。']","['辶', '人', '手', '木', '白', '田', '水', '纟', '舟', '竹', '十', '是', '人', '竹', '讠', '。']","['r', 'n', 'uj', 'n', 'nr', 'd', 'v', 'q', 'n', 'x']",Negative,High,Disgust,Negative
CFGECD_0026,服务质量令人满意。,"['服务质量', '令人满意', '。']","['月', '力', '贝', '里', '令', '人', '氵', '心', '。']","['n', 'l', 'x']",Neutral,Low,Neutral,Neutral
CFGECD_0027,这家商店早上九点开门。,"['这家', '商店', '早上', '九点', '开门', '。']","['辶', '家', '商', '店', '早', '上', '九', '点', '开', '门', '。']","['r', 'n', 't', 'm', 'v', 'x']",Neutral,Low,Neutral,Neutral
CFGECD_0028,这部电影的剧情让我感到惊喜。,"['这部', '电影', '的', '剧情', '让', '我', '感到', '惊喜', '。']","['辶', '部', '田', '彡', '白', '剧', '情', '讠', '我', '感', '到', '忄', '口', '。']","['r', 'n', 'uj', 'n', 'v', 'r', 'v', 'a', 'x']",Positive,High,Surprise,Positive
CFGECD_0029,他的表演打动了观众。,"['他', '的', '表演', '打动', '了', '观众', '。']","['他', '白', '表', '演', '手', '力', '了', '观', '众', '。']","['r', 'uj', 'v', 'v', 'ul', 'n', 'x']",Positive,Medium,Joy,Positive
CFGECD_0030,桌子是木头做的。,"['桌子', '是', '木头', '做', '的', '。']","['桌', '子', '是', '木', '头', '做', '白', '。']","['n', 'v', 'n', 'v', 'uj', 'x']",Neutral,Low,Neutral,Neutral
CFGECD_0031,这部电影的剧情让我感到惊喜。,"['这部', '电影', '的', '剧情', '让', '我', '感到', '惊喜', '。']","['辶', '部', '田', '彡', '白', '剧', '情', '讠', '我', '感', '到', '忄', '口', '。']","['r', 'n', 'uj', 'n', 'v', 'r', 'v', 'a', 'x']",Positive,High,Surprise,Positive
CFGECD_0032,桌子是木头做的。,"['桌子', '是', '木头', '做', '的', '。']","['桌', '子', '是', '木', '头', '做', '白', '。']","['n', 'v', 'n', 'v', 'uj', 'x']",Neutral,Low,Neutral,Neutral
CFGECD_0033,我今天去超市买了米和菜。,"['我', '今天', '去', '超市', '买', '了', '米', '和', '菜', '。']","['我', '今', '大', '去', '超', '市', '买', '了', '米', '和', '菜', '。']","['r', 't', 'v', 'v', 'v', 'ul', 'q', 'c', 'n', 'x']",Neutral,Low,Neutral,Neutral
CFGECD_0034,这个手机的电池续航简直是个笑话。,"['这个', '手机', '的', '电池', '续航', '简直', '是', '个', '笑话', '。']","['辶', '人', '手', '木', '白', '田', '水', '纟', '舟', '竹', '十', '是', '人', '竹', '讠', '。']","['r', 'n', 'uj', 'n', 'nr', 'd', 'v', 'q', 'n', 'x']",Negative,High,Disgust,Negative
CFGECD_0035,今天的天气很舒服。,"['今天', '的', '天气', '很', '舒服', '。']","['今', '大', '白', '大', '气', '很', '舒', '月', '。']","['t', 'uj', 'n', 'zg', 'a', 'x']",Positive,Low,Joy,Positive
CFGECD_0036,他正在看一本书。,"['他', '正在', '看一', '本书', '。']","['他', '正', '在', '看', '一', '本', '书', '。']","['r', 't', 'v', 'm', 'r', 'x']",Neutral,Low,Neutral,Neutral
CFGECD_0037,食物的味道非常糟糕。,"['食物', '的', '味道', '非常', '糟糕', '。']","['食', '物', '白', '口', '道', '非', '常', '米', '米', '。']","['n', 'uj', 'n', 'd', 'a', 'x']",Negative,High,Disgust,Negative
CFGECD_0038,这家餐厅的菜非常美味。,"['这家', '餐厅', '的', '菜', '非常', '美味', '。']","['辶', '家', '餐', '厅', '白', '菜', '非', '常', '羊', '口', '。']","['r', 'n', 'uj', 'n', 'd', 'nz', 'x']",Positive,Medium,Joy,Positive
CFGECD_0039,桌子是木头做的。,"['桌子', '是', '木头', '做', '的', '。']","['桌', '子', '是', '木', '头', '做', '白', '。']","['n', 'v', 'n', 'v', 'uj', 'x']",Neutral,Low,Neutral,Neutral
CFGECD_0040,他的表演打动了观众。,"['他', '的', '表演', '打动', '了', '观众', '。']","['他', '白', '表', '演', '手', '力', '了', '观', '众', '。']","['r', 'uj', 'v', 'v', 'ul', 'n', 'x']",Positive,Medium,Joy,Positive
CFGECD_0041,今天的天气很糟糕。,"['今天', '的', '天气', '很', '糟糕', '。']","['今', '大', '白', '大', '气', '很', '米', '米', '。']","['t', 'uj', 'n', 'zg', 'a', 'x']",Negative,High,Disgust,Negative
CFGECD_0042,这家商店早上九点开门。,"['这家', '商店', '早上', '九点', '开门', '。']","['辶', '家', '商', '店', '早', '上', '九', '点', '开', '门', '。']","['r', 'n', 't', 'm', 'v', 'x']",Neutral,Low,Neutral,Neutral
CFGECD_0043,这家店的服务态度差劲。,"['这家', '店', '的', '服务态度', '差劲', '。']","['辶', '家', '店', '白', '月', '力', '态', '度', '工', '劲', '。']","['r', 'n', 'uj', 'n', 'n', 'x']",Negative,Medium,Disgust,Negative
CFGECD_0044,这家餐厅的菜非常美味。,"['这家', '餐厅', '的', '菜', '非常', '美味', '。']","['辶', '家', '餐', '厅', '白', '菜', '非', '常', '羊', '口', '。']","['r', 'n', 'uj', 'n', 'd', 'nz', 'x']",Positive,Medium,Joy,Positive
CFGECD_0045,今天的天气很舒服。,"['今天', '的', '天气', '很', '舒服', '。']","['今', '大', '白', '大', '气', '很', '舒', '月', '。']","['t', 'uj', 'n', 'zg', 'a', 'x']",Positive,Low,Joy,Positive
CFGECD_0046,电影节奏慢，情节无聊。,"['电影', '节奏', '慢', '，', '情节', '无聊', '。']","['田', '彡', '艹', '奏', '忄', '，', '情', '艹', '无', '聊', '。']","['n', 'n', 'a', 'x', 'n', 'a', 'x']",Neutral,Low,Neutral,Neutral
CFGECD_0047,那条路每天都有很多车。,"['那条', '路', '每天', '都', '有', '很多', '车', '。']","['那', '条', '路', '每', '大', '都', '有', '很', '多', '车', '。']","['mq', 'n', 'r', 'd', 'v', 'm', 'zg', 'x']",Neutral,Low,Neutral,Neutral
CFGECD_0048,这家店的服务态度差劲。,"['这家', '店', '的', '服务态度', '差劲', '。']","['辶', '家', '店', '白', '月', '力', '态', '度', '工', '劲', '。']","['r', 'n', 'uj', 'n', 'n', 'x']",Negative,Medium,Disgust,Negative
CFGECD_0049,今天的天气很糟糕。,"['今天', '的', '天气', '很', '糟糕', '。']","['今', '大', '白', '大', '气', '很', '米', '米', '。']","['t', 'uj', 'n', 'zg', 'a', 'x']",Negative,High,Disgust,Negative
CFGECD_0050,他的表演打动了观众。,"['他', '的', '表演', '打动', '了', '观众', '。']","['他', '白', '表', '演', '手', '力', '了', '观', '众', '。']","['r', 'uj', 'v', 'v', 'ul', 'n', 'x']",Positive,Medium,Joy,Positive
CFGECD_0051,今天的天气很舒服。,"['今天', '的', '天气', '很', '舒服', '。']","['今', '大', '白', '大', '气', '很', '舒', '月', '。']","['t', 'uj', 'n', 'zg', 'a', 'x']",Positive,Low,Joy,Positive
CFGECD_0052,我今天去超市买了米和菜。,"['我', '今天', '去', '超市', '买', '了', '米', '和', '菜', '。']","['我', '今', '大', '去', '超', '市', '买', '了', '米', '和', '菜', '。']","['r', 't', 'v', 'v', 'v', 'ul', 'q', 'c', 'n', 'x']",Neutral,Low,Neutral,Neutral
CFGECD_0053,我今天去超市买了米和菜。,"['我', '今天', '去', '超市', '买', '了', '米', '和', '菜', '。']","['我', '今', '大', '去', '超', '市', '买', '了', '米', '和', '菜', '。']","['r', 't', 'v', 'v', 'v', 'ul', 'q', 'c', 'n', 'x']",Neutral,Low,Neutral,Neutral
CFGECD_0054,产品做工精细，使用体验很好。,"['产品', '做工', '精细', '，', '使用', '体验', '很', '好', '。']","['产', '品', '做', '工', '精', '纟', '，', '使', '用', '体', '验', '很', '女', '。']","['n', 'v', 'a', 'x', 'v', 'n', 'd', 'a', 'x']",Neutral,Low,Neutral,Neutral
CFGECD_0055,桌子是木头做的。,"['桌子', '是', '木头', '做', '的', '。']","['桌', '子', '是', '木', '头', '做', '白', '。']","['n', 'v', 'n', 'v', 'uj', 'x']",Neutral,Low,Neutral,Neutral
CFGECD_0056,这家餐厅的菜非常美味。,"['这家', '餐厅', '的', '菜', '非常', '美味', '。']","['辶', '家', '餐', '厅', '白', '菜', '非', '常', '羊', '口', '。']","['r', 'n', 'uj', 'n', 'd', 'nz', 'x']",Positive,Medium,Joy,Positive
CFGECD_0057,他的表演打动了观众。,"['他', '的', '表演', '打动', '了', '观众', '。']","['他', '白', '表', '演', '手', '力', '了', '观', '众', '。']","['r', 'uj', 'v', 'v', 'ul', 'n', 'x']",Positive,Medium,Joy,Positive
CFGECD_0058,今天的天气很舒服。,"['今天', '的', '天气', '很', '舒服', '。']","['今', '大', '白', '大', '气', '很', '舒', '月', '。']","['t', 'uj', 'n', 'zg', 'a', 'x']",Positive,Low,Joy,Positive
CFGECD_0059,他正在看一本书。,"['他', '正在', '看一', '本书', '。']","['他', '正', '在', '看', '一', '本', '书', '。']","['r', 't', 'v', 'm', 'r', 'x']",Neutral,Low,Neutral,Neutral
CFGECD_0060,产品质量很坏，让人失望。,"['产品质量', '很坏', '，', '让', '人', '失望', '。']","['产', '品', '贝', '里', '很', '土', '，', '讠', '人', '失', '望', '。']","['n', 'd', 'a', 'x', 'v', 'n', 'v', 'x']",Neutral,Low,Neutral,Neutral
CFGECD_0061,这部电影的剧情让我感到惊喜。,"['这部', '电影', '的', '剧情', '让', '我', '感到', '惊喜', '。']","['辶', '部', '田', '彡', '白', '剧', '情', '讠', '我', '感', '到', '忄', '口', '。']","['r', 'n', 'uj', 'n', 'v', 'r', 'v', 'a', 'x']",Positive,High,Surprise,Positive
CFGECD_0062,这部电影的剧情让我感到惊喜。,"['这部', '电影', '的', '剧情', '让', '我', '感到', '惊喜', '。']","['辶', '部', '田', '彡', '白', '剧', '情', '讠', '我', '感', '到', '忄', '口', '。']","['r', 'n', 'uj', 'n', 'v', 'r', 'v', 'a', 'x']",Positive,High,Surprise,Positive
CFGECD_0063,他正在看一本书。,"['他', '正在', '看一', '本书', '。']","['他', '正', '在', '看', '一', '本', '书', '。']","['r', 't', 'v', 'm', 'r', 'x']",Neutral,Low,Neutral,Neutral
CFGECD_0064,今天的天气很糟糕。,"['今天', '的', '天气', '很', '糟糕', '。']","['今', '大', '白', '大', '气', '很', '米', '米', '。']","['t', 'uj', 'n', 'zg', 'a', 'x']",Negative,High,Disgust,Negative
CFGECD_0065,我今天去超市买了米和菜。,"['我', '今天', '去', '超市', '买', '了', '米', '和', '菜', '。']","['我', '今', '大', '去', '超', '市', '买', '了', '米', '和', '菜', '。']","['r', 't', 'v', 'v', 'v', 'ul', 'q', 'c', 'n', 'x']",Neutral,Low,Neutral,Neutral
CFGECD_0066,他正在看一本书。,"['他', '正在', '看一', '本书', '。']","['他', '正', '在', '看', '一', '本', '书', '。']","['r', 't', 'v', 'm', 'r', 'x']",Neutral,Low,Neutral,Neutral
CFGECD_0067,今天的天气很糟糕。,"['今天', '的', '天气', '很', '糟糕', '。']","['今', '大', '白', '大', '气', '很', '米', '米', '。']","['t', 'uj', 'n', 'zg', 'a', 'x']",Negative,High,Disgust,Negative
CFGECD_0068,那条路每天都有很多车。,"['那条', '路', '每天', '都', '有', '很多', '车', '。']","['那', '条', '路', '每', '大', '都', '有', '很', '多', '车', '。']","['mq', 'n', 'r', 'd', 'v', 'm', 'zg', 'x']",Neutral,Low,Neutral,Neutral
CFGECD_0069,今天的天气很舒服。,"['今天', '的', '天气', '很', '舒服', '。']","['今', '大', '白', '大', '气', '很', '舒', '月', '。']","['t', 'uj', 'n', 'zg', 'a', 'x']",Positive,Low,Joy,Positive
CFGECD_0070,这家商店早上九点开门。,"['这家', '商店', '早上', '九点', '开门', '。']","['辶', '家', '商', '店', '早', '上', '九', '点', '开', '门', '。']","['r', 'n', 't', 'm', 'v', 'x']",Neutral,Low,Neutral,Neutral
CFGECD_0071,电影节奏慢，情节无聊。,"['电影', '节奏', '慢', '，', '情节', '无聊', '。']","['田', '彡', '艹', '奏', '忄', '，', '情', '艹', '无', '聊', '。']","['n', 'n', 'a', 'x', 'n', 'a', 'x']",Neutral,Low,Neutral,Neutral
CFGECD_0072,食物的味道非常糟糕。,"['食物', '的', '味道', '非常', '糟糕', '。']","['食', '物', '白', '口', '道', '非', '常', '米', '米', '。']","['n', 'uj', 'n', 'd', 'a', 'x']",Negative,High,Disgust,Negative
CFGECD_0073,他的表演打动了观众。,"['他', '的', '表演', '打动', '了', '观众', '。']","['他', '白', '表', '演', '手', '力', '了', '观', '众', '。']","['r', 'uj', 'v', 'v', 'ul', 'n', 'x']",Positive,Medium,Joy,Positive
CFGECD_0074,这是一个普通的工作日。,"['这是', '一个', '普通', '的', '工作日', '。']","['辶', '是', '一', '人', '普', '通', '白', '工', '作', '日', '。']","['r', 'v', 'm', 'nz', 'uj', 'n', 'x']",Neutral,Low,Neutral,Neutral
CFGECD_0075,桌子是木头做的。,"['桌子', '是', '木头', '做', '的', '。']","['桌', '子', '是', '木', '头', '做', '白', '。']","['n', 'v', 'n', 'v', 'uj', 'x']",Neutral,Low,Neutral,Neutral
CFGECD_0076,今天的天气很舒服。,"['今天', '的', '天气', '很', '舒服', '。']","['今', '大', '白', '大', '气', '很', '舒', '月', '。']","['t', 'uj', 'n', 'zg', 'a', 'x']",Positive,Low,Joy,Positive
CFGECD_0077,那条路每天都有很多车。,"['那条', '路', '每天', '都', '有', '很多', '车', '。']","['那', '条', '路', '每', '大', '都', '有', '很', '多', '车', '。']","['mq', 'n', 'r', 'd', 'v', 'm', 'zg', 'x']",Neutral,Low,Neutral,Neutral
CFGECD_0078,电影节奏慢，情节无聊。,"['电影', '节奏', '慢', '，', '情节', '无聊', '。']","['田', '彡', '艹', '奏', '忄', '，', '情', '艹', '无', '聊', '。']","['n', 'n', 'a', 'x', 'n', 'a', 'x']",Neutral,Low,Neutral,Neutral
CFGECD_0079,这部电影的剧情让我感到惊喜。,"['这部', '电影', '的', '剧情', '让', '我', '感到', '惊喜', '。']","['辶', '部', '田', '彡', '白', '剧', '情', '讠', '我', '感', '到', '忄', '口', '。']","['r', 'n', 'uj', 'n', 'v', 'r', 'v', 'a', 'x']",Positive,High,Surprise,Positive
CFGECD_0080,桌子是木头做的。,"['桌子', '是', '木头', '做', '的', '。']","['桌', '子', '是', '木', '头', '做', '白', '。']","['n', 'v', 'n', 'v', 'uj', 'x']",Neutral,Low,Neutral,Neutral
CFGECD_0081,食物的味道非常糟糕。,"['食物', '的', '味道', '非常', '糟糕', '。']","['食', '物', '白', '口', '道', '非', '常', '米', '米', '。']","['n', 'uj', 'n', 'd', 'a', 'x']",Negative,High,Disgust,Negative
CFGECD_0082,食物的味道非常糟糕。,"['食物', '的', '味道', '非常', '糟糕', '。']","['食', '物', '白', '口', '道', '非', '常', '米', '米', '。']","['n', 'uj', 'n', 'd', 'a', 'x']",Negative,High,Disgust,Negative
CFGECD_0083,这是一个普通的工作日。,"['这是', '一个', '普通', '的', '工作日', '。']","['辶', '是', '一', '人', '普', '通', '白', '工', '作', '日', '。']","['r', 'v', 'm', 'nz', 'uj', 'n', 'x']",Neutral,Low,Neutral,Neutral
CFGECD_0084,这家店的服务态度差劲。,"['这家', '店', '的', '服务态度', '差劲', '。']","['辶', '家', '店', '白', '月', '力', '态', '度', '工', '劲', '。']","['r', 'n', 'uj', 'n', 'n', 'x']",Negative,Medium,Disgust,Negative
CFGECD_0085,电影节奏慢，情节无聊。,"['电影', '节奏', '慢', '，', '情节', '无聊', '。']","['田', '彡', '艹', '奏', '忄', '，', '情', '艹', '无', '聊', '。']","['n', 'n', 'a', 'x', 'n', 'a', 'x']",Neutral,Low,Neutral,Neutral
CFGECD_0086,产品做工精细，使用体验很好。,"['产品', '做工', '精细', '，', '使用', '体验', '很', '好', '。']","['产', '品', '做', '工', '精', '纟', '，', '使', '用', '体', '验', '很', '女', '。']","['n', 'v', 'a', 'x', 'v', 'n', 'd', 'a', 'x']",Neutral,Low,Neutral,Neutral
CFGECD_0087,这是一个普通的工作日。,"['这是', '一个', '普通', '的', '工作日', '。']","['辶', '是', '一', '人', '普', '通', '白', '工', '作', '日', '。']","['r', 'v', 'm', 'nz', 'uj', 'n', 'x']",Neutral,Low,Neutral,Neutral
CFGECD_0088,产品质量很坏，让人失望。,"['产品质量', '很坏', '，', '让', '人', '失望', '。']","['产', '品', '贝', '里', '很', '土', '，', '讠', '人', '失', '望', '。']","['n', 'd', 'a', 'x', 'v', 'n', 'v', 'x']",Neutral,Low,Neutral,Neutral
CFGECD_0089,这家餐厅的菜非常美味。,"['这家', '餐厅', '的', '菜', '非常', '美味', '。']","['辶', '家', '餐', '厅', '白', '菜', '非', '常', '羊', '口', '。']","['r', 'n', 'uj', 'n', 'd', 'nz', 'x']",Positive,Medium,Joy,Positive
CFGECD_0090,这个手机的电池续航简直是个笑话。,"['这个', '手机', '的', '电池', '续航', '简直', '是', '个', '笑话', '。']","['辶', '人', '手', '木', '白', '田', '水', '纟', '舟', '竹', '十', '是', '人', '竹', '讠', '。']","['r', 'n', 'uj', 'n', 'nr', 'd', 'v', 'q', 'n', 'x']",Negative,High,Disgust,Negative
CFGECD_0091,服务质量令人满意。,"['服务质量', '令人满意', '。']","['月', '力', '贝', '里', '令', '人', '氵', '心', '。']","['n', 'l', 'x']",Neutral,Low,Neutral,Neutral
CFGECD_0092,桌子是木头做的。,"['桌子', '是', '木头', '做', '的', '。']","['桌', '子', '是', '木', '头', '做', '白', '。']","['n', 'v', 'n', 'v', 'uj', 'x']",Neutral,Low,Neutral,Neutral
CFGECD_0093,产品做工精细，使用体验很好。,"['产品', '做工', '精细', '，', '使用', '体验', '很', '好', '。']","['产', '品', '做', '工', '精', '纟', '，', '使', '用', '体', '验', '很', '女', '。']","['n', 'v', 'a', 'x', 'v', 'n', 'd', 'a', 'x']",Neutral,Low,Neutral,Neutral
CFGECD_0094,服务质量令人满意。,"['服务质量', '令人满意', '。']","['月', '力', '贝', '里', '令', '人', '氵', '心', '。']","['n', 'l', 'x']",Neutral,Low,Neutral,Neutral
CFGECD_0095,电影节奏慢，情节无聊。,"['电影', '节奏', '慢', '，', '情节', '无聊', '。']","['田', '彡', '艹', '奏', '忄', '，', '情', '艹', '无', '聊', '。']","['n', 'n', 'a', 'x', 'n', 'a', 'x']",Neutral,Low,Neutral,Neutral
CFGECD_0096,产品做工精细，使用体验很好。,"['产品', '做工', '精细', '，', '使用', '体验', '很', '好', '。']","['产', '品', '做', '工', '精', '纟', '，', '使', '用', '体', '验', '很', '女', '。']","['n', 'v', 'a', 'x', 'v', 'n', 'd', 'a', 'x']",Neutral,Low,Neutral,Neutral
CFGECD_0097,这个手机的电池续航简直是个笑话。,"['这个', '手机', '的', '电池', '续航', '简直', '是', '个', '笑话', '。']","['辶', '人', '手', '木', '白', '田', '水', '纟', '舟', '竹', '十', '是', '人', '竹', '讠', '。']","['r', 'n', 'uj', 'n', 'nr', 'd', 'v', 'q', 'n', 'x']",Negative,High,Disgust,Negative
CFGECD_0098,这家店的服务态度差劲。,"['这家', '店', '的', '服务态度', '差劲', '。']","['辶', '家', '店', '白', '月', '力', '态', '度', '工', '劲', '。']","['r', 'n', 'uj', 'n', 'n', 'x']",Negative,Medium,Disgust,Negative
CFGECD_0099,服务质量令人满意。,"['服务质量', '令人满意', '。']","['月', '力', '贝', '里', '令', '人', '氵', '心', '。']","['n', 'l', 'x']",Neutral,Low,Neutral,Neutral
CFGECD_0100,这家餐厅的菜非常美味。,"['这家', '餐厅', '的', '菜', '非常', '美味', '。']","['辶', '家', '餐', '厅', '白', '菜', '非', '常', '羊', '口', '。']","['r', 'n', 'uj', 'n', 'd', 'nz', 'x']",Positive,Medium,Joy,Positive
CFGECD_0101,产品做工精细，使用体验很好。,"['产品', '做工', '精细', '，', '使用', '体验', '很', '好', '。']","['产', '品', '做', '工', '精', '纟', '，', '使', '用', '体', '验', '很', '女', '。']","['n', 'v', 'a', 'x', 'v', 'n', 'd', 'a', 'x']",Neutral,Low,Neutral,Neutral
CFGECD_0102,今天的天气很舒服。,"['今天', '的', '天气', '很', '舒服', '。']","['今', '大', '白', '大', '气', '很', '舒', '月', '。']","['t', 'uj', 'n', 'zg', 'a', 'x']",Positive,Low,Joy,Positive
CFGECD_0103,这家商店早上九点开门。,"['这家', '商店', '早上', '九点', '开门', '。']","['辶', '家', '商', '店', '早', '上', '九', '点', '开', '门', '。']","['r', 'n', 't', 'm', 'v', 'x']",Neutral,Low,Neutral,Neutral
CFGECD_0104,他的表演打动了观众。,"['他', '的', '表演', '打动', '了', '观众', '。']","['他', '白', '表', '演', '手', '力', '了', '观', '众', '。']","['r', 'uj', 'v', 'v', 'ul', 'n', 'x']",Positive,Medium,Joy,Positive
CFGECD_0105,他正在看一本书。,"['他', '正在', '看一', '本书', '。']","['他', '正', '在', '看', '一', '本', '书', '。']","['r', 't', 'v', 'm', 'r', 'x']",Neutral,Low,Neutral,Neutral
CFGECD_0106,他的表演打动了观众。,"['他', '的', '表演', '打动', '了', '观众', '。']","['他', '白', '表', '演', '手', '力', '了', '观', '众', '。']","['r', 'uj', 'v', 'v', 'ul', 'n', 'x']",Positive,Medium,Joy,Positive
CFGECD_0107,今天的天气很舒服。,"['今天', '的', '天气', '很', '舒服', '。']","['今', '大', '白', '大', '气', '很', '舒', '月', '。']","['t', 'uj', 'n', 'zg', 'a', 'x']",Positive,Low,Joy,Positive
CFGECD_0108,我今天去超市买了米和菜。,"['我', '今天', '去', '超市', '买', '了', '米', '和', '菜', '。']","['我', '今', '大', '去', '超', '市', '买', '了', '米', '和', '菜', '。']","['r', 't', 'v', 'v', 'v', 'ul', 'q', 'c', 'n', 'x']",Neutral,Low,Neutral,Neutral
CFGECD_0109,他正在看一本书。,"['他', '正在', '看一', '本书', '。']","['他', '正', '在', '看', '一', '本', '书', '。']","['r', 't', 'v', 'm', 'r', 'x']",Neutral,Low,Neutral,Neutral
CFGECD_0110,我今天去超市买了米和菜。,"['我', '今天', '去', '超市', '买', '了', '米', '和', '菜', '。']","['我', '今', '大', '去', '超', '市', '买', '了', '米', '和', '菜', '。']","['r', 't', 'v', 'v', 'v', 'ul', 'q', 'c', 'n', 'x']",Neutral,Low,Neutral,Neutral
CFGECD_0111,产品做工精细，使用体验很好。,"['产品', '做工', '精细', '，', '使用', '体验', '很', '好', '。']","['产', '品', '做', '工', '精', '纟', '，', '使', '用', '体', '验', '很', '女', '。']","['n', 'v', 'a', 'x', 'v', 'n', 'd', 'a', 'x']",Neutral,Low,Neutral,Neutral
CFGECD_0112,产品做工精细，使用体验很好。,"['产品', '做工', '精细', '，', '使用', '体验', '很', '好', '。']","['产', '品', '做', '工', '精', '纟', '，', '使', '用', '体', '验', '很', '女', '。']","['n', 'v', 'a', 'x', 'v', 'n', 'd', 'a', 'x']",Neutral,Low,Neutral,Neutral
CFGECD_0113,今天的天气很糟糕。,"['今天', '的', '天气', '很', '糟糕', '。']","['今', '大', '白', '大', '气', '很', '米', '米', '。']","['t', 'uj', 'n', 'zg', 'a', 'x']",Negative,High,Disgust,Negative
CFGECD_0114,这家餐厅的菜非常美味。,"['这家', '餐厅', '的', '菜', '非常', '美味', '。']","['辶', '家', '餐', '厅', '白', '菜', '非', '常', '羊', '口', '。']","['r', 'n', 'uj', 'n', 'd', 'nz', 'x']",Positive,Medium,Joy,Positive
CFGECD_0115,他正在看一本书。,"['他', '正在', '看一', '本书', '。']","['他', '正', '在', '看', '一', '本', '书', '。']","['r', 't', 'v', 'm', 'r', 'x']",Neutral,Low,Neutral,Neutral
CFGECD_0116,产品做工精细，使用体验很好。,"['产品', '做工', '精细', '，', '使用', '体验', '很', '好', '。']","['产', '品', '做', '工', '精', '纟', '，', '使', '用', '体', '验', '很', '女', '。']","['n', 'v', 'a', 'x', 'v', 'n', 'd', 'a', 'x']",Neutral,Low,Neutral,Neutral
CFGECD_0117,这个手机的电池续航简直是个笑话。,"['这个', '手机', '的', '电池', '续航', '简直', '是', '个', '笑话', '。']","['辶', '人', '手', '木', '白', '田', '水', '纟', '舟', '竹', '十', '是', '人', '竹', '讠', '。']","['r', 'n', 'uj', 'n', 'nr', 'd', 'v', 'q', 'n', 'x']",Negative,High,Disgust,Negative
CFGECD_0118,他正在看一本书。,"['他', '正在', '看一', '本书', '。']","['他', '正', '在', '看', '一', '本', '书', '。']","['r', 't', 'v', 'm', 'r', 'x']",Neutral,Low,Neutral,Neutral
CFGECD_0119,他的表演打动了观众。,"['他', '的', '表演', '打动', '了', '观众', '。']","['他', '白', '表', '演', '手', '力', '了', '观', '众', '。']","['r', 'uj', 'v', 'v', 'ul', 'n', 'x']",Positive,Medium,Joy,Positive
CFGECD_0120,产品质量很坏，让人失望。,"['产品质量', '很坏', '，', '让', '人', '失望', '。']","['产', '品', '贝', '里', '很', '土', '，', '讠', '人', '失', '望', '。']","['n', 'd', 'a', 'x', 'v', 'n', 'v', 'x']",Neutral,Low,Neutral,Neutral
CFGECD_0121,这部电影的剧情让我感到惊喜。,"['这部', '电影', '的', '剧情', '让', '我', '感到', '惊喜', '。']","['辶', '部', '田', '彡', '白', '剧', '情', '讠', '我', '感', '到', '忄', '口', '。']","['r', 'n', 'uj', 'n', 'v', 'r', 'v', 'a', 'x']",Positive,High,Surprise,Positive
CFGECD_0122,食物的味道非常糟糕。,"['食物', '的', '味道', '非常', '糟糕', '。']","['食', '物', '白', '口', '道', '非', '常', '米', '米', '。']","['n', 'uj', 'n', 'd', 'a', 'x']",Negative,High,Disgust,Negative
CFGECD_0123,服务质量令人满意。,"['服务质量', '令人满意', '。']","['月', '力', '贝', '里', '令', '人', '氵', '心', '。']","['n', 'l', 'x']",Neutral,Low,Neutral,Neutral
CFGECD_0124,这家店的服务态度差劲。,"['这家', '店', '的', '服务态度', '差劲', '。']","['辶', '家', '店', '白', '月', '力', '态', '度', '工', '劲', '。']","['r', 'n', 'uj', 'n', 'n', 'x']",Negative,Medium,Disgust,Negative
CFGECD_0125,食物的味道非常糟糕。,"['食物', '的', '味道', '非常', '糟糕', '。']","['食', '物', '白', '口', '道', '非', '常', '米', '米', '。']","['n', 'uj', 'n', 'd', 'a', 'x']",Negative,High,Disgust,Negative
CFGECD_0126,我今天去超市买了米和菜。,"['我', '今天', '去', '超市', '买', '了', '米', '和', '菜', '。']","['我', '今', '大', '去', '超', '市', '买', '了', '米', '和', '菜', '。']","['r', 't', 'v', 'v', 'v', 'ul', 'q', 'c', 'n', 'x']",Neutral,Low,Neutral,Neutral
CFGECD_0127,这部电影的剧情让我感到惊喜。,"['这部', '电影', '的', '剧情', '让', '我', '感到', '惊喜', '。']","['辶', '部', '田', '彡', '白', '剧', '情', '讠', '我', '感', '到', '忄', '口', '。']","['r', 'n', 'uj', 'n', 'v', 'r', 'v', 'a', 'x']",Positive,High,Surprise,Positive
CFGECD_0128,那条路每天都有很多车。,"['那条', '路', '每天', '都', '有', '很多', '车', '。']","['那', '条', '路', '每', '大', '都', '有', '很', '多', '车', '。']","['mq', 'n', 'r', 'd', 'v', 'm', 'zg', 'x']",Neutral,Low,Neutral,Neutral
CFGECD_0129,这个手机的电池续航简直是个笑话。,"['这个', '手机', '的', '电池', '续航', '简直', '是', '个', '笑话', '。']","['辶', '人', '手', '木', '白', '田', '水', '纟', '舟', '竹', '十', '是', '人', '竹', '讠', '。']","['r', 'n', 'uj', 'n', 'nr', 'd', 'v', 'q', 'n', 'x']",Negative,High,Disgust,Negative
CFGECD_0130,这个手机的电池续航简直是个笑话。,"['这个', '手机', '的', '电池', '续航', '简直', '是', '个', '笑话', '。']","['辶', '人', '手', '木', '白', '田', '水', '纟', '舟', '竹', '十', '是', '人', '竹', '讠', '。']","['r', 'n', 'uj', 'n', 'nr', 'd', 'v', 'q', 'n', 'x']",Negative,High,Disgust,Negative
CFGECD_0131,产品质量很坏，让人失望。,"['产品质量', '很坏', '，', '让', '人', '失望', '。']","['产', '品', '贝', '里', '很', '土', '，', '讠', '人', '失', '望', '。']","['n', 'd', 'a', 'x', 'v', 'n', 'v', 'x']",Neutral,Low,Neutral,Neutral
CFGECD_0132,那条路每天都有很多车。,"['那条', '路', '每天', '都', '有', '很多', '车', '。']","['那', '条', '路', '每', '大', '都', '有', '很', '多', '车', '。']","['mq', 'n', 'r', 'd', 'v', 'm', 'zg', 'x']",Neutral,Low,Neutral,Neutral
CFGECD_0133,他正在看一本书。,"['他', '正在', '看一', '本书', '。']","['他', '正', '在', '看', '一', '本', '书', '。']","['r', 't', 'v', 'm', 'r', 'x']",Neutral,Low,Neutral,Neutral
CFGECD_0134,今天的天气很舒服。,"['今天', '的', '天气', '很', '舒服', '。']","['今', '大', '白', '大', '气', '很', '舒', '月', '。']","['t', 'uj', 'n', 'zg', 'a', 'x']",Positive,Low,Joy,Positive
CFGECD_0135,产品质量很坏，让人失望。,"['产品质量', '很坏', '，', '让', '人', '失望', '。']","['产', '品', '贝', '里', '很', '土', '，', '讠', '人', '失', '望', '。']","['n', 'd', 'a', 'x', 'v', 'n', 'v', 'x']",Neutral,Low,Neutral,Neutral
CFGECD_0136,他正在看一本书。,"['他', '正在', '看一', '本书', '。']","['他', '正', '在', '看', '一', '本', '书', '。']","['r', 't', 'v', 'm', 'r', 'x']",Neutral,Low,Neutral,Neutral
CFGECD_0137,这个手机的电池续航简直是个笑话。,"['这个', '手机', '的', '电池', '续航', '简直', '是', '个', '笑话', '。']","['辶', '人', '手', '木', '白', '田', '水', '纟', '舟', '竹', '十', '是', '人', '竹', '讠', '。']","['r', 'n', 'uj', 'n', 'nr', 'd', 'v', 'q', 'n', 'x']",Negative,High,Disgust,Negative
CFGECD_0138,产品做工精细，使用体验很好。,"['产品', '做工', '精细', '，', '使用', '体验', '很', '好', '。']","['产', '品', '做', '工', '精', '纟', '，', '使', '用', '体', '验', '很', '女', '。']","['n', 'v', 'a', 'x', 'v', 'n', 'd', 'a', 'x']",Neutral,Low,Neutral,Neutral
CFGECD_0139,这家商店早上九点开门。,"['这家', '商店', '早上', '九点', '开门', '。']","['辶', '家', '商', '店', '早', '上', '九', '点', '开', '门', '。']","['r', 'n', 't', 'm', 'v', 'x']",Neutral,Low,Neutral,Neutral
CFGECD_0140,我今天去超市买了米和菜。,"['我', '今天', '去', '超市', '买', '了', '米', '和', '菜', '。']","['我', '今', '大', '去', '超', '市', '买', '了', '米', '和', '菜', '。']","['r', 't', 'v', 'v', 'v', 'ul', 'q', 'c', 'n', 'x']",Neutral,Low,Neutral,Neutral
CFGECD_0141,他正在看一本书。,"['他', '正在', '看一', '本书', '。']","['他', '正', '在', '看', '一', '本', '书', '。']","['r', 't', 'v', 'm', 'r', 'x']",Neutral,Low,Neutral,Neutral
CFGECD_0142,服务质量令人满意。,"['服务质量', '令人满意', '。']","['月', '力', '贝', '里', '令', '人', '氵', '心', '。']","['n', 'l', 'x']",Neutral,Low,Neutral,Neutral
CFGECD_0143,今天的天气很舒服。,"['今天', '的', '天气', '很', '舒服', '。']","['今', '大', '白', '大', '气', '很', '舒', '月', '。']","['t', 'uj', 'n', 'zg', 'a', 'x']",Positive,Low,Joy,Positive
CFGECD_0144,食物的味道非常糟糕。,"['食物', '的', '味道', '非常', '糟糕', '。']","['食', '物', '白', '口', '道', '非', '常', '米', '米', '。']","['n', 'uj', 'n', 'd', 'a', 'x']",Negative,High,Disgust,Negative
CFGECD_0145,今天的天气很糟糕。,"['今天', '的', '天气', '很', '糟糕', '。']","['今', '大', '白', '大', '气', '很', '米', '米', '。']","['t', 'uj', 'n', 'zg', 'a', 'x']",Negative,High,Disgust,Negative
CFGECD_0146,这部电影的剧情让我感到惊喜。,"['这部', '电影', '的', '剧情', '让', '我', '感到', '惊喜', '。']","['辶', '部', '田', '彡', '白', '剧', '情', '讠', '我', '感', '到', '忄', '口', '。']","['r', 'n', 'uj', 'n', 'v', 'r', 'v', 'a', 'x']",Positive,High,Surprise,Positive
CFGECD_0147,这部电影的剧情让我感到惊喜。,"['这部', '电影', '的', '剧情', '让', '我', '感到', '惊喜', '。']","['辶', '部', '田', '彡', '白', '剧', '情', '讠', '我', '感', '到', '忄', '口', '。']","['r', 'n', 'uj', 'n', 'v', 'r', 'v', 'a', 'x']",Positive,High,Surprise,Positive
CFGECD_0148,这是一个普通的工作日。,"['这是', '一个', '普通', '的', '工作日', '。']","['辶', '是', '一', '人', '普', '通', '白', '工', '作', '日', '。']","['r', 'v', 'm', 'nz', 'uj', 'n', 'x']",Neutral,Low,Neutral,Neutral
CFGECD_0149,他的表演打动了观众。,"['他', '的', '表演', '打动', '了', '观众', '。']","['他', '白', '表', '演', '手', '力', '了', '观', '众', '。']","['r', 'uj', 'v', 'v', 'ul', 'n', 'x']",Positive,Medium,Joy,Positive
CFGECD_0150,这家餐厅的菜非常美味。,"['这家', '餐厅', '的', '菜', '非常', '美味', '。']","['辶', '家', '餐', '厅', '白', '菜', '非', '常', '羊', '口', '。']","['r', 'n', 'uj', 'n', 'd', 'nz', 'x']",Positive,Medium,Joy,Positive
CFGECD_0151,今天的天气很糟糕。,"['今天', '的', '天气', '很', '糟糕', '。']","['今', '大', '白', '大', '气', '很', '米', '米', '。']","['t', 'uj', 'n', 'zg', 'a', 'x']",Negative,High,Disgust,Negative
CFGECD_0152,这部电影的剧情让我感到惊喜。,"['这部', '电影', '的', '剧情', '让', '我', '感到', '惊喜', '。']","['辶', '部', '田', '彡', '白', '剧', '情', '讠', '我', '感', '到', '忄', '口', '。']","['r', 'n', 'uj', 'n', 'v', 'r', 'v', 'a', 'x']",Positive,High,Surprise,Positive
CFGECD_0153,这是一个普通的工作日。,"['这是', '一个', '普通', '的', '工作日', '。']","['辶', '是', '一', '人', '普', '通', '白', '工', '作', '日', '。']","['r', 'v', 'm', 'nz', 'uj', 'n', 'x']",Neutral,Low,Neutral,Neutral
CFGECD_0154,产品做工精细，使用体验很好。,"['产品', '做工', '精细', '，', '使用', '体验', '很', '好', '。']","['产', '品', '做', '工', '精', '纟', '，', '使', '用', '体', '验', '很', '女', '。']","['n', 'v', 'a', 'x', 'v', 'n', 'd', 'a', 'x']",Neutral,Low,Neutral,Neutral
CFGECD_0155,这部电影的剧情让我感到惊喜。,"['这部', '电影', '的', '剧情', '让', '我', '感到', '惊喜', '。']","['辶', '部', '田', '彡', '白', '剧', '情', '讠', '我', '感', '到', '忄', '口', '。']","['r', 'n', 'uj', 'n', 'v', 'r', 'v', 'a', 'x']",Positive,High,Surprise,Positive
CFGECD_0156,这个手机的电池续航简直是个笑话。,"['这个', '手机', '的', '电池', '续航', '简直', '是', '个', '笑话', '。']","['辶', '人', '手', '木', '白', '田', '水', '纟', '舟', '竹', '十', '是', '人', '竹', '讠', '。']","['r', 'n', 'uj', 'n', 'nr', 'd', 'v', 'q', 'n', 'x']",Negative,High,Disgust,Negative
CFGECD_0157,这家餐厅的菜非常美味。,"['这家', '餐厅', '的', '菜', '非常', '美味', '。']","['辶', '家', '餐', '厅', '白', '菜', '非', '常', '羊', '口', '。']","['r', 'n', 'uj', 'n', 'd', 'nz', 'x']",Positive,Medium,Joy,Positive
CFGECD_0158,电影节奏慢，情节无聊。,"['电影', '节奏', '慢', '，', '情节', '无聊', '。']","['田', '彡', '艹', '奏', '忄', '，', '情', '艹', '无', '聊', '。']","['n', 'n', 'a', 'x', 'n', 'a', 'x']",Neutral,Low,Neutral,Neutral
CFGECD_0159,产品做工精细，使用体验很好。,"['产品', '做工', '精细', '，', '使用', '体验', '很', '好', '。']","['产', '品', '做', '工', '精', '纟', '，', '使', '用', '体', '验', '很', '女', '。']","['n', 'v', 'a', 'x', 'v', 'n', 'd', 'a', 'x']",Neutral,Low,Neutral,Neutral
CFGECD_0160,产品做工精细，使用体验很好。,"['产品', '做工', '精细', '，', '使用', '体验', '很', '好', '。']","['产', '品', '做', '工', '精', '纟', '，', '使', '用', '体', '验', '很', '女', '。']","['n', 'v', 'a', 'x', 'v', 'n', 'd', 'a', 'x']",Neutral,Low,Neutral,Neutral
CFGECD_0161,这个手机的电池续航简直是个笑话。,"['这个', '手机', '的', '电池', '续航', '简直', '是', '个', '笑话', '。']","['辶', '人', '手', '木', '白', '田', '水', '纟', '舟', '竹', '十', '是', '人', '竹', '讠', '。']","['r', 'n', 'uj', 'n', 'nr', 'd', 'v', 'q', 'n', 'x']",Negative,High,Disgust,Negative
CFGECD_0162,今天的天气很舒服。,"['今天', '的', '天气', '很', '舒服', '。']","['今', '大', '白', '大', '气', '很', '舒', '月', '。']","['t', 'uj', 'n', 'zg', 'a', 'x']",Positive,Low,Joy,Positive
CFGECD_0163,那条路每天都有很多车。,"['那条', '路', '每天', '都', '有', '很多', '车', '。']","['那', '条', '路', '每', '大', '都', '有', '很', '多', '车', '。']","['mq', 'n', 'r', 'd', 'v', 'm', 'zg', 'x']",Neutral,Low,Neutral,Neutral
CFGECD_0164,我今天去超市买了米和菜。,"['我', '今天', '去', '超市', '买', '了', '米', '和', '菜', '。']","['我', '今', '大', '去', '超', '市', '买', '了', '米', '和', '菜', '。']","['r', 't', 'v', 'v', 'v', 'ul', 'q', 'c', 'n', 'x']",Neutral,Low,Neutral,Neutral
CFGECD_0165,食物的味道非常糟糕。,"['食物', '的', '味道', '非常', '糟糕', '。']","['食', '物', '白', '口', '道', '非', '常', '米', '米', '。']","['n', 'uj', 'n', 'd', 'a', 'x']",Negative,High,Disgust,Negative
CFGECD_0166,我今天去超市买了米和菜。,"['我', '今天', '去', '超市', '买', '了', '米', '和', '菜', '。']","['我', '今', '大', '去', '超', '市', '买', '了', '米', '和', '菜', '。']","['r', 't', 'v', 'v', 'v', 'ul', 'q', 'c', 'n', 'x']",Neutral,Low,Neutral,Neutral
CFGECD_0167,这家店的服务态度差劲。,"['这家', '店', '的', '服务态度', '差劲', '。']","['辶', '家', '店', '白', '月', '力', '态', '度', '工', '劲', '。']","['r', 'n', 'uj', 'n', 'n', 'x']",Negative,Medium,Disgust,Negative
CFGECD_0168,这部电影的剧情让我感到惊喜。,"['这部', '电影', '的', '剧情', '让', '我', '感到', '惊喜', '。']","['辶', '部', '田', '彡', '白', '剧', '情', '讠', '我', '感', '到', '忄', '口', '。']","['r', 'n', 'uj', 'n', 'v', 'r', 'v', 'a', 'x']",Positive,High,Surprise,Positive
CFGECD_0169,桌子是木头做的。,"['桌子', '是', '木头', '做', '的', '。']","['桌', '子', '是', '木', '头', '做', '白', '。']","['n', 'v', 'n', 'v', 'uj', 'x']",Neutral,Low,Neutral,Neutral
CFGECD_0170,产品做工精细，使用体验很好。,"['产品', '做工', '精细', '，', '使用', '体验', '很', '好', '。']","['产', '品', '做', '工', '精', '纟', '，', '使', '用', '体', '验', '很', '女', '。']","['n', 'v', 'a', 'x', 'v', 'n', 'd', 'a', 'x']",Neutral,Low,Neutral,Neutral
CFGECD_0171,产品做工精细，使用体验很好。,"['产品', '做工', '精细', '，', '使用', '体验', '很', '好', '。']","['产', '品', '做', '工', '精', '纟', '，', '使', '用', '体', '验', '很', '女', '。']","['n', 'v', 'a', 'x', 'v', 'n', 'd', 'a', 'x']",Neutral,Low,Neutral,Neutral
CFGECD_0172,这家店的服务态度差劲。,"['这家', '店', '的', '服务态度', '差劲', '。']","['辶', '家', '店', '白', '月', '力', '态', '度', '工', '劲', '。']","['r', 'n', 'uj', 'n', 'n', 'x']",Negative,Medium,Disgust,Negative
CFGECD_0173,那条路每天都有很多车。,"['那条', '路', '每天', '都', '有', '很多', '车', '。']","['那', '条', '路', '每', '大', '都', '有', '很', '多', '车', '。']","['mq', 'n', 'r', 'd', 'v', 'm', 'zg', 'x']",Neutral,Low,Neutral,Neutral
CFGECD_0174,产品质量很坏，让人失望。,"['产品质量', '很坏', '，', '让', '人', '失望', '。']","['产', '品', '贝', '里', '很', '土', '，', '讠', '人', '失', '望', '。']","['n', 'd', 'a', 'x', 'v', 'n', 'v', 'x']",Neutral,Low,Neutral,Neutral
CFGECD_0175,电影节奏慢，情节无聊。,"['电影', '节奏', '慢', '，', '情节', '无聊', '。']","['田', '彡', '艹', '奏', '忄', '，', '情', '艹', '无', '聊', '。']","['n', 'n', 'a', 'x', 'n', 'a', 'x']",Neutral,Low,Neutral,Neutral
CFGECD_0176,这个手机的电池续航简直是个笑话。,"['这个', '手机', '的', '电池', '续航', '简直', '是', '个', '笑话', '。']","['辶', '人', '手', '木', '白', '田', '水', '纟', '舟', '竹', '十', '是', '人', '竹', '讠', '。']","['r', 'n', 'uj', 'n', 'nr', 'd', 'v', 'q', 'n', 'x']",Negative,High,Disgust,Negative
CFGECD_0177,这家店的服务态度差劲。,"['这家', '店', '的', '服务态度', '差劲', '。']","['辶', '家', '店', '白', '月', '力', '态', '度', '工', '劲', '。']","['r', 'n', 'uj', 'n', 'n', 'x']",Negative,Medium,Disgust,Negative
CFGECD_0178,食物的味道非常糟糕。,"['食物', '的', '味道', '非常', '糟糕', '。']","['食', '物', '白', '口', '道', '非', '常', '米', '米', '。']","['n', 'uj', 'n', 'd', 'a', 'x']",Negative,High,Disgust,Negative
CFGECD_0179,产品做工精细，使用体验很好。,"['产品', '做工', '精细', '，', '使用', '体验', '很', '好', '。']","['产', '品', '做', '工', '精', '纟', '，', '使', '用', '体', '验', '很', '女', '。']","['n', 'v', 'a', 'x', 'v', 'n', 'd', 'a', 'x']",Neutral,Low,Neutral,Neutral
CFGECD_0180,这家店的服务态度差劲。,"['这家', '店', '的', '服务态度', '差劲', '。']","['辶', '家', '店', '白', '月', '力', '态', '度', '工', '劲', '。']","['r', 'n', 'uj', 'n', 'n', 'x']",Negative,Medium,Disgust,Negative
CFGECD_0181,他正在看一本书。,"['他', '正在', '看一', '本书', '。']","['他', '正', '在', '看', '一', '本', '书', '。']","['r', 't', 'v', 'm', 'r', 'x']",Neutral,Low,Neutral,Neutral
CFGECD_0182,这家店的服务态度差劲。,"['这家', '店', '的', '服务态度', '差劲', '。']","['辶', '家', '店', '白', '月', '力', '态', '度', '工', '劲', '。']","['r', 'n', 'uj', 'n', 'n', 'x']",Negative,Medium,Disgust,Negative
CFGECD_0183,桌子是木头做的。,"['桌子', '是', '木头', '做', '的', '。']","['桌', '子', '是', '木', '头', '做', '白', '。']","['n', 'v', 'n', 'v', 'uj', 'x']",Neutral,Low,Neutral,Neutral
CFGECD_0184,这部电影的剧情让我感到惊喜。,"['这部', '电影', '的', '剧情', '让', '我', '感到', '惊喜', '。']","['辶', '部', '田', '彡', '白', '剧', '情', '讠', '我', '感', '到', '忄', '口', '。']","['r', 'n', 'uj', 'n', 'v', 'r', 'v', 'a', 'x']",Positive,High,Surprise,Positive
CFGECD_0185,这家餐厅的菜非常美味。,"['这家', '餐厅', '的', '菜', '非常', '美味', '。']","['辶', '家', '餐', '厅', '白', '菜', '非', '常', '羊', '口', '。']","['r', 'n', 'uj', 'n', 'd', 'nz', 'x']",Positive,Medium,Joy,Positive
CFGECD_0186,这家餐厅的菜非常美味。,"['这家', '餐厅', '的', '菜', '非常', '美味', '。']","['辶', '家', '餐', '厅', '白', '菜', '非', '常', '羊', '口', '。']","['r', 'n', 'uj', 'n', 'd', 'nz', 'x']",Positive,Medium,Joy,Positive
CFGECD_0187,桌子是木头做的。,"['桌子', '是', '木头', '做', '的', '。']","['桌', '子', '是', '木', '头', '做', '白', '。']","['n', 'v', 'n', 'v', 'uj', 'x']",Neutral,Low,Neutral,Neutral
CFGECD_0188,这家店的服务态度差劲。,"['这家', '店', '的', '服务态度', '差劲', '。']","['辶', '家', '店', '白', '月', '力', '态', '度', '工', '劲', '。']","['r', 'n', 'uj', 'n', 'n', 'x']",Negative,Medium,Disgust,Negative
CFGECD_0189,这个手机的电池续航简直是个笑话。,"['这个', '手机', '的', '电池', '续航', '简直', '是', '个', '笑话', '。']","['辶', '人', '手', '木', '白', '田', '水', '纟', '舟', '竹', '十', '是', '人', '竹', '讠', '。']","['r', 'n', 'uj', 'n', 'nr', 'd', 'v', 'q', 'n', 'x']",Negative,High,Disgust,Negative
CFGECD_0190,那条路每天都有很多车。,"['那条', '路', '每天', '都', '有', '很多', '车', '。']","['那', '条', '路', '每', '大', '都', '有', '很', '多', '车', '。']","['mq', 'n', 'r', 'd', 'v', 'm', 'zg', 'x']",Neutral,Low,Neutral,Neutral
CFGECD_0191,他的表演打动了观众。,"['他', '的', '表演', '打动', '了', '观众', '。']","['他', '白', '表', '演', '手', '力', '了', '观', '众', '。']","['r', 'uj', 'v', 'v', 'ul', 'n', 'x']",Positive,Medium,Joy,Positive
CFGECD_0192,产品做工精细，使用体验很好。,"['产品', '做工', '精细', '，', '使用', '体验', '很', '好', '。']","['产', '品', '做', '工', '精', '纟', '，', '使', '用', '体', '验', '很', '女', '。']","['n', 'v', 'a', 'x', 'v', 'n', 'd', 'a', 'x']",Neutral,Low,Neutral,Neutral
CFGECD_0193,桌子是木头做的。,"['桌子', '是', '木头', '做', '的', '。']","['桌', '子', '是', '木', '头', '做', '白', '。']","['n', 'v', 'n', 'v', 'uj', 'x']",Neutral,Low,Neutral,Neutral
CFGECD_0194,这家商店早上九点开门。,"['这家', '商店', '早上', '九点', '开门', '。']","['辶', '家', '商', '店', '早', '上', '九', '点', '开', '门', '。']","['r', 'n', 't', 'm', 'v', 'x']",Neutral,Low,Neutral,Neutral
CFGECD_0195,他正在看一本书。,"['他', '正在', '看一', '本书', '。']","['他', '正', '在', '看', '一', '本', '书', '。']","['r', 't', 'v', 'm', 'r', 'x']",Neutral,Low,Neutral,Neutral
CFGECD_0196,这是一个普通的工作日。,"['这是', '一个', '普通', '的', '工作日', '。']","['辶', '是', '一', '人', '普', '通', '白', '工', '作', '日', '。']","['r', 'v', 'm', 'nz', 'uj', 'n', 'x']",Neutral,Low,Neutral,Neutral
CFGECD_0197,他的表演打动了观众。,"['他', '的', '表演', '打动', '了', '观众', '。']","['他', '白', '表', '演', '手', '力', '了', '观', '众', '。']","['r', 'uj', 'v', 'v', 'ul', 'n', 'x']",Positive,Medium,Joy,Positive
CFGECD_0198,今天的天气很舒服。,"['今天', '的', '天气', '很', '舒服', '。']","['今', '大', '白', '大', '气', '很', '舒', '月', '。']","['t', 'uj', 'n', 'zg', 'a', 'x']",Positive,Low,Joy,Positive
CFGECD_0199,那条路每天都有很多车。,"['那条', '路', '每天', '都', '有', '很多', '车', '。']","['那', '条', '路', '每', '大', '都', '有', '很', '多', '车', '。']","['mq', 'n', 'r', 'd', 'v', 'm', 'zg', 'x']",Neutral,Low,Neutral,Neutral
CFGECD_0200,这家商店早上九点开门。,"['这家', '商店', '早上', '九点', '开门', '。']","['辶', '家', '商', '店', '早', '上', '九', '点', '开', '门', '。']","['r', 'n', 't', 'm', 'v', 'x']",Neutral,Low,Neutral,Neutral
CFGECD_0201,这家餐厅的菜非常美味。,"['这家', '餐厅', '的', '菜', '非常', '美味', '。']","['辶', '家', '餐', '厅', '白', '菜', '非', '常', '羊', '口', '。']","['r', 'n', 'uj', 'n', 'd', 'nz', 'x']",Positive,Medium,Joy,Positive
CFGECD_0202,他的表演打动了观众。,"['他', '的', '表演', '打动', '了', '观众', '。']","['他', '白', '表', '演', '手', '力', '了', '观', '众', '。']","['r', 'uj', 'v', 'v', 'ul', 'n', 'x']",Positive,Medium,Joy,Positive
CFGECD_0203,桌子是木头做的。,"['桌子', '是', '木头', '做', '的', '。']","['桌', '子', '是', '木', '头', '做', '白', '。']","['n', 'v', 'n', 'v', 'uj', 'x']",Neutral,Low,Neutral,Neutral
CFGECD_0204,产品质量很坏，让人失望。,"['产品质量', '很坏', '，', '让', '人', '失望', '。']","['产', '品', '贝', '里', '很', '土', '，', '讠', '人', '失', '望', '。']","['n', 'd', 'a', 'x', 'v', 'n', 'v', 'x']",Neutral,Low,Neutral,Neutral
CFGECD_0205,这家商店早上九点开门。,"['这家', '商店', '早上', '九点', '开门', '。']","['辶', '家', '商', '店', '早', '上', '九', '点', '开', '门', '。']","['r', 'n', 't', 'm', 'v', 'x']",Neutral,Low,Neutral,Neutral
CFGECD_0206,这家餐厅的菜非常美味。,"['这家', '餐厅', '的', '菜', '非常', '美味', '。']","['辶', '家', '餐', '厅', '白', '菜', '非', '常', '羊', '口', '。']","['r', 'n', 'uj', 'n', 'd', 'nz', 'x']",Positive,Medium,Joy,Positive
CFGECD_0207,桌子是木头做的。,"['桌子', '是', '木头', '做', '的', '。']","['桌', '子', '是', '木', '头', '做', '白', '。']","['n', 'v', 'n', 'v', 'uj', 'x']",Neutral,Low,Neutral,Neutral
CFGECD_0208,电影节奏慢，情节无聊。,"['电影', '节奏', '慢', '，', '情节', '无聊', '。']","['田', '彡', '艹', '奏', '忄', '，', '情', '艹', '无', '聊', '。']","['n', 'n', 'a', 'x', 'n', 'a', 'x']",Neutral,Low,Neutral,Neutral
CFGECD_0209,今天的天气很舒服。,"['今天', '的', '天气', '很', '舒服', '。']","['今', '大', '白', '大', '气', '很', '舒', '月', '。']","['t', 'uj', 'n', 'zg', 'a', 'x']",Positive,Low,Joy,Positive
CFGECD_0210,这是一个普通的工作日。,"['这是', '一个', '普通', '的', '工作日', '。']","['辶', '是', '一', '人', '普', '通', '白', '工', '作', '日', '。']","['r', 'v', 'm', 'nz', 'uj', 'n', 'x']",Neutral,Low,Neutral,Neutral
CFGECD_0211,产品做工精细，使用体验很好。,"['产品', '做工', '精细', '，', '使用', '体验', '很', '好', '。']","['产', '品', '做', '工', '精', '纟', '，', '使', '用', '体', '验', '很', '女', '。']","['n', 'v', 'a', 'x', 'v', 'n', 'd', 'a', 'x']",Neutral,Low,Neutral,Neutral
CFGECD_0212,他正在看一本书。,"['他', '正在', '看一', '本书', '。']","['他', '正', '在', '看', '一', '本', '书', '。']","['r', 't', 'v', 'm', 'r', 'x']",Neutral,Low,Neutral,Neutral
CFGECD_0213,这部电影的剧情让我感到惊喜。,"['这部', '电影', '的', '剧情', '让', '我', '感到', '惊喜', '。']","['辶', '部', '田', '彡', '白', '剧', '情', '讠', '我', '感', '到', '忄', '口', '。']","['r', 'n', 'uj', 'n', 'v', 'r', 'v', 'a', 'x']",Positive,High,Surprise,Positive
CFGECD_0214,电影节奏慢，情节无聊。,"['电影', '节奏', '慢', '，', '情节', '无聊', '。']","['田', '彡', '艹', '奏', '忄', '，', '情', '艹', '无', '聊', '。']","['n', 'n', 'a', 'x', 'n', 'a', 'x']",Neutral,Low,Neutral,Neutral
CFGECD_0215,今天的天气很糟糕。,"['今天', '的', '天气', '很', '糟糕', '。']","['今', '大', '白', '大', '气', '很', '米', '米', '。']","['t', 'uj', 'n', 'zg', 'a', 'x']",Negative,High,Disgust,Negative
CFGECD_0216,他的表演打动了观众。,"['他', '的', '表演', '打动', '了', '观众', '。']","['他', '白', '表', '演', '手', '力', '了', '观', '众', '。']","['r', 'uj', 'v', 'v', 'ul', 'n', 'x']",Positive,Medium,Joy,Positive
CFGECD_0217,他的表演打动了观众。,"['他', '的', '表演', '打动', '了', '观众', '。']","['他', '白', '表', '演', '手', '力', '了', '观', '众', '。']","['r', 'uj', 'v', 'v', 'ul', 'n', 'x']",Positive,Medium,Joy,Positive
CFGECD_0218,这个手机的电池续航简直是个笑话。,"['这个', '手机', '的', '电池', '续航', '简直', '是', '个', '笑话', '。']","['辶', '人', '手', '木', '白', '田', '水', '纟', '舟', '竹', '十', '是', '人', '竹', '讠', '。']","['r', 'n', 'uj', 'n', 'nr', 'd', 'v', 'q', 'n', 'x']",Negative,High,Disgust,Negative
CFGECD_0219,这家餐厅的菜非常美味。,"['这家', '餐厅', '的', '菜', '非常', '美味', '。']","['辶', '家', '餐', '厅', '白', '菜', '非', '常', '羊', '口', '。']","['r', 'n', 'uj', 'n', 'd', 'nz', 'x']",Positive,Medium,Joy,Positive
CFGECD_0220,这家餐厅的菜非常美味。,"['这家', '餐厅', '的', '菜', '非常', '美味', '。']","['辶', '家', '餐', '厅', '白', '菜', '非', '常', '羊', '口', '。']","['r', 'n', 'uj', 'n', 'd', 'nz', 'x']",Positive,Medium,Joy,Positive
CFGECD_0221,今天的天气很舒服。,"['今天', '的', '天气', '很', '舒服', '。']","['今', '大', '白', '大', '气', '很', '舒', '月', '。']","['t', 'uj', 'n', 'zg', 'a', 'x']",Positive,Low,Joy,Positive
CFGECD_0222,桌子是木头做的。,"['桌子', '是', '木头', '做', '的', '。']","['桌', '子', '是', '木', '头', '做', '白', '。']","['n', 'v', 'n', 'v', 'uj', 'x']",Neutral,Low,Neutral,Neutral
CFGECD_0223,食物的味道非常糟糕。,"['食物', '的', '味道', '非常', '糟糕', '。']","['食', '物', '白', '口', '道', '非', '常', '米', '米', '。']","['n', 'uj', 'n', 'd', 'a', 'x']",Negative,High,Disgust,Negative
CFGECD_0224,这家店的服务态度差劲。,"['这家', '店', '的', '服务态度', '差劲', '。']","['辶', '家', '店', '白', '月', '力', '态', '度', '工', '劲', '。']","['r', 'n', 'uj', 'n', 'n', 'x']",Negative,Medium,Disgust,Negative
CFGECD_0225,这个手机的电池续航简直是个笑话。,"['这个', '手机', '的', '电池', '续航', '简直', '是', '个', '笑话', '。']","['辶', '人', '手', '木', '白', '田', '水', '纟', '舟', '竹', '十', '是', '人', '竹', '讠', '。']","['r', 'n', 'uj', 'n', 'nr', 'd', 'v', 'q', 'n', 'x']",Negative,High,Disgust,Negative
CFGECD_0226,这是一个普通的工作日。,"['这是', '一个', '普通', '的', '工作日', '。']","['辶', '是', '一', '人', '普', '通', '白', '工', '作', '日', '。']","['r', 'v', 'm', 'nz', 'uj', 'n', 'x']",Neutral,Low,Neutral,Neutral
CFGECD_0227,电影节奏慢，情节无聊。,"['电影', '节奏', '慢', '，', '情节', '无聊', '。']","['田', '彡', '艹', '奏', '忄', '，', '情', '艹', '无', '聊', '。']","['n', 'n', 'a', 'x', 'n', 'a', 'x']",Neutral,Low,Neutral,Neutral
CFGECD_0228,这个手机的电池续航简直是个笑话。,"['这个', '手机', '的', '电池', '续航', '简直', '是', '个', '笑话', '。']","['辶', '人', '手', '木', '白', '田', '水', '纟', '舟', '竹', '十', '是', '人', '竹', '讠', '。']","['r', 'n', 'uj', 'n', 'nr', 'd', 'v', 'q', 'n', 'x']",Negative,High,Disgust,Negative
CFGECD_0229,那条路每天都有很多车。,"['那条', '路', '每天', '都', '有', '很多', '车', '。']","['那', '条', '路', '每', '大', '都', '有', '很', '多', '车', '。']","['mq', 'n', 'r', 'd', 'v', 'm', 'zg', 'x']",Neutral,Low,Neutral,Neutral
CFGECD_0230,这家餐厅的菜非常美味。,"['这家', '餐厅', '的', '菜', '非常', '美味', '。']","['辶', '家', '餐', '厅', '白', '菜', '非', '常', '羊', '口', '。']","['r', 'n', 'uj', 'n', 'd', 'nz', 'x']",Positive,Medium,Joy,Positive
CFGECD_0231,今天的天气很糟糕。,"['今天', '的', '天气', '很', '糟糕', '。']","['今', '大', '白', '大', '气', '很', '米', '米', '。']","['t', 'uj', 'n', 'zg', 'a', 'x']",Negative,High,Disgust,Negative
CFGECD_0232,这家餐厅的菜非常美味。,"['这家', '餐厅', '的', '菜', '非常', '美味', '。']","['辶', '家', '餐', '厅', '白', '菜', '非', '常', '羊', '口', '。']","['r', 'n', 'uj', 'n', 'd', 'nz', 'x']",Positive,Medium,Joy,Positive
CFGECD_0233,这家商店早上九点开门。,"['这家', '商店', '早上', '九点', '开门', '。']","['辶', '家', '商', '店', '早', '上', '九', '点', '开', '门', '。']","['r', 'n', 't', 'm', 'v', 'x']",Neutral,Low,Neutral,Neutral
CFGECD_0234,今天的天气很糟糕。,"['今天', '的', '天气', '很', '糟糕', '。']","['今', '大', '白', '大', '气', '很', '米', '米', '。']","['t', 'uj', 'n', 'zg', 'a', 'x']",Negative,High,Disgust,Negative
CFGECD_0235,这个手机的电池续航简直是个笑话。,"['这个', '手机', '的', '电池', '续航', '简直', '是', '个', '笑话', '。']","['辶', '人', '手', '木', '白', '田', '水', '纟', '舟', '竹', '十', '是', '人', '竹', '讠', '。']","['r', 'n', 'uj', 'n', 'nr', 'd', 'v', 'q', 'n', 'x']",Negative,High,Disgust,Negative
CFGECD_0236,电影节奏慢，情节无聊。,"['电影', '节奏', '慢', '，', '情节', '无聊', '。']","['田', '彡', '艹', '奏', '忄', '，', '情', '艹', '无', '聊', '。']","['n', 'n', 'a', 'x', 'n', 'a', 'x']",Neutral,Low,Neutral,Neutral
CFGECD_0237,这家商店早上九点开门。,"['这家', '商店', '早上', '九点', '开门', '。']","['辶', '家', '商', '店', '早', '上', '九', '点', '开', '门', '。']","['r', 'n', 't', 'm', 'v', 'x']",Neutral,Low,Neutral,Neutral
CFGECD_0238,他正在看一本书。,"['他', '正在', '看一', '本书', '。']","['他', '正', '在', '看', '一', '本', '书', '。']","['r', 't', 'v', 'm', 'r', 'x']",Neutral,Low,Neutral,Neutral
CFGECD_0239,产品做工精细，使用体验很好。,"['产品', '做工', '精细', '，', '使用', '体验', '很', '好', '。']","['产', '品', '做', '工', '精', '纟', '，', '使', '用', '体', '验', '很', '女', '。']","['n', 'v', 'a', 'x', 'v', 'n', 'd', 'a', 'x']",Neutral,Low,Neutral,Neutral
CFGECD_0240,那条路每天都有很多车。,"['那条', '路', '每天', '都', '有', '很多', '车', '。']","['那', '条', '路', '每', '大', '都', '有', '很', '多', '车', '。']","['mq', 'n', 'r', 'd', 'v', 'm', 'zg', 'x']",Neutral,Low,Neutral,Neutral
CFGECD_0241,这部电影的剧情让我感到惊喜。,"['这部', '电影', '的', '剧情', '让', '我', '感到', '惊喜', '。']","['辶', '部', '田', '彡', '白', '剧', '情', '讠', '我', '感', '到', '忄', '口', '。']","['r', 'n', 'uj', 'n', 'v', 'r', 'v', 'a', 'x']",Positive,High,Surprise,Positive
CFGECD_0242,这家餐厅的菜非常美味。,"['这家', '餐厅', '的', '菜', '非常', '美味', '。']","['辶', '家', '餐', '厅', '白', '菜', '非', '常', '羊', '口', '。']","['r', 'n', 'uj', 'n', 'd', 'nz', 'x']",Positive,Medium,Joy,Positive
CFGECD_0243,这家店的服务态度差劲。,"['这家', '店', '的', '服务态度', '差劲', '。']","['辶', '家', '店', '白', '月', '力', '态', '度', '工', '劲', '。']","['r', 'n', 'uj', 'n', 'n', 'x']",Negative,Medium,Disgust,Negative
CFGECD_0244,食物的味道非常糟糕。,"['食物', '的', '味道', '非常', '糟糕', '。']","['食', '物', '白', '口', '道', '非', '常', '米', '米', '。']","['n', 'uj', 'n', 'd', 'a', 'x']",Negative,High,Disgust,Negative
CFGECD_0245,那条路每天都有很多车。,"['那条', '路', '每天', '都', '有', '很多', '车', '。']","['那', '条', '路', '每', '大', '都', '有', '很', '多', '车', '。']","['mq', 'n', 'r', 'd', 'v', 'm', 'zg', 'x']",Neutral,Low,Neutral,Neutral
CFGECD_0246,这是一个普通的工作日。,"['这是', '一个', '普通', '的', '工作日', '。']","['辶', '是', '一', '人', '普', '通', '白', '工', '作', '日', '。']","['r', 'v', 'm', 'nz', 'uj', 'n', 'x']",Neutral,Low,Neutral,Neutral
CFGECD_0247,这家店的服务态度差劲。,"['这家', '店', '的', '服务态度', '差劲', '。']","['辶', '家', '店', '白', '月', '力', '态', '度', '工', '劲', '。']","['r', 'n', 'uj', 'n', 'n', 'x']",Negative,Medium,Disgust,Negative
CFGECD_0248,食物的味道非常糟糕。,"['食物', '的', '味道', '非常', '糟糕', '。']","['食', '物', '白', '口', '道', '非', '常', '米', '米', '。']","['n', 'uj', 'n', 'd', 'a', 'x']",Negative,High,Disgust,Negative
CFGECD_0249,这家店的服务态度差劲。,"['这家', '店', '的', '服务态度', '差劲', '。']","['辶', '家', '店', '白', '月', '力', '态', '度', '工', '劲', '。']","['r', 'n', 'uj', 'n', 'n', 'x']",Negative,Medium,Disgust,Negative
CFGECD_0250,这是一个普通的工作日。,"['这是', '一个', '普通', '的', '工作日', '。']","['辶', '是', '一', '人', '普', '通', '白', '工', '作', '日', '。']","['r', 'v', 'm', 'nz', 'uj', 'n', 'x']",Neutral,Low,Neutral,Neutral
CFGECD_0251,桌子是木头做的。,"['桌子', '是', '木头', '做', '的', '。']","['桌', '子', '是', '木', '头', '做', '白', '。']","['n', 'v', 'n', 'v', 'uj', 'x']",Neutral,Low,Neutral,Neutral
CFGECD_0252,他正在看一本书。,"['他', '正在', '看一', '本书', '。']","['他', '正', '在', '看', '一', '本', '书', '。']","['r', 't', 'v', 'm', 'r', 'x']",Neutral,Low,Neutral,Neutral
CFGECD_0253,这部电影的剧情让我感到惊喜。,"['这部', '电影', '的', '剧情', '让', '我', '感到', '惊喜', '。']","['辶', '部', '田', '彡', '白', '剧', '情', '讠', '我', '感', '到', '忄', '口', '。']","['r', 'n', 'uj', 'n', 'v', 'r', 'v', 'a', 'x']",Positive,High,Surprise,Positive
CFGECD_0254,电影节奏慢，情节无聊。,"['电影', '节奏', '慢', '，', '情节', '无聊', '。']","['田', '彡', '艹', '奏', '忄', '，', '情', '艹', '无', '聊', '。']","['n', 'n', 'a', 'x', 'n', 'a', 'x']",Neutral,Low,Neutral,Neutral
CFGECD_0255,产品质量很坏，让人失望。,"['产品质量', '很坏', '，', '让', '人', '失望', '。']","['产', '品', '贝', '里', '很', '土', '，', '讠', '人', '失', '望', '。']","['n', 'd', 'a', 'x', 'v', 'n', 'v', 'x']",Neutral,Low,Neutral,Neutral
CFGECD_0256,服务质量令人满意。,"['服务质量', '令人满意', '。']","['月', '力', '贝', '里', '令', '人', '氵', '心', '。']","['n', 'l', 'x']",Neutral,Low,Neutral,Neutral
CFGECD_0257,这个手机的电池续航简直是个笑话。,"['这个', '手机', '的', '电池', '续航', '简直', '是', '个', '笑话', '。']","['辶', '人', '手', '木', '白', '田', '水', '纟', '舟', '竹', '十', '是', '人', '竹', '讠', '。']","['r', 'n', 'uj', 'n', 'nr', 'd', 'v', 'q', 'n', 'x']",Negative,High,Disgust,Negative
CFGECD_0258,桌子是木头做的。,"['桌子', '是', '木头', '做', '的', '。']","['桌', '子', '是', '木', '头', '做', '白', '。']","['n', 'v', 'n', 'v', 'uj', 'x']",Neutral,Low,Neutral,Neutral
CFGECD_0259,桌子是木头做的。,"['桌子', '是', '木头', '做', '的', '。']","['桌', '子', '是', '木', '头', '做', '白', '。']","['n', 'v', 'n', 'v', 'uj', 'x']",Neutral,Low,Neutral,Neutral
CFGECD_0260,这家店的服务态度差劲。,"['这家', '店', '的', '服务态度', '差劲', '。']","['辶', '家', '店', '白', '月', '力', '态', '度', '工', '劲', '。']","['r', 'n', 'uj', 'n', 'n', 'x']",Negative,Medium,Disgust,Negative
CFGECD_0261,这个手机的电池续航简直是个笑话。,"['这个', '手机', '的', '电池', '续航', '简直', '是', '个', '笑话', '。']","['辶', '人', '手', '木', '白', '田', '水', '纟', '舟', '竹', '十', '是', '人', '竹', '讠', '。']","['r', 'n', 'uj', 'n', 'nr', 'd', 'v', 'q', 'n', 'x']",Negative,High,Disgust,Negative
CFGECD_0262,这家餐厅的菜非常美味。,"['这家', '餐厅', '的', '菜', '非常', '美味', '。']","['辶', '家', '餐', '厅', '白', '菜', '非', '常', '羊', '口', '。']","['r', 'n', 'uj', 'n', 'd', 'nz', 'x']",Positive,Medium,Joy,Positive
CFGECD_0263,这家商店早上九点开门。,"['这家', '商店', '早上', '九点', '开门', '。']","['辶', '家', '商', '店', '早', '上', '九', '点', '开', '门', '。']","['r', 'n', 't', 'm', 'v', 'x']",Neutral,Low,Neutral,Neutral
CFGECD_0264,这家餐厅的菜非常美味。,"['这家', '餐厅', '的', '菜', '非常', '美味', '。']","['辶', '家', '餐', '厅', '白', '菜', '非', '常', '羊', '口', '。']","['r', 'n', 'uj', 'n', 'd', 'nz', 'x']",Positive,Medium,Joy,Positive
CFGECD_0265,服务质量令人满意。,"['服务质量', '令人满意', '。']","['月', '力', '贝', '里', '令', '人', '氵', '心', '。']","['n', 'l', 'x']",Neutral,Low,Neutral,Neutral
CFGECD_0266,这是一个普通的工作日。,"['这是', '一个', '普通', '的', '工作日', '。']","['辶', '是', '一', '人', '普', '通', '白', '工', '作', '日', '。']","['r', 'v', 'm', 'nz', 'uj', 'n', 'x']",Neutral,Low,Neutral,Neutral
CFGECD_0267,这个手机的电池续航简直是个笑话。,"['这个', '手机', '的', '电池', '续航', '简直', '是', '个', '笑话', '。']","['辶', '人', '手', '木', '白', '田', '水', '纟', '舟', '竹', '十', '是', '人', '竹', '讠', '。']","['r', 'n', 'uj', 'n', 'nr', 'd', 'v', 'q', 'n', 'x']",Negative,High,Disgust,Negative
CFGECD_0268,那条路每天都有很多车。,"['那条', '路', '每天', '都', '有', '很多', '车', '。']","['那', '条', '路', '每', '大', '都', '有', '很', '多', '车', '。']","['mq', 'n', 'r', 'd', 'v', 'm', 'zg', 'x']",Neutral,Low,Neutral,Neutral
CFGECD_0269,他正在看一本书。,"['他', '正在', '看一', '本书', '。']","['他', '正', '在', '看', '一', '本', '书', '。']","['r', 't', 'v', 'm', 'r', 'x']",Neutral,Low,Neutral,Neutral
CFGECD_0270,这个手机的电池续航简直是个笑话。,"['这个', '手机', '的', '电池', '续航', '简直', '是', '个', '笑话', '。']","['辶', '人', '手', '木', '白', '田', '水', '纟', '舟', '竹', '十', '是', '人', '竹', '讠', '。']","['r', 'n', 'uj', 'n', 'nr', 'd', 'v', 'q', 'n', 'x']",Negative,High,Disgust,Negative
CFGECD_0271,桌子是木头做的。,"['桌子', '是', '木头', '做', '的', '。']","['桌', '子', '是', '木', '头', '做', '白', '。']","['n', 'v', 'n', 'v', 'uj', 'x']",Neutral,Low,Neutral,Neutral
CFGECD_0272,服务质量令人满意。,"['服务质量', '令人满意', '。']","['月', '力', '贝', '里', '令', '人', '氵', '心', '。']","['n', 'l', 'x']",Neutral,Low,Neutral,Neutral
CFGECD_0273,服务质量令人满意。,"['服务质量', '令人满意', '。']","['月', '力', '贝', '里', '令', '人', '氵', '心', '。']","['n', 'l', 'x']",Neutral,Low,Neutral,Neutral
CFGECD_0274,今天的天气很糟糕。,"['今天', '的', '天气', '很', '糟糕', '。']","['今', '大', '白', '大', '气', '很', '米', '米', '。']","['t', 'uj', 'n', 'zg', 'a', 'x']",Negative,High,Disgust,Negative
CFGECD_0275,食物的味道非常糟糕。,"['食物', '的', '味道', '非常', '糟糕', '。']","['食', '物', '白', '口', '道', '非', '常', '米', '米', '。']","['n', 'uj', 'n', 'd', 'a', 'x']",Negative,High,Disgust,Negative
CFGECD_0276,他正在看一本书。,"['他', '正在', '看一', '本书', '。']","['他', '正', '在', '看', '一', '本', '书', '。']","['r', 't', 'v', 'm', 'r', 'x']",Neutral,Low,Neutral,Neutral
CFGECD_0277,桌子是木头做的。,"['桌子', '是', '木头', '做', '的', '。']","['桌', '子', '是', '木', '头', '做', '白', '。']","['n', 'v', 'n', 'v', 'uj', 'x']",Neutral,Low,Neutral,Neutral
CFGECD_0278,这家商店早上九点开门。,"['这家', '商店', '早上', '九点', '开门', '。']","['辶', '家', '商', '店', '早', '上', '九', '点', '开', '门', '。']","['r', 'n', 't', 'm', 'v', 'x']",Neutral,Low,Neutral,Neutral
CFGECD_0279,他的表演打动了观众。,"['他', '的', '表演', '打动', '了', '观众', '。']","['他', '白', '表', '演', '手', '力', '了', '观', '众', '。']","['r', 'uj', 'v', 'v', 'ul', 'n', 'x']",Positive,Medium,Joy,Positive
CFGECD_0280,桌子是木头做的。,"['桌子', '是', '木头', '做', '的', '。']","['桌', '子', '是', '木', '头', '做', '白', '。']","['n', 'v', 'n', 'v', 'uj', 'x']",Neutral,Low,Neutral,Neutral
CFGECD_0281,我今天去超市买了米和菜。,"['我', '今天', '去', '超市', '买', '了', '米', '和', '菜', '。']","['我', '今', '大', '去', '超', '市', '买', '了', '米', '和', '菜', '。']","['r', 't', 'v', 'v', 'v', 'ul', 'q', 'c', 'n', 'x']",Neutral,Low,Neutral,Neutral
CFGECD_0282,这家餐厅的菜非常美味。,"['这家', '餐厅', '的', '菜', '非常', '美味', '。']","['辶', '家', '餐', '厅', '白', '菜', '非', '常', '羊', '口', '。']","['r', 'n', 'uj', 'n', 'd', 'nz', 'x']",Positive,Medium,Joy,Positive
CFGECD_0283,电影节奏慢，情节无聊。,"['电影', '节奏', '慢', '，', '情节', '无聊', '。']","['田', '彡', '艹', '奏', '忄', '，', '情', '艹', '无', '聊', '。']","['n', 'n', 'a', 'x', 'n', 'a', 'x']",Neutral,Low,Neutral,Neutral
CFGECD_0284,桌子是木头做的。,"['桌子', '是', '木头', '做', '的', '。']","['桌', '子', '是', '木', '头', '做', '白', '。']","['n', 'v', 'n', 'v', 'uj', 'x']",Neutral,Low,Neutral,Neutral
CFGECD_0285,这部电影的剧情让我感到惊喜。,"['这部', '电影', '的', '剧情', '让', '我', '感到', '惊喜', '。']","['辶', '部', '田', '彡', '白', '剧', '情', '讠', '我', '感', '到', '忄', '口', '。']","['r', 'n', 'uj', 'n', 'v', 'r', 'v', 'a', 'x']",Positive,High,Surprise,Positive
CFGECD_0286,这家商店早上九点开门。,"['这家', '商店', '早上', '九点', '开门', '。']","['辶', '家', '商', '店', '早', '上', '九', '点', '开', '门', '。']","['r', 'n', 't', 'm', 'v', 'x']",Neutral,Low,Neutral,Neutral
CFGECD_0287,这个手机的电池续航简直是个笑话。,"['这个', '手机', '的', '电池', '续航', '简直', '是', '个', '笑话', '。']","['辶', '人', '手', '木', '白', '田', '水', '纟', '舟', '竹', '十', '是', '人', '竹', '讠', '。']","['r', 'n', 'uj', 'n', 'nr', 'd', 'v', 'q', 'n', 'x']",Negative,High,Disgust,Negative
CFGECD_0288,我今天去超市买了米和菜。,"['我', '今天', '去', '超市', '买', '了', '米', '和', '菜', '。']","['我', '今', '大', '去', '超', '市', '买', '了', '米', '和', '菜', '。']","['r', 't', 'v', 'v', 'v', 'ul', 'q', 'c', 'n', 'x']",Neutral,Low,Neutral,Neutral
CFGECD_0289,这家店的服务态度差劲。,"['这家', '店', '的', '服务态度', '差劲', '。']","['辶', '家', '店', '白', '月', '力', '态', '度', '工', '劲', '。']","['r', 'n', 'uj', 'n', 'n', 'x']",Negative,Medium,Disgust,Negative
CFGECD_0290,那条路每天都有很多车。,"['那条', '路', '每天', '都', '有', '很多', '车', '。']","['那', '条', '路', '每', '大', '都', '有', '很', '多', '车', '。']","['mq', 'n', 'r', 'd', 'v', 'm', 'zg', 'x']",Neutral,Low,Neutral,Neutral
CFGECD_0291,这家餐厅的菜非常美味。,"['这家', '餐厅', '的', '菜', '非常', '美味', '。']","['辶', '家', '餐', '厅', '白', '菜', '非', '常', '羊', '口', '。']","['r', 'n', 'uj', 'n', 'd', 'nz', 'x']",Positive,Medium,Joy,Positive
CFGECD_0292,这是一个普通的工作日。,"['这是', '一个', '普通', '的', '工作日', '。']","['辶', '是', '一', '人', '普', '通', '白', '工', '作', '日', '。']","['r', 'v', 'm', 'nz', 'uj', 'n', 'x']",Neutral,Low,Neutral,Neutral
CFGECD_0293,电影节奏慢，情节无聊。,"['电影', '节奏', '慢', '，', '情节', '无聊', '。']","['田', '彡', '艹', '奏', '忄', '，', '情', '艹', '无', '聊', '。']","['n', 'n', 'a', 'x', 'n', 'a', 'x']",Neutral,Low,Neutral,Neutral
CFGECD_0294,这家商店早上九点开门。,"['这家', '商店', '早上', '九点', '开门', '。']","['辶', '家', '商', '店', '早', '上', '九', '点', '开', '门', '。']","['r', 'n', 't', 'm', 'v', 'x']",Neutral,Low,Neutral,Neutral
CFGECD_0295,这家商店早上九点开门。,"['这家', '商店', '早上', '九点', '开门', '。']","['辶', '家', '商', '店', '早', '上', '九', '点', '开', '门', '。']","['r', 'n', 't', 'm', 'v', 'x']",Neutral,Low,Neutral,Neutral
CFGECD_0296,这部电影的剧情让我感到惊喜。,"['这部', '电影', '的', '剧情', '让', '我', '感到', '惊喜', '。']","['辶', '部', '田', '彡', '白', '剧', '情', '讠', '我', '感', '到', '忄', '口', '。']","['r', 'n', 'uj', 'n', 'v', 'r', 'v', 'a', 'x']",Positive,High,Surprise,Positive
CFGECD_0297,这家餐厅的菜非常美味。,"['这家', '餐厅', '的', '菜', '非常', '美味', '。']","['辶', '家', '餐', '厅', '白', '菜', '非', '常', '羊', '口', '。']","['r', 'n', 'uj', 'n', 'd', 'nz', 'x']",Positive,Medium,Joy,Positive
CFGECD_0298,他的表演打动了观众。,"['他', '的', '表演', '打动', '了', '观众', '。']","['他', '白', '表', '演', '手', '力', '了', '观', '众', '。']","['r', 'uj', 'v', 'v', 'ul', 'n', 'x']",Positive,Medium,Joy,Positive
CFGECD_0299,这部电影的剧情让我感到惊喜。,"['这部', '电影', '的', '剧情', '让', '我', '感到', '惊喜', '。']","['辶', '部', '田', '彡', '白', '剧', '情', '讠', '我', '感', '到', '忄', '口', '。']","['r', 'n', 'uj', 'n', 'v', 'r', 'v', 'a', 'x']",Positive,High,Surprise,Positive
CFGECD_0300,这家店的服务态度差劲。,"['这家', '店', '的', '服务态度', '差劲', '。']","['辶', '家', '店', '白', '月', '力', '态', '度', '工', '劲', '。']","['r', 'n', 'uj', 'n', 'n', 'x']",Negative,Medium,Disgust,Negative
CFGECD_0301,食物的味道非常糟糕。,"['食物', '的', '味道', '非常', '糟糕', '。']","['食', '物', '白', '口', '道', '非', '常', '米', '米', '。']","['n', 'uj', 'n', 'd', 'a', 'x']",Negative,High,Disgust,Negative
CFGECD_0302,这部电影的剧情让我感到惊喜。,"['这部', '电影', '的', '剧情', '让', '我', '感到', '惊喜', '。']","['辶', '部', '田', '彡', '白', '剧', '情', '讠', '我', '感', '到', '忄', '口', '。']","['r', 'n', 'uj', 'n', 'v', 'r', 'v', 'a', 'x']",Positive,High,Surprise,Positive
CFGECD_0303,服务质量令人满意。,"['服务质量', '令人满意', '。']","['月', '力', '贝', '里', '令', '人', '氵', '心', '。']","['n', 'l', 'x']",Neutral,Low,Neutral,Neutral
CFGECD_0304,这部电影的剧情让我感到惊喜。,"['这部', '电影', '的', '剧情', '让', '我', '感到', '惊喜', '。']","['辶', '部', '田', '彡', '白', '剧', '情', '讠', '我', '感', '到', '忄', '口', '。']","['r', 'n', 'uj', 'n', 'v', 'r', 'v', 'a', 'x']",Positive,High,Surprise,Positive
CFGECD_0305,这家店的服务态度差劲。,"['这家', '店', '的', '服务态度', '差劲', '。']","['辶', '家', '店', '白', '月', '力', '态', '度', '工', '劲', '。']","['r', 'n', 'uj', 'n', 'n', 'x']",Negative,Medium,Disgust,Negative
CFGECD_0306,这部电影的剧情让我感到惊喜。,"['这部', '电影', '的', '剧情', '让', '我', '感到', '惊喜', '。']","['辶', '部', '田', '彡', '白', '剧', '情', '讠', '我', '感', '到', '忄', '口', '。']","['r', 'n', 'uj', 'n', 'v', 'r', 'v', 'a', 'x']",Positive,High,Surprise,Positive
CFGECD_0307,这家店的服务态度差劲。,"['这家', '店', '的', '服务态度', '差劲', '。']","['辶', '家', '店', '白', '月', '力', '态', '度', '工', '劲', '。']","['r', 'n', 'uj', 'n', 'n', 'x']",Negative,Medium,Disgust,Negative
CFGECD_0308,今天的天气很舒服。,"['今天', '的', '天气', '很', '舒服', '。']","['今', '大', '白', '大', '气', '很', '舒', '月', '。']","['t', 'uj', 'n', 'zg', 'a', 'x']",Positive,Low,Joy,Positive
CFGECD_0309,食物的味道非常糟糕。,"['食物', '的', '味道', '非常', '糟糕', '。']","['食', '物', '白', '口', '道', '非', '常', '米', '米', '。']","['n', 'uj', 'n', 'd', 'a', 'x']",Negative,High,Disgust,Negative
CFGECD_0310,服务质量令人满意。,"['服务质量', '令人满意', '。']","['月', '力', '贝', '里', '令', '人', '氵', '心', '。']","['n', 'l', 'x']",Neutral,Low,Neutral,Neutral
CFGECD_0311,产品做工精细，使用体验很好。,"['产品', '做工', '精细', '，', '使用', '体验', '很', '好', '。']","['产', '品', '做', '工', '精', '纟', '，', '使', '用', '体', '验', '很', '女', '。']","['n', 'v', 'a', 'x', 'v', 'n', 'd', 'a', 'x']",Neutral,Low,Neutral,Neutral
CFGECD_0312,电影节奏慢，情节无聊。,"['电影', '节奏', '慢', '，', '情节', '无聊', '。']","['田', '彡', '艹', '奏', '忄', '，', '情', '艹', '无', '聊', '。']","['n', 'n', 'a', 'x', 'n', 'a', 'x']",Neutral,Low,Neutral,Neutral
CFGECD_0313,这家餐厅的菜非常美味。,"['这家', '餐厅', '的', '菜', '非常', '美味', '。']","['辶', '家', '餐', '厅', '白', '菜', '非', '常', '羊', '口', '。']","['r', 'n', 'uj', 'n', 'd', 'nz', 'x']",Positive,Medium,Joy,Positive
CFGECD_0314,今天的天气很舒服。,"['今天', '的', '天气', '很', '舒服', '。']","['今', '大', '白', '大', '气', '很', '舒', '月', '。']","['t', 'uj', 'n', 'zg', 'a', 'x']",Positive,Low,Joy,Positive
CFGECD_0315,这是一个普通的工作日。,"['这是', '一个', '普通', '的', '工作日', '。']","['辶', '是', '一', '人', '普', '通', '白', '工', '作', '日', '。']","['r', 'v', 'm', 'nz', 'uj', 'n', 'x']",Neutral,Low,Neutral,Neutral
CFGECD_0316,这家餐厅的菜非常美味。,"['这家', '餐厅', '的', '菜', '非常', '美味', '。']","['辶', '家', '餐', '厅', '白', '菜', '非', '常', '羊', '口', '。']","['r', 'n', 'uj', 'n', 'd', 'nz', 'x']",Positive,Medium,Joy,Positive
CFGECD_0317,那条路每天都有很多车。,"['那条', '路', '每天', '都', '有', '很多', '车', '。']","['那', '条', '路', '每', '大', '都', '有', '很', '多', '车', '。']","['mq', 'n', 'r', 'd', 'v', 'm', 'zg', 'x']",Neutral,Low,Neutral,Neutral
CFGECD_0318,这家商店早上九点开门。,"['这家', '商店', '早上', '九点', '开门', '。']","['辶', '家', '商', '店', '早', '上', '九', '点', '开', '门', '。']","['r', 'n', 't', 'm', 'v', 'x']",Neutral,Low,Neutral,Neutral
CFGECD_0319,这是一个普通的工作日。,"['这是', '一个', '普通', '的', '工作日', '。']","['辶', '是', '一', '人', '普', '通', '白', '工', '作', '日', '。']","['r', 'v', 'm', 'nz', 'uj', 'n', 'x']",Neutral,Low,Neutral,Neutral
CFGECD_0320,产品做工精细，使用体验很好。,"['产品', '做工', '精细', '，', '使用', '体验', '很', '好', '。']","['产', '品', '做', '工', '精', '纟', '，', '使', '用', '体', '验', '很', '女', '。']","['n', 'v', 'a', 'x', 'v', 'n', 'd', 'a', 'x']",Neutral,Low,Neutral,Neutral
CFGECD_0321,这家餐厅的菜非常美味。,"['这家', '餐厅', '的', '菜', '非常', '美味', '。']","['辶', '家', '餐', '厅', '白', '菜', '非', '常', '羊', '口', '。']","['r', 'n', 'uj', 'n', 'd', 'nz', 'x']",Positive,Medium,Joy,Positive
CFGECD_0322,服务质量令人满意。,"['服务质量', '令人满意', '。']","['月', '力', '贝', '里', '令', '人', '氵', '心', '。']","['n', 'l', 'x']",Neutral,Low,Neutral,Neutral
CFGECD_0323,他的表演打动了观众。,"['他', '的', '表演', '打动', '了', '观众', '。']","['他', '白', '表', '演', '手', '力', '了', '观', '众', '。']","['r', 'uj', 'v', 'v', 'ul', 'n', 'x']",Positive,Medium,Joy,Positive
CFGECD_0324,这家店的服务态度差劲。,"['这家', '店', '的', '服务态度', '差劲', '。']","['辶', '家', '店', '白', '月', '力', '态', '度', '工', '劲', '。']","['r', 'n', 'uj', 'n', 'n', 'x']",Negative,Medium,Disgust,Negative
CFGECD_0325,这家店的服务态度差劲。,"['这家', '店', '的', '服务态度', '差劲', '。']","['辶', '家', '店', '白', '月', '力', '态', '度', '工', '劲', '。']","['r', 'n', 'uj', 'n', 'n', 'x']",Negative,Medium,Disgust,Negative
CFGECD_0326,这家餐厅的菜非常美味。,"['这家', '餐厅', '的', '菜', '非常', '美味', '。']","['辶', '家', '餐', '厅', '白', '菜', '非', '常', '羊', '口', '。']","['r', 'n', 'uj', 'n', 'd', 'nz', 'x']",Positive,Medium,Joy,Positive
CFGECD_0327,这个手机的电池续航简直是个笑话。,"['这个', '手机', '的', '电池', '续航', '简直', '是', '个', '笑话', '。']","['辶', '人', '手', '木', '白', '田', '水', '纟', '舟', '竹', '十', '是', '人', '竹', '讠', '。']","['r', 'n', 'uj', 'n', 'nr', 'd', 'v', 'q', 'n', 'x']",Negative,High,Disgust,Negative
CFGECD_0328,这个手机的电池续航简直是个笑话。,"['这个', '手机', '的', '电池', '续航', '简直', '是', '个', '笑话', '。']","['辶', '人', '手', '木', '白', '田', '水', '纟', '舟', '竹', '十', '是', '人', '竹', '讠', '。']","['r', 'n', 'uj', 'n', 'nr', 'd', 'v', 'q', 'n', 'x']",Negative,High,Disgust,Negative
CFGECD_0329,今天的天气很糟糕。,"['今天', '的', '天气', '很', '糟糕', '。']","['今', '大', '白', '大', '气', '很', '米', '米', '。']","['t', 'uj', 'n', 'zg', 'a', 'x']",Negative,High,Disgust,Negative
CFGECD_0330,今天的天气很糟糕。,"['今天', '的', '天气', '很', '糟糕', '。']","['今', '大', '白', '大', '气', '很', '米', '米', '。']","['t', 'uj', 'n', 'zg', 'a', 'x']",Negative,High,Disgust,Negative
CFGECD_0331,这家商店早上九点开门。,"['这家', '商店', '早上', '九点', '开门', '。']","['辶', '家', '商', '店', '早', '上', '九', '点', '开', '门', '。']","['r', 'n', 't', 'm', 'v', 'x']",Neutral,Low,Neutral,Neutral
CFGECD_0332,今天的天气很舒服。,"['今天', '的', '天气', '很', '舒服', '。']","['今', '大', '白', '大', '气', '很', '舒', '月', '。']","['t', 'uj', 'n', 'zg', 'a', 'x']",Positive,Low,Joy,Positive
CFGECD_0333,这部电影的剧情让我感到惊喜。,"['这部', '电影', '的', '剧情', '让', '我', '感到', '惊喜', '。']","['辶', '部', '田', '彡', '白', '剧', '情', '讠', '我', '感', '到', '忄', '口', '。']","['r', 'n', 'uj', 'n', 'v', 'r', 'v', 'a', 'x']",Positive,High,Surprise,Positive
CFGECD_0334,这个手机的电池续航简直是个笑话。,"['这个', '手机', '的', '电池', '续航', '简直', '是', '个', '笑话', '。']","['辶', '人', '手', '木', '白', '田', '水', '纟', '舟', '竹', '十', '是', '人', '竹', '讠', '。']","['r', 'n', 'uj', 'n', 'nr', 'd', 'v', 'q', 'n', 'x']",Negative,High,Disgust,Negative
CFGECD_0335,电影节奏慢，情节无聊。,"['电影', '节奏', '慢', '，', '情节', '无聊', '。']","['田', '彡', '艹', '奏', '忄', '，', '情', '艹', '无', '聊', '。']","['n', 'n', 'a', 'x', 'n', 'a', 'x']",Neutral,Low,Neutral,Neutral
CFGECD_0336,这家商店早上九点开门。,"['这家', '商店', '早上', '九点', '开门', '。']","['辶', '家', '商', '店', '早', '上', '九', '点', '开', '门', '。']","['r', 'n', 't', 'm', 'v', 'x']",Neutral,Low,Neutral,Neutral
CFGECD_0337,那条路每天都有很多车。,"['那条', '路', '每天', '都', '有', '很多', '车', '。']","['那', '条', '路', '每', '大', '都', '有', '很', '多', '车', '。']","['mq', 'n', 'r', 'd', 'v', 'm', 'zg', 'x']",Neutral,Low,Neutral,Neutral
CFGECD_0338,这个手机的电池续航简直是个笑话。,"['这个', '手机', '的', '电池', '续航', '简直', '是', '个', '笑话', '。']","['辶', '人', '手', '木', '白', '田', '水', '纟', '舟', '竹', '十', '是', '人', '竹', '讠', '。']","['r', 'n', 'uj', 'n', 'nr', 'd', 'v', 'q', 'n', 'x']",Negative,High,Disgust,Negative
CFGECD_0339,这家店的服务态度差劲。,"['这家', '店', '的', '服务态度', '差劲', '。']","['辶', '家', '店', '白', '月', '力', '态', '度', '工', '劲', '。']","['r', 'n', 'uj', 'n', 'n', 'x']",Negative,Medium,Disgust,Negative
CFGECD_0340,今天的天气很糟糕。,"['今天', '的', '天气', '很', '糟糕', '。']","['今', '大', '白', '大', '气', '很', '米', '米', '。']","['t', 'uj', 'n', 'zg', 'a', 'x']",Negative,High,Disgust,Negative
CFGECD_0341,他正在看一本书。,"['他', '正在', '看一', '本书', '。']","['他', '正', '在', '看', '一', '本', '书', '。']","['r', 't', 'v', 'm', 'r', 'x']",Neutral,Low,Neutral,Neutral
CFGECD_0342,这家餐厅的菜非常美味。,"['这家', '餐厅', '的', '菜', '非常', '美味', '。']","['辶', '家', '餐', '厅', '白', '菜', '非', '常', '羊', '口', '。']","['r', 'n', 'uj', 'n', 'd', 'nz', 'x']",Positive,Medium,Joy,Positive
CFGECD_0343,食物的味道非常糟糕。,"['食物', '的', '味道', '非常', '糟糕', '。']","['食', '物', '白', '口', '道', '非', '常', '米', '米', '。']","['n', 'uj', 'n', 'd', 'a', 'x']",Negative,High,Disgust,Negative
CFGECD_0344,桌子是木头做的。,"['桌子', '是', '木头', '做', '的', '。']","['桌', '子', '是', '木', '头', '做', '白', '。']","['n', 'v', 'n', 'v', 'uj', 'x']",Neutral,Low,Neutral,Neutral
CFGECD_0345,我今天去超市买了米和菜。,"['我', '今天', '去', '超市', '买', '了', '米', '和', '菜', '。']","['我', '今', '大', '去', '超', '市', '买', '了', '米', '和', '菜', '。']","['r', 't', 'v', 'v', 'v', 'ul', 'q', 'c', 'n', 'x']",Neutral,Low,Neutral,Neutral
CFGECD_0346,他正在看一本书。,"['他', '正在', '看一', '本书', '。']","['他', '正', '在', '看', '一', '本', '书', '。']","['r', 't', 'v', 'm', 'r', 'x']",Neutral,Low,Neutral,Neutral
CFGECD_0347,他的表演打动了观众。,"['他', '的', '表演', '打动', '了', '观众', '。']","['他', '白', '表', '演', '手', '力', '了', '观', '众', '。']","['r', 'uj', 'v', 'v', 'ul', 'n', 'x']",Positive,Medium,Joy,Positive
CFGECD_0348,电影节奏慢，情节无聊。,"['电影', '节奏', '慢', '，', '情节', '无聊', '。']","['田', '彡', '艹', '奏', '忄', '，', '情', '艹', '无', '聊', '。']","['n', 'n', 'a', 'x', 'n', 'a', 'x']",Neutral,Low,Neutral,Neutral
CFGECD_0349,这家餐厅的菜非常美味。,"['这家', '餐厅', '的', '菜', '非常', '美味', '。']","['辶', '家', '餐', '厅', '白', '菜', '非', '常', '羊', '口', '。']","['r', 'n', 'uj', 'n', 'd', 'nz', 'x']",Positive,Medium,Joy,Positive
CFGECD_0350,今天的天气很舒服。,"['今天', '的', '天气', '很', '舒服', '。']","['今', '大', '白', '大', '气', '很', '舒', '月', '。']","['t', 'uj', 'n', 'zg', 'a', 'x']",Positive,Low,Joy,Positive
CFGECD_0351,今天的天气很糟糕。,"['今天', '的', '天气', '很', '糟糕', '。']","['今', '大', '白', '大', '气', '很', '米', '米', '。']","['t', 'uj', 'n', 'zg', 'a', 'x']",Negative,High,Disgust,Negative
CFGECD_0352,服务质量令人满意。,"['服务质量', '令人满意', '。']","['月', '力', '贝', '里', '令', '人', '氵', '心', '。']","['n', 'l', 'x']",Neutral,Low,Neutral,Neutral
CFGECD_0353,电影节奏慢，情节无聊。,"['电影', '节奏', '慢', '，', '情节', '无聊', '。']","['田', '彡', '艹', '奏', '忄', '，', '情', '艹', '无', '聊', '。']","['n', 'n', 'a', 'x', 'n', 'a', 'x']",Neutral,Low,Neutral,Neutral
CFGECD_0354,桌子是木头做的。,"['桌子', '是', '木头', '做', '的', '。']","['桌', '子', '是', '木', '头', '做', '白', '。']","['n', 'v', 'n', 'v', 'uj', 'x']",Neutral,Low,Neutral,Neutral
CFGECD_0355,产品质量很坏，让人失望。,"['产品质量', '很坏', '，', '让', '人', '失望', '。']","['产', '品', '贝', '里', '很', '土', '，', '讠', '人', '失', '望', '。']","['n', 'd', 'a', 'x', 'v', 'n', 'v', 'x']",Neutral,Low,Neutral,Neutral
CFGECD_0356,这个手机的电池续航简直是个笑话。,"['这个', '手机', '的', '电池', '续航', '简直', '是', '个', '笑话', '。']","['辶', '人', '手', '木', '白', '田', '水', '纟', '舟', '竹', '十', '是', '人', '竹', '讠', '。']","['r', 'n', 'uj', 'n', 'nr', 'd', 'v', 'q', 'n', 'x']",Negative,High,Disgust,Negative
CFGECD_0357,我今天去超市买了米和菜。,"['我', '今天', '去', '超市', '买', '了', '米', '和', '菜', '。']","['我', '今', '大', '去', '超', '市', '买', '了', '米', '和', '菜', '。']","['r', 't', 'v', 'v', 'v', 'ul', 'q', 'c', 'n', 'x']",Neutral,Low,Neutral,Neutral
CFGECD_0358,今天的天气很糟糕。,"['今天', '的', '天气', '很', '糟糕', '。']","['今', '大', '白', '大', '气', '很', '米', '米', '。']","['t', 'uj', 'n', 'zg', 'a', 'x']",Negative,High,Disgust,Negative
CFGECD_0359,这是一个普通的工作日。,"['这是', '一个', '普通', '的', '工作日', '。']","['辶', '是', '一', '人', '普', '通', '白', '工', '作', '日', '。']","['r', 'v', 'm', 'nz', 'uj', 'n', 'x']",Neutral,Low,Neutral,Neutral
CFGECD_0360,那条路每天都有很多车。,"['那条', '路', '每天', '都', '有', '很多', '车', '。']","['那', '条', '路', '每', '大', '都', '有', '很', '多', '车', '。']","['mq', 'n', 'r', 'd', 'v', 'm', 'zg', 'x']",Neutral,Low,Neutral,Neutral
CFGECD_0361,这部电影的剧情让我感到惊喜。,"['这部', '电影', '的', '剧情', '让', '我', '感到', '惊喜', '。']","['辶', '部', '田', '彡', '白', '剧', '情', '讠', '我', '感', '到', '忄', '口', '。']","['r', 'n', 'uj', 'n', 'v', 'r', 'v', 'a', 'x']",Positive,High,Surprise,Positive
CFGECD_0362,产品质量很坏，让人失望。,"['产品质量', '很坏', '，', '让', '人', '失望', '。']","['产', '品', '贝', '里', '很', '土', '，', '讠', '人', '失', '望', '。']","['n', 'd', 'a', 'x', 'v', 'n', 'v', 'x']",Neutral,Low,Neutral,Neutral
CFGECD_0363,今天的天气很糟糕。,"['今天', '的', '天气', '很', '糟糕', '。']","['今', '大', '白', '大', '气', '很', '米', '米', '。']","['t', 'uj', 'n', 'zg', 'a', 'x']",Negative,High,Disgust,Negative
CFGECD_0364,产品质量很坏，让人失望。,"['产品质量', '很坏', '，', '让', '人', '失望', '。']","['产', '品', '贝', '里', '很', '土', '，', '讠', '人', '失', '望', '。']","['n', 'd', 'a', 'x', 'v', 'n', 'v', 'x']",Neutral,Low,Neutral,Neutral
CFGECD_0365,电影节奏慢，情节无聊。,"['电影', '节奏', '慢', '，', '情节', '无聊', '。']","['田', '彡', '艹', '奏', '忄', '，', '情', '艹', '无', '聊', '。']","['n', 'n', 'a', 'x', 'n', 'a', 'x']",Neutral,Low,Neutral,Neutral
CFGECD_0366,今天的天气很糟糕。,"['今天', '的', '天气', '很', '糟糕', '。']","['今', '大', '白', '大', '气', '很', '米', '米', '。']","['t', 'uj', 'n', 'zg', 'a', 'x']",Negative,High,Disgust,Negative
CFGECD_0367,电影节奏慢，情节无聊。,"['电影', '节奏', '慢', '，', '情节', '无聊', '。']","['田', '彡', '艹', '奏', '忄', '，', '情', '艹', '无', '聊', '。']","['n', 'n', 'a', 'x', 'n', 'a', 'x']",Neutral,Low,Neutral,Neutral
CFGECD_0368,他的表演打动了观众。,"['他', '的', '表演', '打动', '了', '观众', '。']","['他', '白', '表', '演', '手', '力', '了', '观', '众', '。']","['r', 'uj', 'v', 'v', 'ul', 'n', 'x']",Positive,Medium,Joy,Positive
CFGECD_0369,产品做工精细，使用体验很好。,"['产品', '做工', '精细', '，', '使用', '体验', '很', '好', '。']","['产', '品', '做', '工', '精', '纟', '，', '使', '用', '体', '验', '很', '女', '。']","['n', 'v', 'a', 'x', 'v', 'n', 'd', 'a', 'x']",Neutral,Low,Neutral,Neutral
CFGECD_0370,这家餐厅的菜非常美味。,"['这家', '餐厅', '的', '菜', '非常', '美味', '。']","['辶', '家', '餐', '厅', '白', '菜', '非', '常', '羊', '口', '。']","['r', 'n', 'uj', 'n', 'd', 'nz', 'x']",Positive,Medium,Joy,Positive
CFGECD_0371,产品做工精细，使用体验很好。,"['产品', '做工', '精细', '，', '使用', '体验', '很', '好', '。']","['产', '品', '做', '工', '精', '纟', '，', '使', '用', '体', '验', '很', '女', '。']","['n', 'v', 'a', 'x', 'v', 'n', 'd', 'a', 'x']",Neutral,Low,Neutral,Neutral
CFGECD_0372,服务质量令人满意。,"['服务质量', '令人满意', '。']","['月', '力', '贝', '里', '令', '人', '氵', '心', '。']","['n', 'l', 'x']",Neutral,Low,Neutral,Neutral
CFGECD_0373,那条路每天都有很多车。,"['那条', '路', '每天', '都', '有', '很多', '车', '。']","['那', '条', '路', '每', '大', '都', '有', '很', '多', '车', '。']","['mq', 'n', 'r', 'd', 'v', 'm', 'zg', 'x']",Neutral,Low,Neutral,Neutral
CFGECD_0374,这个手机的电池续航简直是个笑话。,"['这个', '手机', '的', '电池', '续航', '简直', '是', '个', '笑话', '。']","['辶', '人', '手', '木', '白', '田', '水', '纟', '舟', '竹', '十', '是', '人', '竹', '讠', '。']","['r', 'n', 'uj', 'n', 'nr', 'd', 'v', 'q', 'n', 'x']",Negative,High,Disgust,Negative
CFGECD_0375,那条路每天都有很多车。,"['那条', '路', '每天', '都', '有', '很多', '车', '。']","['那', '条', '路', '每', '大', '都', '有', '很', '多', '车', '。']","['mq', 'n', 'r', 'd', 'v', 'm', 'zg', 'x']",Neutral,Low,Neutral,Neutral
CFGECD_0376,服务质量令人满意。,"['服务质量', '令人满意', '。']","['月', '力', '贝', '里', '令', '人', '氵', '心', '。']","['n', 'l', 'x']",Neutral,Low,Neutral,Neutral
CFGECD_0377,产品做工精细，使用体验很好。,"['产品', '做工', '精细', '，', '使用', '体验', '很', '好', '。']","['产', '品', '做', '工', '精', '纟', '，', '使', '用', '体', '验', '很', '女', '。']","['n', 'v', 'a', 'x', 'v', 'n', 'd', 'a', 'x']",Neutral,Low,Neutral,Neutral
CFGECD_0378,桌子是木头做的。,"['桌子', '是', '木头', '做', '的', '。']","['桌', '子', '是', '木', '头', '做', '白', '。']","['n', 'v', 'n', 'v', 'uj', 'x']",Neutral,Low,Neutral,Neutral
CFGECD_0379,产品做工精细，使用体验很好。,"['产品', '做工', '精细', '，', '使用', '体验', '很', '好', '。']","['产', '品', '做', '工', '精', '纟', '，', '使', '用', '体', '验', '很', '女', '。']","['n', 'v', 'a', 'x', 'v', 'n', 'd', 'a', 'x']",Neutral,Low,Neutral,Neutral
CFGECD_0380,今天的天气很舒服。,"['今天', '的', '天气', '很', '舒服', '。']","['今', '大', '白', '大', '气', '很', '舒', '月', '。']","['t', 'uj', 'n', 'zg', 'a', 'x']",Positive,Low,Joy,Positive
CFGECD_0381,这部电影的剧情让我感到惊喜。,"['这部', '电影', '的', '剧情', '让', '我', '感到', '惊喜', '。']","['辶', '部', '田', '彡', '白', '剧', '情', '讠', '我', '感', '到', '忄', '口', '。']","['r', 'n', 'uj', 'n', 'v', 'r', 'v', 'a', 'x']",Positive,High,Surprise,Positive
CFGECD_0382,这家商店早上九点开门。,"['这家', '商店', '早上', '九点', '开门', '。']","['辶', '家', '商', '店', '早', '上', '九', '点', '开', '门', '。']","['r', 'n', 't', 'm', 'v', 'x']",Neutral,Low,Neutral,Neutral
CFGECD_0383,今天的天气很糟糕。,"['今天', '的', '天气', '很', '糟糕', '。']","['今', '大', '白', '大', '气', '很', '米', '米', '。']","['t', 'uj', 'n', 'zg', 'a', 'x']",Negative,High,Disgust,Negative
CFGECD_0384,电影节奏慢，情节无聊。,"['电影', '节奏', '慢', '，', '情节', '无聊', '。']","['田', '彡', '艹', '奏', '忄', '，', '情', '艹', '无', '聊', '。']","['n', 'n', 'a', 'x', 'n', 'a', 'x']",Neutral,Low,Neutral,Neutral
CFGECD_0385,今天的天气很舒服。,"['今天', '的', '天气', '很', '舒服', '。']","['今', '大', '白', '大', '气', '很', '舒', '月', '。']","['t', 'uj', 'n', 'zg', 'a', 'x']",Positive,Low,Joy,Positive
CFGECD_0386,产品做工精细，使用体验很好。,"['产品', '做工', '精细', '，', '使用', '体验', '很', '好', '。']","['产', '品', '做', '工', '精', '纟', '，', '使', '用', '体', '验', '很', '女', '。']","['n', 'v', 'a', 'x', 'v', 'n', 'd', 'a', 'x']",Neutral,Low,Neutral,Neutral
CFGECD_0387,我今天去超市买了米和菜。,"['我', '今天', '去', '超市', '买', '了', '米', '和', '菜', '。']","['我', '今', '大', '去', '超', '市', '买', '了', '米', '和', '菜', '。']","['r', 't', 'v', 'v', 'v', 'ul', 'q', 'c', 'n', 'x']",Neutral,Low,Neutral,Neutral
CFGECD_0388,这家商店早上九点开门。,"['这家', '商店', '早上', '九点', '开门', '。']","['辶', '家', '商', '店', '早', '上', '九', '点', '开', '门', '。']","['r', 'n', 't', 'm', 'v', 'x']",Neutral,Low,Neutral,Neutral
CFGECD_0389,食物的味道非常糟糕。,"['食物', '的', '味道', '非常', '糟糕', '。']","['食', '物', '白', '口', '道', '非', '常', '米', '米', '。']","['n', 'uj', 'n', 'd', 'a', 'x']",Negative,High,Disgust,Negative
CFGECD_0390,那条路每天都有很多车。,"['那条', '路', '每天', '都', '有', '很多', '车', '。']","['那', '条', '路', '每', '大', '都', '有', '很', '多', '车', '。']","['mq', 'n', 'r', 'd', 'v', 'm', 'zg', 'x']",Neutral,Low,Neutral,Neutral
CFGECD_0391,这家商店早上九点开门。,"['这家', '商店', '早上', '九点', '开门', '。']","['辶', '家', '商', '店', '早', '上', '九', '点', '开', '门', '。']","['r', 'n', 't', 'm', 'v', 'x']",Neutral,Low,Neutral,Neutral
CFGECD_0392,这部电影的剧情让我感到惊喜。,"['这部', '电影', '的', '剧情', '让', '我', '感到', '惊喜', '。']","['辶', '部', '田', '彡', '白', '剧', '情', '讠', '我', '感', '到', '忄', '口', '。']","['r', 'n', 'uj', 'n', 'v', 'r', 'v', 'a', 'x']",Positive,High,Surprise,Positive
CFGECD_0393,他的表演打动了观众。,"['他', '的', '表演', '打动', '了', '观众', '。']","['他', '白', '表', '演', '手', '力', '了', '观', '众', '。']","['r', 'uj', 'v', 'v', 'ul', 'n', 'x']",Positive,Medium,Joy,Positive
CFGECD_0394,我今天去超市买了米和菜。,"['我', '今天', '去', '超市', '买', '了', '米', '和', '菜', '。']","['我', '今', '大', '去', '超', '市', '买', '了', '米', '和', '菜', '。']","['r', 't', 'v', 'v', 'v', 'ul', 'q', 'c', 'n', 'x']",Neutral,Low,Neutral,Neutral
CFGECD_0395,这家餐厅的菜非常美味。,"['这家', '餐厅', '的', '菜', '非常', '美味', '。']","['辶', '家', '餐', '厅', '白', '菜', '非', '常', '羊', '口', '。']","['r', 'n', 'uj', 'n', 'd', 'nz', 'x']",Positive,Medium,Joy,Positive
CFGECD_0396,产品质量很坏，让人失望。,"['产品质量', '很坏', '，', '让', '人', '失望', '。']","['产', '品', '贝', '里', '很', '土', '，', '讠', '人', '失', '望', '。']","['n', 'd', 'a', 'x', 'v', 'n', 'v', 'x']",Neutral,Low,Neutral,Neutral
CFGECD_0397,今天的天气很舒服。,"['今天', '的', '天气', '很', '舒服', '。']","['今', '大', '白', '大', '气', '很', '舒', '月', '。']","['t', 'uj', 'n', 'zg', 'a', 'x']",Positive,Low,Joy,Positive
CFGECD_0398,他正在看一本书。,"['他', '正在', '看一', '本书', '。']","['他', '正', '在', '看', '一', '本', '书', '。']","['r', 't', 'v', 'm', 'r', 'x']",Neutral,Low,Neutral,Neutral
CFGECD_0399,他正在看一本书。,"['他', '正在', '看一', '本书', '。']","['他', '正', '在', '看', '一', '本', '书', '。']","['r', 't', 'v', 'm', 'r', 'x']",Neutral,Low,Neutral,Neutral
CFGECD_0400,这是一个普通的工作日。,"['这是', '一个', '普通', '的', '工作日', '。']","['辶', '是', '一', '人', '普', '通', '白', '工', '作', '日', '。']","['r', 'v', 'm', 'nz', 'uj', 'n', 'x']",Neutral,Low,Neutral,Neutral
CFGECD_0401,那条路每天都有很多车。,"['那条', '路', '每天', '都', '有', '很多', '车', '。']","['那', '条', '路', '每', '大', '都', '有', '很', '多', '车', '。']","['mq', 'n', 'r', 'd', 'v', 'm', 'zg', 'x']",Neutral,Low,Neutral,Neutral
CFGECD_0402,这家店的服务态度差劲。,"['这家', '店', '的', '服务态度', '差劲', '。']","['辶', '家', '店', '白', '月', '力', '态', '度', '工', '劲', '。']","['r', 'n', 'uj', 'n', 'n', 'x']",Negative,Medium,Disgust,Negative
CFGECD_0403,今天的天气很舒服。,"['今天', '的', '天气', '很', '舒服', '。']","['今', '大', '白', '大', '气', '很', '舒', '月', '。']","['t', 'uj', 'n', 'zg', 'a', 'x']",Positive,Low,Joy,Positive
CFGECD_0404,今天的天气很舒服。,"['今天', '的', '天气', '很', '舒服', '。']","['今', '大', '白', '大', '气', '很', '舒', '月', '。']","['t', 'uj', 'n', 'zg', 'a', 'x']",Positive,Low,Joy,Positive
CFGECD_0405,这家店的服务态度差劲。,"['这家', '店', '的', '服务态度', '差劲', '。']","['辶', '家', '店', '白', '月', '力', '态', '度', '工', '劲', '。']","['r', 'n', 'uj', 'n', 'n', 'x']",Negative,Medium,Disgust,Negative
CFGECD_0406,这家商店早上九点开门。,"['这家', '商店', '早上', '九点', '开门', '。']","['辶', '家', '商', '店', '早', '上', '九', '点', '开', '门', '。']","['r', 'n', 't', 'm', 'v', 'x']",Neutral,Low,Neutral,Neutral
CFGECD_0407,电影节奏慢，情节无聊。,"['电影', '节奏', '慢', '，', '情节', '无聊', '。']","['田', '彡', '艹', '奏', '忄', '，', '情', '艹', '无', '聊', '。']","['n', 'n', 'a', 'x', 'n', 'a', 'x']",Neutral,Low,Neutral,Neutral
CFGECD_0408,他的表演打动了观众。,"['他', '的', '表演', '打动', '了', '观众', '。']","['他', '白', '表', '演', '手', '力', '了', '观', '众', '。']","['r', 'uj', 'v', 'v', 'ul', 'n', 'x']",Positive,Medium,Joy,Positive
CFGECD_0409,桌子是木头做的。,"['桌子', '是', '木头', '做', '的', '。']","['桌', '子', '是', '木', '头', '做', '白', '。']","['n', 'v', 'n', 'v', 'uj', 'x']",Neutral,Low,Neutral,Neutral
CFGECD_0410,他的表演打动了观众。,"['他', '的', '表演', '打动', '了', '观众', '。']","['他', '白', '表', '演', '手', '力', '了', '观', '众', '。']","['r', 'uj', 'v', 'v', 'ul', 'n', 'x']",Positive,Medium,Joy,Positive
CFGECD_0411,今天的天气很舒服。,"['今天', '的', '天气', '很', '舒服', '。']","['今', '大', '白', '大', '气', '很', '舒', '月', '。']","['t', 'uj', 'n', 'zg', 'a', 'x']",Positive,Low,Joy,Positive
CFGECD_0412,他正在看一本书。,"['他', '正在', '看一', '本书', '。']","['他', '正', '在', '看', '一', '本', '书', '。']","['r', 't', 'v', 'm', 'r', 'x']",Neutral,Low,Neutral,Neutral
CFGECD_0413,这家店的服务态度差劲。,"['这家', '店', '的', '服务态度', '差劲', '。']","['辶', '家', '店', '白', '月', '力', '态', '度', '工', '劲', '。']","['r', 'n', 'uj', 'n', 'n', 'x']",Negative,Medium,Disgust,Negative
CFGECD_0414,服务质量令人满意。,"['服务质量', '令人满意', '。']","['月', '力', '贝', '里', '令', '人', '氵', '心', '。']","['n', 'l', 'x']",Neutral,Low,Neutral,Neutral
CFGECD_0415,这个手机的电池续航简直是个笑话。,"['这个', '手机', '的', '电池', '续航', '简直', '是', '个', '笑话', '。']","['辶', '人', '手', '木', '白', '田', '水', '纟', '舟', '竹', '十', '是', '人', '竹', '讠', '。']","['r', 'n', 'uj', 'n', 'nr', 'd', 'v', 'q', 'n', 'x']",Negative,High,Disgust,Negative
CFGECD_0416,那条路每天都有很多车。,"['那条', '路', '每天', '都', '有', '很多', '车', '。']","['那', '条', '路', '每', '大', '都', '有', '很', '多', '车', '。']","['mq', 'n', 'r', 'd', 'v', 'm', 'zg', 'x']",Neutral,Low,Neutral,Neutral
CFGECD_0417,这是一个普通的工作日。,"['这是', '一个', '普通', '的', '工作日', '。']","['辶', '是', '一', '人', '普', '通', '白', '工', '作', '日', '。']","['r', 'v', 'm', 'nz', 'uj', 'n', 'x']",Neutral,Low,Neutral,Neutral
CFGECD_0418,产品做工精细，使用体验很好。,"['产品', '做工', '精细', '，', '使用', '体验', '很', '好', '。']","['产', '品', '做', '工', '精', '纟', '，', '使', '用', '体', '验', '很', '女', '。']","['n', 'v', 'a', 'x', 'v', 'n', 'd', 'a', 'x']",Neutral,Low,Neutral,Neutral
CFGECD_0419,产品做工精细，使用体验很好。,"['产品', '做工', '精细', '，', '使用', '体验', '很', '好', '。']","['产', '品', '做', '工', '精', '纟', '，', '使', '用', '体', '验', '很', '女', '。']","['n', 'v', 'a', 'x', 'v', 'n', 'd', 'a', 'x']",Neutral,Low,Neutral,Neutral
CFGECD_0420,这是一个普通的工作日。,"['这是', '一个', '普通', '的', '工作日', '。']","['辶', '是', '一', '人', '普', '通', '白', '工', '作', '日', '。']","['r', 'v', 'm', 'nz', 'uj', 'n', 'x']",Neutral,Low,Neutral,Neutral
CFGECD_0421,产品做工精细，使用体验很好。,"['产品', '做工', '精细', '，', '使用', '体验', '很', '好', '。']","['产', '品', '做', '工', '精', '纟', '，', '使', '用', '体', '验', '很', '女', '。']","['n', 'v', 'a', 'x', 'v', 'n', 'd', 'a', 'x']",Neutral,Low,Neutral,Neutral
CFGECD_0422,这是一个普通的工作日。,"['这是', '一个', '普通', '的', '工作日', '。']","['辶', '是', '一', '人', '普', '通', '白', '工', '作', '日', '。']","['r', 'v', 'm', 'nz', 'uj', 'n', 'x']",Neutral,Low,Neutral,Neutral
CFGECD_0423,今天的天气很糟糕。,"['今天', '的', '天气', '很', '糟糕', '。']","['今', '大', '白', '大', '气', '很', '米', '米', '。']","['t', 'uj', 'n', 'zg', 'a', 'x']",Negative,High,Disgust,Negative
CFGECD_0424,这部电影的剧情让我感到惊喜。,"['这部', '电影', '的', '剧情', '让', '我', '感到', '惊喜', '。']","['辶', '部', '田', '彡', '白', '剧', '情', '讠', '我', '感', '到', '忄', '口', '。']","['r', 'n', 'uj', 'n', 'v', 'r', 'v', 'a', 'x']",Positive,High,Surprise,Positive
CFGECD_0425,那条路每天都有很多车。,"['那条', '路', '每天', '都', '有', '很多', '车', '。']","['那', '条', '路', '每', '大', '都', '有', '很', '多', '车', '。']","['mq', 'n', 'r', 'd', 'v', 'm', 'zg', 'x']",Neutral,Low,Neutral,Neutral
CFGECD_0426,这个手机的电池续航简直是个笑话。,"['这个', '手机', '的', '电池', '续航', '简直', '是', '个', '笑话', '。']","['辶', '人', '手', '木', '白', '田', '水', '纟', '舟', '竹', '十', '是', '人', '竹', '讠', '。']","['r', 'n', 'uj', 'n', 'nr', 'd', 'v', 'q', 'n', 'x']",Negative,High,Disgust,Negative
CFGECD_0427,这家餐厅的菜非常美味。,"['这家', '餐厅', '的', '菜', '非常', '美味', '。']","['辶', '家', '餐', '厅', '白', '菜', '非', '常', '羊', '口', '。']","['r', 'n', 'uj', 'n', 'd', 'nz', 'x']",Positive,Medium,Joy,Positive
CFGECD_0428,今天的天气很糟糕。,"['今天', '的', '天气', '很', '糟糕', '。']","['今', '大', '白', '大', '气', '很', '米', '米', '。']","['t', 'uj', 'n', 'zg', 'a', 'x']",Negative,High,Disgust,Negative
CFGECD_0429,这家店的服务态度差劲。,"['这家', '店', '的', '服务态度', '差劲', '。']","['辶', '家', '店', '白', '月', '力', '态', '度', '工', '劲', '。']","['r', 'n', 'uj', 'n', 'n', 'x']",Negative,Medium,Disgust,Negative
CFGECD_0430,服务质量令人满意。,"['服务质量', '令人满意', '。']","['月', '力', '贝', '里', '令', '人', '氵', '心', '。']","['n', 'l', 'x']",Neutral,Low,Neutral,Neutral
CFGECD_0431,这部电影的剧情让我感到惊喜。,"['这部', '电影', '的', '剧情', '让', '我', '感到', '惊喜', '。']","['辶', '部', '田', '彡', '白', '剧', '情', '讠', '我', '感', '到', '忄', '口', '。']","['r', 'n', 'uj', 'n', 'v', 'r', 'v', 'a', 'x']",Positive,High,Surprise,Positive
CFGECD_0432,产品质量很坏，让人失望。,"['产品质量', '很坏', '，', '让', '人', '失望', '。']","['产', '品', '贝', '里', '很', '土', '，', '讠', '人', '失', '望', '。']","['n', 'd', 'a', 'x', 'v', 'n', 'v', 'x']",Neutral,Low,Neutral,Neutral
CFGECD_0433,服务质量令人满意。,"['服务质量', '令人满意', '。']","['月', '力', '贝', '里', '令', '人', '氵', '心', '。']","['n', 'l', 'x']",Neutral,Low,Neutral,Neutral
CFGECD_0434,他的表演打动了观众。,"['他', '的', '表演', '打动', '了', '观众', '。']","['他', '白', '表', '演', '手', '力', '了', '观', '众', '。']","['r', 'uj', 'v', 'v', 'ul', 'n', 'x']",Positive,Medium,Joy,Positive
CFGECD_0435,今天的天气很舒服。,"['今天', '的', '天气', '很', '舒服', '。']","['今', '大', '白', '大', '气', '很', '舒', '月', '。']","['t', 'uj', 'n', 'zg', 'a', 'x']",Positive,Low,Joy,Positive
CFGECD_0436,这是一个普通的工作日。,"['这是', '一个', '普通', '的', '工作日', '。']","['辶', '是', '一', '人', '普', '通', '白', '工', '作', '日', '。']","['r', 'v', 'm', 'nz', 'uj', 'n', 'x']",Neutral,Low,Neutral,Neutral
CFGECD_0437,今天的天气很糟糕。,"['今天', '的', '天气', '很', '糟糕', '。']","['今', '大', '白', '大', '气', '很', '米', '米', '。']","['t', 'uj', 'n', 'zg', 'a', 'x']",Negative,High,Disgust,Negative
CFGECD_0438,那条路每天都有很多车。,"['那条', '路', '每天', '都', '有', '很多', '车', '。']","['那', '条', '路', '每', '大', '都', '有', '很', '多', '车', '。']","['mq', 'n', 'r', 'd', 'v', 'm', 'zg', 'x']",Neutral,Low,Neutral,Neutral
CFGECD_0439,这家餐厅的菜非常美味。,"['这家', '餐厅', '的', '菜', '非常', '美味', '。']","['辶', '家', '餐', '厅', '白', '菜', '非', '常', '羊', '口', '。']","['r', 'n', 'uj', 'n', 'd', 'nz', 'x']",Positive,Medium,Joy,Positive
CFGECD_0440,这家商店早上九点开门。,"['这家', '商店', '早上', '九点', '开门', '。']","['辶', '家', '商', '店', '早', '上', '九', '点', '开', '门', '。']","['r', 'n', 't', 'm', 'v', 'x']",Neutral,Low,Neutral,Neutral
CFGECD_0441,我今天去超市买了米和菜。,"['我', '今天', '去', '超市', '买', '了', '米', '和', '菜', '。']","['我', '今', '大', '去', '超', '市', '买', '了', '米', '和', '菜', '。']","['r', 't', 'v', 'v', 'v', 'ul', 'q', 'c', 'n', 'x']",Neutral,Low,Neutral,Neutral
CFGECD_0442,这家店的服务态度差劲。,"['这家', '店', '的', '服务态度', '差劲', '。']","['辶', '家', '店', '白', '月', '力', '态', '度', '工', '劲', '。']","['r', 'n', 'uj', 'n', 'n', 'x']",Negative,Medium,Disgust,Negative
CFGECD_0443,今天的天气很舒服。,"['今天', '的', '天气', '很', '舒服', '。']","['今', '大', '白', '大', '气', '很', '舒', '月', '。']","['t', 'uj', 'n', 'zg', 'a', 'x']",Positive,Low,Joy,Positive
CFGECD_0444,他的表演打动了观众。,"['他', '的', '表演', '打动', '了', '观众', '。']","['他', '白', '表', '演', '手', '力', '了', '观', '众', '。']","['r', 'uj', 'v', 'v', 'ul', 'n', 'x']",Positive,Medium,Joy,Positive
CFGECD_0445,今天的天气很舒服。,"['今天', '的', '天气', '很', '舒服', '。']","['今', '大', '白', '大', '气', '很', '舒', '月', '。']","['t', 'uj', 'n', 'zg', 'a', 'x']",Positive,Low,Joy,Positive
CFGECD_0446,这部电影的剧情让我感到惊喜。,"['这部', '电影', '的', '剧情', '让', '我', '感到', '惊喜', '。']","['辶', '部', '田', '彡', '白', '剧', '情', '讠', '我', '感', '到', '忄', '口', '。']","['r', 'n', 'uj', 'n', 'v', 'r', 'v', 'a', 'x']",Positive,High,Surprise,Positive
CFGECD_0447,他的表演打动了观众。,"['他', '的', '表演', '打动', '了', '观众', '。']","['他', '白', '表', '演', '手', '力', '了', '观', '众', '。']","['r', 'uj', 'v', 'v', 'ul', 'n', 'x']",Positive,Medium,Joy,Positive
CFGECD_0448,这家店的服务态度差劲。,"['这家', '店', '的', '服务态度', '差劲', '。']","['辶', '家', '店', '白', '月', '力', '态', '度', '工', '劲', '。']","['r', 'n', 'uj', 'n', 'n', 'x']",Negative,Medium,Disgust,Negative
CFGECD_0449,产品做工精细，使用体验很好。,"['产品', '做工', '精细', '，', '使用', '体验', '很', '好', '。']","['产', '品', '做', '工', '精', '纟', '，', '使', '用', '体', '验', '很', '女', '。']","['n', 'v', 'a', 'x', 'v', 'n', 'd', 'a', 'x']",Neutral,Low,Neutral,Neutral
CFGECD_0450,这家商店早上九点开门。,"['这家', '商店', '早上', '九点', '开门', '。']","['辶', '家', '商', '店', '早', '上', '九', '点', '开', '门', '。']","['r', 'n', 't', 'm', 'v', 'x']",Neutral,Low,Neutral,Neutral
CFGECD_0451,这家店的服务态度差劲。,"['这家', '店', '的', '服务态度', '差劲', '。']","['辶', '家', '店', '白', '月', '力', '态', '度', '工', '劲', '。']","['r', 'n', 'uj', 'n', 'n', 'x']",Negative,Medium,Disgust,Negative
CFGECD_0452,电影节奏慢，情节无聊。,"['电影', '节奏', '慢', '，', '情节', '无聊', '。']","['田', '彡', '艹', '奏', '忄', '，', '情', '艹', '无', '聊', '。']","['n', 'n', 'a', 'x', 'n', 'a', 'x']",Neutral,Low,Neutral,Neutral
CFGECD_0453,桌子是木头做的。,"['桌子', '是', '木头', '做', '的', '。']","['桌', '子', '是', '木', '头', '做', '白', '。']","['n', 'v', 'n', 'v', 'uj', 'x']",Neutral,Low,Neutral,Neutral
CFGECD_0454,产品质量很坏，让人失望。,"['产品质量', '很坏', '，', '让', '人', '失望', '。']","['产', '品', '贝', '里', '很', '土', '，', '讠', '人', '失', '望', '。']","['n', 'd', 'a', 'x', 'v', 'n', 'v', 'x']",Neutral,Low,Neutral,Neutral
CFGECD_0455,产品质量很坏，让人失望。,"['产品质量', '很坏', '，', '让', '人', '失望', '。']","['产', '品', '贝', '里', '很', '土', '，', '讠', '人', '失', '望', '。']","['n', 'd', 'a', 'x', 'v', 'n', 'v', 'x']",Neutral,Low,Neutral,Neutral
CFGECD_0456,服务质量令人满意。,"['服务质量', '令人满意', '。']","['月', '力', '贝', '里', '令', '人', '氵', '心', '。']","['n', 'l', 'x']",Neutral,Low,Neutral,Neutral
CFGECD_0457,我今天去超市买了米和菜。,"['我', '今天', '去', '超市', '买', '了', '米', '和', '菜', '。']","['我', '今', '大', '去', '超', '市', '买', '了', '米', '和', '菜', '。']","['r', 't', 'v', 'v', 'v', 'ul', 'q', 'c', 'n', 'x']",Neutral,Low,Neutral,Neutral
CFGECD_0458,产品做工精细，使用体验很好。,"['产品', '做工', '精细', '，', '使用', '体验', '很', '好', '。']","['产', '品', '做', '工', '精', '纟', '，', '使', '用', '体', '验', '很', '女', '。']","['n', 'v', 'a', 'x', 'v', 'n', 'd', 'a', 'x']",Neutral,Low,Neutral,Neutral
CFGECD_0459,我今天去超市买了米和菜。,"['我', '今天', '去', '超市', '买', '了', '米', '和', '菜', '。']","['我', '今', '大', '去', '超', '市', '买', '了', '米', '和', '菜', '。']","['r', 't', 'v', 'v', 'v', 'ul', 'q', 'c', 'n', 'x']",Neutral,Low,Neutral,Neutral
CFGECD_0460,服务质量令人满意。,"['服务质量', '令人满意', '。']","['月', '力', '贝', '里', '令', '人', '氵', '心', '。']","['n', 'l', 'x']",Neutral,Low,Neutral,Neutral
CFGECD_0461,这个手机的电池续航简直是个笑话。,"['这个', '手机', '的', '电池', '续航', '简直', '是', '个', '笑话', '。']","['辶', '人', '手', '木', '白', '田', '水', '纟', '舟', '竹', '十', '是', '人', '竹', '讠', '。']","['r', 'n', 'uj', 'n', 'nr', 'd', 'v', 'q', 'n', 'x']",Negative,High,Disgust,Negative
CFGECD_0462,这部电影的剧情让我感到惊喜。,"['这部', '电影', '的', '剧情', '让', '我', '感到', '惊喜', '。']","['辶', '部', '田', '彡', '白', '剧', '情', '讠', '我', '感', '到', '忄', '口', '。']","['r', 'n', 'uj', 'n', 'v', 'r', 'v', 'a', 'x']",Positive,High,Surprise,Positive
CFGECD_0463,这部电影的剧情让我感到惊喜。,"['这部', '电影', '的', '剧情', '让', '我', '感到', '惊喜', '。']","['辶', '部', '田', '彡', '白', '剧', '情', '讠', '我', '感', '到', '忄', '口', '。']","['r', 'n', 'uj', 'n', 'v', 'r', 'v', 'a', 'x']",Positive,High,Surprise,Positive
CFGECD_0464,这家商店早上九点开门。,"['这家', '商店', '早上', '九点', '开门', '。']","['辶', '家', '商', '店', '早', '上', '九', '点', '开', '门', '。']","['r', 'n', 't', 'm', 'v', 'x']",Neutral,Low,Neutral,Neutral
CFGECD_0465,这家店的服务态度差劲。,"['这家', '店', '的', '服务态度', '差劲', '。']","['辶', '家', '店', '白', '月', '力', '态', '度', '工', '劲', '。']","['r', 'n', 'uj', 'n', 'n', 'x']",Negative,Medium,Disgust,Negative
CFGECD_0466,这部电影的剧情让我感到惊喜。,"['这部', '电影', '的', '剧情', '让', '我', '感到', '惊喜', '。']","['辶', '部', '田', '彡', '白', '剧', '情', '讠', '我', '感', '到', '忄', '口', '。']","['r', 'n', 'uj', 'n', 'v', 'r', 'v', 'a', 'x']",Positive,High,Surprise,Positive
CFGECD_0467,他的表演打动了观众。,"['他', '的', '表演', '打动', '了', '观众', '。']","['他', '白', '表', '演', '手', '力', '了', '观', '众', '。']","['r', 'uj', 'v', 'v', 'ul', 'n', 'x']",Positive,Medium,Joy,Positive
CFGECD_0468,这部电影的剧情让我感到惊喜。,"['这部', '电影', '的', '剧情', '让', '我', '感到', '惊喜', '。']","['辶', '部', '田', '彡', '白', '剧', '情', '讠', '我', '感', '到', '忄', '口', '。']","['r', 'n', 'uj', 'n', 'v', 'r', 'v', 'a', 'x']",Positive,High,Surprise,Positive
CFGECD_0469,这家商店早上九点开门。,"['这家', '商店', '早上', '九点', '开门', '。']","['辶', '家', '商', '店', '早', '上', '九', '点', '开', '门', '。']","['r', 'n', 't', 'm', 'v', 'x']",Neutral,Low,Neutral,Neutral
CFGECD_0470,这家商店早上九点开门。,"['这家', '商店', '早上', '九点', '开门', '。']","['辶', '家', '商', '店', '早', '上', '九', '点', '开', '门', '。']","['r', 'n', 't', 'm', 'v', 'x']",Neutral,Low,Neutral,Neutral
CFGECD_0471,这家餐厅的菜非常美味。,"['这家', '餐厅', '的', '菜', '非常', '美味', '。']","['辶', '家', '餐', '厅', '白', '菜', '非', '常', '羊', '口', '。']","['r', 'n', 'uj', 'n', 'd', 'nz', 'x']",Positive,Medium,Joy,Positive
CFGECD_0472,产品做工精细，使用体验很好。,"['产品', '做工', '精细', '，', '使用', '体验', '很', '好', '。']","['产', '品', '做', '工', '精', '纟', '，', '使', '用', '体', '验', '很', '女', '。']","['n', 'v', 'a', 'x', 'v', 'n', 'd', 'a', 'x']",Neutral,Low,Neutral,Neutral
CFGECD_0473,今天的天气很糟糕。,"['今天', '的', '天气', '很', '糟糕', '。']","['今', '大', '白', '大', '气', '很', '米', '米', '。']","['t', 'uj', 'n', 'zg', 'a', 'x']",Negative,High,Disgust,Negative
CFGECD_0474,这个手机的电池续航简直是个笑话。,"['这个', '手机', '的', '电池', '续航', '简直', '是', '个', '笑话', '。']","['辶', '人', '手', '木', '白', '田', '水', '纟', '舟', '竹', '十', '是', '人', '竹', '讠', '。']","['r', 'n', 'uj', 'n', 'nr', 'd', 'v', 'q', 'n', 'x']",Negative,High,Disgust,Negative
CFGECD_0475,桌子是木头做的。,"['桌子', '是', '木头', '做', '的', '。']","['桌', '子', '是', '木', '头', '做', '白', '。']","['n', 'v', 'n', 'v', 'uj', 'x']",Neutral,Low,Neutral,Neutral
CFGECD_0476,这是一个普通的工作日。,"['这是', '一个', '普通', '的', '工作日', '。']","['辶', '是', '一', '人', '普', '通', '白', '工', '作', '日', '。']","['r', 'v', 'm', 'nz', 'uj', 'n', 'x']",Neutral,Low,Neutral,Neutral
CFGECD_0477,今天的天气很舒服。,"['今天', '的', '天气', '很', '舒服', '。']","['今', '大', '白', '大', '气', '很', '舒', '月', '。']","['t', 'uj', 'n', 'zg', 'a', 'x']",Positive,Low,Joy,Positive
CFGECD_0478,他的表演打动了观众。,"['他', '的', '表演', '打动', '了', '观众', '。']","['他', '白', '表', '演', '手', '力', '了', '观', '众', '。']","['r', 'uj', 'v', 'v', 'ul', 'n', 'x']",Positive,Medium,Joy,Positive
CFGECD_0479,我今天去超市买了米和菜。,"['我', '今天', '去', '超市', '买', '了', '米', '和', '菜', '。']","['我', '今', '大', '去', '超', '市', '买', '了', '米', '和', '菜', '。']","['r', 't', 'v', 'v', 'v', 'ul', 'q', 'c', 'n', 'x']",Neutral,Low,Neutral,Neutral
CFGECD_0480,这是一个普通的工作日。,"['这是', '一个', '普通', '的', '工作日', '。']","['辶', '是', '一', '人', '普', '通', '白', '工', '作', '日', '。']","['r', 'v', 'm', 'nz', 'uj', 'n', 'x']",Neutral,Low,Neutral,Neutral
CFGECD_0481,这家餐厅的菜非常美味。,"['这家', '餐厅', '的', '菜', '非常', '美味', '。']","['辶', '家', '餐', '厅', '白', '菜', '非', '常', '羊', '口', '。']","['r', 'n', 'uj', 'n', 'd', 'nz', 'x']",Positive,Medium,Joy,Positive
CFGECD_0482,这部电影的剧情让我感到惊喜。,"['这部', '电影', '的', '剧情', '让', '我', '感到', '惊喜', '。']","['辶', '部', '田', '彡', '白', '剧', '情', '讠', '我', '感', '到', '忄', '口', '。']","['r', 'n', 'uj', 'n', 'v', 'r', 'v', 'a', 'x']",Positive,High,Surprise,Positive
CFGECD_0483,那条路每天都有很多车。,"['那条', '路', '每天', '都', '有', '很多', '车', '。']","['那', '条', '路', '每', '大', '都', '有', '很', '多', '车', '。']","['mq', 'n', 'r', 'd', 'v', 'm', 'zg', 'x']",Neutral,Low,Neutral,Neutral
CFGECD_0484,他正在看一本书。,"['他', '正在', '看一', '本书', '。']","['他', '正', '在', '看', '一', '本', '书', '。']","['r', 't', 'v', 'm', 'r', 'x']",Neutral,Low,Neutral,Neutral
CFGECD_0485,那条路每天都有很多车。,"['那条', '路', '每天', '都', '有', '很多', '车', '。']","['那', '条', '路', '每', '大', '都', '有', '很', '多', '车', '。']","['mq', 'n', 'r', 'd', 'v', 'm', 'zg', 'x']",Neutral,Low,Neutral,Neutral
CFGECD_0486,他正在看一本书。,"['他', '正在', '看一', '本书', '。']","['他', '正', '在', '看', '一', '本', '书', '。']","['r', 't', 'v', 'm', 'r', 'x']",Neutral,Low,Neutral,Neutral
CFGECD_0487,这家餐厅的菜非常美味。,"['这家', '餐厅', '的', '菜', '非常', '美味', '。']","['辶', '家', '餐', '厅', '白', '菜', '非', '常', '羊', '口', '。']","['r', 'n', 'uj', 'n', 'd', 'nz', 'x']",Positive,Medium,Joy,Positive
CFGECD_0488,桌子是木头做的。,"['桌子', '是', '木头', '做', '的', '。']","['桌', '子', '是', '木', '头', '做', '白', '。']","['n', 'v', 'n', 'v', 'uj', 'x']",Neutral,Low,Neutral,Neutral
CFGECD_0489,这部电影的剧情让我感到惊喜。,"['这部', '电影', '的', '剧情', '让', '我', '感到', '惊喜', '。']","['辶', '部', '田', '彡', '白', '剧', '情', '讠', '我', '感', '到', '忄', '口', '。']","['r', 'n', 'uj', 'n', 'v', 'r', 'v', 'a', 'x']",Positive,High,Surprise,Positive
CFGECD_0490,食物的味道非常糟糕。,"['食物', '的', '味道', '非常', '糟糕', '。']","['食', '物', '白', '口', '道', '非', '常', '米', '米', '。']","['n', 'uj', 'n', 'd', 'a', 'x']",Negative,High,Disgust,Negative
CFGECD_0491,这是一个普通的工作日。,"['这是', '一个', '普通', '的', '工作日', '。']","['辶', '是', '一', '人', '普', '通', '白', '工', '作', '日', '。']","['r', 'v', 'm', 'nz', 'uj', 'n', 'x']",Neutral,Low,Neutral,Neutral
CFGECD_0492,那条路每天都有很多车。,"['那条', '路', '每天', '都', '有', '很多', '车', '。']","['那', '条', '路', '每', '大', '都', '有', '很', '多', '车', '。']","['mq', 'n', 'r', 'd', 'v', 'm', 'zg', 'x']",Neutral,Low,Neutral,Neutral
CFGECD_0493,今天的天气很舒服。,"['今天', '的', '天气', '很', '舒服', '。']","['今', '大', '白', '大', '气', '很', '舒', '月', '。']","['t', 'uj', 'n', 'zg', 'a', 'x']",Positive,Low,Joy,Positive
CFGECD_0494,这是一个普通的工作日。,"['这是', '一个', '普通', '的', '工作日', '。']","['辶', '是', '一', '人', '普', '通', '白', '工', '作', '日', '。']","['r', 'v', 'm', 'nz', 'uj', 'n', 'x']",Neutral,Low,Neutral,Neutral
CFGECD_0495,那条路每天都有很多车。,"['那条', '路', '每天', '都', '有', '很多', '车', '。']","['那', '条', '路', '每', '大', '都', '有', '很', '多', '车', '。']","['mq', 'n', 'r', 'd', 'v', 'm', 'zg', 'x']",Neutral,Low,Neutral,Neutral
CFGECD_0496,他正在看一本书。,"['他', '正在', '看一', '本书', '。']","['他', '正', '在', '看', '一', '本', '书', '。']","['r', 't', 'v', 'm', 'r', 'x']",Neutral,Low,Neutral,Neutral
CFGECD_0497,电影节奏慢，情节无聊。,"['电影', '节奏', '慢', '，', '情节', '无聊', '。']","['田', '彡', '艹', '奏', '忄', '，', '情', '艹', '无', '聊', '。']","['n', 'n', 'a', 'x', 'n', 'a', 'x']",Neutral,Low,Neutral,Neutral
CFGECD_0498,服务质量令人满意。,"['服务质量', '令人满意', '。']","['月', '力', '贝', '里', '令', '人', '氵', '心', '。']","['n', 'l', 'x']",Neutral,Low,Neutral,Neutral
CFGECD_0499,服务质量令人满意。,"['服务质量', '令人满意', '。']","['月', '力', '贝', '里', '令', '人', '氵', '心', '。']","['n', 'l', 'x']",Neutral,Low,Neutral,Neutral
CFGECD_0500,那条路每天都有很多车。,"['那条', '路', '每天', '都', '有', '很多', '车', '。']","['那', '条', '路', '每', '大', '都', '有', '很', '多', '车', '。']","['mq', 'n', 'r', 'd', 'v', 'm', 'zg', 'x']",Neutral,Low,Neutral,Neutral
CFGECD_0501,这是一个普通的工作日。,"['这是', '一个', '普通', '的', '工作日', '。']","['辶', '是', '一', '人', '普', '通', '白', '工', '作', '日', '。']","['r', 'v', 'm', 'nz', 'uj', 'n', 'x']",Neutral,Low,Neutral,Neutral
CFGECD_0502,我今天去超市买了米和菜。,"['我', '今天', '去', '超市', '买', '了', '米', '和', '菜', '。']","['我', '今', '大', '去', '超', '市', '买', '了', '米', '和', '菜', '。']","['r', 't', 'v', 'v', 'v', 'ul', 'q', 'c', 'n', 'x']",Neutral,Low,Neutral,Neutral
CFGECD_0503,今天的天气很糟糕。,"['今天', '的', '天气', '很', '糟糕', '。']","['今', '大', '白', '大', '气', '很', '米', '米', '。']","['t', 'uj', 'n', 'zg', 'a', 'x']",Negative,High,Disgust,Negative
CFGECD_0504,产品质量很坏，让人失望。,"['产品质量', '很坏', '，', '让', '人', '失望', '。']","['产', '品', '贝', '里', '很', '土', '，', '讠', '人', '失', '望', '。']","['n', 'd', 'a', 'x', 'v', 'n', 'v', 'x']",Neutral,Low,Neutral,Neutral
CFGECD_0505,食物的味道非常糟糕。,"['食物', '的', '味道', '非常', '糟糕', '。']","['食', '物', '白', '口', '道', '非', '常', '米', '米', '。']","['n', 'uj', 'n', 'd', 'a', 'x']",Negative,High,Disgust,Negative
CFGECD_0506,电影节奏慢，情节无聊。,"['电影', '节奏', '慢', '，', '情节', '无聊', '。']","['田', '彡', '艹', '奏', '忄', '，', '情', '艹', '无', '聊', '。']","['n', 'n', 'a', 'x', 'n', 'a', 'x']",Neutral,Low,Neutral,Neutral
CFGECD_0507,服务质量令人满意。,"['服务质量', '令人满意', '。']","['月', '力', '贝', '里', '令', '人', '氵', '心', '。']","['n', 'l', 'x']",Neutral,Low,Neutral,Neutral
CFGECD_0508,电影节奏慢，情节无聊。,"['电影', '节奏', '慢', '，', '情节', '无聊', '。']","['田', '彡', '艹', '奏', '忄', '，', '情', '艹', '无', '聊', '。']","['n', 'n', 'a', 'x', 'n', 'a', 'x']",Neutral,Low,Neutral,Neutral
CFGECD_0509,这部电影的剧情让我感到惊喜。,"['这部', '电影', '的', '剧情', '让', '我', '感到', '惊喜', '。']","['辶', '部', '田', '彡', '白', '剧', '情', '讠', '我', '感', '到', '忄', '口', '。']","['r', 'n', 'uj', 'n', 'v', 'r', 'v', 'a', 'x']",Positive,High,Surprise,Positive
CFGECD_0510,他正在看一本书。,"['他', '正在', '看一', '本书', '。']","['他', '正', '在', '看', '一', '本', '书', '。']","['r', 't', 'v', 'm', 'r', 'x']",Neutral,Low,Neutral,Neutral
CFGECD_0511,他的表演打动了观众。,"['他', '的', '表演', '打动', '了', '观众', '。']","['他', '白', '表', '演', '手', '力', '了', '观', '众', '。']","['r', 'uj', 'v', 'v', 'ul', 'n', 'x']",Positive,Medium,Joy,Positive
CFGECD_0512,那条路每天都有很多车。,"['那条', '路', '每天', '都', '有', '很多', '车', '。']","['那', '条', '路', '每', '大', '都', '有', '很', '多', '车', '。']","['mq', 'n', 'r', 'd', 'v', 'm', 'zg', 'x']",Neutral,Low,Neutral,Neutral
CFGECD_0513,桌子是木头做的。,"['桌子', '是', '木头', '做', '的', '。']","['桌', '子', '是', '木', '头', '做', '白', '。']","['n', 'v', 'n', 'v', 'uj', 'x']",Neutral,Low,Neutral,Neutral
CFGECD_0514,这是一个普通的工作日。,"['这是', '一个', '普通', '的', '工作日', '。']","['辶', '是', '一', '人', '普', '通', '白', '工', '作', '日', '。']","['r', 'v', 'm', 'nz', 'uj', 'n', 'x']",Neutral,Low,Neutral,Neutral
CFGECD_0515,今天的天气很舒服。,"['今天', '的', '天气', '很', '舒服', '。']","['今', '大', '白', '大', '气', '很', '舒', '月', '。']","['t', 'uj', 'n', 'zg', 'a', 'x']",Positive,Low,Joy,Positive
CFGECD_0516,电影节奏慢，情节无聊。,"['电影', '节奏', '慢', '，', '情节', '无聊', '。']","['田', '彡', '艹', '奏', '忄', '，', '情', '艹', '无', '聊', '。']","['n', 'n', 'a', 'x', 'n', 'a', 'x']",Neutral,Low,Neutral,Neutral
CFGECD_0517,电影节奏慢，情节无聊。,"['电影', '节奏', '慢', '，', '情节', '无聊', '。']","['田', '彡', '艹', '奏', '忄', '，', '情', '艹', '无', '聊', '。']","['n', 'n', 'a', 'x', 'n', 'a', 'x']",Neutral,Low,Neutral,Neutral
CFGECD_0518,这是一个普通的工作日。,"['这是', '一个', '普通', '的', '工作日', '。']","['辶', '是', '一', '人', '普', '通', '白', '工', '作', '日', '。']","['r', 'v', 'm', 'nz', 'uj', 'n', 'x']",Neutral,Low,Neutral,Neutral
CFGECD_0519,产品质量很坏，让人失望。,"['产品质量', '很坏', '，', '让', '人', '失望', '。']","['产', '品', '贝', '里', '很', '土', '，', '讠', '人', '失', '望', '。']","['n', 'd', 'a', 'x', 'v', 'n', 'v', 'x']",Neutral,Low,Neutral,Neutral
CFGECD_0520,他正在看一本书。,"['他', '正在', '看一', '本书', '。']","['他', '正', '在', '看', '一', '本', '书', '。']","['r', 't', 'v', 'm', 'r', 'x']",Neutral,Low,Neutral,Neutral
CFGECD_0521,这是一个普通的工作日。,"['这是', '一个', '普通', '的', '工作日', '。']","['辶', '是', '一', '人', '普', '通', '白', '工', '作', '日', '。']","['r', 'v', 'm', 'nz', 'uj', 'n', 'x']",Neutral,Low,Neutral,Neutral
CFGECD_0522,电影节奏慢，情节无聊。,"['电影', '节奏', '慢', '，', '情节', '无聊', '。']","['田', '彡', '艹', '奏', '忄', '，', '情', '艹', '无', '聊', '。']","['n', 'n', 'a', 'x', 'n', 'a', 'x']",Neutral,Low,Neutral,Neutral
CFGECD_0523,我今天去超市买了米和菜。,"['我', '今天', '去', '超市', '买', '了', '米', '和', '菜', '。']","['我', '今', '大', '去', '超', '市', '买', '了', '米', '和', '菜', '。']","['r', 't', 'v', 'v', 'v', 'ul', 'q', 'c', 'n', 'x']",Neutral,Low,Neutral,Neutral
CFGECD_0524,这个手机的电池续航简直是个笑话。,"['这个', '手机', '的', '电池', '续航', '简直', '是', '个', '笑话', '。']","['辶', '人', '手', '木', '白', '田', '水', '纟', '舟', '竹', '十', '是', '人', '竹', '讠', '。']","['r', 'n', 'uj', 'n', 'nr', 'd', 'v', 'q', 'n', 'x']",Negative,High,Disgust,Negative
CFGECD_0525,我今天去超市买了米和菜。,"['我', '今天', '去', '超市', '买', '了', '米', '和', '菜', '。']","['我', '今', '大', '去', '超', '市', '买', '了', '米', '和', '菜', '。']","['r', 't', 'v', 'v', 'v', 'ul', 'q', 'c', 'n', 'x']",Neutral,Low,Neutral,Neutral
CFGECD_0526,今天的天气很舒服。,"['今天', '的', '天气', '很', '舒服', '。']","['今', '大', '白', '大', '气', '很', '舒', '月', '。']","['t', 'uj', 'n', 'zg', 'a', 'x']",Positive,Low,Joy,Positive
CFGECD_0527,这家店的服务态度差劲。,"['这家', '店', '的', '服务态度', '差劲', '。']","['辶', '家', '店', '白', '月', '力', '态', '度', '工', '劲', '。']","['r', 'n', 'uj', 'n', 'n', 'x']",Negative,Medium,Disgust,Negative
CFGECD_0528,服务质量令人满意。,"['服务质量', '令人满意', '。']","['月', '力', '贝', '里', '令', '人', '氵', '心', '。']","['n', 'l', 'x']",Neutral,Low,Neutral,Neutral
CFGECD_0529,今天的天气很舒服。,"['今天', '的', '天气', '很', '舒服', '。']","['今', '大', '白', '大', '气', '很', '舒', '月', '。']","['t', 'uj', 'n', 'zg', 'a', 'x']",Positive,Low,Joy,Positive
CFGECD_0530,那条路每天都有很多车。,"['那条', '路', '每天', '都', '有', '很多', '车', '。']","['那', '条', '路', '每', '大', '都', '有', '很', '多', '车', '。']","['mq', 'n', 'r', 'd', 'v', 'm', 'zg', 'x']",Neutral,Low,Neutral,Neutral
CFGECD_0531,食物的味道非常糟糕。,"['食物', '的', '味道', '非常', '糟糕', '。']","['食', '物', '白', '口', '道', '非', '常', '米', '米', '。']","['n', 'uj', 'n', 'd', 'a', 'x']",Negative,High,Disgust,Negative
CFGECD_0532,这家餐厅的菜非常美味。,"['这家', '餐厅', '的', '菜', '非常', '美味', '。']","['辶', '家', '餐', '厅', '白', '菜', '非', '常', '羊', '口', '。']","['r', 'n', 'uj', 'n', 'd', 'nz', 'x']",Positive,Medium,Joy,Positive
CFGECD_0533,我今天去超市买了米和菜。,"['我', '今天', '去', '超市', '买', '了', '米', '和', '菜', '。']","['我', '今', '大', '去', '超', '市', '买', '了', '米', '和', '菜', '。']","['r', 't', 'v', 'v', 'v', 'ul', 'q', 'c', 'n', 'x']",Neutral,Low,Neutral,Neutral
CFGECD_0534,今天的天气很糟糕。,"['今天', '的', '天气', '很', '糟糕', '。']","['今', '大', '白', '大', '气', '很', '米', '米', '。']","['t', 'uj', 'n', 'zg', 'a', 'x']",Negative,High,Disgust,Negative
CFGECD_0535,食物的味道非常糟糕。,"['食物', '的', '味道', '非常', '糟糕', '。']","['食', '物', '白', '口', '道', '非', '常', '米', '米', '。']","['n', 'uj', 'n', 'd', 'a', 'x']",Negative,High,Disgust,Negative
CFGECD_0536,他正在看一本书。,"['他', '正在', '看一', '本书', '。']","['他', '正', '在', '看', '一', '本', '书', '。']","['r', 't', 'v', 'm', 'r', 'x']",Neutral,Low,Neutral,Neutral
CFGECD_0537,这是一个普通的工作日。,"['这是', '一个', '普通', '的', '工作日', '。']","['辶', '是', '一', '人', '普', '通', '白', '工', '作', '日', '。']","['r', 'v', 'm', 'nz', 'uj', 'n', 'x']",Neutral,Low,Neutral,Neutral
CFGECD_0538,这家店的服务态度差劲。,"['这家', '店', '的', '服务态度', '差劲', '。']","['辶', '家', '店', '白', '月', '力', '态', '度', '工', '劲', '。']","['r', 'n', 'uj', 'n', 'n', 'x']",Negative,Medium,Disgust,Negative
CFGECD_0539,那条路每天都有很多车。,"['那条', '路', '每天', '都', '有', '很多', '车', '。']","['那', '条', '路', '每', '大', '都', '有', '很', '多', '车', '。']","['mq', 'n', 'r', 'd', 'v', 'm', 'zg', 'x']",Neutral,Low,Neutral,Neutral
CFGECD_0540,这家餐厅的菜非常美味。,"['这家', '餐厅', '的', '菜', '非常', '美味', '。']","['辶', '家', '餐', '厅', '白', '菜', '非', '常', '羊', '口', '。']","['r', 'n', 'uj', 'n', 'd', 'nz', 'x']",Positive,Medium,Joy,Positive
CFGECD_0541,这家商店早上九点开门。,"['这家', '商店', '早上', '九点', '开门', '。']","['辶', '家', '商', '店', '早', '上', '九', '点', '开', '门', '。']","['r', 'n', 't', 'm', 'v', 'x']",Neutral,Low,Neutral,Neutral
CFGECD_0542,食物的味道非常糟糕。,"['食物', '的', '味道', '非常', '糟糕', '。']","['食', '物', '白', '口', '道', '非', '常', '米', '米', '。']","['n', 'uj', 'n', 'd', 'a', 'x']",Negative,High,Disgust,Negative
CFGECD_0543,这家商店早上九点开门。,"['这家', '商店', '早上', '九点', '开门', '。']","['辶', '家', '商', '店', '早', '上', '九', '点', '开', '门', '。']","['r', 'n', 't', 'm', 'v', 'x']",Neutral,Low,Neutral,Neutral
CFGECD_0544,这是一个普通的工作日。,"['这是', '一个', '普通', '的', '工作日', '。']","['辶', '是', '一', '人', '普', '通', '白', '工', '作', '日', '。']","['r', 'v', 'm', 'nz', 'uj', 'n', 'x']",Neutral,Low,Neutral,Neutral
CFGECD_0545,服务质量令人满意。,"['服务质量', '令人满意', '。']","['月', '力', '贝', '里', '令', '人', '氵', '心', '。']","['n', 'l', 'x']",Neutral,Low,Neutral,Neutral
CFGECD_0546,食物的味道非常糟糕。,"['食物', '的', '味道', '非常', '糟糕', '。']","['食', '物', '白', '口', '道', '非', '常', '米', '米', '。']","['n', 'uj', 'n', 'd', 'a', 'x']",Negative,High,Disgust,Negative
CFGECD_0547,他正在看一本书。,"['他', '正在', '看一', '本书', '。']","['他', '正', '在', '看', '一', '本', '书', '。']","['r', 't', 'v', 'm', 'r', 'x']",Neutral,Low,Neutral,Neutral
CFGECD_0548,这是一个普通的工作日。,"['这是', '一个', '普通', '的', '工作日', '。']","['辶', '是', '一', '人', '普', '通', '白', '工', '作', '日', '。']","['r', 'v', 'm', 'nz', 'uj', 'n', 'x']",Neutral,Low,Neutral,Neutral
CFGECD_0549,食物的味道非常糟糕。,"['食物', '的', '味道', '非常', '糟糕', '。']","['食', '物', '白', '口', '道', '非', '常', '米', '米', '。']","['n', 'uj', 'n', 'd', 'a', 'x']",Negative,High,Disgust,Negative
CFGECD_0550,这家店的服务态度差劲。,"['这家', '店', '的', '服务态度', '差劲', '。']","['辶', '家', '店', '白', '月', '力', '态', '度', '工', '劲', '。']","['r', 'n', 'uj', 'n', 'n', 'x']",Negative,Medium,Disgust,Negative
CFGECD_0551,这家餐厅的菜非常美味。,"['这家', '餐厅', '的', '菜', '非常', '美味', '。']","['辶', '家', '餐', '厅', '白', '菜', '非', '常', '羊', '口', '。']","['r', 'n', 'uj', 'n', 'd', 'nz', 'x']",Positive,Medium,Joy,Positive
CFGECD_0552,电影节奏慢，情节无聊。,"['电影', '节奏', '慢', '，', '情节', '无聊', '。']","['田', '彡', '艹', '奏', '忄', '，', '情', '艹', '无', '聊', '。']","['n', 'n', 'a', 'x', 'n', 'a', 'x']",Neutral,Low,Neutral,Neutral
CFGECD_0553,这部电影的剧情让我感到惊喜。,"['这部', '电影', '的', '剧情', '让', '我', '感到', '惊喜', '。']","['辶', '部', '田', '彡', '白', '剧', '情', '讠', '我', '感', '到', '忄', '口', '。']","['r', 'n', 'uj', 'n', 'v', 'r', 'v', 'a', 'x']",Positive,High,Surprise,Positive
CFGECD_0554,他正在看一本书。,"['他', '正在', '看一', '本书', '。']","['他', '正', '在', '看', '一', '本', '书', '。']","['r', 't', 'v', 'm', 'r', 'x']",Neutral,Low,Neutral,Neutral
CFGECD_0555,今天的天气很糟糕。,"['今天', '的', '天气', '很', '糟糕', '。']","['今', '大', '白', '大', '气', '很', '米', '米', '。']","['t', 'uj', 'n', 'zg', 'a', 'x']",Negative,High,Disgust,Negative
CFGECD_0556,电影节奏慢，情节无聊。,"['电影', '节奏', '慢', '，', '情节', '无聊', '。']","['田', '彡', '艹', '奏', '忄', '，', '情', '艹', '无', '聊', '。']","['n', 'n', 'a', 'x', 'n', 'a', 'x']",Neutral,Low,Neutral,Neutral
CFGECD_0557,这部电影的剧情让我感到惊喜。,"['这部', '电影', '的', '剧情', '让', '我', '感到', '惊喜', '。']","['辶', '部', '田', '彡', '白', '剧', '情', '讠', '我', '感', '到', '忄', '口', '。']","['r', 'n', 'uj', 'n', 'v', 'r', 'v', 'a', 'x']",Positive,High,Surprise,Positive
CFGECD_0558,产品质量很坏，让人失望。,"['产品质量', '很坏', '，', '让', '人', '失望', '。']","['产', '品', '贝', '里', '很', '土', '，', '讠', '人', '失', '望', '。']","['n', 'd', 'a', 'x', 'v', 'n', 'v', 'x']",Neutral,Low,Neutral,Neutral
CFGECD_0559,那条路每天都有很多车。,"['那条', '路', '每天', '都', '有', '很多', '车', '。']","['那', '条', '路', '每', '大', '都', '有', '很', '多', '车', '。']","['mq', 'n', 'r', 'd', 'v', 'm', 'zg', 'x']",Neutral,Low,Neutral,Neutral
CFGECD_0560,这家餐厅的菜非常美味。,"['这家', '餐厅', '的', '菜', '非常', '美味', '。']","['辶', '家', '餐', '厅', '白', '菜', '非', '常', '羊', '口', '。']","['r', 'n', 'uj', 'n', 'd', 'nz', 'x']",Positive,Medium,Joy,Positive
CFGECD_0561,这家店的服务态度差劲。,"['这家', '店', '的', '服务态度', '差劲', '。']","['辶', '家', '店', '白', '月', '力', '态', '度', '工', '劲', '。']","['r', 'n', 'uj', 'n', 'n', 'x']",Negative,Medium,Disgust,Negative
CFGECD_0562,这家餐厅的菜非常美味。,"['这家', '餐厅', '的', '菜', '非常', '美味', '。']","['辶', '家', '餐', '厅', '白', '菜', '非', '常', '羊', '口', '。']","['r', 'n', 'uj', 'n', 'd', 'nz', 'x']",Positive,Medium,Joy,Positive
CFGECD_0563,产品质量很坏，让人失望。,"['产品质量', '很坏', '，', '让', '人', '失望', '。']","['产', '品', '贝', '里', '很', '土', '，', '讠', '人', '失', '望', '。']","['n', 'd', 'a', 'x', 'v', 'n', 'v', 'x']",Neutral,Low,Neutral,Neutral
CFGECD_0564,那条路每天都有很多车。,"['那条', '路', '每天', '都', '有', '很多', '车', '。']","['那', '条', '路', '每', '大', '都', '有', '很', '多', '车', '。']","['mq', 'n', 'r', 'd', 'v', 'm', 'zg', 'x']",Neutral,Low,Neutral,Neutral
CFGECD_0565,食物的味道非常糟糕。,"['食物', '的', '味道', '非常', '糟糕', '。']","['食', '物', '白', '口', '道', '非', '常', '米', '米', '。']","['n', 'uj', 'n', 'd', 'a', 'x']",Negative,High,Disgust,Negative
CFGECD_0566,这是一个普通的工作日。,"['这是', '一个', '普通', '的', '工作日', '。']","['辶', '是', '一', '人', '普', '通', '白', '工', '作', '日', '。']","['r', 'v', 'm', 'nz', 'uj', 'n', 'x']",Neutral,Low,Neutral,Neutral
CFGECD_0567,那条路每天都有很多车。,"['那条', '路', '每天', '都', '有', '很多', '车', '。']","['那', '条', '路', '每', '大', '都', '有', '很', '多', '车', '。']","['mq', 'n', 'r', 'd', 'v', 'm', 'zg', 'x']",Neutral,Low,Neutral,Neutral
CFGECD_0568,电影节奏慢，情节无聊。,"['电影', '节奏', '慢', '，', '情节', '无聊', '。']","['田', '彡', '艹', '奏', '忄', '，', '情', '艹', '无', '聊', '。']","['n', 'n', 'a', 'x', 'n', 'a', 'x']",Neutral,Low,Neutral,Neutral
CFGECD_0569,今天的天气很舒服。,"['今天', '的', '天气', '很', '舒服', '。']","['今', '大', '白', '大', '气', '很', '舒', '月', '。']","['t', 'uj', 'n', 'zg', 'a', 'x']",Positive,Low,Joy,Positive
CFGECD_0570,我今天去超市买了米和菜。,"['我', '今天', '去', '超市', '买', '了', '米', '和', '菜', '。']","['我', '今', '大', '去', '超', '市', '买', '了', '米', '和', '菜', '。']","['r', 't', 'v', 'v', 'v', 'ul', 'q', 'c', 'n', 'x']",Neutral,Low,Neutral,Neutral
CFGECD_0571,这是一个普通的工作日。,"['这是', '一个', '普通', '的', '工作日', '。']","['辶', '是', '一', '人', '普', '通', '白', '工', '作', '日', '。']","['r', 'v', 'm', 'nz', 'uj', 'n', 'x']",Neutral,Low,Neutral,Neutral
CFGECD_0572,这个手机的电池续航简直是个笑话。,"['这个', '手机', '的', '电池', '续航', '简直', '是', '个', '笑话', '。']","['辶', '人', '手', '木', '白', '田', '水', '纟', '舟', '竹', '十', '是', '人', '竹', '讠', '。']","['r', 'n', 'uj', 'n', 'nr', 'd', 'v', 'q', 'n', 'x']",Negative,High,Disgust,Negative
CFGECD_0573,这部电影的剧情让我感到惊喜。,"['这部', '电影', '的', '剧情', '让', '我', '感到', '惊喜', '。']","['辶', '部', '田', '彡', '白', '剧', '情', '讠', '我', '感', '到', '忄', '口', '。']","['r', 'n', 'uj', 'n', 'v', 'r', 'v', 'a', 'x']",Positive,High,Surprise,Positive
CFGECD_0574,今天的天气很糟糕。,"['今天', '的', '天气', '很', '糟糕', '。']","['今', '大', '白', '大', '气', '很', '米', '米', '。']","['t', 'uj', 'n', 'zg', 'a', 'x']",Negative,High,Disgust,Negative
CFGECD_0575,产品做工精细，使用体验很好。,"['产品', '做工', '精细', '，', '使用', '体验', '很', '好', '。']","['产', '品', '做', '工', '精', '纟', '，', '使', '用', '体', '验', '很', '女', '。']","['n', 'v', 'a', 'x', 'v', 'n', 'd', 'a', 'x']",Neutral,Low,Neutral,Neutral
CFGECD_0576,这个手机的电池续航简直是个笑话。,"['这个', '手机', '的', '电池', '续航', '简直', '是', '个', '笑话', '。']","['辶', '人', '手', '木', '白', '田', '水', '纟', '舟', '竹', '十', '是', '人', '竹', '讠', '。']","['r', 'n', 'uj', 'n', 'nr', 'd', 'v', 'q', 'n', 'x']",Negative,High,Disgust,Negative
CFGECD_0577,我今天去超市买了米和菜。,"['我', '今天', '去', '超市', '买', '了', '米', '和', '菜', '。']","['我', '今', '大', '去', '超', '市', '买', '了', '米', '和', '菜', '。']","['r', 't', 'v', 'v', 'v', 'ul', 'q', 'c', 'n', 'x']",Neutral,Low,Neutral,Neutral
CFGECD_0578,这家店的服务态度差劲。,"['这家', '店', '的', '服务态度', '差劲', '。']","['辶', '家', '店', '白', '月', '力', '态', '度', '工', '劲', '。']","['r', 'n', 'uj', 'n', 'n', 'x']",Negative,Medium,Disgust,Negative
CFGECD_0579,我今天去超市买了米和菜。,"['我', '今天', '去', '超市', '买', '了', '米', '和', '菜', '。']","['我', '今', '大', '去', '超', '市', '买', '了', '米', '和', '菜', '。']","['r', 't', 'v', 'v', 'v', 'ul', 'q', 'c', 'n', 'x']",Neutral,Low,Neutral,Neutral
CFGECD_0580,这家商店早上九点开门。,"['这家', '商店', '早上', '九点', '开门', '。']","['辶', '家', '商', '店', '早', '上', '九', '点', '开', '门', '。']","['r', 'n', 't', 'm', 'v', 'x']",Neutral,Low,Neutral,Neutral
CFGECD_0581,我今天去超市买了米和菜。,"['我', '今天', '去', '超市', '买', '了', '米', '和', '菜', '。']","['我', '今', '大', '去', '超', '市', '买', '了', '米', '和', '菜', '。']","['r', 't', 'v', 'v', 'v', 'ul', 'q', 'c', 'n', 'x']",Neutral,Low,Neutral,Neutral
CFGECD_0582,今天的天气很舒服。,"['今天', '的', '天气', '很', '舒服', '。']","['今', '大', '白', '大', '气', '很', '舒', '月', '。']","['t', 'uj', 'n', 'zg', 'a', 'x']",Positive,Low,Joy,Positive
CFGECD_0583,我今天去超市买了米和菜。,"['我', '今天', '去', '超市', '买', '了', '米', '和', '菜', '。']","['我', '今', '大', '去', '超', '市', '买', '了', '米', '和', '菜', '。']","['r', 't', 'v', 'v', 'v', 'ul', 'q', 'c', 'n', 'x']",Neutral,Low,Neutral,Neutral
CFGECD_0584,这家餐厅的菜非常美味。,"['这家', '餐厅', '的', '菜', '非常', '美味', '。']","['辶', '家', '餐', '厅', '白', '菜', '非', '常', '羊', '口', '。']","['r', 'n', 'uj', 'n', 'd', 'nz', 'x']",Positive,Medium,Joy,Positive
CFGECD_0585,这家店的服务态度差劲。,"['这家', '店', '的', '服务态度', '差劲', '。']","['辶', '家', '店', '白', '月', '力', '态', '度', '工', '劲', '。']","['r', 'n', 'uj', 'n', 'n', 'x']",Negative,Medium,Disgust,Negative
CFGECD_0586,产品做工精细，使用体验很好。,"['产品', '做工', '精细', '，', '使用', '体验', '很', '好', '。']","['产', '品', '做', '工', '精', '纟', '，', '使', '用', '体', '验', '很', '女', '。']","['n', 'v', 'a', 'x', 'v', 'n', 'd', 'a', 'x']",Neutral,Low,Neutral,Neutral
CFGECD_0587,他的表演打动了观众。,"['他', '的', '表演', '打动', '了', '观众', '。']","['他', '白', '表', '演', '手', '力', '了', '观', '众', '。']","['r', 'uj', 'v', 'v', 'ul', 'n', 'x']",Positive,Medium,Joy,Positive
CFGECD_0588,桌子是木头做的。,"['桌子', '是', '木头', '做', '的', '。']","['桌', '子', '是', '木', '头', '做', '白', '。']","['n', 'v', 'n', 'v', 'uj', 'x']",Neutral,Low,Neutral,Neutral
CFGECD_0589,产品质量很坏，让人失望。,"['产品质量', '很坏', '，', '让', '人', '失望', '。']","['产', '品', '贝', '里', '很', '土', '，', '讠', '人', '失', '望', '。']","['n', 'd', 'a', 'x', 'v', 'n', 'v', 'x']",Neutral,Low,Neutral,Neutral
CFGECD_0590,食物的味道非常糟糕。,"['食物', '的', '味道', '非常', '糟糕', '。']","['食', '物', '白', '口', '道', '非', '常', '米', '米', '。']","['n', 'uj', 'n', 'd', 'a', 'x']",Negative,High,Disgust,Negative
CFGECD_0591,今天的天气很糟糕。,"['今天', '的', '天气', '很', '糟糕', '。']","['今', '大', '白', '大', '气', '很', '米', '米', '。']","['t', 'uj', 'n', 'zg', 'a', 'x']",Negative,High,Disgust,Negative
CFGECD_0592,他的表演打动了观众。,"['他', '的', '表演', '打动', '了', '观众', '。']","['他', '白', '表', '演', '手', '力', '了', '观', '众', '。']","['r', 'uj', 'v', 'v', 'ul', 'n', 'x']",Positive,Medium,Joy,Positive
CFGECD_0593,那条路每天都有很多车。,"['那条', '路', '每天', '都', '有', '很多', '车', '。']","['那', '条', '路', '每', '大', '都', '有', '很', '多', '车', '。']","['mq', 'n', 'r', 'd', 'v', 'm', 'zg', 'x']",Neutral,Low,Neutral,Neutral
CFGECD_0594,他正在看一本书。,"['他', '正在', '看一', '本书', '。']","['他', '正', '在', '看', '一', '本', '书', '。']","['r', 't', 'v', 'm', 'r', 'x']",Neutral,Low,Neutral,Neutral
CFGECD_0595,这家商店早上九点开门。,"['这家', '商店', '早上', '九点', '开门', '。']","['辶', '家', '商', '店', '早', '上', '九', '点', '开', '门', '。']","['r', 'n', 't', 'm', 'v', 'x']",Neutral,Low,Neutral,Neutral
CFGECD_0596,这部电影的剧情让我感到惊喜。,"['这部', '电影', '的', '剧情', '让', '我', '感到', '惊喜', '。']","['辶', '部', '田', '彡', '白', '剧', '情', '讠', '我', '感', '到', '忄', '口', '。']","['r', 'n', 'uj', 'n', 'v', 'r', 'v', 'a', 'x']",Positive,High,Surprise,Positive
CFGECD_0597,这家餐厅的菜非常美味。,"['这家', '餐厅', '的', '菜', '非常', '美味', '。']","['辶', '家', '餐', '厅', '白', '菜', '非', '常', '羊', '口', '。']","['r', 'n', 'uj', 'n', 'd', 'nz', 'x']",Positive,Medium,Joy,Positive
CFGECD_0598,这家商店早上九点开门。,"['这家', '商店', '早上', '九点', '开门', '。']","['辶', '家', '商', '店', '早', '上', '九', '点', '开', '门', '。']","['r', 'n', 't', 'm', 'v', 'x']",Neutral,Low,Neutral,Neutral
CFGECD_0599,这家商店早上九点开门。,"['这家', '商店', '早上', '九点', '开门', '。']","['辶', '家', '商', '店', '早', '上', '九', '点', '开', '门', '。']","['r', 'n', 't', 'm', 'v', 'x']",Neutral,Low,Neutral,Neutral
CFGECD_0600,服务质量令人满意。,"['服务质量', '令人满意', '。']","['月', '力', '贝', '里', '令', '人', '氵', '心', '。']","['n', 'l', 'x']",Neutral,Low,Neutral,Neutral
CFGECD_0601,这个手机的电池续航简直是个笑话。,"['这个', '手机', '的', '电池', '续航', '简直', '是', '个', '笑话', '。']","['辶', '人', '手', '木', '白', '田', '水', '纟', '舟', '竹', '十', '是', '人', '竹', '讠', '。']","['r', 'n', 'uj', 'n', 'nr', 'd', 'v', 'q', 'n', 'x']",Negative,High,Disgust,Negative
CFGECD_0602,他正在看一本书。,"['他', '正在', '看一', '本书', '。']","['他', '正', '在', '看', '一', '本', '书', '。']","['r', 't', 'v', 'm', 'r', 'x']",Neutral,Low,Neutral,Neutral
CFGECD_0603,今天的天气很糟糕。,"['今天', '的', '天气', '很', '糟糕', '。']","['今', '大', '白', '大', '气', '很', '米', '米', '。']","['t', 'uj', 'n', 'zg', 'a', 'x']",Negative,High,Disgust,Negative
CFGECD_0604,他的表演打动了观众。,"['他', '的', '表演', '打动', '了', '观众', '。']","['他', '白', '表', '演', '手', '力', '了', '观', '众', '。']","['r', 'uj', 'v', 'v', 'ul', 'n', 'x']",Positive,Medium,Joy,Positive
CFGECD_0605,这家店的服务态度差劲。,"['这家', '店', '的', '服务态度', '差劲', '。']","['辶', '家', '店', '白', '月', '力', '态', '度', '工', '劲', '。']","['r', 'n', 'uj', 'n', 'n', 'x']",Negative,Medium,Disgust,Negative
CFGECD_0606,这家餐厅的菜非常美味。,"['这家', '餐厅', '的', '菜', '非常', '美味', '。']","['辶', '家', '餐', '厅', '白', '菜', '非', '常', '羊', '口', '。']","['r', 'n', 'uj', 'n', 'd', 'nz', 'x']",Positive,Medium,Joy,Positive
CFGECD_0607,今天的天气很糟糕。,"['今天', '的', '天气', '很', '糟糕', '。']","['今', '大', '白', '大', '气', '很', '米', '米', '。']","['t', 'uj', 'n', 'zg', 'a', 'x']",Negative,High,Disgust,Negative
CFGECD_0608,他的表演打动了观众。,"['他', '的', '表演', '打动', '了', '观众', '。']","['他', '白', '表', '演', '手', '力', '了', '观', '众', '。']","['r', 'uj', 'v', 'v', 'ul', 'n', 'x']",Positive,Medium,Joy,Positive
CFGECD_0609,这家餐厅的菜非常美味。,"['这家', '餐厅', '的', '菜', '非常', '美味', '。']","['辶', '家', '餐', '厅', '白', '菜', '非', '常', '羊', '口', '。']","['r', 'n', 'uj', 'n', 'd', 'nz', 'x']",Positive,Medium,Joy,Positive
CFGECD_0610,桌子是木头做的。,"['桌子', '是', '木头', '做', '的', '。']","['桌', '子', '是', '木', '头', '做', '白', '。']","['n', 'v', 'n', 'v', 'uj', 'x']",Neutral,Low,Neutral,Neutral
CFGECD_0611,这家餐厅的菜非常美味。,"['这家', '餐厅', '的', '菜', '非常', '美味', '。']","['辶', '家', '餐', '厅', '白', '菜', '非', '常', '羊', '口', '。']","['r', 'n', 'uj', 'n', 'd', 'nz', 'x']",Positive,Medium,Joy,Positive
CFGECD_0612,这部电影的剧情让我感到惊喜。,"['这部', '电影', '的', '剧情', '让', '我', '感到', '惊喜', '。']","['辶', '部', '田', '彡', '白', '剧', '情', '讠', '我', '感', '到', '忄', '口', '。']","['r', 'n', 'uj', 'n', 'v', 'r', 'v', 'a', 'x']",Positive,High,Surprise,Positive
CFGECD_0613,他正在看一本书。,"['他', '正在', '看一', '本书', '。']","['他', '正', '在', '看', '一', '本', '书', '。']","['r', 't', 'v', 'm', 'r', 'x']",Neutral,Low,Neutral,Neutral
CFGECD_0614,这是一个普通的工作日。,"['这是', '一个', '普通', '的', '工作日', '。']","['辶', '是', '一', '人', '普', '通', '白', '工', '作', '日', '。']","['r', 'v', 'm', 'nz', 'uj', 'n', 'x']",Neutral,Low,Neutral,Neutral
CFGECD_0615,我今天去超市买了米和菜。,"['我', '今天', '去', '超市', '买', '了', '米', '和', '菜', '。']","['我', '今', '大', '去', '超', '市', '买', '了', '米', '和', '菜', '。']","['r', 't', 'v', 'v', 'v', 'ul', 'q', 'c', 'n', 'x']",Neutral,Low,Neutral,Neutral
CFGECD_0616,服务质量令人满意。,"['服务质量', '令人满意', '。']","['月', '力', '贝', '里', '令', '人', '氵', '心', '。']","['n', 'l', 'x']",Neutral,Low,Neutral,Neutral
CFGECD_0617,我今天去超市买了米和菜。,"['我', '今天', '去', '超市', '买', '了', '米', '和', '菜', '。']","['我', '今', '大', '去', '超', '市', '买', '了', '米', '和', '菜', '。']","['r', 't', 'v', 'v', 'v', 'ul', 'q', 'c', 'n', 'x']",Neutral,Low,Neutral,Neutral
CFGECD_0618,他正在看一本书。,"['他', '正在', '看一', '本书', '。']","['他', '正', '在', '看', '一', '本', '书', '。']","['r', 't', 'v', 'm', 'r', 'x']",Neutral,Low,Neutral,Neutral
CFGECD_0619,这家餐厅的菜非常美味。,"['这家', '餐厅', '的', '菜', '非常', '美味', '。']","['辶', '家', '餐', '厅', '白', '菜', '非', '常', '羊', '口', '。']","['r', 'n', 'uj', 'n', 'd', 'nz', 'x']",Positive,Medium,Joy,Positive
CFGECD_0620,产品做工精细，使用体验很好。,"['产品', '做工', '精细', '，', '使用', '体验', '很', '好', '。']","['产', '品', '做', '工', '精', '纟', '，', '使', '用', '体', '验', '很', '女', '。']","['n', 'v', 'a', 'x', 'v', 'n', 'd', 'a', 'x']",Neutral,Low,Neutral,Neutral
CFGECD_0621,服务质量令人满意。,"['服务质量', '令人满意', '。']","['月', '力', '贝', '里', '令', '人', '氵', '心', '。']","['n', 'l', 'x']",Neutral,Low,Neutral,Neutral
CFGECD_0622,今天的天气很舒服。,"['今天', '的', '天气', '很', '舒服', '。']","['今', '大', '白', '大', '气', '很', '舒', '月', '。']","['t', 'uj', 'n', 'zg', 'a', 'x']",Positive,Low,Joy,Positive
CFGECD_0623,他的表演打动了观众。,"['他', '的', '表演', '打动', '了', '观众', '。']","['他', '白', '表', '演', '手', '力', '了', '观', '众', '。']","['r', 'uj', 'v', 'v', 'ul', 'n', 'x']",Positive,Medium,Joy,Positive
CFGECD_0624,他的表演打动了观众。,"['他', '的', '表演', '打动', '了', '观众', '。']","['他', '白', '表', '演', '手', '力', '了', '观', '众', '。']","['r', 'uj', 'v', 'v', 'ul', 'n', 'x']",Positive,Medium,Joy,Positive
CFGECD_0625,这家餐厅的菜非常美味。,"['这家', '餐厅', '的', '菜', '非常', '美味', '。']","['辶', '家', '餐', '厅', '白', '菜', '非', '常', '羊', '口', '。']","['r', 'n', 'uj', 'n', 'd', 'nz', 'x']",Positive,Medium,Joy,Positive
CFGECD_0626,今天的天气很糟糕。,"['今天', '的', '天气', '很', '糟糕', '。']","['今', '大', '白', '大', '气', '很', '米', '米', '。']","['t', 'uj', 'n', 'zg', 'a', 'x']",Negative,High,Disgust,Negative
CFGECD_0627,这是一个普通的工作日。,"['这是', '一个', '普通', '的', '工作日', '。']","['辶', '是', '一', '人', '普', '通', '白', '工', '作', '日', '。']","['r', 'v', 'm', 'nz', 'uj', 'n', 'x']",Neutral,Low,Neutral,Neutral
CFGECD_0628,产品做工精细，使用体验很好。,"['产品', '做工', '精细', '，', '使用', '体验', '很', '好', '。']","['产', '品', '做', '工', '精', '纟', '，', '使', '用', '体', '验', '很', '女', '。']","['n', 'v', 'a', 'x', 'v', 'n', 'd', 'a', 'x']",Neutral,Low,Neutral,Neutral
CFGECD_0629,服务质量令人满意。,"['服务质量', '令人满意', '。']","['月', '力', '贝', '里', '令', '人', '氵', '心', '。']","['n', 'l', 'x']",Neutral,Low,Neutral,Neutral
CFGECD_0630,他正在看一本书。,"['他', '正在', '看一', '本书', '。']","['他', '正', '在', '看', '一', '本', '书', '。']","['r', 't', 'v', 'm', 'r', 'x']",Neutral,Low,Neutral,Neutral
CFGECD_0631,他的表演打动了观众。,"['他', '的', '表演', '打动', '了', '观众', '。']","['他', '白', '表', '演', '手', '力', '了', '观', '众', '。']","['r', 'uj', 'v', 'v', 'ul', 'n', 'x']",Positive,Medium,Joy,Positive
CFGECD_0632,这家餐厅的菜非常美味。,"['这家', '餐厅', '的', '菜', '非常', '美味', '。']","['辶', '家', '餐', '厅', '白', '菜', '非', '常', '羊', '口', '。']","['r', 'n', 'uj', 'n', 'd', 'nz', 'x']",Positive,Medium,Joy,Positive
CFGECD_0633,产品质量很坏，让人失望。,"['产品质量', '很坏', '，', '让', '人', '失望', '。']","['产', '品', '贝', '里', '很', '土', '，', '讠', '人', '失', '望', '。']","['n', 'd', 'a', 'x', 'v', 'n', 'v', 'x']",Neutral,Low,Neutral,Neutral
CFGECD_0634,这部电影的剧情让我感到惊喜。,"['这部', '电影', '的', '剧情', '让', '我', '感到', '惊喜', '。']","['辶', '部', '田', '彡', '白', '剧', '情', '讠', '我', '感', '到', '忄', '口', '。']","['r', 'n', 'uj', 'n', 'v', 'r', 'v', 'a', 'x']",Positive,High,Surprise,Positive
CFGECD_0635,这家餐厅的菜非常美味。,"['这家', '餐厅', '的', '菜', '非常', '美味', '。']","['辶', '家', '餐', '厅', '白', '菜', '非', '常', '羊', '口', '。']","['r', 'n', 'uj', 'n', 'd', 'nz', 'x']",Positive,Medium,Joy,Positive
CFGECD_0636,产品质量很坏，让人失望。,"['产品质量', '很坏', '，', '让', '人', '失望', '。']","['产', '品', '贝', '里', '很', '土', '，', '讠', '人', '失', '望', '。']","['n', 'd', 'a', 'x', 'v', 'n', 'v', 'x']",Neutral,Low,Neutral,Neutral
CFGECD_0637,今天的天气很糟糕。,"['今天', '的', '天气', '很', '糟糕', '。']","['今', '大', '白', '大', '气', '很', '米', '米', '。']","['t', 'uj', 'n', 'zg', 'a', 'x']",Negative,High,Disgust,Negative
CFGECD_0638,我今天去超市买了米和菜。,"['我', '今天', '去', '超市', '买', '了', '米', '和', '菜', '。']","['我', '今', '大', '去', '超', '市', '买', '了', '米', '和', '菜', '。']","['r', 't', 'v', 'v', 'v', 'ul', 'q', 'c', 'n', 'x']",Neutral,Low,Neutral,Neutral
CFGECD_0639,这家商店早上九点开门。,"['这家', '商店', '早上', '九点', '开门', '。']","['辶', '家', '商', '店', '早', '上', '九', '点', '开', '门', '。']","['r', 'n', 't', 'm', 'v', 'x']",Neutral,Low,Neutral,Neutral
CFGECD_0640,这家店的服务态度差劲。,"['这家', '店', '的', '服务态度', '差劲', '。']","['辶', '家', '店', '白', '月', '力', '态', '度', '工', '劲', '。']","['r', 'n', 'uj', 'n', 'n', 'x']",Negative,Medium,Disgust,Negative
CFGECD_0641,我今天去超市买了米和菜。,"['我', '今天', '去', '超市', '买', '了', '米', '和', '菜', '。']","['我', '今', '大', '去', '超', '市', '买', '了', '米', '和', '菜', '。']","['r', 't', 'v', 'v', 'v', 'ul', 'q', 'c', 'n', 'x']",Neutral,Low,Neutral,Neutral
CFGECD_0642,这是一个普通的工作日。,"['这是', '一个', '普通', '的', '工作日', '。']","['辶', '是', '一', '人', '普', '通', '白', '工', '作', '日', '。']","['r', 'v', 'm', 'nz', 'uj', 'n', 'x']",Neutral,Low,Neutral,Neutral
CFGECD_0643,电影节奏慢，情节无聊。,"['电影', '节奏', '慢', '，', '情节', '无聊', '。']","['田', '彡', '艹', '奏', '忄', '，', '情', '艹', '无', '聊', '。']","['n', 'n', 'a', 'x', 'n', 'a', 'x']",Neutral,Low,Neutral,Neutral
CFGECD_0644,今天的天气很舒服。,"['今天', '的', '天气', '很', '舒服', '。']","['今', '大', '白', '大', '气', '很', '舒', '月', '。']","['t', 'uj', 'n', 'zg', 'a', 'x']",Positive,Low,Joy,Positive
CFGECD_0645,这家餐厅的菜非常美味。,"['这家', '餐厅', '的', '菜', '非常', '美味', '。']","['辶', '家', '餐', '厅', '白', '菜', '非', '常', '羊', '口', '。']","['r', 'n', 'uj', 'n', 'd', 'nz', 'x']",Positive,Medium,Joy,Positive
CFGECD_0646,他的表演打动了观众。,"['他', '的', '表演', '打动', '了', '观众', '。']","['他', '白', '表', '演', '手', '力', '了', '观', '众', '。']","['r', 'uj', 'v', 'v', 'ul', 'n', 'x']",Positive,Medium,Joy,Positive
CFGECD_0647,食物的味道非常糟糕。,"['食物', '的', '味道', '非常', '糟糕', '。']","['食', '物', '白', '口', '道', '非', '常', '米', '米', '。']","['n', 'uj', 'n', 'd', 'a', 'x']",Negative,High,Disgust,Negative
CFGECD_0648,这家商店早上九点开门。,"['这家', '商店', '早上', '九点', '开门', '。']","['辶', '家', '商', '店', '早', '上', '九', '点', '开', '门', '。']","['r', 'n', 't', 'm', 'v', 'x']",Neutral,Low,Neutral,Neutral
CFGECD_0649,产品质量很坏，让人失望。,"['产品质量', '很坏', '，', '让', '人', '失望', '。']","['产', '品', '贝', '里', '很', '土', '，', '讠', '人', '失', '望', '。']","['n', 'd', 'a', 'x', 'v', 'n', 'v', 'x']",Neutral,Low,Neutral,Neutral
CFGECD_0650,我今天去超市买了米和菜。,"['我', '今天', '去', '超市', '买', '了', '米', '和', '菜', '。']","['我', '今', '大', '去', '超', '市', '买', '了', '米', '和', '菜', '。']","['r', 't', 'v', 'v', 'v', 'ul', 'q', 'c', 'n', 'x']",Neutral,Low,Neutral,Neutral
CFGECD_0651,这家店的服务态度差劲。,"['这家', '店', '的', '服务态度', '差劲', '。']","['辶', '家', '店', '白', '月', '力', '态', '度', '工', '劲', '。']","['r', 'n', 'uj', 'n', 'n', 'x']",Negative,Medium,Disgust,Negative
CFGECD_0652,我今天去超市买了米和菜。,"['我', '今天', '去', '超市', '买', '了', '米', '和', '菜', '。']","['我', '今', '大', '去', '超', '市', '买', '了', '米', '和', '菜', '。']","['r', 't', 'v', 'v', 'v', 'ul', 'q', 'c', 'n', 'x']",Neutral,Low,Neutral,Neutral
CFGECD_0653,电影节奏慢，情节无聊。,"['电影', '节奏', '慢', '，', '情节', '无聊', '。']","['田', '彡', '艹', '奏', '忄', '，', '情', '艹', '无', '聊', '。']","['n', 'n', 'a', 'x', 'n', 'a', 'x']",Neutral,Low,Neutral,Neutral
CFGECD_0654,他的表演打动了观众。,"['他', '的', '表演', '打动', '了', '观众', '。']","['他', '白', '表', '演', '手', '力', '了', '观', '众', '。']","['r', 'uj', 'v', 'v', 'ul', 'n', 'x']",Positive,Medium,Joy,Positive
CFGECD_0655,这是一个普通的工作日。,"['这是', '一个', '普通', '的', '工作日', '。']","['辶', '是', '一', '人', '普', '通', '白', '工', '作', '日', '。']","['r', 'v', 'm', 'nz', 'uj', 'n', 'x']",Neutral,Low,Neutral,Neutral
CFGECD_0656,食物的味道非常糟糕。,"['食物', '的', '味道', '非常', '糟糕', '。']","['食', '物', '白', '口', '道', '非', '常', '米', '米', '。']","['n', 'uj', 'n', 'd', 'a', 'x']",Negative,High,Disgust,Negative
CFGECD_0657,产品质量很坏，让人失望。,"['产品质量', '很坏', '，', '让', '人', '失望', '。']","['产', '品', '贝', '里', '很', '土', '，', '讠', '人', '失', '望', '。']","['n', 'd', 'a', 'x', 'v', 'n', 'v', 'x']",Neutral,Low,Neutral,Neutral
CFGECD_0658,他的表演打动了观众。,"['他', '的', '表演', '打动', '了', '观众', '。']","['他', '白', '表', '演', '手', '力', '了', '观', '众', '。']","['r', 'uj', 'v', 'v', 'ul', 'n', 'x']",Positive,Medium,Joy,Positive
CFGECD_0659,产品做工精细，使用体验很好。,"['产品', '做工', '精细', '，', '使用', '体验', '很', '好', '。']","['产', '品', '做', '工', '精', '纟', '，', '使', '用', '体', '验', '很', '女', '。']","['n', 'v', 'a', 'x', 'v', 'n', 'd', 'a', 'x']",Neutral,Low,Neutral,Neutral
CFGECD_0660,产品质量很坏，让人失望。,"['产品质量', '很坏', '，', '让', '人', '失望', '。']","['产', '品', '贝', '里', '很', '土', '，', '讠', '人', '失', '望', '。']","['n', 'd', 'a', 'x', 'v', 'n', 'v', 'x']",Neutral,Low,Neutral,Neutral
CFGECD_0661,这家商店早上九点开门。,"['这家', '商店', '早上', '九点', '开门', '。']","['辶', '家', '商', '店', '早', '上', '九', '点', '开', '门', '。']","['r', 'n', 't', 'm', 'v', 'x']",Neutral,Low,Neutral,Neutral
CFGECD_0662,这家餐厅的菜非常美味。,"['这家', '餐厅', '的', '菜', '非常', '美味', '。']","['辶', '家', '餐', '厅', '白', '菜', '非', '常', '羊', '口', '。']","['r', 'n', 'uj', 'n', 'd', 'nz', 'x']",Positive,Medium,Joy,Positive
CFGECD_0663,今天的天气很糟糕。,"['今天', '的', '天气', '很', '糟糕', '。']","['今', '大', '白', '大', '气', '很', '米', '米', '。']","['t', 'uj', 'n', 'zg', 'a', 'x']",Negative,High,Disgust,Negative
CFGECD_0664,今天的天气很舒服。,"['今天', '的', '天气', '很', '舒服', '。']","['今', '大', '白', '大', '气', '很', '舒', '月', '。']","['t', 'uj', 'n', 'zg', 'a', 'x']",Positive,Low,Joy,Positive
CFGECD_0665,产品做工精细，使用体验很好。,"['产品', '做工', '精细', '，', '使用', '体验', '很', '好', '。']","['产', '品', '做', '工', '精', '纟', '，', '使', '用', '体', '验', '很', '女', '。']","['n', 'v', 'a', 'x', 'v', 'n', 'd', 'a', 'x']",Neutral,Low,Neutral,Neutral
CFGECD_0666,今天的天气很舒服。,"['今天', '的', '天气', '很', '舒服', '。']","['今', '大', '白', '大', '气', '很', '舒', '月', '。']","['t', 'uj', 'n', 'zg', 'a', 'x']",Positive,Low,Joy,Positive
CFGECD_0667,我今天去超市买了米和菜。,"['我', '今天', '去', '超市', '买', '了', '米', '和', '菜', '。']","['我', '今', '大', '去', '超', '市', '买', '了', '米', '和', '菜', '。']","['r', 't', 'v', 'v', 'v', 'ul', 'q', 'c', 'n', 'x']",Neutral,Low,Neutral,Neutral
CFGECD_0668,这家餐厅的菜非常美味。,"['这家', '餐厅', '的', '菜', '非常', '美味', '。']","['辶', '家', '餐', '厅', '白', '菜', '非', '常', '羊', '口', '。']","['r', 'n', 'uj', 'n', 'd', 'nz', 'x']",Positive,Medium,Joy,Positive
CFGECD_0669,这家商店早上九点开门。,"['这家', '商店', '早上', '九点', '开门', '。']","['辶', '家', '商', '店', '早', '上', '九', '点', '开', '门', '。']","['r', 'n', 't', 'm', 'v', 'x']",Neutral,Low,Neutral,Neutral
CFGECD_0670,那条路每天都有很多车。,"['那条', '路', '每天', '都', '有', '很多', '车', '。']","['那', '条', '路', '每', '大', '都', '有', '很', '多', '车', '。']","['mq', 'n', 'r', 'd', 'v', 'm', 'zg', 'x']",Neutral,Low,Neutral,Neutral
CFGECD_0671,这家商店早上九点开门。,"['这家', '商店', '早上', '九点', '开门', '。']","['辶', '家', '商', '店', '早', '上', '九', '点', '开', '门', '。']","['r', 'n', 't', 'm', 'v', 'x']",Neutral,Low,Neutral,Neutral
CFGECD_0672,这是一个普通的工作日。,"['这是', '一个', '普通', '的', '工作日', '。']","['辶', '是', '一', '人', '普', '通', '白', '工', '作', '日', '。']","['r', 'v', 'm', 'nz', 'uj', 'n', 'x']",Neutral,Low,Neutral,Neutral
CFGECD_0673,这个手机的电池续航简直是个笑话。,"['这个', '手机', '的', '电池', '续航', '简直', '是', '个', '笑话', '。']","['辶', '人', '手', '木', '白', '田', '水', '纟', '舟', '竹', '十', '是', '人', '竹', '讠', '。']","['r', 'n', 'uj', 'n', 'nr', 'd', 'v', 'q', 'n', 'x']",Negative,High,Disgust,Negative
CFGECD_0674,这部电影的剧情让我感到惊喜。,"['这部', '电影', '的', '剧情', '让', '我', '感到', '惊喜', '。']","['辶', '部', '田', '彡', '白', '剧', '情', '讠', '我', '感', '到', '忄', '口', '。']","['r', 'n', 'uj', 'n', 'v', 'r', 'v', 'a', 'x']",Positive,High,Surprise,Positive
CFGECD_0675,桌子是木头做的。,"['桌子', '是', '木头', '做', '的', '。']","['桌', '子', '是', '木', '头', '做', '白', '。']","['n', 'v', 'n', 'v', 'uj', 'x']",Neutral,Low,Neutral,Neutral
CFGECD_0676,我今天去超市买了米和菜。,"['我', '今天', '去', '超市', '买', '了', '米', '和', '菜', '。']","['我', '今', '大', '去', '超', '市', '买', '了', '米', '和', '菜', '。']","['r', 't', 'v', 'v', 'v', 'ul', 'q', 'c', 'n', 'x']",Neutral,Low,Neutral,Neutral
CFGECD_0677,产品质量很坏，让人失望。,"['产品质量', '很坏', '，', '让', '人', '失望', '。']","['产', '品', '贝', '里', '很', '土', '，', '讠', '人', '失', '望', '。']","['n', 'd', 'a', 'x', 'v', 'n', 'v', 'x']",Neutral,Low,Neutral,Neutral
CFGECD_0678,那条路每天都有很多车。,"['那条', '路', '每天', '都', '有', '很多', '车', '。']","['那', '条', '路', '每', '大', '都', '有', '很', '多', '车', '。']","['mq', 'n', 'r', 'd', 'v', 'm', 'zg', 'x']",Neutral,Low,Neutral,Neutral
CFGECD_0679,这家店的服务态度差劲。,"['这家', '店', '的', '服务态度', '差劲', '。']","['辶', '家', '店', '白', '月', '力', '态', '度', '工', '劲', '。']","['r', 'n', 'uj', 'n', 'n', 'x']",Negative,Medium,Disgust,Negative
CFGECD_0680,这个手机的电池续航简直是个笑话。,"['这个', '手机', '的', '电池', '续航', '简直', '是', '个', '笑话', '。']","['辶', '人', '手', '木', '白', '田', '水', '纟', '舟', '竹', '十', '是', '人', '竹', '讠', '。']","['r', 'n', 'uj', 'n', 'nr', 'd', 'v', 'q', 'n', 'x']",Negative,High,Disgust,Negative
CFGECD_0681,今天的天气很舒服。,"['今天', '的', '天气', '很', '舒服', '。']","['今', '大', '白', '大', '气', '很', '舒', '月', '。']","['t', 'uj', 'n', 'zg', 'a', 'x']",Positive,Low,Joy,Positive
CFGECD_0682,食物的味道非常糟糕。,"['食物', '的', '味道', '非常', '糟糕', '。']","['食', '物', '白', '口', '道', '非', '常', '米', '米', '。']","['n', 'uj', 'n', 'd', 'a', 'x']",Negative,High,Disgust,Negative
CFGECD_0683,今天的天气很糟糕。,"['今天', '的', '天气', '很', '糟糕', '。']","['今', '大', '白', '大', '气', '很', '米', '米', '。']","['t', 'uj', 'n', 'zg', 'a', 'x']",Negative,High,Disgust,Negative
CFGECD_0684,那条路每天都有很多车。,"['那条', '路', '每天', '都', '有', '很多', '车', '。']","['那', '条', '路', '每', '大', '都', '有', '很', '多', '车', '。']","['mq', 'n', 'r', 'd', 'v', 'm', 'zg', 'x']",Neutral,Low,Neutral,Neutral
CFGECD_0685,食物的味道非常糟糕。,"['食物', '的', '味道', '非常', '糟糕', '。']","['食', '物', '白', '口', '道', '非', '常', '米', '米', '。']","['n', 'uj', 'n', 'd', 'a', 'x']",Negative,High,Disgust,Negative
CFGECD_0686,产品质量很坏，让人失望。,"['产品质量', '很坏', '，', '让', '人', '失望', '。']","['产', '品', '贝', '里', '很', '土', '，', '讠', '人', '失', '望', '。']","['n', 'd', 'a', 'x', 'v', 'n', 'v', 'x']",Neutral,Low,Neutral,Neutral
CFGECD_0687,今天的天气很舒服。,"['今天', '的', '天气', '很', '舒服', '。']","['今', '大', '白', '大', '气', '很', '舒', '月', '。']","['t', 'uj', 'n', 'zg', 'a', 'x']",Positive,Low,Joy,Positive
CFGECD_0688,他的表演打动了观众。,"['他', '的', '表演', '打动', '了', '观众', '。']","['他', '白', '表', '演', '手', '力', '了', '观', '众', '。']","['r', 'uj', 'v', 'v', 'ul', 'n', 'x']",Positive,Medium,Joy,Positive
CFGECD_0689,桌子是木头做的。,"['桌子', '是', '木头', '做', '的', '。']","['桌', '子', '是', '木', '头', '做', '白', '。']","['n', 'v', 'n', 'v', 'uj', 'x']",Neutral,Low,Neutral,Neutral
CFGECD_0690,那条路每天都有很多车。,"['那条', '路', '每天', '都', '有', '很多', '车', '。']","['那', '条', '路', '每', '大', '都', '有', '很', '多', '车', '。']","['mq', 'n', 'r', 'd', 'v', 'm', 'zg', 'x']",Neutral,Low,Neutral,Neutral
CFGECD_0691,这家餐厅的菜非常美味。,"['这家', '餐厅', '的', '菜', '非常', '美味', '。']","['辶', '家', '餐', '厅', '白', '菜', '非', '常', '羊', '口', '。']","['r', 'n', 'uj', 'n', 'd', 'nz', 'x']",Positive,Medium,Joy,Positive
CFGECD_0692,那条路每天都有很多车。,"['那条', '路', '每天', '都', '有', '很多', '车', '。']","['那', '条', '路', '每', '大', '都', '有', '很', '多', '车', '。']","['mq', 'n', 'r', 'd', 'v', 'm', 'zg', 'x']",Neutral,Low,Neutral,Neutral
CFGECD_0693,这个手机的电池续航简直是个笑话。,"['这个', '手机', '的', '电池', '续航', '简直', '是', '个', '笑话', '。']","['辶', '人', '手', '木', '白', '田', '水', '纟', '舟', '竹', '十', '是', '人', '竹', '讠', '。']","['r', 'n', 'uj', 'n', 'nr', 'd', 'v', 'q', 'n', 'x']",Negative,High,Disgust,Negative
CFGECD_0694,食物的味道非常糟糕。,"['食物', '的', '味道', '非常', '糟糕', '。']","['食', '物', '白', '口', '道', '非', '常', '米', '米', '。']","['n', 'uj', 'n', 'd', 'a', 'x']",Negative,High,Disgust,Negative
CFGECD_0695,服务质量令人满意。,"['服务质量', '令人满意', '。']","['月', '力', '贝', '里', '令', '人', '氵', '心', '。']","['n', 'l', 'x']",Neutral,Low,Neutral,Neutral
CFGECD_0696,服务质量令人满意。,"['服务质量', '令人满意', '。']","['月', '力', '贝', '里', '令', '人', '氵', '心', '。']","['n', 'l', 'x']",Neutral,Low,Neutral,Neutral
CFGECD_0697,这家餐厅的菜非常美味。,"['这家', '餐厅', '的', '菜', '非常', '美味', '。']","['辶', '家', '餐', '厅', '白', '菜', '非', '常', '羊', '口', '。']","['r', 'n', 'uj', 'n', 'd', 'nz', 'x']",Positive,Medium,Joy,Positive
CFGECD_0698,电影节奏慢，情节无聊。,"['电影', '节奏', '慢', '，', '情节', '无聊', '。']","['田', '彡', '艹', '奏', '忄', '，', '情', '艹', '无', '聊', '。']","['n', 'n', 'a', 'x', 'n', 'a', 'x']",Neutral,Low,Neutral,Neutral
CFGECD_0699,服务质量令人满意。,"['服务质量', '令人满意', '。']","['月', '力', '贝', '里', '令', '人', '氵', '心', '。']","['n', 'l', 'x']",Neutral,Low,Neutral,Neutral
CFGECD_0700,这是一个普通的工作日。,"['这是', '一个', '普通', '的', '工作日', '。']","['辶', '是', '一', '人', '普', '通', '白', '工', '作', '日', '。']","['r', 'v', 'm', 'nz', 'uj', 'n', 'x']",Neutral,Low,Neutral,Neutral
CFGECD_0701,桌子是木头做的。,"['桌子', '是', '木头', '做', '的', '。']","['桌', '子', '是', '木', '头', '做', '白', '。']","['n', 'v', 'n', 'v', 'uj', 'x']",Neutral,Low,Neutral,Neutral
CFGECD_0702,食物的味道非常糟糕。,"['食物', '的', '味道', '非常', '糟糕', '。']","['食', '物', '白', '口', '道', '非', '常', '米', '米', '。']","['n', 'uj', 'n', 'd', 'a', 'x']",Negative,High,Disgust,Negative
CFGECD_0703,这部电影的剧情让我感到惊喜。,"['这部', '电影', '的', '剧情', '让', '我', '感到', '惊喜', '。']","['辶', '部', '田', '彡', '白', '剧', '情', '讠', '我', '感', '到', '忄', '口', '。']","['r', 'n', 'uj', 'n', 'v', 'r', 'v', 'a', 'x']",Positive,High,Surprise,Positive
CFGECD_0704,产品质量很坏，让人失望。,"['产品质量', '很坏', '，', '让', '人', '失望', '。']","['产', '品', '贝', '里', '很', '土', '，', '讠', '人', '失', '望', '。']","['n', 'd', 'a', 'x', 'v', 'n', 'v', 'x']",Neutral,Low,Neutral,Neutral
CFGECD_0705,食物的味道非常糟糕。,"['食物', '的', '味道', '非常', '糟糕', '。']","['食', '物', '白', '口', '道', '非', '常', '米', '米', '。']","['n', 'uj', 'n', 'd', 'a', 'x']",Negative,High,Disgust,Negative
CFGECD_0706,我今天去超市买了米和菜。,"['我', '今天', '去', '超市', '买', '了', '米', '和', '菜', '。']","['我', '今', '大', '去', '超', '市', '买', '了', '米', '和', '菜', '。']","['r', 't', 'v', 'v', 'v', 'ul', 'q', 'c', 'n', 'x']",Neutral,Low,Neutral,Neutral
CFGECD_0707,我今天去超市买了米和菜。,"['我', '今天', '去', '超市', '买', '了', '米', '和', '菜', '。']","['我', '今', '大', '去', '超', '市', '买', '了', '米', '和', '菜', '。']","['r', 't', 'v', 'v', 'v', 'ul', 'q', 'c', 'n', 'x']",Neutral,Low,Neutral,Neutral
CFGECD_0708,这是一个普通的工作日。,"['这是', '一个', '普通', '的', '工作日', '。']","['辶', '是', '一', '人', '普', '通', '白', '工', '作', '日', '。']","['r', 'v', 'm', 'nz', 'uj', 'n', 'x']",Neutral,Low,Neutral,Neutral
CFGECD_0709,这部电影的剧情让我感到惊喜。,"['这部', '电影', '的', '剧情', '让', '我', '感到', '惊喜', '。']","['辶', '部', '田', '彡', '白', '剧', '情', '讠', '我', '感', '到', '忄', '口', '。']","['r', 'n', 'uj', 'n', 'v', 'r', 'v', 'a', 'x']",Positive,High,Surprise,Positive
CFGECD_0710,他的表演打动了观众。,"['他', '的', '表演', '打动', '了', '观众', '。']","['他', '白', '表', '演', '手', '力', '了', '观', '众', '。']","['r', 'uj', 'v', 'v', 'ul', 'n', 'x']",Positive,Medium,Joy,Positive
CFGECD_0711,今天的天气很糟糕。,"['今天', '的', '天气', '很', '糟糕', '。']","['今', '大', '白', '大', '气', '很', '米', '米', '。']","['t', 'uj', 'n', 'zg', 'a', 'x']",Negative,High,Disgust,Negative
CFGECD_0712,今天的天气很舒服。,"['今天', '的', '天气', '很', '舒服', '。']","['今', '大', '白', '大', '气', '很', '舒', '月', '。']","['t', 'uj', 'n', 'zg', 'a', 'x']",Positive,Low,Joy,Positive
CFGECD_0713,他的表演打动了观众。,"['他', '的', '表演', '打动', '了', '观众', '。']","['他', '白', '表', '演', '手', '力', '了', '观', '众', '。']","['r', 'uj', 'v', 'v', 'ul', 'n', 'x']",Positive,Medium,Joy,Positive
CFGECD_0714,这是一个普通的工作日。,"['这是', '一个', '普通', '的', '工作日', '。']","['辶', '是', '一', '人', '普', '通', '白', '工', '作', '日', '。']","['r', 'v', 'm', 'nz', 'uj', 'n', 'x']",Neutral,Low,Neutral,Neutral
CFGECD_0715,桌子是木头做的。,"['桌子', '是', '木头', '做', '的', '。']","['桌', '子', '是', '木', '头', '做', '白', '。']","['n', 'v', 'n', 'v', 'uj', 'x']",Neutral,Low,Neutral,Neutral
CFGECD_0716,电影节奏慢，情节无聊。,"['电影', '节奏', '慢', '，', '情节', '无聊', '。']","['田', '彡', '艹', '奏', '忄', '，', '情', '艹', '无', '聊', '。']","['n', 'n', 'a', 'x', 'n', 'a', 'x']",Neutral,Low,Neutral,Neutral
CFGECD_0717,服务质量令人满意。,"['服务质量', '令人满意', '。']","['月', '力', '贝', '里', '令', '人', '氵', '心', '。']","['n', 'l', 'x']",Neutral,Low,Neutral,Neutral
CFGECD_0718,这部电影的剧情让我感到惊喜。,"['这部', '电影', '的', '剧情', '让', '我', '感到', '惊喜', '。']","['辶', '部', '田', '彡', '白', '剧', '情', '讠', '我', '感', '到', '忄', '口', '。']","['r', 'n', 'uj', 'n', 'v', 'r', 'v', 'a', 'x']",Positive,High,Surprise,Positive
CFGECD_0719,我今天去超市买了米和菜。,"['我', '今天', '去', '超市', '买', '了', '米', '和', '菜', '。']","['我', '今', '大', '去', '超', '市', '买', '了', '米', '和', '菜', '。']","['r', 't', 'v', 'v', 'v', 'ul', 'q', 'c', 'n', 'x']",Neutral,Low,Neutral,Neutral
CFGECD_0720,这家商店早上九点开门。,"['这家', '商店', '早上', '九点', '开门', '。']","['辶', '家', '商', '店', '早', '上', '九', '点', '开', '门', '。']","['r', 'n', 't', 'm', 'v', 'x']",Neutral,Low,Neutral,Neutral
CFGECD_0721,那条路每天都有很多车。,"['那条', '路', '每天', '都', '有', '很多', '车', '。']","['那', '条', '路', '每', '大', '都', '有', '很', '多', '车', '。']","['mq', 'n', 'r', 'd', 'v', 'm', 'zg', 'x']",Neutral,Low,Neutral,Neutral
CFGECD_0722,这是一个普通的工作日。,"['这是', '一个', '普通', '的', '工作日', '。']","['辶', '是', '一', '人', '普', '通', '白', '工', '作', '日', '。']","['r', 'v', 'm', 'nz', 'uj', 'n', 'x']",Neutral,Low,Neutral,Neutral
CFGECD_0723,这部电影的剧情让我感到惊喜。,"['这部', '电影', '的', '剧情', '让', '我', '感到', '惊喜', '。']","['辶', '部', '田', '彡', '白', '剧', '情', '讠', '我', '感', '到', '忄', '口', '。']","['r', 'n', 'uj', 'n', 'v', 'r', 'v', 'a', 'x']",Positive,High,Surprise,Positive
CFGECD_0724,食物的味道非常糟糕。,"['食物', '的', '味道', '非常', '糟糕', '。']","['食', '物', '白', '口', '道', '非', '常', '米', '米', '。']","['n', 'uj', 'n', 'd', 'a', 'x']",Negative,High,Disgust,Negative
CFGECD_0725,这个手机的电池续航简直是个笑话。,"['这个', '手机', '的', '电池', '续航', '简直', '是', '个', '笑话', '。']","['辶', '人', '手', '木', '白', '田', '水', '纟', '舟', '竹', '十', '是', '人', '竹', '讠', '。']","['r', 'n', 'uj', 'n', 'nr', 'd', 'v', 'q', 'n', 'x']",Negative,High,Disgust,Negative
CFGECD_0726,这部电影的剧情让我感到惊喜。,"['这部', '电影', '的', '剧情', '让', '我', '感到', '惊喜', '。']","['辶', '部', '田', '彡', '白', '剧', '情', '讠', '我', '感', '到', '忄', '口', '。']","['r', 'n', 'uj', 'n', 'v', 'r', 'v', 'a', 'x']",Positive,High,Surprise,Positive
CFGECD_0727,今天的天气很舒服。,"['今天', '的', '天气', '很', '舒服', '。']","['今', '大', '白', '大', '气', '很', '舒', '月', '。']","['t', 'uj', 'n', 'zg', 'a', 'x']",Positive,Low,Joy,Positive
CFGECD_0728,服务质量令人满意。,"['服务质量', '令人满意', '。']","['月', '力', '贝', '里', '令', '人', '氵', '心', '。']","['n', 'l', 'x']",Neutral,Low,Neutral,Neutral
CFGECD_0729,今天的天气很舒服。,"['今天', '的', '天气', '很', '舒服', '。']","['今', '大', '白', '大', '气', '很', '舒', '月', '。']","['t', 'uj', 'n', 'zg', 'a', 'x']",Positive,Low,Joy,Positive
CFGECD_0730,那条路每天都有很多车。,"['那条', '路', '每天', '都', '有', '很多', '车', '。']","['那', '条', '路', '每', '大', '都', '有', '很', '多', '车', '。']","['mq', 'n', 'r', 'd', 'v', 'm', 'zg', 'x']",Neutral,Low,Neutral,Neutral
CFGECD_0731,桌子是木头做的。,"['桌子', '是', '木头', '做', '的', '。']","['桌', '子', '是', '木', '头', '做', '白', '。']","['n', 'v', 'n', 'v', 'uj', 'x']",Neutral,Low,Neutral,Neutral
CFGECD_0732,这是一个普通的工作日。,"['这是', '一个', '普通', '的', '工作日', '。']","['辶', '是', '一', '人', '普', '通', '白', '工', '作', '日', '。']","['r', 'v', 'm', 'nz', 'uj', 'n', 'x']",Neutral,Low,Neutral,Neutral
CFGECD_0733,桌子是木头做的。,"['桌子', '是', '木头', '做', '的', '。']","['桌', '子', '是', '木', '头', '做', '白', '。']","['n', 'v', 'n', 'v', 'uj', 'x']",Neutral,Low,Neutral,Neutral
CFGECD_0734,我今天去超市买了米和菜。,"['我', '今天', '去', '超市', '买', '了', '米', '和', '菜', '。']","['我', '今', '大', '去', '超', '市', '买', '了', '米', '和', '菜', '。']","['r', 't', 'v', 'v', 'v', 'ul', 'q', 'c', 'n', 'x']",Neutral,Low,Neutral,Neutral
CFGECD_0735,这家商店早上九点开门。,"['这家', '商店', '早上', '九点', '开门', '。']","['辶', '家', '商', '店', '早', '上', '九', '点', '开', '门', '。']","['r', 'n', 't', 'm', 'v', 'x']",Neutral,Low,Neutral,Neutral
CFGECD_0736,他正在看一本书。,"['他', '正在', '看一', '本书', '。']","['他', '正', '在', '看', '一', '本', '书', '。']","['r', 't', 'v', 'm', 'r', 'x']",Neutral,Low,Neutral,Neutral
CFGECD_0737,这部电影的剧情让我感到惊喜。,"['这部', '电影', '的', '剧情', '让', '我', '感到', '惊喜', '。']","['辶', '部', '田', '彡', '白', '剧', '情', '讠', '我', '感', '到', '忄', '口', '。']","['r', 'n', 'uj', 'n', 'v', 'r', 'v', 'a', 'x']",Positive,High,Surprise,Positive
CFGECD_0738,这家商店早上九点开门。,"['这家', '商店', '早上', '九点', '开门', '。']","['辶', '家', '商', '店', '早', '上', '九', '点', '开', '门', '。']","['r', 'n', 't', 'm', 'v', 'x']",Neutral,Low,Neutral,Neutral
CFGECD_0739,桌子是木头做的。,"['桌子', '是', '木头', '做', '的', '。']","['桌', '子', '是', '木', '头', '做', '白', '。']","['n', 'v', 'n', 'v', 'uj', 'x']",Neutral,Low,Neutral,Neutral
CFGECD_0740,产品做工精细，使用体验很好。,"['产品', '做工', '精细', '，', '使用', '体验', '很', '好', '。']","['产', '品', '做', '工', '精', '纟', '，', '使', '用', '体', '验', '很', '女', '。']","['n', 'v', 'a', 'x', 'v', 'n', 'd', 'a', 'x']",Neutral,Low,Neutral,Neutral
CFGECD_0741,这家餐厅的菜非常美味。,"['这家', '餐厅', '的', '菜', '非常', '美味', '。']","['辶', '家', '餐', '厅', '白', '菜', '非', '常', '羊', '口', '。']","['r', 'n', 'uj', 'n', 'd', 'nz', 'x']",Positive,Medium,Joy,Positive
CFGECD_0742,产品做工精细，使用体验很好。,"['产品', '做工', '精细', '，', '使用', '体验', '很', '好', '。']","['产', '品', '做', '工', '精', '纟', '，', '使', '用', '体', '验', '很', '女', '。']","['n', 'v', 'a', 'x', 'v', 'n', 'd', 'a', 'x']",Neutral,Low,Neutral,Neutral
CFGECD_0743,这家商店早上九点开门。,"['这家', '商店', '早上', '九点', '开门', '。']","['辶', '家', '商', '店', '早', '上', '九', '点', '开', '门', '。']","['r', 'n', 't', 'm', 'v', 'x']",Neutral,Low,Neutral,Neutral
CFGECD_0744,他的表演打动了观众。,"['他', '的', '表演', '打动', '了', '观众', '。']","['他', '白', '表', '演', '手', '力', '了', '观', '众', '。']","['r', 'uj', 'v', 'v', 'ul', 'n', 'x']",Positive,Medium,Joy,Positive
CFGECD_0745,桌子是木头做的。,"['桌子', '是', '木头', '做', '的', '。']","['桌', '子', '是', '木', '头', '做', '白', '。']","['n', 'v', 'n', 'v', 'uj', 'x']",Neutral,Low,Neutral,Neutral
CFGECD_0746,这部电影的剧情让我感到惊喜。,"['这部', '电影', '的', '剧情', '让', '我', '感到', '惊喜', '。']","['辶', '部', '田', '彡', '白', '剧', '情', '讠', '我', '感', '到', '忄', '口', '。']","['r', 'n', 'uj', 'n', 'v', 'r', 'v', 'a', 'x']",Positive,High,Surprise,Positive
CFGECD_0747,这部电影的剧情让我感到惊喜。,"['这部', '电影', '的', '剧情', '让', '我', '感到', '惊喜', '。']","['辶', '部', '田', '彡', '白', '剧', '情', '讠', '我', '感', '到', '忄', '口', '。']","['r', 'n', 'uj', 'n', 'v', 'r', 'v', 'a', 'x']",Positive,High,Surprise,Positive
CFGECD_0748,桌子是木头做的。,"['桌子', '是', '木头', '做', '的', '。']","['桌', '子', '是', '木', '头', '做', '白', '。']","['n', 'v', 'n', 'v', 'uj', 'x']",Neutral,Low,Neutral,Neutral
CFGECD_0749,服务质量令人满意。,"['服务质量', '令人满意', '。']","['月', '力', '贝', '里', '令', '人', '氵', '心', '。']","['n', 'l', 'x']",Neutral,Low,Neutral,Neutral
CFGECD_0750,这是一个普通的工作日。,"['这是', '一个', '普通', '的', '工作日', '。']","['辶', '是', '一', '人', '普', '通', '白', '工', '作', '日', '。']","['r', 'v', 'm', 'nz', 'uj', 'n', 'x']",Neutral,Low,Neutral,Neutral
CFGECD_0751,今天的天气很舒服。,"['今天', '的', '天气', '很', '舒服', '。']","['今', '大', '白', '大', '气', '很', '舒', '月', '。']","['t', 'uj', 'n', 'zg', 'a', 'x']",Positive,Low,Joy,Positive
CFGECD_0752,今天的天气很舒服。,"['今天', '的', '天气', '很', '舒服', '。']","['今', '大', '白', '大', '气', '很', '舒', '月', '。']","['t', 'uj', 'n', 'zg', 'a', 'x']",Positive,Low,Joy,Positive
CFGECD_0753,这家商店早上九点开门。,"['这家', '商店', '早上', '九点', '开门', '。']","['辶', '家', '商', '店', '早', '上', '九', '点', '开', '门', '。']","['r', 'n', 't', 'm', 'v', 'x']",Neutral,Low,Neutral,Neutral
CFGECD_0754,这部电影的剧情让我感到惊喜。,"['这部', '电影', '的', '剧情', '让', '我', '感到', '惊喜', '。']","['辶', '部', '田', '彡', '白', '剧', '情', '讠', '我', '感', '到', '忄', '口', '。']","['r', 'n', 'uj', 'n', 'v', 'r', 'v', 'a', 'x']",Positive,High,Surprise,Positive
CFGECD_0755,这个手机的电池续航简直是个笑话。,"['这个', '手机', '的', '电池', '续航', '简直', '是', '个', '笑话', '。']","['辶', '人', '手', '木', '白', '田', '水', '纟', '舟', '竹', '十', '是', '人', '竹', '讠', '。']","['r', 'n', 'uj', 'n', 'nr', 'd', 'v', 'q', 'n', 'x']",Negative,High,Disgust,Negative
CFGECD_0756,今天的天气很舒服。,"['今天', '的', '天气', '很', '舒服', '。']","['今', '大', '白', '大', '气', '很', '舒', '月', '。']","['t', 'uj', 'n', 'zg', 'a', 'x']",Positive,Low,Joy,Positive
CFGECD_0757,这家商店早上九点开门。,"['这家', '商店', '早上', '九点', '开门', '。']","['辶', '家', '商', '店', '早', '上', '九', '点', '开', '门', '。']","['r', 'n', 't', 'm', 'v', 'x']",Neutral,Low,Neutral,Neutral
CFGECD_0758,那条路每天都有很多车。,"['那条', '路', '每天', '都', '有', '很多', '车', '。']","['那', '条', '路', '每', '大', '都', '有', '很', '多', '车', '。']","['mq', 'n', 'r', 'd', 'v', 'm', 'zg', 'x']",Neutral,Low,Neutral,Neutral
CFGECD_0759,他正在看一本书。,"['他', '正在', '看一', '本书', '。']","['他', '正', '在', '看', '一', '本', '书', '。']","['r', 't', 'v', 'm', 'r', 'x']",Neutral,Low,Neutral,Neutral
CFGECD_0760,这家餐厅的菜非常美味。,"['这家', '餐厅', '的', '菜', '非常', '美味', '。']","['辶', '家', '餐', '厅', '白', '菜', '非', '常', '羊', '口', '。']","['r', 'n', 'uj', 'n', 'd', 'nz', 'x']",Positive,Medium,Joy,Positive
CFGECD_0761,这家商店早上九点开门。,"['这家', '商店', '早上', '九点', '开门', '。']","['辶', '家', '商', '店', '早', '上', '九', '点', '开', '门', '。']","['r', 'n', 't', 'm', 'v', 'x']",Neutral,Low,Neutral,Neutral
CFGECD_0762,这个手机的电池续航简直是个笑话。,"['这个', '手机', '的', '电池', '续航', '简直', '是', '个', '笑话', '。']","['辶', '人', '手', '木', '白', '田', '水', '纟', '舟', '竹', '十', '是', '人', '竹', '讠', '。']","['r', 'n', 'uj', 'n', 'nr', 'd', 'v', 'q', 'n', 'x']",Negative,High,Disgust,Negative
CFGECD_0763,这家餐厅的菜非常美味。,"['这家', '餐厅', '的', '菜', '非常', '美味', '。']","['辶', '家', '餐', '厅', '白', '菜', '非', '常', '羊', '口', '。']","['r', 'n', 'uj', 'n', 'd', 'nz', 'x']",Positive,Medium,Joy,Positive
CFGECD_0764,这个手机的电池续航简直是个笑话。,"['这个', '手机', '的', '电池', '续航', '简直', '是', '个', '笑话', '。']","['辶', '人', '手', '木', '白', '田', '水', '纟', '舟', '竹', '十', '是', '人', '竹', '讠', '。']","['r', 'n', 'uj', 'n', 'nr', 'd', 'v', 'q', 'n', 'x']",Negative,High,Disgust,Negative
CFGECD_0765,他正在看一本书。,"['他', '正在', '看一', '本书', '。']","['他', '正', '在', '看', '一', '本', '书', '。']","['r', 't', 'v', 'm', 'r', 'x']",Neutral,Low,Neutral,Neutral
CFGECD_0766,那条路每天都有很多车。,"['那条', '路', '每天', '都', '有', '很多', '车', '。']","['那', '条', '路', '每', '大', '都', '有', '很', '多', '车', '。']","['mq', 'n', 'r', 'd', 'v', 'm', 'zg', 'x']",Neutral,Low,Neutral,Neutral
CFGECD_0767,产品做工精细，使用体验很好。,"['产品', '做工', '精细', '，', '使用', '体验', '很', '好', '。']","['产', '品', '做', '工', '精', '纟', '，', '使', '用', '体', '验', '很', '女', '。']","['n', 'v', 'a', 'x', 'v', 'n', 'd', 'a', 'x']",Neutral,Low,Neutral,Neutral
CFGECD_0768,这家商店早上九点开门。,"['这家', '商店', '早上', '九点', '开门', '。']","['辶', '家', '商', '店', '早', '上', '九', '点', '开', '门', '。']","['r', 'n', 't', 'm', 'v', 'x']",Neutral,Low,Neutral,Neutral
CFGECD_0769,这家店的服务态度差劲。,"['这家', '店', '的', '服务态度', '差劲', '。']","['辶', '家', '店', '白', '月', '力', '态', '度', '工', '劲', '。']","['r', 'n', 'uj', 'n', 'n', 'x']",Negative,Medium,Disgust,Negative
CFGECD_0770,今天的天气很糟糕。,"['今天', '的', '天气', '很', '糟糕', '。']","['今', '大', '白', '大', '气', '很', '米', '米', '。']","['t', 'uj', 'n', 'zg', 'a', 'x']",Negative,High,Disgust,Negative
CFGECD_0771,产品质量很坏，让人失望。,"['产品质量', '很坏', '，', '让', '人', '失望', '。']","['产', '品', '贝', '里', '很', '土', '，', '讠', '人', '失', '望', '。']","['n', 'd', 'a', 'x', 'v', 'n', 'v', 'x']",Neutral,Low,Neutral,Neutral
CFGECD_0772,服务质量令人满意。,"['服务质量', '令人满意', '。']","['月', '力', '贝', '里', '令', '人', '氵', '心', '。']","['n', 'l', 'x']",Neutral,Low,Neutral,Neutral
CFGECD_0773,产品质量很坏，让人失望。,"['产品质量', '很坏', '，', '让', '人', '失望', '。']","['产', '品', '贝', '里', '很', '土', '，', '讠', '人', '失', '望', '。']","['n', 'd', 'a', 'x', 'v', 'n', 'v', 'x']",Neutral,Low,Neutral,Neutral
CFGECD_0774,他正在看一本书。,"['他', '正在', '看一', '本书', '。']","['他', '正', '在', '看', '一', '本', '书', '。']","['r', 't', 'v', 'm', 'r', 'x']",Neutral,Low,Neutral,Neutral
CFGECD_0775,他正在看一本书。,"['他', '正在', '看一', '本书', '。']","['他', '正', '在', '看', '一', '本', '书', '。']","['r', 't', 'v', 'm', 'r', 'x']",Neutral,Low,Neutral,Neutral
CFGECD_0776,这家商店早上九点开门。,"['这家', '商店', '早上', '九点', '开门', '。']","['辶', '家', '商', '店', '早', '上', '九', '点', '开', '门', '。']","['r', 'n', 't', 'm', 'v', 'x']",Neutral,Low,Neutral,Neutral
CFGECD_0777,这家餐厅的菜非常美味。,"['这家', '餐厅', '的', '菜', '非常', '美味', '。']","['辶', '家', '餐', '厅', '白', '菜', '非', '常', '羊', '口', '。']","['r', 'n', 'uj', 'n', 'd', 'nz', 'x']",Positive,Medium,Joy,Positive
CFGECD_0778,产品做工精细，使用体验很好。,"['产品', '做工', '精细', '，', '使用', '体验', '很', '好', '。']","['产', '品', '做', '工', '精', '纟', '，', '使', '用', '体', '验', '很', '女', '。']","['n', 'v', 'a', 'x', 'v', 'n', 'd', 'a', 'x']",Neutral,Low,Neutral,Neutral
CFGECD_0779,这个手机的电池续航简直是个笑话。,"['这个', '手机', '的', '电池', '续航', '简直', '是', '个', '笑话', '。']","['辶', '人', '手', '木', '白', '田', '水', '纟', '舟', '竹', '十', '是', '人', '竹', '讠', '。']","['r', 'n', 'uj', 'n', 'nr', 'd', 'v', 'q', 'n', 'x']",Negative,High,Disgust,Negative
CFGECD_0780,桌子是木头做的。,"['桌子', '是', '木头', '做', '的', '。']","['桌', '子', '是', '木', '头', '做', '白', '。']","['n', 'v', 'n', 'v', 'uj', 'x']",Neutral,Low,Neutral,Neutral
CFGECD_0781,他正在看一本书。,"['他', '正在', '看一', '本书', '。']","['他', '正', '在', '看', '一', '本', '书', '。']","['r', 't', 'v', 'm', 'r', 'x']",Neutral,Low,Neutral,Neutral
CFGECD_0782,桌子是木头做的。,"['桌子', '是', '木头', '做', '的', '。']","['桌', '子', '是', '木', '头', '做', '白', '。']","['n', 'v', 'n', 'v', 'uj', 'x']",Neutral,Low,Neutral,Neutral
CFGECD_0783,这家商店早上九点开门。,"['这家', '商店', '早上', '九点', '开门', '。']","['辶', '家', '商', '店', '早', '上', '九', '点', '开', '门', '。']","['r', 'n', 't', 'm', 'v', 'x']",Neutral,Low,Neutral,Neutral
CFGECD_0784,那条路每天都有很多车。,"['那条', '路', '每天', '都', '有', '很多', '车', '。']","['那', '条', '路', '每', '大', '都', '有', '很', '多', '车', '。']","['mq', 'n', 'r', 'd', 'v', 'm', 'zg', 'x']",Neutral,Low,Neutral,Neutral
CFGECD_0785,今天的天气很糟糕。,"['今天', '的', '天气', '很', '糟糕', '。']","['今', '大', '白', '大', '气', '很', '米', '米', '。']","['t', 'uj', 'n', 'zg', 'a', 'x']",Negative,High,Disgust,Negative
CFGECD_0786,食物的味道非常糟糕。,"['食物', '的', '味道', '非常', '糟糕', '。']","['食', '物', '白', '口', '道', '非', '常', '米', '米', '。']","['n', 'uj', 'n', 'd', 'a', 'x']",Negative,High,Disgust,Negative
CFGECD_0787,产品质量很坏，让人失望。,"['产品质量', '很坏', '，', '让', '人', '失望', '。']","['产', '品', '贝', '里', '很', '土', '，', '讠', '人', '失', '望', '。']","['n', 'd', 'a', 'x', 'v', 'n', 'v', 'x']",Neutral,Low,Neutral,Neutral
CFGECD_0788,产品做工精细，使用体验很好。,"['产品', '做工', '精细', '，', '使用', '体验', '很', '好', '。']","['产', '品', '做', '工', '精', '纟', '，', '使', '用', '体', '验', '很', '女', '。']","['n', 'v', 'a', 'x', 'v', 'n', 'd', 'a', 'x']",Neutral,Low,Neutral,Neutral
CFGECD_0789,这家商店早上九点开门。,"['这家', '商店', '早上', '九点', '开门', '。']","['辶', '家', '商', '店', '早', '上', '九', '点', '开', '门', '。']","['r', 'n', 't', 'm', 'v', 'x']",Neutral,Low,Neutral,Neutral
CFGECD_0790,这部电影的剧情让我感到惊喜。,"['这部', '电影', '的', '剧情', '让', '我', '感到', '惊喜', '。']","['辶', '部', '田', '彡', '白', '剧', '情', '讠', '我', '感', '到', '忄', '口', '。']","['r', 'n', 'uj', 'n', 'v', 'r', 'v', 'a', 'x']",Positive,High,Surprise,Positive
CFGECD_0791,电影节奏慢，情节无聊。,"['电影', '节奏', '慢', '，', '情节', '无聊', '。']","['田', '彡', '艹', '奏', '忄', '，', '情', '艹', '无', '聊', '。']","['n', 'n', 'a', 'x', 'n', 'a', 'x']",Neutral,Low,Neutral,Neutral
CFGECD_0792,产品质量很坏，让人失望。,"['产品质量', '很坏', '，', '让', '人', '失望', '。']","['产', '品', '贝', '里', '很', '土', '，', '讠', '人', '失', '望', '。']","['n', 'd', 'a', 'x', 'v', 'n', 'v', 'x']",Neutral,Low,Neutral,Neutral
CFGECD_0793,这部电影的剧情让我感到惊喜。,"['这部', '电影', '的', '剧情', '让', '我', '感到', '惊喜', '。']","['辶', '部', '田', '彡', '白', '剧', '情', '讠', '我', '感', '到', '忄', '口', '。']","['r', 'n', 'uj', 'n', 'v', 'r', 'v', 'a', 'x']",Positive,High,Surprise,Positive
CFGECD_0794,那条路每天都有很多车。,"['那条', '路', '每天', '都', '有', '很多', '车', '。']","['那', '条', '路', '每', '大', '都', '有', '很', '多', '车', '。']","['mq', 'n', 'r', 'd', 'v', 'm', 'zg', 'x']",Neutral,Low,Neutral,Neutral
CFGECD_0795,桌子是木头做的。,"['桌子', '是', '木头', '做', '的', '。']","['桌', '子', '是', '木', '头', '做', '白', '。']","['n', 'v', 'n', 'v', 'uj', 'x']",Neutral,Low,Neutral,Neutral
CFGECD_0796,他的表演打动了观众。,"['他', '的', '表演', '打动', '了', '观众', '。']","['他', '白', '表', '演', '手', '力', '了', '观', '众', '。']","['r', 'uj', 'v', 'v', 'ul', 'n', 'x']",Positive,Medium,Joy,Positive
CFGECD_0797,服务质量令人满意。,"['服务质量', '令人满意', '。']","['月', '力', '贝', '里', '令', '人', '氵', '心', '。']","['n', 'l', 'x']",Neutral,Low,Neutral,Neutral
CFGECD_0798,那条路每天都有很多车。,"['那条', '路', '每天', '都', '有', '很多', '车', '。']","['那', '条', '路', '每', '大', '都', '有', '很', '多', '车', '。']","['mq', 'n', 'r', 'd', 'v', 'm', 'zg', 'x']",Neutral,Low,Neutral,Neutral
CFGECD_0799,这家店的服务态度差劲。,"['这家', '店', '的', '服务态度', '差劲', '。']","['辶', '家', '店', '白', '月', '力', '态', '度', '工', '劲', '。']","['r', 'n', 'uj', 'n', 'n', 'x']",Negative,Medium,Disgust,Negative
CFGECD_0800,这家餐厅的菜非常美味。,"['这家', '餐厅', '的', '菜', '非常', '美味', '。']","['辶', '家', '餐', '厅', '白', '菜', '非', '常', '羊', '口', '。']","['r', 'n', 'uj', 'n', 'd', 'nz', 'x']",Positive,Medium,Joy,Positive
CFGECD_0801,这家餐厅的菜非常美味。,"['这家', '餐厅', '的', '菜', '非常', '美味', '。']","['辶', '家', '餐', '厅', '白', '菜', '非', '常', '羊', '口', '。']","['r', 'n', 'uj', 'n', 'd', 'nz', 'x']",Positive,Medium,Joy,Positive
CFGECD_0802,今天的天气很舒服。,"['今天', '的', '天气', '很', '舒服', '。']","['今', '大', '白', '大', '气', '很', '舒', '月', '。']","['t', 'uj', 'n', 'zg', 'a', 'x']",Positive,Low,Joy,Positive
CFGECD_0803,他正在看一本书。,"['他', '正在', '看一', '本书', '。']","['他', '正', '在', '看', '一', '本', '书', '。']","['r', 't', 'v', 'm', 'r', 'x']",Neutral,Low,Neutral,Neutral
CFGECD_0804,今天的天气很糟糕。,"['今天', '的', '天气', '很', '糟糕', '。']","['今', '大', '白', '大', '气', '很', '米', '米', '。']","['t', 'uj', 'n', 'zg', 'a', 'x']",Negative,High,Disgust,Negative
CFGECD_0805,产品做工精细，使用体验很好。,"['产品', '做工', '精细', '，', '使用', '体验', '很', '好', '。']","['产', '品', '做', '工', '精', '纟', '，', '使', '用', '体', '验', '很', '女', '。']","['n', 'v', 'a', 'x', 'v', 'n', 'd', 'a', 'x']",Neutral,Low,Neutral,Neutral
CFGECD_0806,电影节奏慢，情节无聊。,"['电影', '节奏', '慢', '，', '情节', '无聊', '。']","['田', '彡', '艹', '奏', '忄', '，', '情', '艹', '无', '聊', '。']","['n', 'n', 'a', 'x', 'n', 'a', 'x']",Neutral,Low,Neutral,Neutral
CFGECD_0807,产品质量很坏，让人失望。,"['产品质量', '很坏', '，', '让', '人', '失望', '。']","['产', '品', '贝', '里', '很', '土', '，', '讠', '人', '失', '望', '。']","['n', 'd', 'a', 'x', 'v', 'n', 'v', 'x']",Neutral,Low,Neutral,Neutral
CFGECD_0808,这个手机的电池续航简直是个笑话。,"['这个', '手机', '的', '电池', '续航', '简直', '是', '个', '笑话', '。']","['辶', '人', '手', '木', '白', '田', '水', '纟', '舟', '竹', '十', '是', '人', '竹', '讠', '。']","['r', 'n', 'uj', 'n', 'nr', 'd', 'v', 'q', 'n', 'x']",Negative,High,Disgust,Negative
CFGECD_0809,食物的味道非常糟糕。,"['食物', '的', '味道', '非常', '糟糕', '。']","['食', '物', '白', '口', '道', '非', '常', '米', '米', '。']","['n', 'uj', 'n', 'd', 'a', 'x']",Negative,High,Disgust,Negative
CFGECD_0810,这家餐厅的菜非常美味。,"['这家', '餐厅', '的', '菜', '非常', '美味', '。']","['辶', '家', '餐', '厅', '白', '菜', '非', '常', '羊', '口', '。']","['r', 'n', 'uj', 'n', 'd', 'nz', 'x']",Positive,Medium,Joy,Positive
CFGECD_0811,这部电影的剧情让我感到惊喜。,"['这部', '电影', '的', '剧情', '让', '我', '感到', '惊喜', '。']","['辶', '部', '田', '彡', '白', '剧', '情', '讠', '我', '感', '到', '忄', '口', '。']","['r', 'n', 'uj', 'n', 'v', 'r', 'v', 'a', 'x']",Positive,High,Surprise,Positive
CFGECD_0812,今天的天气很舒服。,"['今天', '的', '天气', '很', '舒服', '。']","['今', '大', '白', '大', '气', '很', '舒', '月', '。']","['t', 'uj', 'n', 'zg', 'a', 'x']",Positive,Low,Joy,Positive
CFGECD_0813,他的表演打动了观众。,"['他', '的', '表演', '打动', '了', '观众', '。']","['他', '白', '表', '演', '手', '力', '了', '观', '众', '。']","['r', 'uj', 'v', 'v', 'ul', 'n', 'x']",Positive,Medium,Joy,Positive
CFGECD_0814,今天的天气很舒服。,"['今天', '的', '天气', '很', '舒服', '。']","['今', '大', '白', '大', '气', '很', '舒', '月', '。']","['t', 'uj', 'n', 'zg', 'a', 'x']",Positive,Low,Joy,Positive
CFGECD_0815,这个手机的电池续航简直是个笑话。,"['这个', '手机', '的', '电池', '续航', '简直', '是', '个', '笑话', '。']","['辶', '人', '手', '木', '白', '田', '水', '纟', '舟', '竹', '十', '是', '人', '竹', '讠', '。']","['r', 'n', 'uj', 'n', 'nr', 'd', 'v', 'q', 'n', 'x']",Negative,High,Disgust,Negative
CFGECD_0816,那条路每天都有很多车。,"['那条', '路', '每天', '都', '有', '很多', '车', '。']","['那', '条', '路', '每', '大', '都', '有', '很', '多', '车', '。']","['mq', 'n', 'r', 'd', 'v', 'm', 'zg', 'x']",Neutral,Low,Neutral,Neutral
CFGECD_0817,产品质量很坏，让人失望。,"['产品质量', '很坏', '，', '让', '人', '失望', '。']","['产', '品', '贝', '里', '很', '土', '，', '讠', '人', '失', '望', '。']","['n', 'd', 'a', 'x', 'v', 'n', 'v', 'x']",Neutral,Low,Neutral,Neutral
CFGECD_0818,这家商店早上九点开门。,"['这家', '商店', '早上', '九点', '开门', '。']","['辶', '家', '商', '店', '早', '上', '九', '点', '开', '门', '。']","['r', 'n', 't', 'm', 'v', 'x']",Neutral,Low,Neutral,Neutral
CFGECD_0819,这个手机的电池续航简直是个笑话。,"['这个', '手机', '的', '电池', '续航', '简直', '是', '个', '笑话', '。']","['辶', '人', '手', '木', '白', '田', '水', '纟', '舟', '竹', '十', '是', '人', '竹', '讠', '。']","['r', 'n', 'uj', 'n', 'nr', 'd', 'v', 'q', 'n', 'x']",Negative,High,Disgust,Negative
CFGECD_0820,电影节奏慢，情节无聊。,"['电影', '节奏', '慢', '，', '情节', '无聊', '。']","['田', '彡', '艹', '奏', '忄', '，', '情', '艹', '无', '聊', '。']","['n', 'n', 'a', 'x', 'n', 'a', 'x']",Neutral,Low,Neutral,Neutral
CFGECD_0821,桌子是木头做的。,"['桌子', '是', '木头', '做', '的', '。']","['桌', '子', '是', '木', '头', '做', '白', '。']","['n', 'v', 'n', 'v', 'uj', 'x']",Neutral,Low,Neutral,Neutral
CFGECD_0822,今天的天气很舒服。,"['今天', '的', '天气', '很', '舒服', '。']","['今', '大', '白', '大', '气', '很', '舒', '月', '。']","['t', 'uj', 'n', 'zg', 'a', 'x']",Positive,Low,Joy,Positive
CFGECD_0823,这个手机的电池续航简直是个笑话。,"['这个', '手机', '的', '电池', '续航', '简直', '是', '个', '笑话', '。']","['辶', '人', '手', '木', '白', '田', '水', '纟', '舟', '竹', '十', '是', '人', '竹', '讠', '。']","['r', 'n', 'uj', 'n', 'nr', 'd', 'v', 'q', 'n', 'x']",Negative,High,Disgust,Negative
CFGECD_0824,服务质量令人满意。,"['服务质量', '令人满意', '。']","['月', '力', '贝', '里', '令', '人', '氵', '心', '。']","['n', 'l', 'x']",Neutral,Low,Neutral,Neutral
CFGECD_0825,食物的味道非常糟糕。,"['食物', '的', '味道', '非常', '糟糕', '。']","['食', '物', '白', '口', '道', '非', '常', '米', '米', '。']","['n', 'uj', 'n', 'd', 'a', 'x']",Negative,High,Disgust,Negative
CFGECD_0826,这家餐厅的菜非常美味。,"['这家', '餐厅', '的', '菜', '非常', '美味', '。']","['辶', '家', '餐', '厅', '白', '菜', '非', '常', '羊', '口', '。']","['r', 'n', 'uj', 'n', 'd', 'nz', 'x']",Positive,Medium,Joy,Positive
CFGECD_0827,产品质量很坏，让人失望。,"['产品质量', '很坏', '，', '让', '人', '失望', '。']","['产', '品', '贝', '里', '很', '土', '，', '讠', '人', '失', '望', '。']","['n', 'd', 'a', 'x', 'v', 'n', 'v', 'x']",Neutral,Low,Neutral,Neutral
CFGECD_0828,桌子是木头做的。,"['桌子', '是', '木头', '做', '的', '。']","['桌', '子', '是', '木', '头', '做', '白', '。']","['n', 'v', 'n', 'v', 'uj', 'x']",Neutral,Low,Neutral,Neutral
CFGECD_0829,今天的天气很糟糕。,"['今天', '的', '天气', '很', '糟糕', '。']","['今', '大', '白', '大', '气', '很', '米', '米', '。']","['t', 'uj', 'n', 'zg', 'a', 'x']",Negative,High,Disgust,Negative
CFGECD_0830,这家餐厅的菜非常美味。,"['这家', '餐厅', '的', '菜', '非常', '美味', '。']","['辶', '家', '餐', '厅', '白', '菜', '非', '常', '羊', '口', '。']","['r', 'n', 'uj', 'n', 'd', 'nz', 'x']",Positive,Medium,Joy,Positive
CFGECD_0831,我今天去超市买了米和菜。,"['我', '今天', '去', '超市', '买', '了', '米', '和', '菜', '。']","['我', '今', '大', '去', '超', '市', '买', '了', '米', '和', '菜', '。']","['r', 't', 'v', 'v', 'v', 'ul', 'q', 'c', 'n', 'x']",Neutral,Low,Neutral,Neutral
CFGECD_0832,他正在看一本书。,"['他', '正在', '看一', '本书', '。']","['他', '正', '在', '看', '一', '本', '书', '。']","['r', 't', 'v', 'm', 'r', 'x']",Neutral,Low,Neutral,Neutral
CFGECD_0833,这家商店早上九点开门。,"['这家', '商店', '早上', '九点', '开门', '。']","['辶', '家', '商', '店', '早', '上', '九', '点', '开', '门', '。']","['r', 'n', 't', 'm', 'v', 'x']",Neutral,Low,Neutral,Neutral
CFGECD_0834,他的表演打动了观众。,"['他', '的', '表演', '打动', '了', '观众', '。']","['他', '白', '表', '演', '手', '力', '了', '观', '众', '。']","['r', 'uj', 'v', 'v', 'ul', 'n', 'x']",Positive,Medium,Joy,Positive
CFGECD_0835,这家店的服务态度差劲。,"['这家', '店', '的', '服务态度', '差劲', '。']","['辶', '家', '店', '白', '月', '力', '态', '度', '工', '劲', '。']","['r', 'n', 'uj', 'n', 'n', 'x']",Negative,Medium,Disgust,Negative
CFGECD_0836,这是一个普通的工作日。,"['这是', '一个', '普通', '的', '工作日', '。']","['辶', '是', '一', '人', '普', '通', '白', '工', '作', '日', '。']","['r', 'v', 'm', 'nz', 'uj', 'n', 'x']",Neutral,Low,Neutral,Neutral
CFGECD_0837,食物的味道非常糟糕。,"['食物', '的', '味道', '非常', '糟糕', '。']","['食', '物', '白', '口', '道', '非', '常', '米', '米', '。']","['n', 'uj', 'n', 'd', 'a', 'x']",Negative,High,Disgust,Negative
CFGECD_0838,我今天去超市买了米和菜。,"['我', '今天', '去', '超市', '买', '了', '米', '和', '菜', '。']","['我', '今', '大', '去', '超', '市', '买', '了', '米', '和', '菜', '。']","['r', 't', 'v', 'v', 'v', 'ul', 'q', 'c', 'n', 'x']",Neutral,Low,Neutral,Neutral
CFGECD_0839,这家店的服务态度差劲。,"['这家', '店', '的', '服务态度', '差劲', '。']","['辶', '家', '店', '白', '月', '力', '态', '度', '工', '劲', '。']","['r', 'n', 'uj', 'n', 'n', 'x']",Negative,Medium,Disgust,Negative
CFGECD_0840,这家商店早上九点开门。,"['这家', '商店', '早上', '九点', '开门', '。']","['辶', '家', '商', '店', '早', '上', '九', '点', '开', '门', '。']","['r', 'n', 't', 'm', 'v', 'x']",Neutral,Low,Neutral,Neutral
CFGECD_0841,这家餐厅的菜非常美味。,"['这家', '餐厅', '的', '菜', '非常', '美味', '。']","['辶', '家', '餐', '厅', '白', '菜', '非', '常', '羊', '口', '。']","['r', 'n', 'uj', 'n', 'd', 'nz', 'x']",Positive,Medium,Joy,Positive
CFGECD_0842,桌子是木头做的。,"['桌子', '是', '木头', '做', '的', '。']","['桌', '子', '是', '木', '头', '做', '白', '。']","['n', 'v', 'n', 'v', 'uj', 'x']",Neutral,Low,Neutral,Neutral
CFGECD_0843,我今天去超市买了米和菜。,"['我', '今天', '去', '超市', '买', '了', '米', '和', '菜', '。']","['我', '今', '大', '去', '超', '市', '买', '了', '米', '和', '菜', '。']","['r', 't', 'v', 'v', 'v', 'ul', 'q', 'c', 'n', 'x']",Neutral,Low,Neutral,Neutral
CFGECD_0844,服务质量令人满意。,"['服务质量', '令人满意', '。']","['月', '力', '贝', '里', '令', '人', '氵', '心', '。']","['n', 'l', 'x']",Neutral,Low,Neutral,Neutral
CFGECD_0845,这个手机的电池续航简直是个笑话。,"['这个', '手机', '的', '电池', '续航', '简直', '是', '个', '笑话', '。']","['辶', '人', '手', '木', '白', '田', '水', '纟', '舟', '竹', '十', '是', '人', '竹', '讠', '。']","['r', 'n', 'uj', 'n', 'nr', 'd', 'v', 'q', 'n', 'x']",Negative,High,Disgust,Negative
CFGECD_0846,他正在看一本书。,"['他', '正在', '看一', '本书', '。']","['他', '正', '在', '看', '一', '本', '书', '。']","['r', 't', 'v', 'm', 'r', 'x']",Neutral,Low,Neutral,Neutral
CFGECD_0847,产品做工精细，使用体验很好。,"['产品', '做工', '精细', '，', '使用', '体验', '很', '好', '。']","['产', '品', '做', '工', '精', '纟', '，', '使', '用', '体', '验', '很', '女', '。']","['n', 'v', 'a', 'x', 'v', 'n', 'd', 'a', 'x']",Neutral,Low,Neutral,Neutral
CFGECD_0848,产品做工精细，使用体验很好。,"['产品', '做工', '精细', '，', '使用', '体验', '很', '好', '。']","['产', '品', '做', '工', '精', '纟', '，', '使', '用', '体', '验', '很', '女', '。']","['n', 'v', 'a', 'x', 'v', 'n', 'd', 'a', 'x']",Neutral,Low,Neutral,Neutral
CFGECD_0849,电影节奏慢，情节无聊。,"['电影', '节奏', '慢', '，', '情节', '无聊', '。']","['田', '彡', '艹', '奏', '忄', '，', '情', '艹', '无', '聊', '。']","['n', 'n', 'a', 'x', 'n', 'a', 'x']",Neutral,Low,Neutral,Neutral
CFGECD_0850,这部电影的剧情让我感到惊喜。,"['这部', '电影', '的', '剧情', '让', '我', '感到', '惊喜', '。']","['辶', '部', '田', '彡', '白', '剧', '情', '讠', '我', '感', '到', '忄', '口', '。']","['r', 'n', 'uj', 'n', 'v', 'r', 'v', 'a', 'x']",Positive,High,Surprise,Positive
CFGECD_0851,产品质量很坏，让人失望。,"['产品质量', '很坏', '，', '让', '人', '失望', '。']","['产', '品', '贝', '里', '很', '土', '，', '讠', '人', '失', '望', '。']","['n', 'd', 'a', 'x', 'v', 'n', 'v', 'x']",Neutral,Low,Neutral,Neutral
CFGECD_0852,食物的味道非常糟糕。,"['食物', '的', '味道', '非常', '糟糕', '。']","['食', '物', '白', '口', '道', '非', '常', '米', '米', '。']","['n', 'uj', 'n', 'd', 'a', 'x']",Negative,High,Disgust,Negative
CFGECD_0853,这家商店早上九点开门。,"['这家', '商店', '早上', '九点', '开门', '。']","['辶', '家', '商', '店', '早', '上', '九', '点', '开', '门', '。']","['r', 'n', 't', 'm', 'v', 'x']",Neutral,Low,Neutral,Neutral
CFGECD_0854,产品质量很坏，让人失望。,"['产品质量', '很坏', '，', '让', '人', '失望', '。']","['产', '品', '贝', '里', '很', '土', '，', '讠', '人', '失', '望', '。']","['n', 'd', 'a', 'x', 'v', 'n', 'v', 'x']",Neutral,Low,Neutral,Neutral
CFGECD_0855,今天的天气很舒服。,"['今天', '的', '天气', '很', '舒服', '。']","['今', '大', '白', '大', '气', '很', '舒', '月', '。']","['t', 'uj', 'n', 'zg', 'a', 'x']",Positive,Low,Joy,Positive
CFGECD_0856,服务质量令人满意。,"['服务质量', '令人满意', '。']","['月', '力', '贝', '里', '令', '人', '氵', '心', '。']","['n', 'l', 'x']",Neutral,Low,Neutral,Neutral
CFGECD_0857,这家餐厅的菜非常美味。,"['这家', '餐厅', '的', '菜', '非常', '美味', '。']","['辶', '家', '餐', '厅', '白', '菜', '非', '常', '羊', '口', '。']","['r', 'n', 'uj', 'n', 'd', 'nz', 'x']",Positive,Medium,Joy,Positive
CFGECD_0858,产品做工精细，使用体验很好。,"['产品', '做工', '精细', '，', '使用', '体验', '很', '好', '。']","['产', '品', '做', '工', '精', '纟', '，', '使', '用', '体', '验', '很', '女', '。']","['n', 'v', 'a', 'x', 'v', 'n', 'd', 'a', 'x']",Neutral,Low,Neutral,Neutral
CFGECD_0859,这家店的服务态度差劲。,"['这家', '店', '的', '服务态度', '差劲', '。']","['辶', '家', '店', '白', '月', '力', '态', '度', '工', '劲', '。']","['r', 'n', 'uj', 'n', 'n', 'x']",Negative,Medium,Disgust,Negative
CFGECD_0860,今天的天气很糟糕。,"['今天', '的', '天气', '很', '糟糕', '。']","['今', '大', '白', '大', '气', '很', '米', '米', '。']","['t', 'uj', 'n', 'zg', 'a', 'x']",Negative,High,Disgust,Negative
CFGECD_0861,那条路每天都有很多车。,"['那条', '路', '每天', '都', '有', '很多', '车', '。']","['那', '条', '路', '每', '大', '都', '有', '很', '多', '车', '。']","['mq', 'n', 'r', 'd', 'v', 'm', 'zg', 'x']",Neutral,Low,Neutral,Neutral
CFGECD_0862,桌子是木头做的。,"['桌子', '是', '木头', '做', '的', '。']","['桌', '子', '是', '木', '头', '做', '白', '。']","['n', 'v', 'n', 'v', 'uj', 'x']",Neutral,Low,Neutral,Neutral
CFGECD_0863,他的表演打动了观众。,"['他', '的', '表演', '打动', '了', '观众', '。']","['他', '白', '表', '演', '手', '力', '了', '观', '众', '。']","['r', 'uj', 'v', 'v', 'ul', 'n', 'x']",Positive,Medium,Joy,Positive
CFGECD_0864,这家餐厅的菜非常美味。,"['这家', '餐厅', '的', '菜', '非常', '美味', '。']","['辶', '家', '餐', '厅', '白', '菜', '非', '常', '羊', '口', '。']","['r', 'n', 'uj', 'n', 'd', 'nz', 'x']",Positive,Medium,Joy,Positive
CFGECD_0865,这是一个普通的工作日。,"['这是', '一个', '普通', '的', '工作日', '。']","['辶', '是', '一', '人', '普', '通', '白', '工', '作', '日', '。']","['r', 'v', 'm', 'nz', 'uj', 'n', 'x']",Neutral,Low,Neutral,Neutral
CFGECD_0866,电影节奏慢，情节无聊。,"['电影', '节奏', '慢', '，', '情节', '无聊', '。']","['田', '彡', '艹', '奏', '忄', '，', '情', '艹', '无', '聊', '。']","['n', 'n', 'a', 'x', 'n', 'a', 'x']",Neutral,Low,Neutral,Neutral
CFGECD_0867,电影节奏慢，情节无聊。,"['电影', '节奏', '慢', '，', '情节', '无聊', '。']","['田', '彡', '艹', '奏', '忄', '，', '情', '艹', '无', '聊', '。']","['n', 'n', 'a', 'x', 'n', 'a', 'x']",Neutral,Low,Neutral,Neutral
CFGECD_0868,这家商店早上九点开门。,"['这家', '商店', '早上', '九点', '开门', '。']","['辶', '家', '商', '店', '早', '上', '九', '点', '开', '门', '。']","['r', 'n', 't', 'm', 'v', 'x']",Neutral,Low,Neutral,Neutral
CFGECD_0869,产品质量很坏，让人失望。,"['产品质量', '很坏', '，', '让', '人', '失望', '。']","['产', '品', '贝', '里', '很', '土', '，', '讠', '人', '失', '望', '。']","['n', 'd', 'a', 'x', 'v', 'n', 'v', 'x']",Neutral,Low,Neutral,Neutral
CFGECD_0870,桌子是木头做的。,"['桌子', '是', '木头', '做', '的', '。']","['桌', '子', '是', '木', '头', '做', '白', '。']","['n', 'v', 'n', 'v', 'uj', 'x']",Neutral,Low,Neutral,Neutral
CFGECD_0871,他正在看一本书。,"['他', '正在', '看一', '本书', '。']","['他', '正', '在', '看', '一', '本', '书', '。']","['r', 't', 'v', 'm', 'r', 'x']",Neutral,Low,Neutral,Neutral
CFGECD_0872,食物的味道非常糟糕。,"['食物', '的', '味道', '非常', '糟糕', '。']","['食', '物', '白', '口', '道', '非', '常', '米', '米', '。']","['n', 'uj', 'n', 'd', 'a', 'x']",Negative,High,Disgust,Negative
CFGECD_0873,这个手机的电池续航简直是个笑话。,"['这个', '手机', '的', '电池', '续航', '简直', '是', '个', '笑话', '。']","['辶', '人', '手', '木', '白', '田', '水', '纟', '舟', '竹', '十', '是', '人', '竹', '讠', '。']","['r', 'n', 'uj', 'n', 'nr', 'd', 'v', 'q', 'n', 'x']",Negative,High,Disgust,Negative
CFGECD_0874,这个手机的电池续航简直是个笑话。,"['这个', '手机', '的', '电池', '续航', '简直', '是', '个', '笑话', '。']","['辶', '人', '手', '木', '白', '田', '水', '纟', '舟', '竹', '十', '是', '人', '竹', '讠', '。']","['r', 'n', 'uj', 'n', 'nr', 'd', 'v', 'q', 'n', 'x']",Negative,High,Disgust,Negative
CFGECD_0875,这部电影的剧情让我感到惊喜。,"['这部', '电影', '的', '剧情', '让', '我', '感到', '惊喜', '。']","['辶', '部', '田', '彡', '白', '剧', '情', '讠', '我', '感', '到', '忄', '口', '。']","['r', 'n', 'uj', 'n', 'v', 'r', 'v', 'a', 'x']",Positive,High,Surprise,Positive
CFGECD_0876,这部电影的剧情让我感到惊喜。,"['这部', '电影', '的', '剧情', '让', '我', '感到', '惊喜', '。']","['辶', '部', '田', '彡', '白', '剧', '情', '讠', '我', '感', '到', '忄', '口', '。']","['r', 'n', 'uj', 'n', 'v', 'r', 'v', 'a', 'x']",Positive,High,Surprise,Positive
CFGECD_0877,产品质量很坏，让人失望。,"['产品质量', '很坏', '，', '让', '人', '失望', '。']","['产', '品', '贝', '里', '很', '土', '，', '讠', '人', '失', '望', '。']","['n', 'd', 'a', 'x', 'v', 'n', 'v', 'x']",Neutral,Low,Neutral,Neutral
CFGECD_0878,这家商店早上九点开门。,"['这家', '商店', '早上', '九点', '开门', '。']","['辶', '家', '商', '店', '早', '上', '九', '点', '开', '门', '。']","['r', 'n', 't', 'm', 'v', 'x']",Neutral,Low,Neutral,Neutral
CFGECD_0879,今天的天气很舒服。,"['今天', '的', '天气', '很', '舒服', '。']","['今', '大', '白', '大', '气', '很', '舒', '月', '。']","['t', 'uj', 'n', 'zg', 'a', 'x']",Positive,Low,Joy,Positive
CFGECD_0880,桌子是木头做的。,"['桌子', '是', '木头', '做', '的', '。']","['桌', '子', '是', '木', '头', '做', '白', '。']","['n', 'v', 'n', 'v', 'uj', 'x']",Neutral,Low,Neutral,Neutral
CFGECD_0881,电影节奏慢，情节无聊。,"['电影', '节奏', '慢', '，', '情节', '无聊', '。']","['田', '彡', '艹', '奏', '忄', '，', '情', '艹', '无', '聊', '。']","['n', 'n', 'a', 'x', 'n', 'a', 'x']",Neutral,Low,Neutral,Neutral
CFGECD_0882,这家商店早上九点开门。,"['这家', '商店', '早上', '九点', '开门', '。']","['辶', '家', '商', '店', '早', '上', '九', '点', '开', '门', '。']","['r', 'n', 't', 'm', 'v', 'x']",Neutral,Low,Neutral,Neutral
CFGECD_0883,今天的天气很舒服。,"['今天', '的', '天气', '很', '舒服', '。']","['今', '大', '白', '大', '气', '很', '舒', '月', '。']","['t', 'uj', 'n', 'zg', 'a', 'x']",Positive,Low,Joy,Positive
CFGECD_0884,桌子是木头做的。,"['桌子', '是', '木头', '做', '的', '。']","['桌', '子', '是', '木', '头', '做', '白', '。']","['n', 'v', 'n', 'v', 'uj', 'x']",Neutral,Low,Neutral,Neutral
CFGECD_0885,今天的天气很糟糕。,"['今天', '的', '天气', '很', '糟糕', '。']","['今', '大', '白', '大', '气', '很', '米', '米', '。']","['t', 'uj', 'n', 'zg', 'a', 'x']",Negative,High,Disgust,Negative
CFGECD_0886,今天的天气很糟糕。,"['今天', '的', '天气', '很', '糟糕', '。']","['今', '大', '白', '大', '气', '很', '米', '米', '。']","['t', 'uj', 'n', 'zg', 'a', 'x']",Negative,High,Disgust,Negative
CFGECD_0887,这个手机的电池续航简直是个笑话。,"['这个', '手机', '的', '电池', '续航', '简直', '是', '个', '笑话', '。']","['辶', '人', '手', '木', '白', '田', '水', '纟', '舟', '竹', '十', '是', '人', '竹', '讠', '。']","['r', 'n', 'uj', 'n', 'nr', 'd', 'v', 'q', 'n', 'x']",Negative,High,Disgust,Negative
CFGECD_0888,这个手机的电池续航简直是个笑话。,"['这个', '手机', '的', '电池', '续航', '简直', '是', '个', '笑话', '。']","['辶', '人', '手', '木', '白', '田', '水', '纟', '舟', '竹', '十', '是', '人', '竹', '讠', '。']","['r', 'n', 'uj', 'n', 'nr', 'd', 'v', 'q', 'n', 'x']",Negative,High,Disgust,Negative
CFGECD_0889,这家商店早上九点开门。,"['这家', '商店', '早上', '九点', '开门', '。']","['辶', '家', '商', '店', '早', '上', '九', '点', '开', '门', '。']","['r', 'n', 't', 'm', 'v', 'x']",Neutral,Low,Neutral,Neutral
CFGECD_0890,我今天去超市买了米和菜。,"['我', '今天', '去', '超市', '买', '了', '米', '和', '菜', '。']","['我', '今', '大', '去', '超', '市', '买', '了', '米', '和', '菜', '。']","['r', 't', 'v', 'v', 'v', 'ul', 'q', 'c', 'n', 'x']",Neutral,Low,Neutral,Neutral
CFGECD_0891,这是一个普通的工作日。,"['这是', '一个', '普通', '的', '工作日', '。']","['辶', '是', '一', '人', '普', '通', '白', '工', '作', '日', '。']","['r', 'v', 'm', 'nz', 'uj', 'n', 'x']",Neutral,Low,Neutral,Neutral
CFGECD_0892,他正在看一本书。,"['他', '正在', '看一', '本书', '。']","['他', '正', '在', '看', '一', '本', '书', '。']","['r', 't', 'v', 'm', 'r', 'x']",Neutral,Low,Neutral,Neutral
CFGECD_0893,产品质量很坏，让人失望。,"['产品质量', '很坏', '，', '让', '人', '失望', '。']","['产', '品', '贝', '里', '很', '土', '，', '讠', '人', '失', '望', '。']","['n', 'd', 'a', 'x', 'v', 'n', 'v', 'x']",Neutral,Low,Neutral,Neutral
CFGECD_0894,这家餐厅的菜非常美味。,"['这家', '餐厅', '的', '菜', '非常', '美味', '。']","['辶', '家', '餐', '厅', '白', '菜', '非', '常', '羊', '口', '。']","['r', 'n', 'uj', 'n', 'd', 'nz', 'x']",Positive,Medium,Joy,Positive
CFGECD_0895,那条路每天都有很多车。,"['那条', '路', '每天', '都', '有', '很多', '车', '。']","['那', '条', '路', '每', '大', '都', '有', '很', '多', '车', '。']","['mq', 'n', 'r', 'd', 'v', 'm', 'zg', 'x']",Neutral,Low,Neutral,Neutral
CFGECD_0896,食物的味道非常糟糕。,"['食物', '的', '味道', '非常', '糟糕', '。']","['食', '物', '白', '口', '道', '非', '常', '米', '米', '。']","['n', 'uj', 'n', 'd', 'a', 'x']",Negative,High,Disgust,Negative
CFGECD_0897,产品质量很坏，让人失望。,"['产品质量', '很坏', '，', '让', '人', '失望', '。']","['产', '品', '贝', '里', '很', '土', '，', '讠', '人', '失', '望', '。']","['n', 'd', 'a', 'x', 'v', 'n', 'v', 'x']",Neutral,Low,Neutral,Neutral
CFGECD_0898,这个手机的电池续航简直是个笑话。,"['这个', '手机', '的', '电池', '续航', '简直', '是', '个', '笑话', '。']","['辶', '人', '手', '木', '白', '田', '水', '纟', '舟', '竹', '十', '是', '人', '竹', '讠', '。']","['r', 'n', 'uj', 'n', 'nr', 'd', 'v', 'q', 'n', 'x']",Negative,High,Disgust,Negative
CFGECD_0899,产品做工精细，使用体验很好。,"['产品', '做工', '精细', '，', '使用', '体验', '很', '好', '。']","['产', '品', '做', '工', '精', '纟', '，', '使', '用', '体', '验', '很', '女', '。']","['n', 'v', 'a', 'x', 'v', 'n', 'd', 'a', 'x']",Neutral,Low,Neutral,Neutral
CFGECD_0900,这家店的服务态度差劲。,"['这家', '店', '的', '服务态度', '差劲', '。']","['辶', '家', '店', '白', '月', '力', '态', '度', '工', '劲', '。']","['r', 'n', 'uj', 'n', 'n', 'x']",Negative,Medium,Disgust,Negative
CFGECD_0901,桌子是木头做的。,"['桌子', '是', '木头', '做', '的', '。']","['桌', '子', '是', '木', '头', '做', '白', '。']","['n', 'v', 'n', 'v', 'uj', 'x']",Neutral,Low,Neutral,Neutral
CFGECD_0902,电影节奏慢，情节无聊。,"['电影', '节奏', '慢', '，', '情节', '无聊', '。']","['田', '彡', '艹', '奏', '忄', '，', '情', '艹', '无', '聊', '。']","['n', 'n', 'a', 'x', 'n', 'a', 'x']",Neutral,Low,Neutral,Neutral
CFGECD_0903,这家商店早上九点开门。,"['这家', '商店', '早上', '九点', '开门', '。']","['辶', '家', '商', '店', '早', '上', '九', '点', '开', '门', '。']","['r', 'n', 't', 'm', 'v', 'x']",Neutral,Low,Neutral,Neutral
CFGECD_0904,这家餐厅的菜非常美味。,"['这家', '餐厅', '的', '菜', '非常', '美味', '。']","['辶', '家', '餐', '厅', '白', '菜', '非', '常', '羊', '口', '。']","['r', 'n', 'uj', 'n', 'd', 'nz', 'x']",Positive,Medium,Joy,Positive
CFGECD_0905,这是一个普通的工作日。,"['这是', '一个', '普通', '的', '工作日', '。']","['辶', '是', '一', '人', '普', '通', '白', '工', '作', '日', '。']","['r', 'v', 'm', 'nz', 'uj', 'n', 'x']",Neutral,Low,Neutral,Neutral
CFGECD_0906,产品质量很坏，让人失望。,"['产品质量', '很坏', '，', '让', '人', '失望', '。']","['产', '品', '贝', '里', '很', '土', '，', '讠', '人', '失', '望', '。']","['n', 'd', 'a', 'x', 'v', 'n', 'v', 'x']",Neutral,Low,Neutral,Neutral
CFGECD_0907,桌子是木头做的。,"['桌子', '是', '木头', '做', '的', '。']","['桌', '子', '是', '木', '头', '做', '白', '。']","['n', 'v', 'n', 'v', 'uj', 'x']",Neutral,Low,Neutral,Neutral
CFGECD_0908,食物的味道非常糟糕。,"['食物', '的', '味道', '非常', '糟糕', '。']","['食', '物', '白', '口', '道', '非', '常', '米', '米', '。']","['n', 'uj', 'n', 'd', 'a', 'x']",Negative,High,Disgust,Negative
CFGECD_0909,这部电影的剧情让我感到惊喜。,"['这部', '电影', '的', '剧情', '让', '我', '感到', '惊喜', '。']","['辶', '部', '田', '彡', '白', '剧', '情', '讠', '我', '感', '到', '忄', '口', '。']","['r', 'n', 'uj', 'n', 'v', 'r', 'v', 'a', 'x']",Positive,High,Surprise,Positive
CFGECD_0910,他的表演打动了观众。,"['他', '的', '表演', '打动', '了', '观众', '。']","['他', '白', '表', '演', '手', '力', '了', '观', '众', '。']","['r', 'uj', 'v', 'v', 'ul', 'n', 'x']",Positive,Medium,Joy,Positive
CFGECD_0911,电影节奏慢，情节无聊。,"['电影', '节奏', '慢', '，', '情节', '无聊', '。']","['田', '彡', '艹', '奏', '忄', '，', '情', '艹', '无', '聊', '。']","['n', 'n', 'a', 'x', 'n', 'a', 'x']",Neutral,Low,Neutral,Neutral
CFGECD_0912,产品质量很坏，让人失望。,"['产品质量', '很坏', '，', '让', '人', '失望', '。']","['产', '品', '贝', '里', '很', '土', '，', '讠', '人', '失', '望', '。']","['n', 'd', 'a', 'x', 'v', 'n', 'v', 'x']",Neutral,Low,Neutral,Neutral
CFGECD_0913,这是一个普通的工作日。,"['这是', '一个', '普通', '的', '工作日', '。']","['辶', '是', '一', '人', '普', '通', '白', '工', '作', '日', '。']","['r', 'v', 'm', 'nz', 'uj', 'n', 'x']",Neutral,Low,Neutral,Neutral
CFGECD_0914,这家店的服务态度差劲。,"['这家', '店', '的', '服务态度', '差劲', '。']","['辶', '家', '店', '白', '月', '力', '态', '度', '工', '劲', '。']","['r', 'n', 'uj', 'n', 'n', 'x']",Negative,Medium,Disgust,Negative
CFGECD_0915,这家餐厅的菜非常美味。,"['这家', '餐厅', '的', '菜', '非常', '美味', '。']","['辶', '家', '餐', '厅', '白', '菜', '非', '常', '羊', '口', '。']","['r', 'n', 'uj', 'n', 'd', 'nz', 'x']",Positive,Medium,Joy,Positive
CFGECD_0916,这个手机的电池续航简直是个笑话。,"['这个', '手机', '的', '电池', '续航', '简直', '是', '个', '笑话', '。']","['辶', '人', '手', '木', '白', '田', '水', '纟', '舟', '竹', '十', '是', '人', '竹', '讠', '。']","['r', 'n', 'uj', 'n', 'nr', 'd', 'v', 'q', 'n', 'x']",Negative,High,Disgust,Negative
CFGECD_0917,服务质量令人满意。,"['服务质量', '令人满意', '。']","['月', '力', '贝', '里', '令', '人', '氵', '心', '。']","['n', 'l', 'x']",Neutral,Low,Neutral,Neutral
CFGECD_0918,这家店的服务态度差劲。,"['这家', '店', '的', '服务态度', '差劲', '。']","['辶', '家', '店', '白', '月', '力', '态', '度', '工', '劲', '。']","['r', 'n', 'uj', 'n', 'n', 'x']",Negative,Medium,Disgust,Negative
CFGECD_0919,食物的味道非常糟糕。,"['食物', '的', '味道', '非常', '糟糕', '。']","['食', '物', '白', '口', '道', '非', '常', '米', '米', '。']","['n', 'uj', 'n', 'd', 'a', 'x']",Negative,High,Disgust,Negative
CFGECD_0920,今天的天气很舒服。,"['今天', '的', '天气', '很', '舒服', '。']","['今', '大', '白', '大', '气', '很', '舒', '月', '。']","['t', 'uj', 'n', 'zg', 'a', 'x']",Positive,Low,Joy,Positive
CFGECD_0921,桌子是木头做的。,"['桌子', '是', '木头', '做', '的', '。']","['桌', '子', '是', '木', '头', '做', '白', '。']","['n', 'v', 'n', 'v', 'uj', 'x']",Neutral,Low,Neutral,Neutral
CFGECD_0922,今天的天气很糟糕。,"['今天', '的', '天气', '很', '糟糕', '。']","['今', '大', '白', '大', '气', '很', '米', '米', '。']","['t', 'uj', 'n', 'zg', 'a', 'x']",Negative,High,Disgust,Negative
CFGECD_0923,今天的天气很舒服。,"['今天', '的', '天气', '很', '舒服', '。']","['今', '大', '白', '大', '气', '很', '舒', '月', '。']","['t', 'uj', 'n', 'zg', 'a', 'x']",Positive,Low,Joy,Positive
CFGECD_0924,这家店的服务态度差劲。,"['这家', '店', '的', '服务态度', '差劲', '。']","['辶', '家', '店', '白', '月', '力', '态', '度', '工', '劲', '。']","['r', 'n', 'uj', 'n', 'n', 'x']",Negative,Medium,Disgust,Negative
CFGECD_0925,这个手机的电池续航简直是个笑话。,"['这个', '手机', '的', '电池', '续航', '简直', '是', '个', '笑话', '。']","['辶', '人', '手', '木', '白', '田', '水', '纟', '舟', '竹', '十', '是', '人', '竹', '讠', '。']","['r', 'n', 'uj', 'n', 'nr', 'd', 'v', 'q', 'n', 'x']",Negative,High,Disgust,Negative
CFGECD_0926,这家店的服务态度差劲。,"['这家', '店', '的', '服务态度', '差劲', '。']","['辶', '家', '店', '白', '月', '力', '态', '度', '工', '劲', '。']","['r', 'n', 'uj', 'n', 'n', 'x']",Negative,Medium,Disgust,Negative
CFGECD_0927,食物的味道非常糟糕。,"['食物', '的', '味道', '非常', '糟糕', '。']","['食', '物', '白', '口', '道', '非', '常', '米', '米', '。']","['n', 'uj', 'n', 'd', 'a', 'x']",Negative,High,Disgust,Negative
CFGECD_0928,产品做工精细，使用体验很好。,"['产品', '做工', '精细', '，', '使用', '体验', '很', '好', '。']","['产', '品', '做', '工', '精', '纟', '，', '使', '用', '体', '验', '很', '女', '。']","['n', 'v', 'a', 'x', 'v', 'n', 'd', 'a', 'x']",Neutral,Low,Neutral,Neutral
CFGECD_0929,这部电影的剧情让我感到惊喜。,"['这部', '电影', '的', '剧情', '让', '我', '感到', '惊喜', '。']","['辶', '部', '田', '彡', '白', '剧', '情', '讠', '我', '感', '到', '忄', '口', '。']","['r', 'n', 'uj', 'n', 'v', 'r', 'v', 'a', 'x']",Positive,High,Surprise,Positive
CFGECD_0930,服务质量令人满意。,"['服务质量', '令人满意', '。']","['月', '力', '贝', '里', '令', '人', '氵', '心', '。']","['n', 'l', 'x']",Neutral,Low,Neutral,Neutral
CFGECD_0931,产品质量很坏，让人失望。,"['产品质量', '很坏', '，', '让', '人', '失望', '。']","['产', '品', '贝', '里', '很', '土', '，', '讠', '人', '失', '望', '。']","['n', 'd', 'a', 'x', 'v', 'n', 'v', 'x']",Neutral,Low,Neutral,Neutral
CFGECD_0932,今天的天气很舒服。,"['今天', '的', '天气', '很', '舒服', '。']","['今', '大', '白', '大', '气', '很', '舒', '月', '。']","['t', 'uj', 'n', 'zg', 'a', 'x']",Positive,Low,Joy,Positive
CFGECD_0933,今天的天气很舒服。,"['今天', '的', '天气', '很', '舒服', '。']","['今', '大', '白', '大', '气', '很', '舒', '月', '。']","['t', 'uj', 'n', 'zg', 'a', 'x']",Positive,Low,Joy,Positive
CFGECD_0934,他的表演打动了观众。,"['他', '的', '表演', '打动', '了', '观众', '。']","['他', '白', '表', '演', '手', '力', '了', '观', '众', '。']","['r', 'uj', 'v', 'v', 'ul', 'n', 'x']",Positive,Medium,Joy,Positive
CFGECD_0935,那条路每天都有很多车。,"['那条', '路', '每天', '都', '有', '很多', '车', '。']","['那', '条', '路', '每', '大', '都', '有', '很', '多', '车', '。']","['mq', 'n', 'r', 'd', 'v', 'm', 'zg', 'x']",Neutral,Low,Neutral,Neutral
CFGECD_0936,他正在看一本书。,"['他', '正在', '看一', '本书', '。']","['他', '正', '在', '看', '一', '本', '书', '。']","['r', 't', 'v', 'm', 'r', 'x']",Neutral,Low,Neutral,Neutral
CFGECD_0937,产品做工精细，使用体验很好。,"['产品', '做工', '精细', '，', '使用', '体验', '很', '好', '。']","['产', '品', '做', '工', '精', '纟', '，', '使', '用', '体', '验', '很', '女', '。']","['n', 'v', 'a', 'x', 'v', 'n', 'd', 'a', 'x']",Neutral,Low,Neutral,Neutral
CFGECD_0938,这是一个普通的工作日。,"['这是', '一个', '普通', '的', '工作日', '。']","['辶', '是', '一', '人', '普', '通', '白', '工', '作', '日', '。']","['r', 'v', 'm', 'nz', 'uj', 'n', 'x']",Neutral,Low,Neutral,Neutral
CFGECD_0939,产品质量很坏，让人失望。,"['产品质量', '很坏', '，', '让', '人', '失望', '。']","['产', '品', '贝', '里', '很', '土', '，', '讠', '人', '失', '望', '。']","['n', 'd', 'a', 'x', 'v', 'n', 'v', 'x']",Neutral,Low,Neutral,Neutral
CFGECD_0940,食物的味道非常糟糕。,"['食物', '的', '味道', '非常', '糟糕', '。']","['食', '物', '白', '口', '道', '非', '常', '米', '米', '。']","['n', 'uj', 'n', 'd', 'a', 'x']",Negative,High,Disgust,Negative
CFGECD_0941,桌子是木头做的。,"['桌子', '是', '木头', '做', '的', '。']","['桌', '子', '是', '木', '头', '做', '白', '。']","['n', 'v', 'n', 'v', 'uj', 'x']",Neutral,Low,Neutral,Neutral
CFGECD_0942,那条路每天都有很多车。,"['那条', '路', '每天', '都', '有', '很多', '车', '。']","['那', '条', '路', '每', '大', '都', '有', '很', '多', '车', '。']","['mq', 'n', 'r', 'd', 'v', 'm', 'zg', 'x']",Neutral,Low,Neutral,Neutral
CFGECD_0943,这家店的服务态度差劲。,"['这家', '店', '的', '服务态度', '差劲', '。']","['辶', '家', '店', '白', '月', '力', '态', '度', '工', '劲', '。']","['r', 'n', 'uj', 'n', 'n', 'x']",Negative,Medium,Disgust,Negative
CFGECD_0944,今天的天气很舒服。,"['今天', '的', '天气', '很', '舒服', '。']","['今', '大', '白', '大', '气', '很', '舒', '月', '。']","['t', 'uj', 'n', 'zg', 'a', 'x']",Positive,Low,Joy,Positive
CFGECD_0945,桌子是木头做的。,"['桌子', '是', '木头', '做', '的', '。']","['桌', '子', '是', '木', '头', '做', '白', '。']","['n', 'v', 'n', 'v', 'uj', 'x']",Neutral,Low,Neutral,Neutral
CFGECD_0946,那条路每天都有很多车。,"['那条', '路', '每天', '都', '有', '很多', '车', '。']","['那', '条', '路', '每', '大', '都', '有', '很', '多', '车', '。']","['mq', 'n', 'r', 'd', 'v', 'm', 'zg', 'x']",Neutral,Low,Neutral,Neutral
CFGECD_0947,今天的天气很糟糕。,"['今天', '的', '天气', '很', '糟糕', '。']","['今', '大', '白', '大', '气', '很', '米', '米', '。']","['t', 'uj', 'n', 'zg', 'a', 'x']",Negative,High,Disgust,Negative
CFGECD_0948,这个手机的电池续航简直是个笑话。,"['这个', '手机', '的', '电池', '续航', '简直', '是', '个', '笑话', '。']","['辶', '人', '手', '木', '白', '田', '水', '纟', '舟', '竹', '十', '是', '人', '竹', '讠', '。']","['r', 'n', 'uj', 'n', 'nr', 'd', 'v', 'q', 'n', 'x']",Negative,High,Disgust,Negative
CFGECD_0949,这家餐厅的菜非常美味。,"['这家', '餐厅', '的', '菜', '非常', '美味', '。']","['辶', '家', '餐', '厅', '白', '菜', '非', '常', '羊', '口', '。']","['r', 'n', 'uj', 'n', 'd', 'nz', 'x']",Positive,Medium,Joy,Positive
CFGECD_0950,今天的天气很糟糕。,"['今天', '的', '天气', '很', '糟糕', '。']","['今', '大', '白', '大', '气', '很', '米', '米', '。']","['t', 'uj', 'n', 'zg', 'a', 'x']",Negative,High,Disgust,Negative
CFGECD_0951,这家店的服务态度差劲。,"['这家', '店', '的', '服务态度', '差劲', '。']","['辶', '家', '店', '白', '月', '力', '态', '度', '工', '劲', '。']","['r', 'n', 'uj', 'n', 'n', 'x']",Negative,Medium,Disgust,Negative
CFGECD_0952,这家商店早上九点开门。,"['这家', '商店', '早上', '九点', '开门', '。']","['辶', '家', '商', '店', '早', '上', '九', '点', '开', '门', '。']","['r', 'n', 't', 'm', 'v', 'x']",Neutral,Low,Neutral,Neutral
CFGECD_0953,我今天去超市买了米和菜。,"['我', '今天', '去', '超市', '买', '了', '米', '和', '菜', '。']","['我', '今', '大', '去', '超', '市', '买', '了', '米', '和', '菜', '。']","['r', 't', 'v', 'v', 'v', 'ul', 'q', 'c', 'n', 'x']",Neutral,Low,Neutral,Neutral
CFGECD_0954,这部电影的剧情让我感到惊喜。,"['这部', '电影', '的', '剧情', '让', '我', '感到', '惊喜', '。']","['辶', '部', '田', '彡', '白', '剧', '情', '讠', '我', '感', '到', '忄', '口', '。']","['r', 'n', 'uj', 'n', 'v', 'r', 'v', 'a', 'x']",Positive,High,Surprise,Positive
CFGECD_0955,这家餐厅的菜非常美味。,"['这家', '餐厅', '的', '菜', '非常', '美味', '。']","['辶', '家', '餐', '厅', '白', '菜', '非', '常', '羊', '口', '。']","['r', 'n', 'uj', 'n', 'd', 'nz', 'x']",Positive,Medium,Joy,Positive
CFGECD_0956,产品质量很坏，让人失望。,"['产品质量', '很坏', '，', '让', '人', '失望', '。']","['产', '品', '贝', '里', '很', '土', '，', '讠', '人', '失', '望', '。']","['n', 'd', 'a', 'x', 'v', 'n', 'v', 'x']",Neutral,Low,Neutral,Neutral
CFGECD_0957,这个手机的电池续航简直是个笑话。,"['这个', '手机', '的', '电池', '续航', '简直', '是', '个', '笑话', '。']","['辶', '人', '手', '木', '白', '田', '水', '纟', '舟', '竹', '十', '是', '人', '竹', '讠', '。']","['r', 'n', 'uj', 'n', 'nr', 'd', 'v', 'q', 'n', 'x']",Negative,High,Disgust,Negative
CFGECD_0958,这是一个普通的工作日。,"['这是', '一个', '普通', '的', '工作日', '。']","['辶', '是', '一', '人', '普', '通', '白', '工', '作', '日', '。']","['r', 'v', 'm', 'nz', 'uj', 'n', 'x']",Neutral,Low,Neutral,Neutral
CFGECD_0959,服务质量令人满意。,"['服务质量', '令人满意', '。']","['月', '力', '贝', '里', '令', '人', '氵', '心', '。']","['n', 'l', 'x']",Neutral,Low,Neutral,Neutral
CFGECD_0960,食物的味道非常糟糕。,"['食物', '的', '味道', '非常', '糟糕', '。']","['食', '物', '白', '口', '道', '非', '常', '米', '米', '。']","['n', 'uj', 'n', 'd', 'a', 'x']",Negative,High,Disgust,Negative
CFGECD_0961,那条路每天都有很多车。,"['那条', '路', '每天', '都', '有', '很多', '车', '。']","['那', '条', '路', '每', '大', '都', '有', '很', '多', '车', '。']","['mq', 'n', 'r', 'd', 'v', 'm', 'zg', 'x']",Neutral,Low,Neutral,Neutral
CFGECD_0962,食物的味道非常糟糕。,"['食物', '的', '味道', '非常', '糟糕', '。']","['食', '物', '白', '口', '道', '非', '常', '米', '米', '。']","['n', 'uj', 'n', 'd', 'a', 'x']",Negative,High,Disgust,Negative
CFGECD_0963,那条路每天都有很多车。,"['那条', '路', '每天', '都', '有', '很多', '车', '。']","['那', '条', '路', '每', '大', '都', '有', '很', '多', '车', '。']","['mq', 'n', 'r', 'd', 'v', 'm', 'zg', 'x']",Neutral,Low,Neutral,Neutral
CFGECD_0964,那条路每天都有很多车。,"['那条', '路', '每天', '都', '有', '很多', '车', '。']","['那', '条', '路', '每', '大', '都', '有', '很', '多', '车', '。']","['mq', 'n', 'r', 'd', 'v', 'm', 'zg', 'x']",Neutral,Low,Neutral,Neutral
CFGECD_0965,这个手机的电池续航简直是个笑话。,"['这个', '手机', '的', '电池', '续航', '简直', '是', '个', '笑话', '。']","['辶', '人', '手', '木', '白', '田', '水', '纟', '舟', '竹', '十', '是', '人', '竹', '讠', '。']","['r', 'n', 'uj', 'n', 'nr', 'd', 'v', 'q', 'n', 'x']",Negative,High,Disgust,Negative
CFGECD_0966,他的表演打动了观众。,"['他', '的', '表演', '打动', '了', '观众', '。']","['他', '白', '表', '演', '手', '力', '了', '观', '众', '。']","['r', 'uj', 'v', 'v', 'ul', 'n', 'x']",Positive,Medium,Joy,Positive
CFGECD_0967,今天的天气很舒服。,"['今天', '的', '天气', '很', '舒服', '。']","['今', '大', '白', '大', '气', '很', '舒', '月', '。']","['t', 'uj', 'n', 'zg', 'a', 'x']",Positive,Low,Joy,Positive
CFGECD_0968,那条路每天都有很多车。,"['那条', '路', '每天', '都', '有', '很多', '车', '。']","['那', '条', '路', '每', '大', '都', '有', '很', '多', '车', '。']","['mq', 'n', 'r', 'd', 'v', 'm', 'zg', 'x']",Neutral,Low,Neutral,Neutral
CFGECD_0969,今天的天气很糟糕。,"['今天', '的', '天气', '很', '糟糕', '。']","['今', '大', '白', '大', '气', '很', '米', '米', '。']","['t', 'uj', 'n', 'zg', 'a', 'x']",Negative,High,Disgust,Negative
CFGECD_0970,今天的天气很糟糕。,"['今天', '的', '天气', '很', '糟糕', '。']","['今', '大', '白', '大', '气', '很', '米', '米', '。']","['t', 'uj', 'n', 'zg', 'a', 'x']",Negative,High,Disgust,Negative
CFGECD_0971,这是一个普通的工作日。,"['这是', '一个', '普通', '的', '工作日', '。']","['辶', '是', '一', '人', '普', '通', '白', '工', '作', '日', '。']","['r', 'v', 'm', 'nz', 'uj', 'n', 'x']",Neutral,Low,Neutral,Neutral
CFGECD_0972,这是一个普通的工作日。,"['这是', '一个', '普通', '的', '工作日', '。']","['辶', '是', '一', '人', '普', '通', '白', '工', '作', '日', '。']","['r', 'v', 'm', 'nz', 'uj', 'n', 'x']",Neutral,Low,Neutral,Neutral
CFGECD_0973,今天的天气很舒服。,"['今天', '的', '天气', '很', '舒服', '。']","['今', '大', '白', '大', '气', '很', '舒', '月', '。']","['t', 'uj', 'n', 'zg', 'a', 'x']",Positive,Low,Joy,Positive
CFGECD_0974,产品做工精细，使用体验很好。,"['产品', '做工', '精细', '，', '使用', '体验', '很', '好', '。']","['产', '品', '做', '工', '精', '纟', '，', '使', '用', '体', '验', '很', '女', '。']","['n', 'v', 'a', 'x', 'v', 'n', 'd', 'a', 'x']",Neutral,Low,Neutral,Neutral
CFGECD_0975,桌子是木头做的。,"['桌子', '是', '木头', '做', '的', '。']","['桌', '子', '是', '木', '头', '做', '白', '。']","['n', 'v', 'n', 'v', 'uj', 'x']",Neutral,Low,Neutral,Neutral
CFGECD_0976,产品质量很坏，让人失望。,"['产品质量', '很坏', '，', '让', '人', '失望', '。']","['产', '品', '贝', '里', '很', '土', '，', '讠', '人', '失', '望', '。']","['n', 'd', 'a', 'x', 'v', 'n', 'v', 'x']",Neutral,Low,Neutral,Neutral
CFGECD_0977,我今天去超市买了米和菜。,"['我', '今天', '去', '超市', '买', '了', '米', '和', '菜', '。']","['我', '今', '大', '去', '超', '市', '买', '了', '米', '和', '菜', '。']","['r', 't', 'v', 'v', 'v', 'ul', 'q', 'c', 'n', 'x']",Neutral,Low,Neutral,Neutral
CFGECD_0978,他正在看一本书。,"['他', '正在', '看一', '本书', '。']","['他', '正', '在', '看', '一', '本', '书', '。']","['r', 't', 'v', 'm', 'r', 'x']",Neutral,Low,Neutral,Neutral
CFGECD_0979,他正在看一本书。,"['他', '正在', '看一', '本书', '。']","['他', '正', '在', '看', '一', '本', '书', '。']","['r', 't', 'v', 'm', 'r', 'x']",Neutral,Low,Neutral,Neutral
CFGECD_0980,这家商店早上九点开门。,"['这家', '商店', '早上', '九点', '开门', '。']","['辶', '家', '商', '店', '早', '上', '九', '点', '开', '门', '。']","['r', 'n', 't', 'm', 'v', 'x']",Neutral,Low,Neutral,Neutral
CFGECD_0981,这家餐厅的菜非常美味。,"['这家', '餐厅', '的', '菜', '非常', '美味', '。']","['辶', '家', '餐', '厅', '白', '菜', '非', '常', '羊', '口', '。']","['r', 'n', 'uj', 'n', 'd', 'nz', 'x']",Positive,Medium,Joy,Positive
CFGECD_0982,产品做工精细，使用体验很好。,"['产品', '做工', '精细', '，', '使用', '体验', '很', '好', '。']","['产', '品', '做', '工', '精', '纟', '，', '使', '用', '体', '验', '很', '女', '。']","['n', 'v', 'a', 'x', 'v', 'n', 'd', 'a', 'x']",Neutral,Low,Neutral,Neutral
CFGECD_0983,这家商店早上九点开门。,"['这家', '商店', '早上', '九点', '开门', '。']","['辶', '家', '商', '店', '早', '上', '九', '点', '开', '门', '。']","['r', 'n', 't', 'm', 'v', 'x']",Neutral,Low,Neutral,Neutral
CFGECD_0984,这个手机的电池续航简直是个笑话。,"['这个', '手机', '的', '电池', '续航', '简直', '是', '个', '笑话', '。']","['辶', '人', '手', '木', '白', '田', '水', '纟', '舟', '竹', '十', '是', '人', '竹', '讠', '。']","['r', 'n', 'uj', 'n', 'nr', 'd', 'v', 'q', 'n', 'x']",Negative,High,Disgust,Negative
CFGECD_0985,他正在看一本书。,"['他', '正在', '看一', '本书', '。']","['他', '正', '在', '看', '一', '本', '书', '。']","['r', 't', 'v', 'm', 'r', 'x']",Neutral,Low,Neutral,Neutral
CFGECD_0986,今天的天气很舒服。,"['今天', '的', '天气', '很', '舒服', '。']","['今', '大', '白', '大', '气', '很', '舒', '月', '。']","['t', 'uj', 'n', 'zg', 'a', 'x']",Positive,Low,Joy,Positive
CFGECD_0987,他的表演打动了观众。,"['他', '的', '表演', '打动', '了', '观众', '。']","['他', '白', '表', '演', '手', '力', '了', '观', '众', '。']","['r', 'uj', 'v', 'v', 'ul', 'n', 'x']",Positive,Medium,Joy,Positive
CFGECD_0988,那条路每天都有很多车。,"['那条', '路', '每天', '都', '有', '很多', '车', '。']","['那', '条', '路', '每', '大', '都', '有', '很', '多', '车', '。']","['mq', 'n', 'r', 'd', 'v', 'm', 'zg', 'x']",Neutral,Low,Neutral,Neutral
CFGECD_0989,电影节奏慢，情节无聊。,"['电影', '节奏', '慢', '，', '情节', '无聊', '。']","['田', '彡', '艹', '奏', '忄', '，', '情', '艹', '无', '聊', '。']","['n', 'n', 'a', 'x', 'n', 'a', 'x']",Neutral,Low,Neutral,Neutral
CFGECD_0990,这家商店早上九点开门。,"['这家', '商店', '早上', '九点', '开门', '。']","['辶', '家', '商', '店', '早', '上', '九', '点', '开', '门', '。']","['r', 'n', 't', 'm', 'v', 'x']",Neutral,Low,Neutral,Neutral
CFGECD_0991,这家餐厅的菜非常美味。,"['这家', '餐厅', '的', '菜', '非常', '美味', '。']","['辶', '家', '餐', '厅', '白', '菜', '非', '常', '羊', '口', '。']","['r', 'n', 'uj', 'n', 'd', 'nz', 'x']",Positive,Medium,Joy,Positive
CFGECD_0992,这是一个普通的工作日。,"['这是', '一个', '普通', '的', '工作日', '。']","['辶', '是', '一', '人', '普', '通', '白', '工', '作', '日', '。']","['r', 'v', 'm', 'nz', 'uj', 'n', 'x']",Neutral,Low,Neutral,Neutral
CFGECD_0993,电影节奏慢，情节无聊。,"['电影', '节奏', '慢', '，', '情节', '无聊', '。']","['田', '彡', '艹', '奏', '忄', '，', '情', '艹', '无', '聊', '。']","['n', 'n', 'a', 'x', 'n', 'a', 'x']",Neutral,Low,Neutral,Neutral
CFGECD_0994,这部电影的剧情让我感到惊喜。,"['这部', '电影', '的', '剧情', '让', '我', '感到', '惊喜', '。']","['辶', '部', '田', '彡', '白', '剧', '情', '讠', '我', '感', '到', '忄', '口', '。']","['r', 'n', 'uj', 'n', 'v', 'r', 'v', 'a', 'x']",Positive,High,Surprise,Positive
CFGECD_0995,这家店的服务态度差劲。,"['这家', '店', '的', '服务态度', '差劲', '。']","['辶', '家', '店', '白', '月', '力', '态', '度', '工', '劲', '。']","['r', 'n', 'uj', 'n', 'n', 'x']",Negative,Medium,Disgust,Negative
CFGECD_0996,他的表演打动了观众。,"['他', '的', '表演', '打动', '了', '观众', '。']","['他', '白', '表', '演', '手', '力', '了', '观', '众', '。']","['r', 'uj', 'v', 'v', 'ul', 'n', 'x']",Positive,Medium,Joy,Positive
CFGECD_0997,这家店的服务态度差劲。,"['这家', '店', '的', '服务态度', '差劲', '。']","['辶', '家', '店', '白', '月', '力', '态', '度', '工', '劲', '。']","['r', 'n', 'uj', 'n', 'n', 'x']",Negative,Medium,Disgust,Negative
CFGECD_0998,这是一个普通的工作日。,"['这是', '一个', '普通', '的', '工作日', '。']","['辶', '是', '一', '人', '普', '通', '白', '工', '作', '日', '。']","['r', 'v', 'm', 'nz', 'uj', 'n', 'x']",Neutral,Low,Neutral,Neutral
CFGECD_0999,这个手机的电池续航简直是个笑话。,"['这个', '手机', '的', '电池', '续航', '简直', '是', '个', '笑话', '。']","['辶', '人', '手', '木', '白', '田', '水', '纟', '舟', '竹', '十', '是', '人', '竹', '讠', '。']","['r', 'n', 'uj', 'n', 'nr', 'd', 'v', 'q', 'n', 'x']",Negative,High,Disgust,Negative
CFGECD_1000,产品做工精细，使用体验很好。,"['产品', '做工', '精细', '，', '使用', '体验', '很', '好', '。']","['产', '品', '做', '工', '精', '纟', '，', '使', '用', '体', '验', '很', '女', '。']","['n', 'v', 'a', 'x', 'v', 'n', 'd', 'a', 'x']",Neutral,Low,Neutral,Neutral
