label,review
1,更博了，爆照了，帅的呀，就是越来越爱你！生快傻缺 爱你 爱你 爱你 [爱你] [爱你] [爱你]
1,张晓鹏 土耳其的事要认真对待 哈哈 ，否则直接开除。 丁丁看世界 很是细心，酒店都全部 啦。 [哈哈]
1,姑娘都羡慕你呢 还有招财猫高兴 爱在蔓延 哈哈 小学徒一枚，等着明天见您呢 李欣芸 大佬范儿 书呆子 [哈哈] [书呆子]
1,美 爱你 [爱你]
1,梦想有多大，舞台就有多大 鼓掌 [鼓掌]
1,花心 鼓掌 小懒猫 春暖花开 [花心] [鼓掌] [春暖花开]
1,某问答社区上收到一大学生发给我的私信： 偶喜欢阿姨！偶是阿姨控！ 我回他： 阿姨稀饭小盆友！偶是小盆友控！ 哈哈 [哈哈]
1,吃货们无不啧啧称奇，好不喜欢！ 写错一个字！ 哈哈 森林小天使 波琪 厦门摄影师 日月星辰 心在路上 每种型号生两胎 志远天下行 监控防盗安装 创意美食 哥 漫游者 强子 陈小 猫 游子的歌 在厦门 [哈哈]
1,从现在开始，爱自己，享受生活并且微笑。 呵呵 嘻嘻 哈哈 挤眼 太开心 早安、甜心们 [呵呵] [嘻嘻] [哈哈] [挤眼] [太开心]
1,霍思燕剖腹产下 小江江 老公落泪 今晨 时霍思燕产下一名男婴，宝宝重 斤 两，母子平安。杜江的脸上洋溢着做爸爸的欣喜：宝宝小名叫 小江江 ，眼睛像他，鼻子和嘴巴则像霍思燕，看到宝贝就忍不住落泪！恭喜 杜江侦察记 霍思燕 ，祝福 小江江 在爱里健康地成长 爱你 [爱你]
1,鼓掌 慕春彦 一流的经纪公司是超模的摇篮！ 鼓掌 姚戈 东方宾利强大的名模军团！ [鼓掌] [鼓掌]
1,真好 宁波华侨豪生大酒店： 可爱 害羞 [可爱] [害羞]
1,第一次见到有花瓣的面膜，一片抵普通面膜好几片 哈哈 ！补水神器啊，一帖见效！ 睡前一片， 分钟超神奇膜法，第二天起来你会发现你脸又白又嫩还有光泽，持续几天皮肤好像剥了壳的鸡蛋一样白白嫩嫩的 太开心 ！ 明星推荐，美妆老师私藏的神奇"膜"法！ 片礼盒装抢购地址 去评论中找链接哦 [哈哈] [太开心]
1,好感动 亲亲 大家都陆陆续续收到超极本尼泊尔的奖品了，没想到你还带着去看瓷房子 祝蜜月快乐哦 [亲亲]
1,雪 大象感觉好冷喔。。。 刑警叔叔 小豆冰棍 朱大象。 新浪短信微博 大象放冰箱分三步，绑定手机也分三步。大象放冰箱很冷，微博绑了手机更安全哦 可爱 [雪] [可爱]
1,哈哈 维他命羊 探子！ 偷笑 每日维他命 偷笑 曙光 不赖赖 店里来了探子竟不知 薄荷 不赖赖 冷山雪具 赖老板的货品华丽丽的出镜鸟 鼓掌 [哈哈] [偷笑] [偷笑] [鼓掌]
1,更要感激部门同事 猫小姐 罗罗不落 和尚未开博的小徐同学及 番茄宝宝 的辛苦付出，让我们携手前行、踏浪远航，创造属于我们的无限炫彩 爱你 [爱你]
1,陪看，有三陪嫌疑， 哈哈 [哈哈]
1,还有 星外星周小川 ，各位都是好声音啊，演唱会就星外星筹办了 哈哈 陈文彪 回复 俞文辉 持续发生，你的演唱会什么时候开啊，你也是传说中的中国好声音啊， 同意的举手 天拓黄挺 叶轩 汉草荟 张谦 俞文辉 有爱心，期待百首童谣！ 陈文彪 女儿，你有音乐唱了 [哈哈]
1,第一次见，真心分辨不出是谁是谁，更别提真假了 嘻嘻 [嘻嘻]
1,哦，是双子男吗？旅游版组的成分好复杂呢 抱抱 玫瑰禁 ：欢迎双子男。 秦洲同：赶紧加上 ，要不然走丢了不好找。 雨齐 ：不错呀 新同事要加 么 伊比利亚火腿 [抱抱]
1,哈哈 失恋专属 哈哈，笑死我了 [哈哈]
1,轻松一刻 笑成狗了！主人太有才了！ 哈哈 [哈哈]
1,踏踏实实喝奶吧 哈哈 [哈哈]
1,约惠海航 圆梦飞翔 惠享直减 购票购票购票，直减直减直减 打哈欠 这不冲突，也很科学，来海航官网购票，管够，管实惠 嘻嘻 每天 个名额， 元的直减， 的赶快来 赞 今天第二波 点开始 [打哈欠] [嘻嘻] [赞]
1,角度问题 哈哈 ，童子鸡，马子不大的 小 妈 好肥的一只鸡啊！怎么感觉有点 变异 了啊！ 哈哈 疑问 [哈哈] [哈哈] [疑问]
1,程哥哥最近一直对着小蹦同学各种拍呀拍 照相机 小予 心 好久没给他们拍照了 哈哈 小予 [照相机] [心] [哈哈]
1,理解用户的挣扎 ： 嗦很多，答案参见如上链接。 土豆泥炖土豆 ：排第一的，是 小游戏 哈哈 百度目标寻址搜索的比例在所有搜索比例多少，趋势如何？与谷歌，搜搜对比如何，为什么？ [哈哈]
1,这个可以感受一下。 黄佟佟 嘻嘻 吴筱羽 北京 州真便宜啊， 有需要打 的的 。 子宇童鞋 范宇翔 赵妍 这。。。 白愁飞 时代周报王刚 转发微博。 [嘻嘻]
1,的哦 哦 积分宝贝 金沙江 朱啸虎 哈哈 量化投资 丁鹏 精辟啊！！ 江苏徐胖子 富，就要富在别人看不到的地方！富在别人看不到的时候！！ 科锐总监 金融猎头 偷笑 量化投资 丁鹏 买个 包包挎在身上，别人能看得到，知道 [哈哈] [偷笑]
1,支持兰老师 鼓掌 鼓掌 鼓掌 [鼓掌] [鼓掌] [鼓掌]
1,来自雪山脚下今年的竹笋系列 人没动，物先行 尴尬 朗园店开业准备中 爱你 懒人业余餐厅郎园店 [尴尬] [爱你]
1,免费泡面已经为大家准备了，以后晚上饿了再也不用到处找吃的东西了 给力 嘻嘻 带着微博去旅行 兔子 熊猫 [给力] [嘻嘻] [带着微博去旅行] [兔子] [熊猫]
1,回复 张赫 ！ 嘻嘻 感慨而已！ ！ 张赫 都失恋呢被？ 嘻嘻 [嘻嘻] [嘻嘻]
1,跟参与汽车摇号一个心理，我中不了，也增加了别人中的难度！ 哈哈 夕阳牛 甜馨 宝宝柠檬 [哈哈]
1,纯净高雅的宝蓝，搭配华丽的金色作为点缀，能够提升整体的时尚度打造极致迷人气场，十分适合聚会以及派对穿着！连衣裙： 外套： 鞋： 手包： 爱你 私享穿衣顾问微信： [爱你]
1,中国梦想秀 熊黛林 姐姐变身 礼物 帮助一抹金圆梦，送上了迪斯尼乐园的邀请函喔！！ 鼓掌 美是无数梦想的起点，恭喜我们 的姐姐们获得美丽绽放奖，你们的美丽来自你们正能量的心态，恭喜姐姐们，小伙伴们别忘了听姐姐们的话，永远不要放弃自己的梦想！！ [鼓掌] [good]
1,不可比方 你跑不掉啦 ！这辈子和我栓在一起。 嘻嘻 [嘻嘻]
1,这不有吗 哈哈 哈哈 哈哈 [哈哈] [哈哈] [哈哈]
1,不会吧？ 吃惊 俺刚刚从餐厅回来，没见到主任啊！ 嘻嘻 雪倒是下得很欢喜的样子。 雪 雪 雪 雪人 雪人 雪人 手套 围脖 温暖帽子 侯宁 主饪你是在家呢还是喝多了困在 嗨辣老孙 那里了？ 偷笑 刘主饪 回复 海科 七星智库 踏雪夜归人。 海科 七星智库 饮雪亦醉人 嘻嘻 [吃惊] [嘻嘻] [雪] [雪] [雪] [雪人] [雪人] [雪人] [手套] [围脖] [温暖帽子] [偷笑] [嘻嘻]
1,哈，南非一孙 妹莉十足 回复 共乐壶天 南非第一孙子 哈哈 哈哈 哈哈 哈哈 共乐壶天 南非第一孙子 独臂老宋 妹莉十足 [哈哈] [哈哈] [哈哈] [哈哈]
1,鼓掌 权金城崔洪峰 扩散 权金城彭涌 权金城 崔成哲 思想聚焦 转发微博 [鼓掌]
1,昆航动态 年 月 日，在昆明市创业投资引导基金推介暨颁奖晚宴上，昆明航空有限公司董事长王清民 图中左五 从昆明市委常委、副市长刘光溪手上接过 泛亚地区最具投资潜质十强企业 证书和奖杯。 鼓掌 昆明航空成为 多家报名企业中唯一一家获奖的航空企业。 礼花 [鼓掌] [礼花]
1,右边的，说的太对了！ 荔枝娘 "仿佛自己又变成了需要呵护的小女生"看到这话我觉得很诡异，现在很多愿意插手儿子家庭的婆婆都是这么过来的吧？？ 宝宝公主的奶牛生活 嘻嘻 [嘻嘻]
1,羡慕嫉妒恨！ 嘻嘻 大胖鱼鱼 来厦门旅游，在海边，漫步，戏浪，你也许会有如此幸运，旅游不花钱，还要给你钱，那条捡到的 万块的鱼，你值得来 [嘻嘻]
1,赞 认同，灵魂升起的地方！ 骑游公社 大鹏背包走天下 回复 新浪湖北旅游 一起分享那灵魂升起的地方！ 新浪湖北旅游 童鞋，你的这条微博内容灰常的八错，已经被选到新浪湖北旅游的网站咯！传送门 鼓掌 恭喜的同时也希望以后多 新浪湖北旅游 分享旅途哦 [赞] [鼓掌]
1,我在小米 嘻嘻 [嘻嘻]
1,最右。 张坤 温柔大盗 教主 威武 北京厨子 最右！我也被忽悠啦， 哈哈 丝文化传播 哈哈 右边 清华南都 学校早就放假了，聪明人都不选这时候来做讲座。。。 [威武] [哈哈] [哈哈]
1,美国 睡不着和小朋友们在房间烤棉花糖吃 嘴 嘴 我们假装在 嘻嘻 [?嘴] [?嘴] [嘻嘻]
1,。。。等明天醒来他们是什么反应？ 哈哈 冯文杰 哥口味重啊 来去之间 围观马甲 这个这个，睡了 张馨予上错号啦。 魏君子 男怕上错床？女怕嫁错郎？这是上错号了么？ [哈哈]
1,求剩蛋礼物 亲亲 [亲亲]
1,今天没事晚上有情况吗 哈哈 挡不住的美食个性 昨天晚上去的 哈哈 星级酒店培训郗老师 啥时又去吃了。 [哈哈]
1,明天就见冬儿了 太开心 猫咪家的小魔女 不管是出生之前，还是出生之后，你和妈妈都是一体的。。。 [太开心]
1,哈哈 哈哈 哈哈 哈哈 高小胖 爱生活 爱橙子 子心 妞儿 事搜一搜 赞 [哈哈] [哈哈] [哈哈] [赞]
1,东西到货， 先生肯定又会夸我贤良淑德！买了三家的，刚买就告诉他了，他说，我太懂他麻麻的心了 鼓掌 偷笑 [鼓掌] [偷笑]
1,他是萨芬娜的粉丝吧 嘻嘻 ：爱他！ [嘻嘻]
1,澳洲老有 嘻嘻 李开复 你是饿了，还是怕了？ [嘻嘻]
1,哈哈 哈哈 刘铨淼 转发微博 [哈哈] [哈哈]
1,你也会幸福的，午安 嘻嘻 艾欣 真幸福。早安 [嘻嘻]
1,顶风作案 明知有雨，但实在舍不得半个月前就定好的票 大洋一张呢， 个人 大洋呢 嘻嘻 叫人高兴的是凭票换冰淇淋，赚大了 哈哈 [嘻嘻] [哈哈]
1,偶爱土豆 哈哈 [哈哈]
1,晨练都这么有范，是不能经常亮相 嘻嘻 黄村 步伐很稳嘛 哈哈 哈哈 胡大治 [嘻嘻] [哈哈] [哈哈]
1,嘻嘻 亲，楠哥的店品质有保证，希望亲多支持哦 [嘻嘻]
1,有朋友说，来了 文怡美食生活馆 后，总觉得自家厨房变小了 哈哈 [哈哈]
1,在宫城人偶体验店画小娃娃，算是三八礼物吧 哈哈 老爷爷 对岁了，从父辈开始就在和木头打交道，喜欢木头的味道 [哈哈]
1,回复 夜里梵高 君亭的家门向每个游子敞开！欢迎回家！ 鼓掌 夜里梵高 我想回家！哈哈哈 亲亲 杭州君亭湖滨酒店 君亭，你在杭州的另一个家！ [鼓掌] [亲亲]
1,鼓掌 请各位好友帮我们公司的应有投个票，多谢 ！第 号 阅米 [鼓掌]
1,美食时尚专家团 加班时间，很适合吧？ 加 有点像西柚汽水，略带酒香味。 鼓掌 [鼓掌]
1,您今天也带阿婆阿公去看猫宝宝了吧 有爱心的乖宝宝 赞 悦馨 是啊 野猫把猫宝宝生在我家阳台上啦！ 光照大地 哈哈 又来了一只小猫阿 和米多颜色一样哦 好玩 [赞] [哈哈]
1,把你拍在刀尖上 光头阿斌哥 回复 美食 宁哥 三摩地帮主 长江后浪推前浪，一浪给帮主拍沙滩上 哈哈 哈哈 哈哈 美食 宁哥 恩那是我们向往的目标 嘻嘻 嘻嘻 嘻嘻 嘻嘻 [哈哈] [哈哈] [哈哈] [嘻嘻] [嘻嘻] [嘻嘻] [嘻嘻]
1,这种事情，只有在最神奇的国度才会出现！ 晏耀斌 哈哈 作家高海波 转评作者 广州湾在线 转发微博 [哈哈]
1,咱们结伴去布达佩斯当土豪吧！ 嘻嘻 先备个攻略 [嘻嘻]
1,洗衣服啊！求捎带！ 哈哈 六普团委 转发微博 [哈哈]
1,这样子啊 哈哈 值得转发 [哈哈]
1,多逛逛哦。相信会有更多的惊喜！ 爱你 爱你 [爱你] [爱你]
1,谢谢 可爱 谢谢 可爱 小 壶理又壶图 感动 励志 简单的情节简纯的画面伴着少年铿铿的话语喷发出人性良知的光亮和力量 黄茜 呵呵 大村敦志 赞 可爱 学会执着 老师就是老师，觉悟都高，要是看您片的人觉悟都这样，世界就真和平了 [可爱] [可爱] [呵呵] [赞] [可爱]
1,罗琳变身罗伯特，期待作品也出现脱胎换骨的变化 鼓掌 彭伦空间 她起了个男人的笔名，是要跟男性推理小说家叫板吗？ 哎呦喂，罗姨又来了！ [鼓掌]
1,加班诗 灯火阑珊已深，车水马龙渐稀，父慈子孝团聚时，怂人独守加班中 送给加班的自己 嘻嘻 [嘻嘻]
1,爱旅游爱赣州 中央四套出品， 展示赣州客家人文历史，将拍十二集，九月左右播出，期待中。 客家情 客家足迹行 走进客家摇篮 赣州！ 鼓掌 爱旅游爱赣州 江西风景独好 江西赣州旅游 赣州天下游 赣州小编 赣州同城会 [good] [鼓掌]
1,盖梆 ：盖梆侠义热心肠，帝都赚钱可劲忙。钞票数来又数去，疏财打点到我帐。 哈哈 哈哈 [哈哈] [哈哈]
1,挺好玩儿的，过年更充实了。 太开心 母其弥雅 初一我 一起吃素吧 得不要吃稀 ，洗澡和睡午 喔 [太开心]
1,哈哈 闻博 哈哈 哈哈 哈哈 [哈哈] [哈哈] [哈哈] [哈哈]
1,我关注到了，虽然说 得到了全世界人民的坚决拥护 ，却只有中国媒体在 争先恐后地转载 铿锵有力、义愤填膺地朗读 ，立刻想起那句唐僧唱出的 朝鲜军民的中国成语用得很熟练，要赞一个。 夏芒 哈哈 狂人日记 今日朝鲜 请注意你的言语。 [哈哈]
1,要我年 十 一定 周生生 系列，太可 了！ 我 折呢。墨西哥版 限量呢。也真服了那些年 人， 上找 托我下手 哈哈 哈哈 [哈哈] [哈哈]
1,等哈尔滨开店了，你就有口福了 哈哈 [哈哈]
1,前天外景冻感冒，今天二十五片暖宝宝，贴满前胸后背，有了这些盔甲，今天的外景戏，就不怕冷啦！ 哈哈 哈哈 哈哈 家和万事兴 简远信 [哈哈] [哈哈] [哈哈]
1,回复 契尔年科 因为搭档 盛博 的一句话，让我得到了更多朋友的祝福，每句生日快乐都让我感动不已。谢谢让我快乐的工作，让我骄傲的朋友，让我幸福的家庭，谢谢你们让我拥有的一切 契尔年科 生日快乐！熊大美女！ 熊丽电台 我很荣幸被 盛博 挤兑，这样能让我变得聪明。 太开心 [太开心]
1,哈哈，这姑娘也成新鲜物了。说到具体是哪儿产的，还真寡闻了 思考 蓝莓妈妈 围观 哥伦比亚龙珠果？？？ 吃惊 偷笑 哈哈 敢情咱 年代吃过这么华丽丽的洋果，那时候多的是，且便宜。 嘟嘟小花牛 钱文忠 上海超市、街头可以买到，其味独特可口，超 里的名字不统一，大多起洋名，其意昭然 [思考] [围观] [吃惊] [偷笑] [哈哈]
1,好的 祝你成功 鼓掌 [鼓掌]
1,放假了！这一周必须用来消费快乐。可别上班时想的是放假，放假时想的是工作。什么时间就做什么事。放假了！都玩儿起来吧。得会陪领导欢乐谷走起 嘻嘻 [嘻嘻]
1,谢谢亲爱的，送你哦！ 李慧珍 哇咔咔 花心 花心 花心 都是我喜欢滴 鼓掌 鼓掌 鼓掌 恭喜妞啊 [花心] [花心] [花心] [鼓掌] [鼓掌] [鼓掌]
1,大师算的真准！这么闷的天儿，鱼也不咬勾啊 哈哈 哈哈 [哈哈] [哈哈]
1,阿一股 哈哈 [哈哈]
1,我哭！我哭！我哭！ 哈哈，祝姐减肥成功，也不指望你能减到多瘦，能回到以前美美的样子就很不错啦！ 哈哈 [哈哈]
1,回复 周墙 兄弟我长期无语中。 哈哈 周墙 无语了，哈哥 周墙 扯淡的社会。 [哈哈]
1,我热 干掉凯子！ 怒 汪涛 干掉 朱开开 哈哈 贴切 小包子他爸 凯尔特人 魔术师一定不是故意的！ 鲍贰 终于拿下了，说个好玩的， 比赛开始前做节目本来要说： 不过他却说成了 偷笑 [怒] [哈哈] [偷笑]
1,来过傣族寨子的朋友应该知道这道菜的菜名 嘻嘻 小驴佳佳 户外志雨儿 张震摄影 专业汽车旅行 我在 [嘻嘻]
1,哇！稀饭诶 鼓掌 [鼓掌]
1,激动人心的时刻 心 微动日照 传播大赛大奖 实图奉上 感谢 日照市旅游局官方微博 的好活动 东方太阳城给了我太多惊喜 美食霸占味蕾 美景俘获视觉 爱你 仙山兔耳鳗鱼香螺 故地重游也仍有遗憾 日照 美就一个字 我还会再来的 日照旅游王立新 日照旅游 日出先照当属日照 日照旅游咨询网 山海美景 [心] [爱你]
1,请问这款多少银子？ 威武 围观 爱你 [威武] [围观] [爱你]
1,哈哈 太像了太像了 [哈哈]
1,回复 赵红欣 可爱 这评价太高了，我再接再厉。 赵红欣 友君微博 和 周思超 具备以上特征，特此 赞 ！ [可爱] [赞]
1,养熊猫的李桑 给你来一个 嘻嘻 [嘻嘻]
1,光头老薛 哈哈 哈哈 [哈哈] [哈哈]
1,学生手册，怀旧一下 嘻嘻 。你用过这个版本不？ [嘻嘻]
1,怎么个免费法 鼓掌 ，估计往返呼伦贝尔的费用自理吧？ 八戒如来神掌 梁智勇 海疯 吹 [鼓掌]
1,哈哈 霏霏琦小只猪 思考 有黑幕？！ 欣怡 勇敢的马 钟 霏霏琦小只猪 万度创智传媒 哈哈 哈哈 [哈哈] [思考] [哈哈] [哈哈]
1,陈莎 美 亲亲 亲亲 亲亲 [亲亲] [亲亲] [亲亲]
1,星座爱情 女人，要经营自己！ 鼓掌 [鼓掌]
1,！虽然你很不和谐 风言疯语 胖子：为啥你不关注别人，却要别人关注你？学名人啊？ 嘻嘻 ：转发微博。 [嘻嘻]
1,连蛋糕都上演彗星撞地球，末日的气氛十足呀 嘻嘻 [嘻嘻]
1,须叔荐书 春节前最后一赞 下一站，影帝 青罗扇子 名流巨星 第三部，新生代偶像 黑道经纪人、声色娱乐界 恩怨幕后战， 更萌、虐点更足 威武 叔已被侄女带成扇大粉 哈哈 感谢 青罗扇子官网 提供好书！闪瞎的烫金烫银书名 赞 正好听李祥祥首单 绝地 ，歌词很像写顾羽呢 [威武] [哈哈] [赞]
1,一直觉得四川话真好听，传神呀 哈哈 朱小黑 先生，您对成都的限行有什么感想吗？ 可以说家乡话不？ 可以 不晓得日嘛哪个瓜娃子哈麻批想出来嘞这个锤子政策，他懂个铲铲啊，日他仙人板板哦！ 这个是什么意思呢？ 就是努力工作，为构建和谐社会贡献自己的力量 成都 陈琳 [哈哈]
1,晓梅 实践 爱你 亦菲晴岚猜火车 [爱你]
1,我转了，捡不到明天找你要了 嘻嘻 [嘻嘻]
1,美女到北京，北京欢迎你 嘻嘻 威武 围观 [嘻嘻] [威武] [围观]
1,标准由会员大会选举出 并经省民政厅社团管理局批准、省旅游主管部门认可的合法副会长。不过该会七年不换届，我也早该下台了。下台也是首届副会长。 哈哈 伟哥嘛 有 ？ 嘻嘻 哈哈 兔子 [哈哈] [嘻嘻] [哈哈] [兔子]
1,回复 柠檬猫薄荷 对 爱你 [爱你]
1,我觉得。。。。这个人听力有点厉害。。。 哈哈 哈哈 [哈哈] [哈哈]
1,早安 亲亲 [亲亲]
1,别客气嘛 太开心 小狗狗有家了，我就开心了 爱你 [太开心] [爱你]
1,你们辛苦 三丁 谢谢 帮忙看摊！ 嘻嘻 [嘻嘻]
1,真的有很多相同之处啊！结拜为兄弟吧！ 哈哈 厚子林 亲们，视频发啦。回味下泉州的味道。客串主持人好美 南京 老李 嘉美猫 温和行者 苏世独立啦 繁星满天飞扬 石泡泡大仙 大脚丫丫跳芭蕾 香大菜 郝浩 [哈哈]
1,回复 老邵拖延症早睡早起 换衣服啊 老邵拖延症早睡早起 回复 相声演员大春 说得是晚上散场的时候 哈哈 门口等了好久都不出来哇 [哈哈]
1,美丽的天鹅向我们游来。 爱你 [爱你]
1,宁时细个还一味按动画，因为家里没有上网，不会装游戏。天真可爱的三年级。 我系鸡头 哈哈 [哈哈]
1,晚饭开始啦！ 抱抱 这是什么菜？竞猜竞猜！！ [抱抱]
1,重要节日！祝快乐！过节的童鞋请对号入座 嘻嘻 鼓掌 爱心传递 [嘻嘻] [鼓掌] [爱心传递]
1,真正的原生态 所以呢 人不要试图去改变自然 而需要去适应自然 哈哈 [哈哈]
1,舌尖上的河北 吃到了勒泰这边的石头饼，口味一般，味道有点淡。搞不懂为啥要叫石头饼呢？你知道哪家石头饼好吃吗？ 抱抱 [抱抱]
1,玉立婷婷，美好心情！ 孙烨 幸福人生！生日快乐！ 玫瑰 玫瑰 玫瑰 爱你 爱你 爱你 蛋糕 蛋糕 蛋糕 [玫瑰] [玫瑰] [玫瑰] [爱你] [爱你] [爱你] [蛋糕] [蛋糕] [蛋糕]
1,哈哈 梦想家陆子矜 说的对 [哈哈]
1,回复 奔跑的大儿童 呵呵，那到时一定要报名啊！ 嘻嘻 奔跑的大儿童 我想去。。。 [嘻嘻]
1,读老舍 终于快到周末了 泪 多么美好的两个字啊！不知道有没有在为年会节目等苦恼的观众？分享一篇 科学救命 ，安慰一下。 嘻嘻 [泪] [嘻嘻]
1,随手拍 放大看 生活处处有惊喜 运营商就别捂着啦 来了！ 嘻嘻 围观 [嘻嘻] [围观]
1,高级白 英足总 哇 陈佳 我的智商是硬伤。 大笨蛋小蝎子静下心来写论文 有机会我也要玩一玩 大家一起玩 亲亲 每天默念我是胖子一千遍 清墩小梅鱼 贝特米 隐隐傻傻要闯遍天涯 看懂了伐 偷笑 恋久 看了评论才看懂 [亲亲] [偷笑]
1,非常了得 美女不做猎头当红娘 围观 女嘉宾自我介绍说： 我以前是做猎头的，但发现找人越来越难，而且跳槽是一件很没有幸福感的事，所以就做起了红娘。 红娘还现场给选手做起了媒，无奈选手 郭德纲 和 孟非 的结合体 的要求实在太高 嘻嘻 只得罢了。 [围观] [嘻嘻]
1,嘻嘻 太好玩了！测试出来，我和 张智霖 的相似度是 ，大家觉得像吗？你像哪个明星呢？快来测测 明星相 吧： 妈呀！！！！我不评论了 大家懂的 [嘻嘻]
1,草下凡人 哈哈 [哈哈]
1,回复 没有啊！而且举办音乐会的时候有可能需要做工作 泪 话说回来叔叔的演出会有视频吗？？ 可爱 [泪] [可爱]
1,还在老挝么？佛教国家会让你感到一种难得的心灵安定，这种安定感是弥漫在空气中的，上次在吴哥，和一位僧侣用英文聊佛法，很长见识，当时就想不走了 嘻嘻 [嘻嘻]
1,小西驾到 真心喜欢这张照片，看一次笑一次，太可爱了！ 哈哈 [哈哈]
1,豆腐一鱼 今晚！ 明星 守候 尚雯婕 爱你 李小娜 来 [爱你] [来]
1,看看我在干嘛？自己摸成大花脸了，睫毛都被烧了。 哈哈 [哈哈]
1,创意无所不在 哈哈 [哈哈]
1,回复 要淡定 欢迎欢迎啊！感谢来支持金小帅 太开心 签到有礼 积分 要淡定 啊啊啊 晚了好几天 泪 从今天开始早晚安吧！ 许愿 [太开心] [泪] [许愿]
1,鼓掌 朱皓毅 原来蔡总是首发 嘻嘻 [鼓掌] [嘻嘻]
1,哈哈哈哈，这句话实在是太经典啦！！ 茉茉宝贝儿 吴湘玲 哈哈哈 嘻嘻 有道理的啦 [嘻嘻]
1,亲，好吃就经常来尝尝西江的美味吧 亲亲 [亲亲]
1,嘟 恭喜你家林峰，好靓仔呀 哈哈 [哈哈]
1,哈哈 哈哈 郭昱媛 [哈哈] [哈哈]
1,好喜欢 向京 老师的 亲爱的小孩 在 上也看到了 可爱 [可爱]
1,回复 洪毅 我这角嫩的老身体，经不起折腾啦。 哈哈 哈哈 哈哈 洪毅 回覆 不行，必须去 洪毅 老 ，周，咱 趟上海吧！ 韩雪 赵洲 。先吃再玩儿 打了鸡血的白蝎子 听说你行 哈哈 超级 同志们觉得我行吗？ 哈哈 哈哈 哈哈 [哈哈] [哈哈] [哈哈] [哈哈] [哈哈] [哈哈] [哈哈]
1,听说 男人都喜欢 苗条 眼大 腰细 腿长 哈哈 [哈哈]
1,上海广告媒体圈 回复 别笑严肃点儿 围观 别笑严肃点儿 上海广告媒体圈 广西广告媒体圈 壮哉！ 每日高清电影 这里的视频太享受了！ 太开心 喜欢你的视频， 鼓掌 每天必看 亲亲 [围观] [太开心] [鼓掌] [亲亲]
1,大董意境菜研发徐勃 鼓掌 [鼓掌]
1,谢谢莫莫 莫莫 小冷 鼓掌 [鼓掌]
1,我就怕你戴会小，刚刚好我就放心啦 美美的过年吧 蜜蜜小姐新年快乐思密达 哈哈 哈哈 哈哈 爱你 亲亲 亲亲 亲亲 [哈哈] [哈哈] [哈哈] [爱你] [亲亲] [亲亲] [亲亲]
1,偷笑 欧美二线品牌 哈哈 哈哈 逍遥兽 人生哪容你卖萌？发懵有时，傻逼有时，全靠彼此大嘴巴抽醒！ [偷笑] [哈哈] [哈哈]
1,早晨同事在屋里听歌，放了一首 千里之外 ，有一句歌词是 一生有李白 嘻嘻 。然后我就想，什么情况下能 一生有李白 呢？我分析，应该具备以下条件： 跟李白住得很近或是住一起； 比李白小或是跟李白同时出生； 比李白死得早或是同时去世。具备以上三个条件的人才能 一生有李白 鼓掌 [嘻嘻] [鼓掌]
1,哈哈 太空闪光 南方的同胞联合起来，提案：我要暖气！起床靠毅力，洗澡靠勇气的转！ [哈哈]
1,能遇到什么大好事呢，好期待啊 太开心 写 写 能不长高么，能瘦么。。。 失望 [太开心] [失望]
1,韩凯云 回复 巨蟹座 小 嘻嘻 嗯呢 也适合我们做后期的 你懂的 偷笑 巨蟹座 小 回复 韩凯云 嗯嗯 解压神马的最适合考试周了 爱你 韩凯云 回复 巨蟹座 小 笑哈哈 是啊 巨蟹座 小 完美释放是你们的新节目么？ 韩凯云 偷笑 害羞啦？ [嘻嘻] [偷笑] [爱你] [笑哈哈] [偷笑]
1,幸运曲奇真的带来好运了，活动抽奖居然被抽中啦 哈哈 余久久 北京 锦食送 [哈哈]
1,月 日，北京市文物局 年信息、微博工作人员培训暨 年工作总结会在大觉寺举行。 老舍纪念馆微博 和 首都博物馆的文化表情 获评 年度微博先进单位。 鼓掌 主页君也被评为先进个人啦 嘻嘻 哈哈哈谢谢大家，谢谢 咳，感谢大家关注 谢谢大家对我馆工作的支持！ [鼓掌] [嘻嘻]
1,真心舒服开怀 爱你 爱你 [爱你] [爱你]
1,我是一个有情怀的龙猫 哈哈 的黑帽子 龙猫 [哈哈]
1,好 镭老 好看。 北京鸭脖 这比获诺贝尔文学奖的好看 鼓掌 张晓鹏 好看 梁小猪的快乐生活 今晚又看了个长篇，不让人睡觉了！ [鼓掌]
1,继续替班 环球旅行家 ，朋友们还在吗？ 太开心 [太开心]
1,没参加表示遗憾。我要这胸章， 可爱 瘦胡 这次活动很好，特别是下午的安排。 [可爱]
1,回复 在凤凰新媒体 那我们强烈要求请大家吃顿好的了 哈哈 的角落 琦怪奇 在凤凰新媒体 宁生苦短要及时行乐，钱乃生外之物生不带来死不带去，想花就花呗 偷笑 静静 赞 ，钞票是侬多呀 偷笑 ，嗲是嗲额 给力 鼓掌 [哈哈] [偷笑] [赞] [偷笑] [给力] [鼓掌]
1,又到了小酌时间，小萌的芝华士 ，梦梦的 ， 加冰块连口感都变不少 可爱 哈哈 可爱 [可爱] [哈哈] [可爱]
1,用自己包的粽子祝大家端午节快乐！虽然卖相一般，味道可是很不错滴 有甜粽也有咸粽 嘻嘻 [嘻嘻]
1,哈哈 哈哈 哈哈 韩军立 哈哈 [哈哈] [哈哈] [哈哈] [哈哈]
1,高清，大家收图啦 端木妙子 大家都笑的好开心啊 嘻嘻 鼓掌 太开心 心 令照 端木妙子 双鱼座的 朗润 北岸 三个三个 夏夏 [嘻嘻] [鼓掌] [太开心] [心]
1,嘻嘻 太阳 下午茶 远离消极的人！ [嘻嘻] [太阳]
1,转 鼓掌 求助社会关注中风偏瘫弱势人群 新言艳语 鼓掌 [鼓掌] [鼓掌]
1,谢谢艳平带来的最新消息， 爱佑童心 项目再添一加定点医院 广东省人民医院！ 鼓掌 赞 广东及周边的先天性心脏病患儿可以去广东省人民医院申请爱佑的资助！ 兔子 [鼓掌] [赞] [兔子]
1,偷笑 蔡卓妍 哈哈哈哈 哈哈 [偷笑] [哈哈]
1,培哥 我在上班好哇 泪 陪陪无人陪 哈哈哈。。。不说自己出去玩了多少时间 嘻嘻 球球 发胖 挖鼻屎 光想旅游 不想工作 拖出去喂鸟 [泪] [嘻嘻] [挖鼻屎]
1,阳光 梦想经常会变成挑战，而我们正是因为挑战而活。 ，粉粉们，这一周，你的挑战是什么？ 嘻嘻 [阳光] [嘻嘻]
1,睡前一笑 回家过年如果有人问起，你怎么变胖了，你就说忘了。不要解释，越解释越悲伤。。。 哈哈 新年的脚步越来越近啦！不过大年三十晚 超级笑星大拜年 带来的欢笑年夜饭吃了可不会变胖哟 很晚啦 大家早些休息！明天还要上班哟 嘻嘻 晚安！ [哈哈] [嘻嘻]
1,回复 牛奶小姐 可爱 谢谢 牛奶小姐 回复 凌一凡 所以啊，何必纠结，看清真相就好，日子还要继续，开心点！ 太开心 凌一凡 回复 春天的大西瓜 你说对啦。我很受伤！ 春天的大西瓜 说到底还不是因为你自己在乎 往心里去了么 凌一凡 回复 彭钰涵 谢谢啦 [可爱] [太开心]
1,爱你 院子永远是你的家 [爱你]
1,很有娱乐精神 嘻嘻 [嘻嘻]
1,回复 拍客老李 偷乐 得捂上嘴 拍客老李 嘻嘻 俺叫老鬼 哈哈哈哈哈哈哈 牙又掉啦！ 哈哈 可爱 [偷乐] [嘻嘻] [哈哈] [可爱]
1,呵呵，情理之中意料之外 可爱 海阳 他就是右边的这个男人 飞机 胡淑芬 众人皆在嘲笑他时，一艘飞船翩然而至。 [可爱] [飞机]
1,华丽丽闪瞎眼啊！ 爱你 [爱你]
1,鼓掌 金朝顺 帅哥美女如云 恭喜开课！ 魏英俊 洪璐葫芦 恭喜了！ 昆晏 转发微博 [鼓掌]
1,发礼物 ； ； 鼓掌 鼓掌 酷 精彩的人生！ 鼓掌 给力 围观 威武 [发礼物] [鼓掌] [鼓掌] [酷] [good] [鼓掌] [给力] [围观] [威武]
1,蛮好看的，适合 北方的纳努克 大 门 好看实用 糖果 猫猫 亲友们顺手顺角帮转一下噢 可爱 谢谢 糖果 猫猫 连接在这里噢 ，规格是经过反复改良后修正的。会更适合配搭和男或女士佩戴。 毛豆 [可爱]
1,回复 无趣的兔吉拉 就开门了 哈哈 哈哈 无趣的兔吉拉 老板，不好意思打扰一下，咱们明天营业吗？几点开始啊？想带老爸老妈去吃煎饼 多谢啦 [哈哈] [哈哈]
1,妹子们还是找个读计算机或者信息安全的男朋友吧 原来这话可以这样用啊我顿悟了 花心 职业欠钱 衰 我真没用，居然让你问出这样的问题 你直接温柔地抱着妹子说 有我在没事的亲爱的 就行了不用其它解释了 哈哈 [花心] [衰] [哈哈]
1,汤老师辛苦 哈哈 [哈哈]
1,众亲 春暖花开 你可以带 满足下美胃了哈 吃货 吃货 太开心 鼓掌 青年餐厅超值团购来袭！已售万余份 噢耶 真 价值 元现金券 仅售 元！ 江南 太开心 青年餐厅 这个真的可以有！！ 吃货 江南 带感 吃货 [吃货] [吃货] [太开心] [鼓掌] [噢耶] [真V5] [江南style] [太开心] [吃货] [江南style] [带感] [吃货]
1,云爱情 月 日，武汉纺织大学阳光校区圆形舞池广场上，化工学院大四学生马卫和服装学院大四学生黄小茹，在 多人的围观下宣布完婚。他们左手拿着毕业证右手拿着结婚证。校园恋情修成正果实属不易啊，小亭希望这个毕业季有更多的恋情开花结果！ 鼓掌 [鼓掌]
1,一起来顶他 太开心 沙发啊 [太开心]
1,世界上知名度最高的照片和它的摄影师 这张照片是不是觉得很熟悉呢？是不是越看越觉得亲切呢？ 哈哈 [哈哈]
1,在杭州感受新能源出租车，中途换电池 哈哈 低炭出行，杭州给力 赞 ，就是续航能力稍微弱了点 [哈哈] [赞]
1,留着当胎教 全球热门伤不起 超能锻炼思维的优秀电影，存了慢慢看。 嘻嘻 [嘻嘻]
1,嗯。 经典丶私房菜 爱原本就是一种习惯 爱你 教您做睿智女人 [爱你]
1,贾老师这是有闲有艺有情趣 花心 李败山 老贾勤快人 俺是耐不住这个烦滴 哈哈 [花心] [哈哈]
1,啊哈哈哈， 啦！ 哈哈 [哈哈]
1,期待 哈哈 刚峰看世界 哈哈 韶关旅游 中华旅游名博丹霞行 明天下午将前往南华寺，小编也一起同往哦 威武 [哈哈] [哈哈] [威武]
1,哈哈 明明是小虎 好滴狠，这期微博故事来啦。 烂泥南 小丽贝尔 杨晓青 冰糖杨梅 [哈哈]
1,感谢亲爱滴转发 爱你 [爱你]
1,回复 动力 火锅 哈哈 回去给你捎俩儿！ 动力 火锅 面馅的 转发 [哈哈] [转发]
1,嘿嘿 天儿 统一战线！！！ 挤眼 害羞 杨惠 要不要加入呀 七块板儿 行！你就介样儿阿！ 右哼哼 左哼哼 快板 赵丹丹 哈哈 师父你现在好幸福呀 偷笑 太开心 七块板儿 唉。。。徒弟阿快救救我吧！ 委屈 可怜 快板 赵丹丹 师父咱这是肿么啦？？哈哈 哈哈 [挤眼] [害羞] [右哼哼] [左哼哼] [偷笑] [太开心] [委屈] [可怜] [哈哈]
1,呵呵， 赞 赞 赞 豆豆听胡爷说故事 我该申请小号啦 嘻嘻 蒋小婷消停 汗 都快成广告专业户了。 豆豆听胡爷说故事 夏云裳 新浪河北玩乐购 素颜出门不怕晒 冒失鬼小璐 德子 紫墨轩老崔 吃糖 蒋小婷消停 宣传吧 [赞] [赞] [赞] [嘻嘻] [汗]
1,哈哈 卢勇教授 又创造了一个一夜暴富的神话！ 红包拿来 [哈哈] [红包拿来]
1,嘻嘻 我一做喷绘的哥们儿就在玩儿这，，， [嘻嘻]
1,跑步心情 跑步指南 适合夜跑的人们！ 嘻嘻 [嘻嘻]
1,天天向上 五周年：哇！你应该是第一个收到 李欣频 的书籍的观众吧！ 鼓掌 不知乐橙们的情书和签名照收到没有？ 思考 在此，祝你如获珍宝，创意无限，好运常在！ 爱你 加入我们的 天天读书会 来和小伙伴们进行 阅读交换 吧！一起好好学习，天天向上！ 心 [鼓掌] [思考] [爱你] [心]
1,转发 鼓掌 [moc转发] [鼓掌]
1,过了 新梦回大唐 唱支山歌给当听 哈哈 [哈哈]
1,龙门镖局 天黑了，当家的喊你回家吃饭啦！ 嘻嘻 嘻嘻 偷笑 大家周末快乐！ 笑哈哈 [嘻嘻] [嘻嘻] [偷笑] [笑哈哈]
1,和大美妞 砚 及她家 一起看了 神探亨特张 ，看完心里好难受啊，这个社会病太久了， 绿妖绿妖 看到你了，公车上倏忽而过、还有在老周的身后， 你们俩 可爱 ； 读库 的老六演得太好了，好男银啊，祝愿票房业绩使库房之痛风轻云淡 [可爱]
1,一如即往体现了水瓶的无情啊 嘻嘻 麦兜吉吉 牛 当时我就泪奔了 你敢测么？ 偷笑 [嘻嘻] [偷笑]
1,所谓的一鸣惊人么？ 哈哈 [哈哈]
1,集体旷工，一起去郊游耶 爱你 向大觉寺出发喽 哈哈 [爱你] [哈哈]
1,原来是这个原因！哈哈恭喜 ！现在 子中心也联系好了，你可以安心了！ 哈哈 你懂的 ！ 汤小雯 祝小媳妇和小小马感情长长久久，婚姻历久弥新！ [哈哈]
1,那年与老虎妈坐一起看球，现在又见到了 新贵 啦！ 哈哈 哈哈 [哈哈] [哈哈]
1,回复 停转的牧马 哈哈 停转的牧马 困 [哈哈] [困]
1,最炫民族风格 哈哈 木子目分 [哈哈]
1,周末来与家人一起度个时下流行的 吧 鼓掌 [鼓掌]
1,烘焙课堂作品 今天出炉的纯手工健康吐司 抱抱 淳朴的味道是不是更诱人？ 挤眼 [抱抱] [挤眼]
1,这个点儿还在纠结是看呢是看呢还是看重播呢 很浓重的伦敦音，奥运 偷笑 抓狂 嘻嘻 哈哈 爱你 酷 睡觉 睡觉 睡觉 睡觉 睡觉 睡觉 [偷笑] [抓狂] [嘻嘻] [哈哈] [爱你] [酷] [睡觉] [睡觉] [睡觉] [睡觉] [睡觉] [睡觉]
1,春节后请杨老师指导工作 威武 沣之道杨铁锋 回复 热点红姨 餐饮软件，赢的是创意。热点总是走在前面，给餐饮人上课。学习了！ 热点红姨 谢谢杨老师 握手 沣之道杨铁锋 干得漂亮！赞一个！ 热点联盟 欢迎围观，更多精彩陆续呈现 给力 围观 威武 爱你 舌尖上的北京 杨光 [威武] [握手] [给力] [围观] [威武] [爱你]
1,去看大学同窗主演的话剧 钢的琴 ，路上堵，路逞遥远，可爱的车车们，快给让条道吧。。也祝福晓冬今晚的北京首演成功。 鼓掌 郭晓冬 [鼓掌]
1,北京出版人沙龙： 香炉夜染衣： 哈哈 后大男生：见一次转一次！ 都市时报：转发微博。 [哈哈]
1,主持人少枫 辛苦了！ 心迪舞蹈会所 我和少枫，感谢朋友们的支持与帮助！我们的瑜伽老师 双鱼妹 你很棒！ 小胖 淇 静 张雯 爱你 爱你 爱你 [爱你] [爱你] [爱你]
1,回复 米其林大厨 西安 马来人 我收他做徒弟不知道国家有相关政策没有 米其林大厨 西安 收徒哇，几时喝拜师酒 不如带来开封如何？ 嘻嘻 嘻嘻 嘻嘻 [嘻嘻] [嘻嘻] [嘻嘻]
1,矮油 周日周日啦 咱们俩过个开心滴小周末 爱你 [爱你]
1,谢谢上得厅堂、下得厨房、卡得了 、打得了高球的超级大美女睿睿！你的另一项大本领我就不在这公布啦 偷笑 祝亲爱的大美女 王一涵 生日快乐！永远美丽，永远幸福。 爱你 爱你 蛋糕 干杯 礼物 亲亲 [偷笑] [爱你] [爱你] [蛋糕] [干杯] [礼物] [亲亲]
1,嗨森嗨森 爱你 视频员工微博 再来一瓶都没中过的人表示被巧克力的甜美融化了 发礼物 [爱你] [发礼物]
1,深玩美国 西雅图中央图书馆，库哈斯设计。这家伙也设计了咱们北京的那个大裤衩 哈哈 典型的 解构 建筑说白了就是设计突破了以往以 藏书 为中心的图书馆空间，而是为大家交流营造丰富的空间， 层有个观景处，往下看晕不晕就看你自己了 偷笑 玩乐美国 美国旅游玩乐汇 [哈哈] [偷笑]
1,回复 青青大白兔 直升机是通用航空的重要组成部分，但直升机的数量在通航飞机里的比例是不高的。 青青大白兔 回复 通用航空李晨 我好像印像中是的 航展航演都很漂亮 问问 可爱 通用航空李晨 我也在！ 周莹 [可爱]
1,。。。。。。我们互相爱。 哈哈 哈哈 哈哈 我没会不表示呢，昨天没来的急 今天特别请假来表示 ！哈哈 爱你哦 亲爱的 喇嘛，男人，有你们真幸福。哈哈 邪精灵爱美食 你不表示一下？ [哈哈] [哈哈] [哈哈]
1,抱抱 宝宝真可爱 亲一口 [抱抱] [亲一口]
1,杜小猫长大了耶！想要女朋友了 嘻嘻 [嘻嘻]
1,嘻嘻 继续努力拍更好。 [嘻嘻]
1,鼓掌 苏小潘 [鼓掌]
1,盛放如莲 鼓掌 启韬资讯 很美！ [鼓掌]
1,哈哈 哈哈 小布 哎哟，我笑了 [哈哈] [哈哈]
1,鳄鱼轧纹 迷你哦 鼓掌 。 阴险 个。限量哦。 阴险 微信 [鼓掌] [阴险] [阴险]
1,给力 给力 礼物 礼物 云游四海 哈哈 给力 好爱哦 好爱哦 哈哈 水墨婺源 赞 哈哈 发红包 发红包 云游四海 红包拿来 哈哈 发红包 篱上葱绿 王总，新春吉祥！ 水墨婺源 感谢新疆朋友的支持，祝博友们新春吉祥、快乐！ 中国新疆 宜居之地！ [给力] [给力] [礼物] [礼物] [哈哈] [给力] [好爱哦] [好爱哦] [哈哈] [赞] [哈哈] [发红包] [发红包] [哈哈] [发红包]
1,影视圈的朋友猜猜这三位是谁？！哈哈 哈哈 威武 围观 [哈哈] [威武] [围观]
1,支持 嘻嘻 明月畅想 看到 这么受欢迎 好开心 哈哈 [嘻嘻] [哈哈]
1,爽啊！ 嘻嘻 我想说真话 魏大拿 [嘻嘻]
1,赞 阿明叔叔 复旦芮明杰 果然乎 苏大杨童 时乐 点心 转发 我发现我的笑点足够低 杨芮 变相的色情窝！ 广告主杂志程坤 方立松 肯定要火 哈哈 凌平 设计长江商学院 的这家创意设计公司要火！ [赞] [哈哈]
1,看着咋 聚会的照片，心里想着：我们亲耐的崔老师咋永远都那么年轻呢 这才是真正的不老妖姬呢。。 偷笑 爱你 亲亲 [偷笑] [爱你] [亲亲]
1,磕着瓜子，吃着零食，吹着徐徐凉风，看看露天电影，夏天就要这样享受！ 嘻嘻 微风 [嘻嘻] [微风]
1,哈哈 说人话 [哈哈]
1,三个小时的霍比特人，希望不要睡着 霍比特 熊猫 哈哈 [熊猫] [哈哈]
1,曾经的领导们，就能证明这样的神迹，梦想常常能实现。 爱你 龙妈 怒 于其多 疯了，搞不好了！我们一起哭丧吧 泪 港台二哥 酒店服务员当局长， 岁司机当副局长， 威武 [爱你] [怒] [泪] [威武]
1,面粉进去，面条出来！ 三能器具 会擀面条略过 哈哈 ，话说我仅仅会这个了吧 挖鼻屎 新桐 抓狂 抓狂 抓狂 抓狂 抓狂 [哈哈] [挖鼻屎] [抓狂] [抓狂] [抓狂] [抓狂] [抓狂]
1,啊哈收齐了 鼓掌 圆圆 哈谢谢支持，最喜欢哪个主题啊 [鼓掌]
1,有娃之后吃饭都要提前问店里是否无烟，餐桌边是否能放下童车。去年今天知道有了可可，今天已经 天大了，而且不是外出就睡，而是全程欢乐的各种感兴趣，真幸福 爱你 [爱你]
1,回复 了个 的 哟，没看错吧， 这么早就出现啦，快抓住 嘻嘻 了个 的 永远的 后 [嘻嘻]
1,为了尊重非吸烟者的身体，我已戒烟到第四天了！吃饭时看到朋友 杭州丑丑 天禄车队军锋 吸烟特纠结 可 晚饭后特难受时泡壶好茶加锻炼腿部既然就舒畅了！大家谈谈戒烟的感受吧！ 酷 嘴 嘻嘻 [可?] [酷] [?嘴] [嘻嘻]
1,璐 再 我一遍 嘿嘿！计划去日本 工作定了就去！近期去看您 太开心 好！邀几个朋友一起去。 [太开心]
1,俺订的就是机 酒，还就是成功酒店的海上屋 哈哈 亚洲廉航网 推一下兰卡威，呵呵 [哈哈]
1,这话连起来就是北京头疼呗 哈哈 [哈哈]
1,哇塞，可爱哦！ 爱你 丁娜丽 宝贝姨妈好想你 抱抱 爱你 [爱你] [宝贝姨妈好想你[抱抱] [爱你]
1,灰常开森 灰常感谢蘑菇先森 爱你 这几天找时间过去 嘻嘻 去光临你的梦 咖啡 叶沐 周小默 午夜的阳光奇奇 恭喜以上得朋友幸运的获得咖啡杯转发活动的奖品！每人一个订制限量杯子！蘑菇会继续努力给大家带来惊喜！若要，购买此马克杯请私信！会员订制只需 [爱你] [嘻嘻]
1,好姑娘系列，策划了两本，好姑娘篇，渣男篇， ，最清新的重口味姑娘写就， 周一见 不了，三月后吧 哈哈 [哈哈]
1,毛娃：牙齿不想要了是伐 酷 ：特别是只吃肉肉的教主 嘻嘻 [酷] [嘻嘻]
1,嘻嘻 早餐是新一天的开始，亲，用餐愉快哦！ [嘻嘻]
1,一夜之间，小达粉丝就过万了 哈哈 达粉们给力啊 谁是第 个？自己出来认领吧 [哈哈]
1,不知道啊啊啊啊啊啊啊 嘻嘻 可以试试 [嘻嘻]
1,回复 格拉夫影像 刘晓鹏 兄弟，出发了吧，辛苦，回来再聚！ 格拉夫影像 刘晓鹏 哈哈 权金城彭涌 看了舍不得吃 [good] [哈哈]
1,签签君子餐厅，这里有麻辣的川菜也有火辣的串串香，还有有趣的上上签，每个签文都是一道谜语，谜底就是一道食物，猜中有饮料送哦，偶中了一杯含羞草 哈哈 这里的串串香辣而不燥，吃完后也是数签子算钱。老板就是天下盐的诗人二毛，饭后还赠送了偶们签名的新书，满满都是美食。 京城美食探店 美食推 [哈哈]
1,我喜欢，城市猎人 我郭柯啦 回复 天堂鸟蕾 哈哈，最近稍微有点小忙 天堂鸟蕾 汗 你多久没微博了？ 我郭柯啦 回复 哈哈哈，我确实喜欢 哈哈 哇！ 抱抱 照这么看来，郭小柯也得喜欢，哈 我郭柯啦 天堂鸟蕾 偶知道你也喜欢 花心 [汗] [抱抱] [花心]
1,回复 营养师顾中一 期待 营养师顾中一 来说说食物相克木瓜丰胸啥的。 偷笑 营养师顾中一 嘻嘻 [偷笑] [嘻嘻]
1,太开心 举四爪赞成，最爱面包 握手 [太开心] [握手]
1,回复 匪类也柔情 积极啊 匪类也柔情 大利侗寨位于榕江县城东面，距县城约 公里。我先度娘欣赏一下！ 无须豆蔻 回复 匪类也柔情 黔东南榕江大利侗寨 匪类也柔情 这是在哪里？ 无须豆蔻 值得去 小镜头大世界 好美的地方啊，我想去 嘻嘻 哈哈 [嘻嘻] [哈哈]
1,哈哈 美女欢迎再来玩啊 爱你 [爱你]
1,我的最爱 太开心 婧 想拥有 梦小君呀 利利韦 好可爱！ 菲菲 加 不纠结小妞 李丹 大大脑壳 花心 花心 花心 [太开心] [花心] [花心] [花心]
1,生命的意义之一，就是学会对这个世界的谦逊。因为最伟大的艺术家，是自然。祝大家周末愉快！ 可爱 [可爱]
1,吃货们不能错过 哈哈 [哈哈]
1,泪 一路顺风 别忘了我滴明信片哇 要大家签名合体版的 行者橙子 穆杉伯男 赵小牛 出发了，兴奋的根本睡不着，大学毕业后已经许久没有体验过单独和朋友一起出来旅行，所以特意改走 致青春 路线，橙子也变成了睡在我上铺的兄弟 嘻嘻 [泪] [嘻嘻]
1,侬应该懂额 汗 咪 又出啥事拉？？？ 华 这个确实 围观 静静 我们想你也快疯了 偷笑 ，群里天天念着你，你不在的日子有人更狂了 汗 咪 嗯，想 子想 了。 华 你回来啦 哈哈 [汗] [围观] [偷笑] [汗] [哈哈]
1,李老湿突然突然很爱你！！！ 泪 泪 泪 鼓掌 鼓掌 鼓掌 爱心传递 [泪] [泪] [泪] [鼓掌] [鼓掌] [鼓掌] [爱心传递]
1,请西方势力不要说三道四！ 法新社 交给你金大大 哈哈 [哈哈]
1,呵呵 嘻嘻 哈哈 公子歌 有。 [呵呵] [嘻嘻] [哈哈]
1,回复 我占 各种神兽的欢乐造型 求关注 得意地笑 笑哈哈 好爱哦 偷乐 别烦我 震惊 神道变神叨 笑哈哈 我占 我这明显大号神兽 嘻嘻 [求关注] [得意地笑] [笑哈哈] [好爱哦] [偷乐] [别烦我] [震惊] [笑哈哈] [嘻嘻]
1,春暖花开，蜂鸟横行 哈哈 李涛 蜂鸟 爱你 奥森空间 好美啊 [哈哈] [爱你]
1,土豪土豪 ，我们来做邻居吧 太开心 家庭乐 [太开心]
1,现在看很喜欢的 打破了我的构图 心 要瘦更要健康 这张难度最高了 晕 ，把我们家方给气坏了，拍了半天是歪的 哈哈 [心] [晕] [哈哈]
1,回复 戴 谢谢您！ 戴 祝生日快乐 陈玉霞博斐秀禾 回复 黑松白鹿 华令 谢谢华令！ 哈哈 哈哈 黑松白鹿 华令 陈姐生日快乐！ 鼓掌 [哈哈] [哈哈] [鼓掌]
1,偷笑 这个绝对可以有 生长在夏天的橙子 河南同学推荐的开封夜市小吃 爱你 听说 米长的街上全是摊位。。从蚌埠去开封火车只要 多元 嘻嘻 下次一起去吧 [偷笑] [爱你] [嘻嘻]
1,回复 菲林？芝麻卷？ 透明既甜品 我就 菲林 偷笑 人地女朋友 我 都好 意食架，成日目及住透明甜品 心 嘻嘻 [偷笑] [嘻嘻]
1,家居生活还不够美好，所以我们要努力 嘻嘻 [嘻嘻]
1,一家新 吴克清 齐心协力，一家人。 鼓掌 胤 金榜歌会 晨光 严琦全国政协委员 林华磊 成龙 那英 后作家曹永胜 彭曙光 张何 方华 杨代胜 秦士存 傅继英 张佐如 北空女兵 情 冯跃振 牛兴全 伊嘟蜜 全聚齐 李克 金榜歌会 晨光 牛浩东 冯跃振 [鼓掌]
1,鼓掌 鼓掌 额临时房间 不错 威武 山水嘉禾孟亭 倾听民意，解决百姓实质问题！不少政府领导已经充分运用了微博平台，拉近与百姓的距离！ 庾云彰 腾冲一品堂 开封杨明伟 [鼓掌] [鼓掌] [威武]
1,汤吉吉小姐和老任的幸福生活 哈哈 我在这里 [哈哈]
1,入住高大上的 ，跟着雪姐有肉吃。 嘻嘻 我在这里 [嘻嘻]
1,帮最屁的 羽泉 做 的都是 级的 ，也许因为这才让老师们委屈的，但是 ！ 离过年不是还有日子吗 嘻嘻 铮子 哈哈哈，我比去年多了 哈哈 [嘻嘻] [哈哈]
1,回复 最爱口香糖 得意地笑 我们的客房分为老式电影院、海河河畔及欧洲奢华三种设计风格，将天津的邻里文化自然融入其中。 威武 祝您国庆快乐 国旗 国庆期间有空来酒店！ 最爱口香糖 最最爱的酒店 天津海河英迪格酒店 喜欢不同主题的客房设计 爱你 爱你 [得意地笑] [威武] [国旗] [爱你] [爱你]
1,中午吃了苏稽镇最有名的一家跳脚牛肉，都是重口味，不过肝脏神马都干干净净，味道辣中带香，牛骨髓最喜欢， 角角 ，我和 老邱 口味重 老江 替你吃了好多，你好好在 喔。 嘻嘻 [嘻嘻]
1,心 爱，从来没有固定的模式，每一个细微举动都是表达 爱 最好的方式！花间堂，在许多微不足道的动作里，表达满满的爱意！ 爱你 [心] [爱你]
1,嘻嘻 嘻嘻 嘻嘻 机器越来越智能，人越来越懒，很多器官难道会用进废退么！ [嘻嘻] [嘻嘻] [嘻嘻]
1,懒人业余餐厅 领着廖那厮，唐那厮！参加顾老师拍的毛片子， 蛋疼！ 哈哈 哈哈 [哈哈] [哈哈]
1,哈哈 哈哈 炳炳 围观 围观 九江旅游杜少华 修改版 一山飞峙大江边，山下陶令闲耕田。采菊种豆桃源梦，吟诗品酒人间仙。千年九江山水秀，万众英才笔墨添。人生何处洗心乐？浔阳江头已忘言！ 烟雨听潮 [哈哈] [哈哈] [围观] [围观]
1,杆法、观念和线路跟 球的区别很大，要把准度融入到实战当中还是需要一段时间的适应。加油 太开心 [太开心]
1,品味泰国 可爱 可爱 [可爱] [可爱]
1,力子 哦呵呵呵呵 啊哈哈哈哈 狂点赞 哈哈 鹿希 听说这个作品很俏皮 我说呀姑娘你别害怕 一呼哈我就无法自制的要唱 是谁送你来到我身边 。。。 [哈哈]
1,普达措的松鼠很有爱 嘻嘻 [嘻嘻]
1,收款中！ 哈哈 [哈哈]
1,明天用新的小白 爱你 [爱你]
1,嘻嘻 下班后奖励自己一杯吧，明天就是周五了哦 [嘻嘻]
1,这个可以有 可爱 小小辣鱼 的风云 何高峰 鸡飞狗跳 健康姐 [可爱]
1,把快乐带给身边的每一个人。 女人 主 快 呀！ 胡敏珊 爱你 [爱你]
1,哇塞！ 爱你 第一次见到这么大的蛋糕啊 哈哈 [爱你] [哈哈]
1,恭喜恭喜，组个团来趟济南火老幺吃货行吧。上次吃完让我念念不忘的味道啊。 食尚小米 山东的朋友们、和来济南的朋友们、我来济南了 爱你 哈哈 给力 明天也就是 日上午 ： 分，我和好朋友 张智铎 合伙的 济南火老幺食尚餐吧 诚意开业！ [爱你] [哈哈] [给力]
1,幸得唐先森钦点真是与有荣焉 偷笑 本次拍摄唯一的女 鼓掌 [偷笑] [鼓掌]
1,我爱黄金假日 这是幸福的吃货 嘻嘻 来自签到粉丝 李可墙 馋人分享 抓狂 [嘻嘻] [抓狂]
1,有哥伦比亚大学的经济学家认为，人民币被低估并非金融政策所致而是缘于计划生育政策。男女比例失调不单使男性劳动力过剩而且娶媳妇的竞争也与日俱增，迫使很多家庭只好加强资金储蓄量。全是彩礼惹的祸！建议美国： 鼓励中国男性移民，多娶美国老婆； 鼓励更多美国姑娘到中国去找老公。 嘻嘻 [嘻嘻]
1,坏心眼和我一点关系都木有 哈哈 战群 花心 [哈哈] [花心]
1,哈！我也算经历过几艘牛逼的船了，路飞的桑尼号海盗船都去日本坐了，这样的油轮我更要坐一次！！ 偷笑 威武 魔都生活圈 没有最大，只有更大！此生总要去见识一下的！ 酷 皇家加勒比国际游轮 人这一辈子，总要登上这么一艘大船！ 嘻嘻 [偷笑] [威武] [酷] [嘻嘻]
1,不用怀疑，十二月真的是可以有樱花盛开的！不信？来大理南涧县无量山看看！ 鼓掌 [鼓掌]
1,最近忙得没时间制定十一假期在武汉的安排 想见我的小伙伴们快来报名和我约会吧 爱你 [爱你]
1,物以稀为贵，昨天坐着出租车，司机师傅等红灯的时候也不忘狂拍，我也在车上狂拍天空，很激动 嘻嘻 [嘻嘻]
1,算上我 升级了要请客 嘻嘻 [嘻嘻]
1,简体出来了哈！ 鼓掌 柳迦柔 感谢宏章传媒 呵呵 望朋友们多关注支持 围观 出版人宁宁 段振亮 老范行军 东木 牛歌地盘 袁道之 张放 阿晨 阿唛 刘波 马克导演 盛京齐世明 兰恩发 魏晋姚胜祥 牙医姚加成 赵志刚 赵宁宇 马铃薯兄弟 刘臣君 出版人赵利铭 出版人王三石 [鼓掌] [呵呵] [围观]
1,回复 老夏 嘻嘻 我找找去。。。。。 老夏 用眼过度，以后多看无码的，马赛克飞燕 笑哈哈 编辑郭强 回复 老夏 是电脑，老夫眼力不行了难道？ 老夏 回复 编辑郭强 你用的手机吧，屏太小，得用电脑看 [嘻嘻] [笑哈哈]
1,想玩儿股，反被股玩儿。 小地喽 子 哈哈 [哈哈]
1,看过了 这男人后半生在纠结的人物关系中疯掉 嘻嘻 侧帽轻衫且从容 卧槽！！！其实那男的很悲剧 艺 我居然看 完 了 抱着叶子炸毛线 再看还是好经典 嘻嘻 张江 要拍成电视剧！ [嘻嘻] [嘻嘻]
1,舒服 嘻嘻 [嘻嘻]
1,哈哈 庄雅婷 曾焱冰 哈哈 健崔 。。。 [哈哈] [哈哈]
1,头等舱约座，只对新浪微博 会员开放 哈哈 发光的大金子 以邓文迪老师的经验看，大航空公司头等舱或公务舱约炮才是有长期价值的。。廉价航空的 丝约炮不过只是多个旅行炮友而已。。。 艾勇 转发微博 [哈哈]
1,欢迎大家收看 嘻嘻 刘金霏 就在今晚，欢迎大家收看 [嘻嘻]
1,哈哈 果然结局大亮，太欠了！ [哈哈]
1,回复 程诗然 去埃及吗？ 嘻嘻 程诗然 美哇 鼓掌 鼓掌 [嘻嘻] [鼓掌] [鼓掌]
1,回复 老李家小李 哈哈 我不想做小鸡鸡！ 老李家小李 新年快了！你该不会想在 大裤衩 里开分店吧？ 偷笑 [哈哈] [偷笑]
1,遗传的力量太强大了，刚看见一对母女从身边走过，天啊，身材，五官都是一模一样，看了妈妈就知道闺女长大了是什么样，看了闺女就知道妈妈小时候是什么样。完全的复制，一点儿悬念都没有！ 哈哈 [哈哈]
1,回复 莫高戴胤 哈哈 哈哈 莫高戴胤 原来白石老人也玩手机啊，最后一张 韩湛宁 转发微博 韩湛宁 转发微博 [哈哈] [哈哈]
1,老婆夜夜鼾声如雷？？？？ 上海广告媒体圈 这个对比好，大家看看 嘻嘻 [嘻嘻]
1,赞赞赞 鼓掌 鼓掌 [good] [good] [good] [鼓掌] [鼓掌]
1,回复 为某某而生 亲亲 每一位来维洛纳的客人都是王子公主 为某某而生 哈哈 赶紧采纳吧 送房给我啊 维洛纳主题酒店 哈哈，我觉得可以把前台打扮成王子公主的模样一定会有好多情侣合影留念 李振龙 掌柜的觉得怎么样？ 为某某而生 在情侣酒店里最想看到王子和公主 [亲亲]
1,花样儿花色羊肉馅儿大饺砸 即将出锅儿 鼓掌 [鼓掌]
1,这样的恩爱要常拿出来晒呀！因为你们我决定还是相信爱情了！ 老潘：来了来了！ 亲亲 [亲亲]
1,简单的幸福 爱你 [爱你]
1,欢迎入住 爱你 爱你 [爱你] [爱你]
1,看新浪怎么判 邓子寒 呃 侯宁 崩溃 地瓜熊老七 我记得老榕叫王峻涛啊，我画得明明是贾玉榕，怎么会是你？难道真相了？老榕你亲爹姓贾吗？ 密密麻麻密 哈哈 地瓜熊老七 老榕竟然举报说这图画得是他！你也太自作多情了吧！这还有主动对号入座的，我要画条狗你也来对号入座 [崩溃] [哈哈]
1,这个同学快手哈，刚刚收到作业就出来啦 等你硬菜 哈哈 哈哈 [哈哈] [哈哈]
1,回复 神经病二姐 嘻嘻 有压力，才有动力，哈哈！ 神经病二姐 姿势美是首要的，成绩好绝对是必须的！ 韩健刚 美女打高尔夫，重要的是姿势，球飞哪里，那是球的事 哈哈 李超 说得好！ 头等舱俱乐部 嘻嘻 韩健刚：那当然帅呆了哈 [嘻嘻] [哈哈] [嘻嘻]
1,回复 限 性妹 爱你 爱你 爱你 限 性妹 花心 花心 上次跟朋友去一次 流连忘返呀 啧啧啧 七叶香山欧式园林会所 谢谢 花心 我们再接再励。欢迎常来阿 太开心 大关关啦 味道太不错了！ 太开心 伊辰 七叶香山欧式园林会所 [爱你] [爱你] [爱你] [花心] [花心] [花心] [太开心] [太开心]
1,走吧！再再走上滇藏川藏青藏 猎人伞兵 大鹏背包走天下 宗介 ，我们一起走起到 背包客小飞 客栈一次相聚 宗介 鼓掌 转起！ 背包客小飞 背包客暮雨 三木之地 小雷旅行 翟猫猫 熊猫爱旅行 大鹏背包走天下 走过七条进藏的人悄悄转起！ [鼓掌]
1,很有创意 茉莉 谢谢沈阳哥哥的大力支持转发 太开心 小沈阳 外国帅哥，扬琴用得很给力！支持。 [太开心]
1,哈哈 财经女记者部落 男混子、女汉子、男骗子、男土豪 嘻嘻 [哈哈] [嘻嘻]
1,心动 开心果慕斯 抱抱 微笑的熊妈妈 好诱人 华远会 华远会联盟商家 新网站上线啦 礼花 各位亲，更多新品猛戳链接啊 好喜欢 [抱抱] [礼花] [好喜欢]
1,我是绿色的小青蛙！呱呱 我是远看很瘦的小青蛙 呱呱呱 嘻嘻 [嘻嘻]
1,哈哈我们的晚娘系宾个也 偷笑 潇湘子珩 有 晚娘 这个词的哦！ 哈哈 大松在羊城 羊晚的呢？ 哈哈 东风大少 摩羯座的达洛威夫人 哈哈 哈哈 信达达得快乐 哈哈 [偷笑] [哈哈] [哈哈] [哈哈] [哈哈] [哈哈]
1,这种天还是宅在家看书比较爽哇 嘻嘻 [嘻嘻]
1,哇，太可爱太可爱了 爱你 麦丽儿 必须不能啊 老娘我来了 哟 跟小娃娃似的 这半岁满岁去照相馆的传统不能丢啊 [爱你]
1,同意右边以及右边的右边 哈哈 吴海 同意右边 哈哈 麦田捕手 不想看约架了，有能耐约炮 哈哈 孙礼纪事 能别丢人了吗。 [哈哈] [哈哈] [哈哈]
1,处女座的人 不是隐身就是离开，其实他根本就在线！因为只和感兴趣的人聊，其他人一概不理。超懒。爱发呆。擅长装傻。天真单纯没心机。喜欢微笑。见生人话少。好友扎堆爱闹。老友只想念不联系。讨厌形式主义，讨厌装 的人，讨厌娘娘腔，会有想打人的冲动。 偷笑 认同的举手，不举手的才是处女座 哈哈 [偷笑] [哈哈]
1,过 了！ 陆川 阿丁 回复 堇荼如饴 没人禁，是自禁。现在回来了。 堇荼如饴 嘻嘻 解禁了？ 阿丁 何江涛 蓝弓子 我报名做志愿者，打杂。 [嘻嘻] [good]
1,嘻嘻 嘻嘻 嘻嘻 嘻嘻 嘻嘻 嘻嘻 可耐的小裤裤 [嘻嘻] [嘻嘻] [嘻嘻] [嘻嘻] [嘻嘻] [嘻嘻]
1,偷笑 哈哈 哈哈 我以为，梯子给 掉了 褚小波 他怎么上去的 哈哈哈，这个笑疯了 [偷笑] [哈哈] [哈哈]
1,回复 睡不醒的小仓鼠 咱家有转发微博抽奖的活动哦 店里有介绍，快去参加吧 嘻嘻 睡不醒的小仓鼠 哈哈 打折吗？ 聚点串吧餐饮 欢聚 总是无法忘记的 欢迎来串吧做客 祝您用餐愉快哈 [嘻嘻] [哈哈]
1,祝山药事业越做越大，走出武陟，叫响宇宙！ 三毛橄榄树 哥种的不是山药，是事业！ 推荐 杨亚天 这种的不是山药，是山药思维 济南卖土鸡蛋的肖班长 山药哥值得学习！ 山药哥赵作霖 可不是嘛 哈哈 牧风飞天 认真干即可，生活需朴实！ 爱你 [good] [推荐] [哈哈] [爱你]
1,传说中的包子脸 哈哈 哈哈 哈哈 吴曼临 棉袜子 好想跟它一样沉沉睡去 [哈哈] [哈哈] [哈哈]
1,给咱校争光 鼓掌 穆琳 还得加油啊。。 曾俊杰 实至名归！ 鼓掌 我觉得应该更加努力进入前三！希望每一位已经毕业的同学们都要加油， 住整个主持界，让师弟师妹们也可以骄傲起来！ [鼓掌] [鼓掌]
1,打死我也不说 嘻嘻 行者林清平 书名暂时保密 [嘻嘻]
1,鼓掌 这人品不一般呀 [鼓掌]
1,哈哈，老婆你太可爱了！！ 哈哈 癫儿 得意地笑 [哈哈] [得意地笑]
1,风景如画！祝大家十一节日快乐 鼓掌 鼓掌 鼓掌 [鼓掌] [鼓掌] [鼓掌]
1,谢谢您 嘻嘻 我们会努力的。 [嘻嘻]
1,今天接到我的母校 棠湖中学 校友来电，邀请我参加母校 周年校庆！好开心哦！有些激动 嘻嘻 想当年，小学毕业我被随机分配到别的中学，可我特想住校，棠中因为我是文艺生才破格录取我的 偷笑 于是我们 级的初中生成了 住校生元老 太开心 太开心 太开心 久违的老师同学们，多么的想念你们哦！ [嘻嘻] [偷笑] [太开心] [太开心] [太开心]
1,人家是功夫熊猫呢 灵活的很喏 哈哈 偷笑 [哈哈] [偷笑]
1,是吗？有创意 哈哈 吴家小瑕 覆了空姐的形象啊 [哈哈]
1,哈哈 哈哈 抓狂 [哈哈] [哈哈] [抓狂]
1,权金城韩国烧烤 可爱 谢谢，亲给的好评，我们会继续努力的！ 抱抱 [可爱] [抱抱]
1,花间堂官方微博 春夏秋冬，花间堂带你感受一段穿越四季的感官之旅 可爱 [可爱]
1,嘻嘻 汪峰还木有上头条呢 [嘻嘻]
1,蓝精灵 哈哈 [哈哈]
1,哈哈中奖啦！ 作无敌 亲爱的你也中了！ 的素年锦时 明儿你的票我买了，咱三一起去 哈哈 [哈哈]
1,怎么会这么少，我印象里现在一个人最少要 了。。。我现在正在苦修易经，打算退休后开辟第二职业。。 哈哈 [哈哈]
1,我觉得浩浩可以应征这个品牌的小小代言人 爱你 [爱你]
1,笔记 这个如果是图中 跟 泰 风做宣传推广的话， 我得说它做的还不错 哈哈 火星小丫丫 [哈哈]
1,搞搞有基情 哈哈 英特尔中国 [哈哈]
1,嘻嘻 我是创业的 [嘻嘻]
1,徽州小生 侯林林微博 鼓掌 鼓掌 [鼓掌] [鼓掌]
1,百岁好。 柳中谦 各位吃货，百岁在建湘路尽头，喜来登边上，有台阶下到芙蓉路 荣志四世 云游河东 柳中谦 求私家菜馆位置！ 古清生 长沙坡子街，俺给它取名人民的盛宴，每天每天。。。 我是一只小麻雀吖 吃咱湖南来了 可爱 [可爱]
1,欢迎 只是二分之一的我 回头咱也尝尝去啊 闪电侠小西 菊儿小枣 加我微信吧，还有优惠呢 可爱 婷小妖 菊儿小枣 这个很有创意啊 馋嘴 [可爱] [馋嘴]
1,我认为说"重庆刑讯 招不准确"应是公安刑讯 招，早就在我们那发生过了，重庆不能是学我们那的吧 刘志勇 十年前我就听过，后来也听过很多服刑的讲，招数太多了 有网友表示其中行讯各地方也出现过 嘻嘻 [嘻嘻]
1,将 骨 字改作"还"。 紫燕雅然 鼓掌 一斗自然全 夏之韵一一接清泉君 扁舟轻荡柳秀，断云一抹窗明。老宅风骨叙旧，新绿梦归幽情。 清泉石上流长 夏之韵 二 一一接创意君 世事沧桑多变，水乡情怀依旧。尤恋小桥流水，扁舟轻荡柳秀。 [鼓掌] [ok]
1,要能去，做梦都会笑 哈哈 [哈哈]
1,回复 芳草碧连天 嘻嘻 微信总是慢半拍。 芳草碧连天 太美了，受不了了 抓狂 [嘻嘻] [抓狂]
1,我也稀罕 等等 风格亦深得我心 哈哈 苹果 手绘 大爱 [哈哈]
1,我的没有了 伏晶晶 吉阳阳 转 一砣天 我也留着来！！ 可怜 就一本！！在兰州！ 美女唐僧 这可是我最爱用的本子啊 一直留个暗格本没舍得用 明明我就叫靠靠 团购团购 哈哈 到现在还有全新未用的几本放着 米粒饭团儿 现在还有吗？走过年回家买走！ [可怜] [哈哈]
1,好吧！能值一块就不错了 童言趣语录 只有摇摇 偷笑 两岁四个月的女儿最爱说的一句话：爸爸上班班，赚钱钱， 茵茵 坐摇摇。爸爸每次一听，脸上都现黑线：原来我在女儿眼中，只值一块钱。 哈哈 常伴我左右 甜心橙子 无敌小花猪 地址： [偷笑] [哈哈]
1,我赶脚挺好的，应该比白龙马跑的还快吧 嘻嘻 蛋生 大眼儿猫咪 哈哈 哈哈 [嘻嘻] [哈哈] [哈哈]
1,揍你 嵩县阳天池 为了 好脾气的漂亮乖乖女 能开心，俺把好友全得罪了 嵩县向前 大师 嘻嘻 好脾气的漂亮乖乖女 哈哈 真经典，幽默的 嵩县阳天池 太 赞啊 赞啊 赞啊 [嘻嘻] [哈哈] [赞啊] [赞啊] [赞啊]
1,这张 情爱长安 的海报，这从由上到下的过度很震撼，有种感觉是 一个人静谧的说话就让整个大唐盛世铺展开来，跃然眼前了。下面倒映的大明宫和睡莲更是如梦似幻，美不胜收。 大家喜欢就好， 月 、 日的东方剧院，我们会送出一些。 嘻嘻 [嘻嘻]
1,哈哈 哈哈 哈哈 聂老二 [哈哈] [哈哈] [哈哈]
1,於 面！ 嘻嘻 哈哈 [嘻嘻] [哈哈]
1,湖中亭顶有小平同志生平连环画，看到没 哈哈 [哈哈]
1,微游山东 早起到洪家楼教堂转转，远远挥挥手，要和济南说再见了 谢谢 新浪山东旅游 的热情款待，这次的 两湖达人山东行 玩的很嗨很尽兴！济南和我想像中真的很不一样，干净漂亮宛若江南，有机会还要再来 爱你 。。。 太想看济南的雪景啦 。。。 湖北旅游 我在这里 [爱你]
1,回复 爱着海的鱼 嘻嘻 可爱 爱你 ！希望我们都能快乐的生活 心 爱着海的鱼 回复 映霓 呵呵，互粉 你的认真、严谨、正直 很多很多优点都是我所欣赏的，喜欢你 希望我们都能快乐的生活 [嘻嘻] [可爱] [爱你] [心]
1,首都美食 北京电视台的主持们昨日光临我们的韩国料理店了 加上之前的央视名嘴 端午节 来北京的亲 想在我们这里和明人求偶遇吗？ 可爱 爱北京 爱旅游 爱美食！请关注 首都大酒店官方微博 [可爱]
1,不是看，是写！谋生。 憨豆趣逗 哈哈，你们还看电视啊，傻瓜 嘻嘻 嘻嘻 嘻嘻 嘻嘻 [嘻嘻] [嘻嘻] [嘻嘻] [嘻嘻]
1,宝贝，姐姐真是爱死你了！ 爱你 亲亲 [爱你] [亲亲]
1,捷泉是什么？ 有食很美 心砚堂 首机壹叁陆 下次可以改地方了，别老是捷泉捷泉的。。 哈哈 [哈哈]
1,杜子建 我现在报名还来得及不？有位相面大师说我骨骼清崎、面貌俊逸、有万世不偶之才！可官拜宰相之职！ 陈劲松 没看报考公务员排长队吗？ 猪头 哈哈 [猪头] [哈哈]
1,好嚣张，好霸气的嘞 鼓掌 [鼓掌]
1,哈哈 哈哈 芳芳夏诺多吉 刚接更正：刚刚演唱 因为爱情 的其实是郑智化和曾轶可！ 曾锡文 嘿嘿 封新城 嗯哪。 [哈哈] [哈哈]
1,回复 古倒吃 够吃够吃了 古倒吃 敏姐，你用的神马软件拼图，没降低精度，吃得分量太小，不适合大卫 哈哈 [哈哈]
1,作为一个不太称职的管理员，我要表示一下，热烈欢迎 鼓掌 耳朵爸 欢迎 这是一个人迹罕至的群 欢迎你 原文地址： [鼓掌] [原文地址：http://t.cn/hDb73J ]
1,我已经好几个月只穿那几件衣服了 找点其他事情忙一忙就会忘记购物和换衣服的 嘻嘻 张娜 试试看啊 [嘻嘻]
1,奢华旅行度假 推荐给有计划前往的朋友 嘻嘻 [嘻嘻]
1,微胖是多微？肉肉的，好可爱，我喜欢！ 哈哈 [哈哈]
1,景蛮蛮 拉脊山 不解释 哈哈 荒岛上的游客 哈哈！ 重型坦克 转发微博 [哈哈]
1,这是现实版致青春吗 哈哈 闫志威了 这个久违的口号啊 宋 还记得我们的口号， 时风时风，路路畅通 。。。 闫志威了 天天 [哈哈]
1,内观禅修 内观禅修 课程圆满结束，我被放粗来了哈，大家都好开心 哈哈 可爱 保持觉知。保持平等心。生活中继续修行。。。 有朋 童小 的幸福絮语 快来，今天的天空好美啊 心 微风 [哈哈] [可爱] [心] [微风]
1,镖！行！天！下！ 有朋 威武 嘻嘻 郭京飞 走你！ [??] [威武] [嘻嘻]
1,爱你 老磨坊欢迎您 心 握手 [爱你] [心] [握手]
1,哈哈 哈哈 哈哈 鹏的莹 活着活着就明白了 北京土妞儿 小九 婕 [哈哈] [哈哈] [哈哈]
1,回复 人人都是地行仙 还给我们 赞 哈哈 人人都是地行仙 郎廷精彩回忆 第一次入住香港朗豪酒店就被升级为套房。 嘻嘻 记得楼下是朗豪坊和旺角地铁站，逛街和去迪士尼乐园很方便。 琛琛宝贝 地址： [哈哈] [嘻嘻]
1,鼓掌 鼓掌 好美的新娘子 [鼓掌] [鼓掌]
1,昨晚死党从新西兰打电话来，大冬天的躲在结了冰的车里策了两个小时。我们真是长不大啊，还是两条光棍。 哈哈 [哈哈]
1,方浩兄弟要亲自回答 剑侠世界 广大玩家的各种 私人 问题！ 哈哈 端心砚 要装备，要坐骑！吼吼 [哈哈]
1,吃货也要好身体 不锻炼好身体，怎么当一个合格的吃货呢？现在是下午三点，坐久了就起来活动活动吧 抱抱 正在上课的童鞋等下课再站 。 [抱抱]
1,求鉴定了啊！这是几年前机缘巧合，寺里的监院馈赠的 颗珠子，但连本主儿都不清楚是啥材质的，几经周折到了俺的手里，今天得瑟一下，想闹个明白，这珠子到底是啥做的，请懂行不懂行的给个明白，多谢了各位 鼓掌 [鼓掌]
1,这程度俺难以企及啊 笑哈哈 黄靖源胜利 有福兄，这已经是俺大脑逻辑的最高程度了，绝无贬损老兄之意，脑子就这愚痴的水平啊。 泪 有福社长 您不能这么贬损老弟啊 哈哈 黄靖源胜利 您才缺一根筋，愚痴程度不均衡，俺要做到缺两根筋，这才是全面发展 [笑哈哈] [泪] [哈哈]
1,没有最假 只有更假 哈哈 [哈哈]
1,变装行动，搞定！ 哈哈 哈哈 哈哈 [哈哈] [哈哈] [哈哈]
1,回复 拥趸人生 打泡泡 吃惊 好吧，其实是那么大的厨房岛台都占满啦！ 抓狂 拥趸人生 都去洗手池的电源打泡泡了 偷笑 回复 一个人的旅程也精彩 是定制活动，没办法参加哦！下次有活动节目通知你哦 嘻嘻 一个人的旅程也精彩 回复 怎么参加呀 花心 [吃惊] [抓狂] [偷笑] [嘻嘻] [花心]
1,小样 哈哈 哈哈 哈哈 [哈哈] [哈哈] [哈哈]
1,请看活动的具体链接： 呵呵 嘻嘻 哈哈 [嘻嘻] [哈哈]
1,周末 乐活 来了来了！胖嘟嘟的龙猫化成小梳化，来了尖沙咀海运大厦 楼 的 等我把你带走吧，要等我喔！！ 太开心 [太开心]
1,回复 游走世间一 丝 哈哈 哈哈 周末搞笑，轻松一刻！ 游走世间一 丝 哈哈哈 创意无限啊 武夷山红骏茶业 给力 礼物 金骏眉，茶中珍，中外美女都爱它！ 红袍加身私房茶 回复 紫鑫坊 爱你 大爱无界！ 紫鑫坊 哈哈 赞 [哈哈] [哈哈] [给力] [礼物] [爱你] [哈哈] [赞]
1,回复 卡纸宝宝 在属于妈妈的节日里，回报的方式最好莫过于自己动手送上一片心意！ 爱你 我们餐厅也特设了自制 环节，让大家为母亲们制造特别回忆 嘻嘻 卡纸宝宝 羡慕啊 没有自助餐可以吃 那只能自己给妈妈做一顿了哈哈 苏州万豪酒店 晚上可以和母亲享受花园自助烧烤啦 [爱你] [嘻嘻]
1,回复 小海学摄影 谢谢老师！ 可爱 小海学摄影 川西 暮秋里最后的金黄 摄影：托斯卡纳 四川 [可爱]
1,嘻嘻 怎么称重呢？ 守望地球野外科研志愿者机构 体长达 的滇金丝猴，你知道怎么为他称重吗 ？快快来回答探叔的问题，还有机会赢得探路者野餐垫！ [嘻嘻]
1,相声名家刘兰亭老师和杨常在老师在 乐社表演的 批生意 ！！太精彩了 都快笑哭了 哈哈 哈哈 哈哈 鼓掌 鼓掌 鼓掌 [哈哈] [哈哈] [哈哈] [鼓掌] [鼓掌] [鼓掌]
1,刚刚结束了 天的假期，不少人出现了肠胃不适的症状，这可能是因为假期中生活作息和饮食习惯改变引起的。小编建议大家：节后要以清淡、简单的饮食为主，不宜吃的过多过杂，饮食八分饱。坚持大概一周，就可起到帮助清肠胃的作用了。 嘻嘻 [嘻嘻]
1,回复 王老师是经济学家里最会说相声的，是相声界最懂经济学的。 偷笑 王老师才是嘉宾中的战斗机！ 哈哈 他前世是相声演员吧 [偷笑] [哈哈]
1,回复 钝勾陈 我这只镜头是被无数人藐视的 ，哈哈。 钝勾陈 好镜头 哈哈 [good] [哈哈]
1,李特 好像挺准 挖鼻屎 星座小王子 嘻嘻 [挖鼻屎] [嘻嘻]
1,威武 ！正式上市！ 爱你 [威武] [爱你]
1,回复 天华 烟花易冷唱得太好了。原唱要哭了 天华 喂，说你呢 静宝宝 ！ 哈哈 [哈哈]
1,尚开红 对，圆头煮 哈哈 黑衣法师 洒家 年曾去圆头煮一游，还在那鼋头上照了相，一别 年了。我读的对么？ 尚开红 刚来无锡一个月，还没去过鼋头渚，话说你们都会念这三个字吗？ 兄弟一连 给力 请叫我姑娘 谢谢 镜头下的无锡、向往 [哈哈] [给力]
1,也可以设计个男士专用的 媛爱跳舞 不错我喜欢 偷笑 偷笑 健身教主 哈哈，专为大胸设计海滩利器，小心螃蟹的钳子！！ 哈哈 哈哈 哈哈 思媛 健身教主 最最最搞笑精选 非常实用的设计，强力推荐！！！ [偷笑] [偷笑] [哈哈] [哈哈] [哈哈]
1,米库漂亮，所以，我才能拍得漂亮啊。 偷笑 ，不过，我是飞羊，不是飞扬， 小米在米库 ，你别把我做菜吃了。 小米在米库 回复 裙摆轻扬 最美是你啦 爱你 花心 裙摆轻扬 飞扬帮我们四个拍的那张也很美呢 小米在米库 裙摆轻扬 [good] [偷笑] [爱你] [花心]
1,围观 实物造句 嘻嘻 任大猛 明年农历年，是马年，看到不少地方已迫不及待，用 马上有 造句了 国家博物馆 马年就要到了，为大家而转过分不？ 偷笑 [围观] [嘻嘻] [偷笑]
1,你去成都了撒？ 明年我就又心动丽江啦 嘻嘻 。 不是，就是我说的厦门环岛 妞儿 我成都都还没蹦达完回家呢 就又想诱我去厦门了呀 等你回来 明年咱约起来哈 爱你 ： 是厦大附近？ [嘻嘻] [爱你]
1,回复 龙洋 不出两年 龙洋将走出南京 影响全国 龙洋 谢谢亲 您的书我收饭啦 爱你 还有一本星期一给长征姐 盛世读书 转发微博 [爱你]
1,为什么大家都买这一瓶？ 到底是哪一瓶呢？难道是这一瓶？！三个提示： 、一件产品两个颜色 、宫廷御用古方 、线上线下秒杀万件的明星单品 即日起，关注 家化 起来 ，转发此条微博并写出答案，另 三位好友，就有机会获佰草集太极随身套装！只有 个名额哦！赶快来参加吧 抱抱 [抱抱]
1,好，如果有售的，我也买来一本看。非常感兴趣。 阿涩鱼 花心 行者梦野 回复 阿涩鱼 我的新版玛雅书籍 末日之旅 出版后送一本给你留念 耶 下周送终审。。。末日前出 行者梦野 那还得去问问 俺的玛雅书何时出版啊 哈哈 [花心] [耶] [哈哈]
1,巴塞罗那巧克力博物馆， 爱你 好开心呀 鼓掌 谢谢亲爱哒 游遍天下 张熙 翟猫猫 暖暖 我是 猫眼 巴塞罗那田园家庭旅馆 宗介 [爱你] [鼓掌]
1,！欢乐欢乐！ 太开心 太开心 太开心 [太开心] [太开心] [太开心]
1,咱们大家都天天有喜 爱你 爱你 爱你 [爱你] [爱你] [爱你]
1,午间小憩 鼓掌 不管天气多冷 雪 都喜欢 心 吃冰激凌 娇羞 。。。 [鼓掌] [雪] [心] [c娇羞]
1,鼓掌 出发前一天 是亮点，希望明天要出发的 伤小坠 今天也能收到啊！祝你们旅行愉快 可以旅途直播噢 哈哈 [鼓掌] [哈哈]
1,和设计师做海报 做鬼脸 。门头、 卡、会员卡、名片、宣传单、海报，都是我一手设计的 可爱 ，只是人家不会用软件 委屈 ，真是难为设计师了！ [做鬼脸] [可爱] [委屈]
1,肥是一种勇气，胖是一种态度！ 哈哈 [哈哈]
1,红烛摇曳中，生日歌在午夜缓缓响起，温馨而甜蜜。每年这个时刻都会告诉自己，要坚持最初的梦想，好好守护爱我和我爱的人，不放弃每一个让生命更加精彩的可能。感谢一直以来给予我支持和关爱的家人、朋友！恭祝自己生日快乐，幸福满屋！ 哈哈 [哈哈]
1,我也吃到啦 哈哈 [哈哈]
1,回复 谢谢 爱你 亲，我下载了 哈哈 香草猪 九重春色 三只猪 花子 蔷薇窗 阿溪同学 阿鱼同学 王敏 上雪 北角山妖 紫薇清嘉 科莫 长腿叔叔 托斯卡纳 独臂老宋 老沈影谈 [爱你] [哈哈]
1,生命也许很弱小，生命只许很强大 ！轮椅上的梁艺，比许多站着的人，站得更高。 爱心传递 爱心传递 爱心传递 湖南公视帮女郎 爱你 转眼间，你坐上 帮助直通车 的主播台已有一年多了，以后的每一天，让我们把正能量传递给更多人！ 湖南公视 芒果 基金 凌红江 一姗小姐 [爱心传递] [爱心传递] [爱心传递] [爱你]
1,太棒了，周四要与腾讯网美女编辑 元宝滴娘 去 胖星儿 家实录她在 分钟做营养晚餐 里的几道经典菜品呢，期待奥 可爱 林千千 ：呵呵，祝贺 分钟做营养晚餐 大卖！ [可爱]
1,哈哈 哈哈 亮瞎了 蜜瓜瓜 配图亮了 塔二 哈哈 格罗母之血 撒泼打滚 哈哈 [哈哈] [哈哈] [哈哈] [哈哈]
1,胡会长精神 美女们漂亮 鼓掌 鼓掌 谭昱君 不管相片右侧滴还是真人右侧滴统统都是吃货 哈哈 边疆边吃边说 右侧的美女也是吃货吗？ 胡滨微博 我只代表我自己哈 [鼓掌] [鼓掌] [哈哈]
1,思念，是一种病，今天你病了没？ 可爱 [可爱]
1,我和谁都不争， 和谁争我都不屑； 我爱大自然， 其次就是艺术； 赞 蛋糕 恭贺先生 寿诞！ 音乐人杨海潮 我也爱大自然，其次是艺术 哈哈 杨门女绛 ，百岁更帅 蛋糕 卷麻花 难得。这话曾经抄在日记本扉页上。 [赞] [蛋糕] [哈哈] [蛋糕]
1,喜欢读 耗耗老爸李大卫 王晓渔 耗耗老爸李大卫 谢啦。小丫头。 蓓 酷 围观 鼓掌 信息量很大 被庸俗的美国文明同化 嘻嘻 耗耗老爸李大卫 害羞 [酷] [围观] [鼓掌] [嘻嘻] [害羞]
1,抱着火炉吃西瓜 鼓掌 鼓掌 [鼓掌] [鼓掌]
1,很高兴收到并感谢 王辉 美屋 寄来的 明日风尚杂志，从中不仅能看到 不染居士的禅茶生活 漫步台北的记忆 还有 杯中的意大利风情 以及由西班牙大厨 演绎如何将初夏的果实 朝鲜蓟搬到餐桌上 喜欢 鼓掌 鼓掌 [鼓掌] [鼓掌]
1,纪豪在巴塞 向你学习 爱你 杨牧师 看过许多这样的人，忙忙碌碌周旋于这个那个之间，带着面具、强颜欢笑着。因为面具，别人也以面具待之；因为虚情，别人也还以虚虚假假。看似热热闹闹，但，静静时，却找不到一个可以倾述衷肠的人。最后想想，何必？！该去去，该留留！ [爱你]
1,爱你 卢米埃成都来福士影城 厅 成都 就来卢米埃影城震撼 自己的视听 [爱你]
1,大眼儿写得太好了！ 鼓掌 赞 给力 [鼓掌] [赞] [给力]
1,最喜欢台湾同事来，有凤梨酥有美丽日记，今天还收到一只很心水的圆珠笔，桃心闪闪亮，如果是男同事送我的那就更心水了哈 爱你 微风 [爱你] [微风]
1,信任你我的怡宝 嘻嘻 嘻嘻 嘻嘻 [嘻嘻] [嘻嘻] [嘻嘻]
1,小东西太馋了，有肉就不菜 嘻嘻 嘻嘻 嘻嘻 嘻嘻 [嘻嘻] [嘻嘻] [嘻嘻] [嘻嘻]
1,强人啊 鼓掌 [鼓掌]
1,回复 草原 哈哈 俺继续努力 草原 这年头够土才有范。。 哈哈 嘻嘻 [哈哈] [哈哈] [嘻嘻]
1,不仅好看，还好吃哟。。。不吃者不知。。。 哈哈 哈哈 [哈哈] [哈哈]
1,三罚三中！杰克逊，你是加勒比海盗附体！ 鼓掌 [鼓掌]
1,吃着早餐、看着蛮子大叔翘着腿发微博 嘻嘻 嘻嘻 薛蛮子 我在 上海龙之梦丽晶大酒店 [嘻嘻] [嘻嘻]
1,笑哈哈 着实惭愧！ 三斤栗子 正在努力成为你这样的人 哈哈 有福社长 哈哈 这是干嘛去了 三斤栗子 手忙脚乱，半脸愁容，无福享受。 哼 有福社长 回复 黄靖源胜利 笑哈哈 老兄好！那是俺所追求的 黄靖源胜利 社长果然有福！ [笑哈哈] [哈哈] [哼] [笑哈哈]
1,是赵挺 哈哈 黄晶 你和 桥南木 当中的是谁 吃惊 胡少的枪 靠，这你还有啊，你和赵挺也没啥变 哈哈 哈哈 桃花林的空间 [哈哈] [吃惊] [哈哈] [哈哈]
1,祝大家节日快乐 董亚平 在法国，五一国际劳动节，又叫 铃兰节 。 哈哈 [good] [哈哈]
1,董锐 哈哈，这个 哈哈 阿霏的新家 糖葫芦猫咪 邓小花儿 哈哈 这个牛逼，转！！ 赋文艺 这个必须转 张书新 兔子不念经 城管看见了咋个说？ 偷笑 奥特曼 江央乌瑟 这个图片扳扎 昆明话牛 昆明街头拉横幅 [哈哈] [哈哈] [偷笑] [奥特曼]
1,酷 把头像换回 鼓掌 [酷] [鼓掌]
1,哈哈 帅气的孩子！ [哈哈]
1,好主意啊！ 李立 好建议 船长太销魂 郑老，我挺您！ 哈哈 郑渊洁 这个可以有 老爸 给力 [哈哈] [good] [good] [good] [给力]
1,巍 估计你也行 哈哈 太勇猛了 阿卡 哈哈累不死你 哈哈 一本书一句话一段情 霸气侧漏！ 威武 [哈哈] [哈哈] [威武]
1,回复 小羊 委屈 委屈 委屈 想去惠州求带吃带喝 卖珠宝的大姑娘 佳音 你们有木有意向呢？ 小羊 嘻嘻 爱你 [委屈] [委屈] [委屈] [嘻嘻] [爱你]
1,我证实，此女靠谱滴！ 董其峰 此女再次微博相亲 哈哈 [哈哈]
1,谢谢美丽的准新娘子！三十号你的婚礼见哦 哈哈 ！ [哈哈]
1,哈哈 极速飞影 优势太大了 赞 [哈哈] [赞]
1,北大光华 校友会又添新成员，福建校友会于 月 日正式成立。典礼上，光华院长蔡洪滨教授，副院长、 中心主任张志学教授，院长助理、 中心执行主任江明华教授为校友会会长及秘书长颁发聘书。期待福建校友会的成立为北大和闽商校友搭建更加便捷的沟通平台。 鼓掌 [鼓掌]
1,回复 李文宪 干烧鳜鱼，宫保鸡丁，峨嵋豆腐，凉面，鲍汁四宝蔬 都是我们这的招牌菜，我们这好吃的太多了，一下给您说不完，有空带着家人朋友到我们这来，我们一定热情款待！ 李文宪 有什么好吃的？ 哈哈 [哈哈]
1,什么旅行意义？如果旅行没有了意义，又何必通过旅行去炫耀？快旅行和慢旅行其实只是旅行的方式和阶段，别因为遇到点儿不顺的事儿就这么悲观好吗？旅行就是要快乐才对啊！ 太开心 [太开心]
1,帅死了！ 爱你 爱你 爱你 布鲁斯南丝 哇哦，都快认不出来了 于靖 像剧照啊！海派的。。 台客丹 你们是参加运动会吗，太 啦吧 优品张楠艳 酷毕了！ 爱你 爱你 爱你 文刀木南 优品加油！钓鱼岛是我们的！ 黑云都 黄庄老王 [爱你] [爱你] [爱你] [爱你] [爱你] [爱你]
1,回复 北京电台夏天 说的 嘻嘻 北京电台夏天 你咋知道我最爱的 偷笑 北京吕世双 北京电台夏天 肥牛横牛花牛就是牛 贾巍 [嘻嘻] [偷笑]
1,回复 没 散德行 是的呀 现在开始了二期工程，明年会议中心会更气派的哦 没 散德行 回复 首都机场朗豪酒店 听说明年有更大的宴会厅哈！不是一般的大哦！ 哈哈 [哈哈]
1,阳光灿烂的日子，来玉林建达店庆祝一下吧 现在莅临玉林烤鸭建达店，会员任意消费即享王牌烤鸭半价优惠，另享 积分返还啦！ 赞 会员生日还可获赠 元代金券 礼物 多重好礼等着您，马上走起吧！ 鼓掌 [赞] [礼物] [鼓掌]
1,讲卫生一定是好习惯，呵呵。 新加坡旅游局官方微博：不管是高级餐厅，还是小吃大排档，新加坡都想给大家最洁净健康的用餐体验。谢谢各位认可我们。 可爱 [可爱]
1,再冷再疲倦只有有你的一句关心心也是暖的人也是精神的 晚安 爱你 月亮 [爱你] [月亮]
1,哈哈 哈哈 哈哈 拜年了！ [哈哈] [哈哈] [哈哈]
1,对于那个纷扰乱象的国度，再无助再恐怖再失望再厌恶，也要让自己那颗积极乐观的心继续保持鲜活 心 心 站在沙夫豪森我最爱的咖啡馆前，来，笑一个 呵呵 呵呵 哈哈 哈哈 [心] [心] [呵呵] [呵呵] [哈哈] [哈哈]
1,哈哈 哈哈 哈哈 阿 陀佛。。。 牧遥小 相对比较官方的解读， 线哈哈哈 鲍荣君 丁蔗霖 看来我的手机活该掉面里 [哈哈] [哈哈] [哈哈]
1,我是初一时离家寄宿，下面文字可以完全一样 亲亲 杨澜。 [亲亲]
1,还未去过此处，下次去时定要去下这里。 可爱 小米滚床单 月兔抱抱的幸福生活 爱在西藏晒太阳 [可爱]
1,亲，就该这样子 你吃了我，不是更美 哈哈 哈哈 哈哈 排骨也是骨，养颜 陈武涛 挖鼻屎 亲，来二斤肉。 [哈哈] [哈哈] [哈哈] [挖鼻屎]
1,回复 觉罗康林 吃惊 当时没人给爆料呀，估计那些没吃到薄皮包子的男士，肠子都悔青了 偷笑 木易小筑 光 那些花儿 乘疯第一 飘尘 啊哈峥仔 你们吃了没 嘻嘻 觉罗康林 其实也无妨，叫什么不是最重要，重要的是，薄皮包子有保健功效，特别对男士 嘻嘻 [吃惊] [偷笑] [嘻嘻] [嘻嘻]
1,金牛从不缺钱花，哈哈哈 哈哈 [哈哈]
1,回复 粉碎生活粉碎机 罗宋汤的做法比较好吃。 做咖喱比较开胃。 奶汁炖菜也 。 最起码也得上汤煮不是？ 否则很多种类得的蔬菜没肉的，怎么吃的下去哦 哈哈 你吃蔬菜汤干什么？减肥？ 减肥的话，建议罗宋汤用纯番茄酱不加任何调料的。或者就是素的上汤熬煮，比如海带菌菇熬的汤，再放蔬菜煮酱紫 [哈哈]
1,哈哈 哈哈 黎洛 哈哈 哈哈 哈哈 哈哈 哈哈 哈哈 哈哈 [哈哈] [哈哈] [哈哈] [哈哈] [哈哈] [哈哈] [哈哈] [哈哈] [哈哈]
1,梦想小问答 最后一波福利，今天我们哪位追梦人获得了 票？ 思考 正确回答问题并 水密码 ，就有机会获得 水密码 提供的精美奖品一份喔 太开心 [思考] [太开心]
1,鲸鹏之大 虾蟹之细 无不容归 发红包 发红包 发红包 延涛 来去造化 春晖 来去吉祥 后面还有几句？请您补充！ 嘻嘻 嘻嘻 嘻嘻 [发红包] [发红包] [发红包] [嘻嘻] [嘻嘻] [嘻嘻]
1,今天首次参加党员活动的群众表示坚决拥护 党中央的决定哟 可爱 南方都市报 人民网网友如是说： 感受到法律面前 平等 的阳光 ， 此案太牵动人心，只有早点有结论，才能让人们从焦虑中解放出来。不然，极端派借此案不停造谣惑众，确实可能煽动不明真相的群众做出什么事来。 [可爱]
1,酷拉皮卡 太棒啦 鼓掌 很靠谱，以后可以看早场电影 一念起一念灭 肉来也 太棒了 [ok] [鼓掌]
1,回复 不如酒 哈哈 我是要坚持亲自授课，不过等您那才两岁的女儿来典雅静界学习形象顾问课程，我的女儿也领衔主讲了。您既然对女儿最大的期许是知美懂美，为什么您不来呢？ [哈哈]
1,回复 阿依不爱吃汤饭 偷笑 嘻嘻 哈哈 你太逗啦！ 阿依不爱吃汤饭 人家装淑女得呢 哈哈 哈哈 鬼爷别揭穿么 俺叫老鬼 回复 阿依不爱吃汤饭 放声笑呀！ 哈哈 阿依不爱吃汤饭 回复 俺叫老鬼 偷笑 偷笑 偷笑 偷笑 俺叫老鬼 老鬼坐在斜对面哟！ 嘻嘻 拍客老李 有俺 嘻嘻 [偷笑] [嘻嘻] [哈哈] [哈哈] [哈哈] [哈哈] [偷笑] [偷笑] [偷笑] [偷笑] [嘻嘻] [嘻嘻]
1,嗷嗷，这个摄影 咖啡猫普洱 喜欢摄影的过程也是摄影者的成长过程，当有一天你发现处处是故事，时时有美景，我想可以毕业了 哈哈 [哈哈]
1,回复 会动的会向你打招呼的珊瑚 嘻嘻 这里的珊瑚都是活的，凯恩斯的珊瑚我们看到的都是灰白的，死的 [嘻嘻]
1,笑死个人了 哈哈 得鱼买醉 哈哈 北大黄卓 金融八卦女 莫言：一年小说白写了。。。。。 黑线 [哈哈] [哈哈] [黑线]
1,爱你 爱你 爱你 爱你 爱你 爱你 哈哈 哈哈 哈哈 哈哈 [爱你] [爱你] [爱你] [爱你] [爱你] [哈哈] [哈哈] [哈哈] [哈哈]
1,小美，很高兴见到你！ 酷 素颜大灯 鼓掌 鼓掌 鼓掌 [酷] [鼓掌] [鼓掌] [鼓掌]
1,今天太美了， 爱你 爱你 各种爱你老婆，各种爱我爹 [爱你] [爱你]
1,这是真的还是假的啊？太搞了 督教 一名同伙因无法解开安全带，没有能参与本次劫机 哈哈 你可真能编 [哈哈]
1,在凤凰新媒体 生活香港正品 小 控要出手咯 嘻嘻 可找小 代哦 可 鞋子 袋子都在等哦 [嘻嘻]
1,像我这样常用卿卿如晤写邮件开头的年轻人不多吧 嘻嘻 [嘻嘻]
1,抽着玩儿 哈哈 哈哈 哈哈 [哈哈] [哈哈] [哈哈]
1,其实我也是 哈哈 出发了！一会儿五棵松见 给力 [哈哈] [给力]
1,端午节资讯 从广铁集团获悉，为满足旅客出行需求，端午节前后几日，东环高铁加开旅客列车，端午节 日 ，东环高铁加开 对 趟 旅客列车。 鼓掌 [鼓掌]
1,回复 皇家驿栈刘少军 哈哈 太开心 皇家驿栈刘少军 不敢，这是逼俺提前退休！ 哈哈 [哈哈] [太开心] [哈哈]
1,紫汐 哈哈 [哈哈]
1,大家都被愚弄了， 凤的身影还没有出现呢。。。 大松在羊城：装逼装大了。郭台铭也太不厚道了。 阙道华 网传他们头版抢发了爱风五，见我上条 黑仔阿义 从何得知？ 阙道华 ：原来这傻逼是深圳某报值班老总？哈哈哈 偷笑 哈哈 羊城晚报肖执缨 偷笑 [偷笑] [哈哈] [偷笑]
1,回复 黄珏 的组合最嗲了 要等到夏天等不及啦 委屈 黄珏 大爱 花心 吸血鬼题材一直是我的菜 菲比 蒂姆伯顿又要来啦 太喜欢他的风格了 尤其是各种哥特造型 鼓掌 鼓掌 [委屈] [花心] [鼓掌] [鼓掌]
1,我就吃过一次流水席。 鱼 好怀念 冰凉向日葵 家滴草莓 哈哈 张晓蕊 红伟胡 孙雪东 农家小院的婚礼真不是盖的。 [哈哈]
1,昨天赛后师奶也哭了。。。荷兰这帮人带不起啊 哈哈 [哈哈]
1,时尚强 给力 给力 给力 谢谢可爱的时尚强昨天整场陪伴脚踩高跟鞋的蕾女 泪 护花使者永远素女生的最爱 王宝强 熊猫 爱你 [给力] [给力] [给力] [泪] [熊猫] [爱你]
1,哈哈哈谢谢老姐 爱你 爱你 [爱你] [爱你]
1,广 告之 哈哈 鱼儿 孙敬媛 转起！希望更多高手加入，壮大巨亿天华 心 来 [哈哈] [心] [来]
1,如果有人晓得我的烦恼，此刻一定也在。。。赖床 嘻嘻 [嘻嘻]
1,给力 给力 特别暧 黄色的甜甜的味道 爱你 爱你 爱你 爱你 爱你 蓝风摄影 黄色诱惑。 花心 阿榕视角 鼓掌 鼓掌 鼓掌 摄影人郑宪章 大家一起去探春，迎春！ 哈哈 哈哈 哈哈 阿榕视角 跟郑老师拍油菜花去咯 江南 摄影人郑宪章 又到油菜花开时。 围观 [给力] [给力] [爱你] [爱你] [爱你] [爱你] [爱你] [花心] [鼓掌] [鼓掌] [鼓掌] [哈哈] [哈哈] [哈哈] [江南style] [围观]
1,丁丁真厉害哈 帮转 鼓掌 [鼓掌]
1,过得开心又充实！ 鼓掌 饕餮 偷乐 这是个不安分的工作日 繁星满天飞扬 又是扫街的节奏呀！ 威武 晨光熹微 对折很给力 [鼓掌] [偷乐] [威武]
1,每晚 到 ，大堂酒廊都会有现场乐队表演。希望您喜欢 可爱 [可爱]
1,必须二。 韩雪 让二飞一会儿吧！只是北京今天沙尘太大，飞 飞 看不清路呀！ 兔子 飞机 浮云 晕 沙尘暴 汽车 话筒 照相机 围观 太开心 [兔子] [飞机] [浮云] [晕] [沙尘暴] [汽车] [话筒] [照相机] [围观] [ok] [太开心]
1,我要是万圣节这身河童的打扮是不是挺报复社会的 嘻嘻 欧耶！ [嘻嘻]
1,媲美 倾世皇妃 刘连城脖子上的那圈啊 哈哈 [哈哈]
1,那几句是你老听的啊？ 嘻嘻 [嘻嘻]
1,， ， ， 美 港 事 典 的季 ，可以聆 到各 激 青年人展 美好人生的演 ！ 今晚看啥 和 汪冠春 。 鼓掌 鼓掌 鼓掌 [鼓掌] [鼓掌] [鼓掌]
1,大连，我的故乡 爱你 [爱你]
1,午夜陪失恋的女友聊天，其实她己失恋三年多碰上节日旧伤复发， 小时车轱辘问我： 他送我的东西我还舍不得扔 我说： 金项链？钻石 当然不扔！ 她： 我： 至少是个银手镯？珍珠耳环？ 她： 我： 块钱 件的假玉总有吧！ 她： 我恨你 现在她又去微信晒老公娃了。 亲亲 [亲亲]
1,张译 今天是深圳站签售 预祝深圳站圆满成功 这里有北京站的视频已经出来了 从前面排队开始到后面签售部分基本上是全程记录 中间签字部分不是全程 感谢 为我们留下了这么珍贵的影像记录 配上小太爷那首 稳稳的幸福 的歌声 突然感觉好涌动 爱你们 泪 爱你 [泪] [爱你]
1,祝我自己生日快乐，健康幸福 鼓掌 鼓掌 [鼓掌] [鼓掌]
1,背面那么大的空地你不签！非要把签名放到那么个小角落，你到底是多喜欢搞特殊哇。 嘻嘻 嘻嘻 最后说一句，这书是真不赖哇！！ 黄爱东西 [嘻嘻] [嘻嘻]
1,哈哈 谢谢谢！！！ ！山神保佑你们。 [哈哈]
1,女人的地位在电视剧里真的提高了 侯宁 但你肯定知道了啥叫泼妇，还是知识分子泼妇！ 嘻嘻 [嘻嘻]
1,终于定了！不纠结了！ 哈哈 [哈哈]
1,边疆边吃边说 薄荷口味 赫柏夫人 你是哪座？ 哈哈 边疆边吃边说 围观 围观 [哈哈] [围观] [围观]
1,昆明市滇菜烹调师、滇式面点师技能大赛 现场，菜品精美吗？ 爱你 [爱你]
1,回复 杨勋 哈哈 哈哈 偷笑 眠琴山房 黄燎原 张晓刚 老虎张 李冰 王易罡 黑子张骏 白东亮 小白 杨勋 赞同周叔！支持多进球阿！ 鼓掌 嘻嘻 周春芽 回复 杨勋 我对这两个队都木有感情所以他们只要进攻我都支持嘿嘿多多进球 哈哈 [哈哈] [哈哈] [偷笑] [鼓掌] [嘻嘻] [哈哈]
1,回复 品薇小薇 几张连拍里选定的这张，表情不是最好的，但发丝的动感却是最棒的。非常喜欢这个感觉 品薇小薇 堪称完美的一张片呀，发丝擦过脸庞的感觉刚刚好 那年那月 这套白纱我的最爱出现了！感谢黑同学后期，继续发掘美片吧 爱你 爱你 暴力大婶郭小苒 [爱你] [爱你]
1,选择多多！你看哪台呢？ 嘻嘻 [嘻嘻]
1,神威 哈哈 哈哈 多布 [哈哈] [哈哈]
1,微爱 我们也开始玩微爱啦！ 太开心 这是专为情侣设计的甜蜜应用，超有爱！ 可爱 情侣专属的聊天工具，逗死人的变音、各种纪念日，还可以记录点点滴滴，俩人的私密空间，有另一半的都来看看吧，超 超好玩！ 应用 微爱 [太开心] [可爱]
1,阚哥的菜还是那么炉火纯青呀 嘻嘻 [嘻嘻]
1,半梦半醒遇见你 哈哈 哈哈 爱你 [哈哈] [哈哈] [爱你]
1,鼓掌 慧聪餐饮网 大董大懂 大董陈丹 [鼓掌]
1,关于方大师的打假基金和安保基金，罗胖子的这段视频已经说明了全部的问题。这对话太牛 了，把方大师的画皮扒了一层又一层。事实证明，方大师特别怕胖子。 哈哈 [哈哈]
1,我的幸运小双子，走起 鼓掌 蔺小晶 无 [鼓掌]
1,看那个名字，皇家高管吃的的菜？我跟你学习北京的味道 抱抱 爱你的咖啡豆 [抱抱]
1,看看 潘晓琼 昨天论坛的高潮 鼓掌 鼓掌 鼓掌 [din看看] [鼓掌] [鼓掌] [鼓掌]
1,穿马靴的女孩子最帅气了！ 哈哈 藤崎上海商务咨询 虽然不是第一个，但很感谢 对活动的支持！ 爱你 [哈哈] [爱你]
1,可可成长 你是否认为手工是孩子和妈妈的事情？以前可可学校有手工作业几乎都是让我陪可可完成。这次的拉比盒子手工让可爸也乐于参与，怪物也疯狂的主题让孩子和我们都以好奇的心态在创作，可可自己做了个魔法棒，动不动给我们变魔术，只是她变魔术的时候我们需要闭上眼睛。 哈哈 拉比盒子 白松 [哈哈]
1,我最最亲爱的老妈明天生日，也就是 哦，哇，实在太伟大了，到处唱红歌，都是在为她庆生。生日快乐，妈妈，女儿永远爱你！！！童鞋们，也一起祝我妈妈生日快乐吧，嘻嘻嘻！！！ 雪后春天 鼓掌 蛋糕 爱你 心 [鼓掌] [蛋糕] [爱你] [心]
1,哦，宝贝，难道你不懂，你已使我发疯？ 此情可待 爱你 私享穿衣顾问微信： [爱你]
1,某人说改变总是好的，若生活总是可预见性的发展，多无聊阿。我接口，是的是的，就像紫薇的台词：我娘想了一辈子，等了一辈子，恨了一辈子，怨了一辈子。但是仍旧感激上苍，让她有这个可想可等可恨可怨的人。否则生活会象一口枯井，聊无生趣。某人眼睛一亮，朝我眨眼说，哦哟，我们频道接上了！ 哈哈 [哈哈]
1,不能再萌啦 太开心 爱你 全球潮宝宝 [太开心] [爱你]
1,新年又添新玩儿意 试试 哈哈 [哈哈]
1,蒋宠 兔子不不不： 张馨予 鼓掌 梵彩吉祥 围脖 可爱 可爱 可爱 阿弥陀佛！！！！ [鼓掌] [围脖] [可爱] [可爱] [可爱]
1,哈哈 哈哈 带着微博去旅行 神马 浮云 [哈哈] [哈哈] [带着微博去旅行] [神马] [浮云]
1,明显喝麻了，字都写错了 薇宝贝 ，还有个写露里露的 熊熊 ，要不要这么得瑟啊？衬衣派对？得瑟啥啊？ 薇宝贝 甘露 在哪紫禁胡同 熊熊 露露在哪里啊？露露在哪里？露里露在那帝都的大街小巷里 哈哈 哈哈 薇宝贝 晨 喻小倩 环球宝贝佳 [哈哈] [哈哈]
1,我在这里 板长寿司 北京 店 好久没见 悲催的服务生 ，和 卖男孩的胖火柴 一起宴请她 哈哈 哈哈 [哈哈] [哈哈]
1,哈哈哈 于 该！哈哈哈 哈哈 围观 [哈哈] [围观]
1,我发现开会是我喝水最多的时候，平时完全不记得 熊猫 我要说，开会对听会人员真是学习和养生的好机会啊，哈哈哈 哈哈 欣爱的工作 欣在自说自话 [熊猫] [哈哈]
1,说出你心中的六星级酒店印象 必须是 平以上 间 直径两米的大圆床 哈哈 三套可替换的遥控窗帘随心所欲 玻璃飘窗 室内 全景浴缸 健身房 全景中西餐厅 酒吧 爱马仕的个人用品 景泰蓝茶具 北京有个老顽童 赵小朵 蝴蝶幽兰 你们说，还差啥？请补充 笑哈哈 唐拉雅秀国际酒店及度假村 [哈哈] [笑哈哈]
1,今天的遭遇真可谓丰富了我的人生经历，嗓子都喊哑了，太锻炼人了！总结几点： ，我们要依法办事，合同法能保障我们的权益。 ，男人，请管好你的女人。如果你喜欢受气请把她拴在家里咆哮，不要放出来乱咬人。 ，千万不要欺负老实人！亲爱的 万蒂妮 ，感谢你陪我一起成长 爱你 [爱你]
1,哇！走起！ 邹韵在花生屯 走吧，去看美香的 吧 哈哈 哈哈 嘻嘻 嘻嘻 我与西原 一二三起飞 安静 萌 牛爱自由 [哈哈] [哈哈] [嘻嘻] [嘻嘻]
1,有点意思， 年一转眼就过去了 嘻嘻 [嘻嘻]
1,高端显大气。 抱抱 安猪安心做猪 转发微博 [抱抱]
1,抓狂 晕 嘻嘻 [抓狂] [晕] [嘻嘻]
1,解析度可以啊 刘岩 剧透一下 嘻嘻 摄影之友孔月 印刷出来的效果更值得期待 ！随刊赠送 诺基亚 手机完全手册 摄影画廊 实战技巧 真机评测！ [嘻嘻]
1,熊孩子悄悄跟小编说： 这真的是熊孩子的忠实拥护者！ 感谢小伙伴支持歌诗达邮轮 抱抱 [抱抱]
1,谢谢，你支持的是咱妈吧 爱你 程程 程小佳 支持菊儿妈 可爱 鼓掌 菊儿小枣 感谢对咱家的报导，说得真好，来北京民居和老北京人一起用餐的赶脚 爱你 欢迎常来 [爱你] [可爱] [鼓掌] [爱你]
1,嘻哈包袱铺 天津站 走起来 抱抱 太开心 [抱抱] [太开心]
1,嘻嘻 图书策划人红嵋 哈哈 炒着牛肉喝小酒 南极小七 有熊来了 咱们一起去旅行 好看，复古，有特点！ 鼓掌 [嘻嘻] [哈哈] [鼓掌]
1,桃 希 嘻嘻 围观 美图秀秀 版 [嘻嘻] [围观]
1,晋虹 赶紧叫肉肉学习一下 台词丶音乐丶电影 吃货神马的太没底线了 哈哈 [哈哈]
1,李彬 焦恩俊 安琥 高虎 林依轮 刘亚津 巩汉林 柯以敏 戴军 花儿大张伟 雪村 常宽 吴宗宪 刘仪伟 陈创，周晓欧，刘昊明，尹相杰谢谢你们在 两个人的江湖 里的明星支招，谢谢你们对我李老头的支持！ 哈哈 哈哈 哈哈 哈哈 哈哈 哈哈 哈哈 耶 耶 握手 握手 [哈哈] [哈哈] [哈哈] [哈哈] [哈哈] [哈哈] [哈哈] [耶] [耶] [握手] [握手]
1,我的尼基塔呢 斯夫 爱你 [爱你]
1,想到是肯德 坐得 翁利。。。 哈哈 [哈哈]
1,北风刮，那个雪花飘！啷哩个啷哩个啷哩个啷，， 太开心 太开心 太开心 我在 [太开心] [太开心] [太开心]
1,这是肿么了呢？表情是亮点！ 哈哈 为什么大家都这么好戏呢？因为两大演技影帝，两位青春偶像来了！ 鼓掌 孙红雷、吴镇宇、朱梓骁、张睿，加戏份十足的快乐家族，本周六晚，太有戏了！ 奥特曼 [哈哈] [鼓掌] [奥特曼]
1,哈哈 笑死人了！ 莱德赵克强 哈哈 垂直的风 哈哈 哈哈 敏奇敏奇 哈哈 [哈哈] [哈哈] [哈哈] [哈哈] [哈哈]
1,一直想要的 昨晚作为惊喜出现了 鼓掌 鼓掌 害羞 他说一定要等到那什么 屏 其实我也听不懂 汗 不过，惊喜中的惊喜是 这是专属 的惊喜 爱你 害羞 害羞 [鼓掌] [鼓掌] [害羞] [汗] [爱你] [害羞] [害羞]
1,哈哈，右边那个瘦子 嘻嘻 魏鹏 君为红颜坠 那敢情好了 右边那个瘦子，真人不露相，吃完说，半饱儿。 分半 个汉堡 [嘻嘻] [good]
1,毛里求斯离留尼旺非常近哦 可以走连线 笑哈哈 留尼旺旅游局 好消息，我们的宣传手册也可以在网站上下载啦 嘻嘻 留尼旺旅游局 留尼旺的漂亮风景视频，大家也可以上我们的网站观看 [笑哈哈] [嘻嘻]
1,此刻黄山 可爱 美丽云海，可遇不可求！图片来自黄山导游。 [可爱]
1,听着旋律，就会和着唱，广院的校歌，偶不是自夸，真的是很好听，有木有 鼓掌 新学期要开始了，小童鞋们，一定要珍惜春光啊，虽然，现在是秋天 偷笑 广院胡芳 年轻的白杨 心中的广院 [鼓掌] [偷笑]
1,晓玲 不怕开水烫的猪 老板您就给我个回报国家的机会吧 哈哈 [哈哈]
1,路遇警察抓小偷，气势太勇猛！ 鼓掌 [鼓掌]
1,布波麦杆 童鞋上海附近三天左右有哪里好玩的？如果有短途出去玩的计划也可以 我是 老李 ，李童鞋也爱玩并会玩 哈哈 [哈哈]
1,排名第一 我很欣慰 恭喜恭喜 侯京健 终于告一段落，感谢所有亲们的支持和帮助。这也是我们新航线的开始，愿八星在海可以发挥出自己更多的光辉。加油！再次感谢大家，还有我的可爱健谍们 馋嘴 爱你 爱你 [馋嘴] [爱你] [爱你]
1,分享 分享！！ 亲亲 爱你 [亲亲] [爱你]
1,你本来也不胖啊 爱你 [爱你]
1,是的，在悉尼！悉尼的寒冬！ 得意地笑 玩去啦 周欣怡 在澳洲吗？ 嘻嘻 袁祖文 回复 会说话的绵羊 晚上 点气温还是 度，不算太冷吧？ 会说话的绵羊 回复 袁祖文 您那边天气越来越冷咯。 袁祖文 逝去的吻？ [得意地笑] [玩去啦] [嘻嘻]
1,很壮观 韩国做营销 做的不错啊 法新社 太开心 [太开心]
1,嘻嘻 王小磊 海外婚纱蜜月摄影 欢乐小讲堂 呵呵 活着活着就明白了 猜火车的 拆火车的 春天的双鱼 雷娃娃 到阳光下面来 电影人晶晶贾 董小慧 崔小嘴 多肉森活馆 多肉植物控 欢迎大家来！帮忙转发哦 嘻嘻 [嘻嘻] [嘻嘻]
1,嘻嘻 搞笑！ 林兵 无 [嘻嘻]
1,哪 搞的？原 你真在推牛。 鼓掌 [鼓掌]
1,祝培训顺利，欢迎下次光临雅阁集团成员酒店 嘻嘻 [嘻嘻]
1,自己！！！ 哈哈 精彩电影 你想到了谁？ 偷笑 [哈哈] [偷笑]
1,哈哈 惠雯 转发微博 [哈哈]
1,我就喜欢天空 可爱 一块去旅行 一直觉得喜欢天空的孩子内心都很善良 [可爱]
1,都是美女记者，差别咋那么大呢！有人靠实力抢话筒，有人靠补妆抢镜头 多拉 蚊 中国之声罗厚 中国之声雨亭 这张清楚！再次转发支持侯艳，呵呵 嘻嘻 [嘻嘻]
1,加州，中国第 个省！ 哈哈 哈哈 [哈哈] [哈哈]
1,我还以为剪头发了呢 嘻嘻 [嘻嘻]
1,选择伴侣不仅是选择一个人，更是选择一种生活方式。 芝小仙 谢谢亲爱的 爱你 [爱你]
1,我的午餐 自制寿司，味道还不错！ 可爱 [可爱]
1,晚上来到衢州三头一掌吃饭，上海女孩 周斌 的妹妹在北京的店，美味地道，清华西门向北 米。鸭翅相当不错。 鼓掌 鼓掌 鼓掌 [鼓掌] [鼓掌] [鼓掌]
1,坛太一 健气受 呵呵 仁王 治 可爱 坛太一 健气受 恩 抱抱 乖 小吕治 仁王 治 抱抱 坛太一 健气受 恩 乖 摸头 不哭了哈 这个不一定准的 仁王 治 可怜 叔叔 坛太一 健气受 啊 这个肯定有不准的啦 不要伤心啦 仁王 治 伤心 不 不 [呵呵] [可爱] [抱抱] [可怜] [伤心]
1,前些时候去一政府部门看一朋友，朋友居然说你到二楼咖啡厅等我，听他这么说我懵了好一会儿：政府大楼里有咖啡厅吗？没想到的是那咖啡厅的咖啡比我在其他咖啡店里喝的咖啡要好喝的太多了。 心想为了这咖啡，我也要多找机会去看他。 哈哈 [哈哈]
1,何必呢，还会再爱的，永远不要错误的估计自己犯傻逼的能力。 哈哈 哈哈 [哈哈] [哈哈]
1,没看出来，这货还好这口啊！ 哈哈 [哈哈]
1,哈哈 裤带到胸部 阿土伯伯伯伯伯伯伯伯伯 哈哈哈哈哈哈哈哈哈笑死我了 [哈哈]
1,可爱滴宝贝，小吃货一枚哦 嘻嘻 [嘻嘻]
1,对了，得感谢这半个月来打全五分的买家们，你们让我的动态分上升了，我都记在心里了。过年时会收集些好东西在以后你们的包裹里悄悄送上。 亲亲 [亲亲]
1,嘻嘻 郭德纲 感谢兄嫂大力支持，回头我请您吃茶叶蛋！ 于谦 脸的澳洲薰衣草小熊，补水的波碧水。 郭德纲 王惠的世界 您这两款产品的针对性太强，我就不发照片了！ 哈哈 [嘻嘻] [哈哈]
1,放一组冬天拍的雪景，会不会凉快点？对了，听说还有个办法，觉得太热，就思念一下心底深深喜欢的那个 ，想着想着，心就拔凉拔凉滴了。。。 雪 雪 雪人 哈哈 [雪] [雪] [雪人] [哈哈]
1,快开始咯！ 嘻嘻 嘻嘻 嘻嘻 [嘻嘻] [嘻嘻] [嘻嘻]
1,最近播的纪录片 味道中山 很不错，比春节期间的 味道 好太多了，看来潮汕 顺德 还要加上中山 嘻嘻 我在 [嘻嘻]
1,爱你 [爱你]
1,哈哈 哈哈 明天当然不是末日，大家都来九江吧！ 老 在路上 如果明天不是末日，那么你一定要来美丽的九江哦 [哈哈] [哈哈]
1,还是真事？ 偷笑 偷笑 偷笑 航旅纵横 清早打机血 事后记者打电话到机场，澳洲航空对此事件拒绝评价 哈哈 哈哈 戳中笑点啊！ [偷笑] [偷笑] [偷笑] [哈哈] [哈哈]
1,来凑热闹 家的 空瓶计 偷笑 偷笑 偷笑 偷笑 ，最好用的洗颜法宝，没有之一 嘻嘻 嘻嘻 给力 一定更多研制更舒心的好产品，加油昂 亲亲 偷笑 偷笑 独立配方师 [偷笑] [偷笑] [偷笑] [偷笑] [嘻嘻] [嘻嘻] [给力] [亲亲] [偷笑] [偷笑]
1,鼓掌 蜗蜗游官方微博：全国 大出发城市：北京 起、上海 起、杭州 起、成都 起、西安 起、重庆 起。如选择 晚 晚入住桂林市区或阳朔指定 星酒店，品质不减、价格更实惠。 [鼓掌]
1,熙熙符符 木木熊 顾商游 人家做到了 鼓掌 [鼓掌]
1,哈 亲们 一早喝完早茶 我要做海鲜大餐了 江南 一大早 馋死你们 哈哈 哈哈 哈哈 馋嘴 馋嘴 太开心 太开心 [江南style] [哈哈] [哈哈] [哈哈] [馋嘴] [馋嘴] [太开心] [太开心]
1,回复 我爱满堂彩 加油 这肯定是小菜一碟 嘻嘻 给力 围观 年再次到我爱满堂彩大放异彩 嘻嘻 我爱满堂彩 我们目标是破 喜剧男人组合 必须再次支持啊，听说收拾都破一了 嘻嘻 给力 围观 少枫 光影下的丑角 [嘻嘻] [给力] [围观] [嘻嘻] [嘻嘻] [给力] [围观]
1,国庆嘉年华 这一家人刚到，正在从车里卸东西，瞧他们这一家子，老老少少全都来露营公园度假过节 嘻嘻 欢迎各位来露营公园露营度假 微风 [嘻嘻] [微风]
1,哎呀 这是大曾最开心的时刻 终于看到比我还胖的啦 嘻嘻 嘻哈包袱铺官方微博 [嘻嘻]
1,有精力的女人最有魅力。。。。 王悠 回复 久哥赶潮 这几张照片分别拍摄在 、 、 和 年，哈，刚发现的！也是个成长的过程！ 久哥赶潮 回复 王悠 哦 三年完成了一次蜕变啊！ 年的还略带一点点青涩，到了 年就升华了。 爱你 呵呵呵 王悠 转发微博 [爱你]
1,舟舟！快管管我这头杂草吧！ 哈哈 哈哈 衰 马丽的围脖 开店啦 恭喜，改天带我认门 可爱 海毅 最专业、上进的造型师！必须支持！朋友们，欢迎预约哦！ [哈哈] [哈哈] [衰] [可爱]
1,我们张江的樱花也开了！这张感觉满日式的 哈哈 [哈哈]
1,嘻嘻 美食杰网 下厨房 新文化网美食 十全菜谱的美食心情 豆果网 [嘻嘻]
1,感谢 刘杨刘杨刘大杨 支持推荐！ 耶 太开心 [耶] [太开心]
1,你们那小时候也这样？必须是 后才有的感受。 哈哈 [哈哈]
1,感谢各位积极参与 新 旅程 的直播转发活动，恭喜 我要做努力好孩子 榛诗涵 获得新西兰明信片，请于 月 日前私信邮寄地址，再次恭喜 鼓掌 ！未获奖的童鞋敬请关注下期活动 哈哈 [鼓掌] [哈哈]
1,主人知道了，跪安吧 嘻嘻 [嘻嘻]
1,哥伦比亚咖啡 原来你去三号院，和翟副主任喝酒喝多了，还尼玛吐血了。丢人 哈哈 哈哈 [哈哈] [哈哈]
1,水木锦堂铁板烧 年知道的这个品牌一直没去过，今儿来东大桥新店吃下。蛋挞巨好吃！芝士扇贝！ 京城美食探店 说的真没错儿 爱你 原来没吃对地方，几经放弃了铁板和寿司，现在又重拾兴趣。肉类也很鲜嫩。第 张照片是哥儿仨 贝勒 大胃王在加单， 靠谱吃货 大师在拍片儿 [爱你]
1,咱们去找找 嘻嘻 孤独根号 的快乐生活 成浩 韩国旅游发展局微博 这家店的甜品超级赞，一定要试试，之前介绍过他们家的柿子刨冰，真叫一个赞 味道香甜、奶香浓郁、口味纯正！ 赞 馋嘴 [嘻嘻] [赞] [馋嘴]
1,回复 钞票打到卡里 小白，给卡号，我把饭直接打你卡里。哈哈 钞票打到卡里 求蹭饭。。。 太开心 太开心 太开心 [太开心] [太开心] [太开心]
1,写得不错！欣赏！ 赞 紫燕雅然 写的太漂亮啦！欣赏收藏 鼓掌 鼓掌 鼓掌 赞 一成 回复 紫燕雅然 谢谢鼓励！ 紫燕雅然 蘸墨挥毫一气成，行云似水醉轻风。龙飞凤舞脱俗韵，雅致清新纸上生。 一成 的照片很棒 来自专辑 微博配图 ，推荐给大家！ [赞] [鼓掌] [鼓掌] [鼓掌] [赞]
1,鼓掌 王超 摘录到 吃什么很重要 [鼓掌]
1,时间的渣渣 生日快乐 蛋糕 兔子 礼物 鼓掌 [蛋糕] [兔子] [礼物] [鼓掌]
1,太开心 [太开心]
1,每日明信片 马年第一枚！是来自百度旅游的小伙伴们在全国各地为你专门寄出的新春祝愿 哈哈 百度旅游让旅行更简单，我们一直在努力！新的一年，就是要让你能玩得更好！新年快乐 [哈哈]
1,锂电池那款已在淘宝搜到 黄珏 要 可爱 刘姐 粤莹 [可爱]
1,回复 钟丽缇 你 你 嘻嘻 太 心 鼓掌 钟丽缇 花心 做鬼脸 爱你 [?你] [?你] [嘻嘻] [太?心] [鼓掌] [花心] [做鬼脸] [爱你]
1,今晚大本营独家披露超级明星团的 电影快乐到家 首映全纪录 太开心 文体影视歌巨星齐聚！众多明星点评精彩放送！ 鼓掌 到底观影大咖们会怎样评价？竟然有一位偶像歌手总结说，来影院看 快乐到家 要带尿不湿？ 偷笑 大家猜猜这位偶像歌手到底是谁？如果是你观影最想带上什么？快来秀你的创意吧！ 思考 [太开心] [鼓掌] [偷笑] [思考]
1,超级笑星 微直播 当夫妻俩斗嘴的时候 千万不能去劝架 可怜 否则 劝架的后果就是和铁锅 郭金杰 教练一样 被背下去啦 哈哈 [可怜] [哈哈]
1,管筝 无限期待！ 鼓掌 嘉可伯 故事随时在发生，不固定的角色拥有无限的可能性。生活，总有新姿态！好友 正道 导演 佟丽娅 主演微电影 由你想象 奇艺高清版绚烂上线！ 李孟夏 管筝 行走 国 推荐给你们！ 围观 [鼓掌] [围观]
1,日游的团走稻城亚丁 嘻嘻 小罗 详情咨询：小罗 ： 电话： [嘻嘻]
1,童鞋们，晚安 爱你 爱你 第一次玩"杀人游戏"到这么晚，人多好欢乐 嘻嘻 祈祷明天能看到 太姥山风景名胜区 的曙光吧，相信 奇迹会有的 对吧 新鲜旅厦门 [爱你] [爱你] [嘻嘻]
1,表示向 哥学习 做鬼脸 鼓掌 [做鬼脸] [鼓掌]
1,你真是的，人家同意你揣回家了吗 哈哈 [哈哈]
1,噢咿噢唱歌岛 压缩饼干 嘻嘻 [嘻嘻]
1,勇敢的心 是我最喜欢的一部外国英雄电影，中国的是 董存瑞 ，推荐小孩儿们多看几遍！ 鼓掌 [鼓掌]
1,哈哈 天使也馋肉 袁道之 是天使留给谭总的礼物！ [哈哈]
1,回复 心灵的归宿 哈哈哈，辛苦大家了！但是旅途中没有付出就没有快乐呀。 哈哈 哈哈 心灵的归宿 就是欣赏美景的同时，这季节付出的就是黑晒、晒黑啊。 挤眼 九江旅游杜少华 此次 跟着课本游九江 活动反响巨大，微博微信转发量超多！ 哈哈 哈哈 江西风景独好 [哈哈] [哈哈] [挤眼] [哈哈] [哈哈]
1,感谢各位大湿携手打造全新 蕾女 ，此图名为：闷骚的鸵鸟 亲亲 徐阳 呵呵 李坤 这个背这个图没修片前就把我惊艳到了 徐阳 更激情。。 哈哈 哈哈 哈哈 张艺潇东田造型 期待我们更激情的再次合作！ [亲亲] [呵呵] [哈哈] [哈哈] [哈哈]
1,鼓掌 韩哲 活动挺好，下次再去交流 [鼓掌]
1,继续有奖竞猜！还是这位小盆友，竟然出现在比赛现场了 猜猜这位年龄最小的选手的年龄，有机会获得骑行服或骑行水壶噢 哈哈 哈哈 哈哈 [哈哈] [哈哈] [哈哈]
1,已经破万了 还差一个愿望！继续努力！加油哈 李创 鼓掌 干吧爹！ 力 [鼓掌] [?力]
1,心 墨墨二 预告片终于公开了 嘻嘻 [心] [嘻嘻]
1,真洋气 八零后朋克小四 郭小晓 郭老师，你结婚也得来一个这个吧。 全球流行风尚 和挚爱约定终身一同携手迈向幸福的未来 好美 爱你 [爱你]
1,天娱传媒 童话二分之一 昨晚收视率全国同时段第二名哦！ 太开心 鼓掌 甯 朱梓骁 李浚赫 刘美含 何炅 戚薇 至上励合李茂 张翰 郑爽吧 孙菲菲 李欣汝 付辛博 至上励合张远 再接再厉！大家一起怀挺，怀挺！！！ 好爱哦 [good] [太开心] [鼓掌] [好爱哦]
1,回复 好滴，下次来北京，可记得到聚点尝尝哦，聚点一如既往的欢迎哦。 爱你 回复 聚点串吧餐饮 不客气 好好吃 赞 赞 我马上回上海拉！ 有机会再来 爱你 聚点串吧餐饮 大家吃的开心就好哦。谢谢您滴支持 [爱你] [赞] [赞] [爱你]
1,丰富多彩的英语培训，既让大家学习了英文，又娱乐了身心，大家学起来就更起劲了！ 鼓掌 [鼓掌]
1,忙里偷闲 自恋一下 爱你 。 [爱你]
1,知道啥是享受美食到无比专注的忘我境地？知道啥是在美食面前不顾形象的大快朵颐？知道啥是上一秒还在使出吃奶的劲，下一秒就呼呼睡着？ 请看每次吃饱喝足后的小宝石 。。。 嘻嘻 哈哈 偷笑 [嘻嘻] [哈哈] [偷笑]
1,准点下班，明天各位有好吃的了！ 嘻嘻 嘻嘻 嘻嘻 [嘻嘻] [嘻嘻] [嘻嘻]
1,回复 行尸 话说，我过去有个习惯，就是问人家的网名是怎么来的，什么意思。其实我一直想，行尸，这名字，一定很有故事，一定是因为爱情，后来没了，就变行尸走肉了 今天我突然想到了，这是一个励志的网名，行尸啊，各位，走肉啊，怪不得你那么瘦，是和网名有关系么？ 行尸 哈哈 [哈哈]
1,周一心情记 周一 你的心情怎样 奋斗版。新的一周 新的开始 又要开始好好奋斗啦！ 周一招谁惹谁了，不要老拿周一说事，没有周一，哪来的周末啊 黑线 进入 月，天凉快了，天这么好，恰逢开学，是个好日子，值得高兴！ 嘻嘻 详情 [黑线] [嘻嘻]
1,回复 嘉宛 哈哈 基本上 写作的，都是病人。比如我整天头头是道讲身心灵，就是久病成良医也。 嘉宛 如果他 是基督徒，或有一人是基督徒，或真正成熟、 容、彼此有 ，那就 。 [哈哈]
1,这叫距离产生美！ 哈哈 [哈哈]
1,今天参观了 图书馆 ，设计的太好了，赖着不想走 偷笑 喝了东方美人茶，觉得好嗨心。喜欢这种拜访，聊聊天，喝喝茶，喜欢大朋友 梦回伦坡拉 超级正能量的发送者，主要是又相信爱情了，相濡以沫，一起牵手到永远，这些都是真实的，爱你们呦！ 爱你 爱你 白大省 公一兵 [偷笑] [爱你] [爱你]
1,哈哈 王颖 哈哈 小崔开始辟谣 [哈哈] [哈哈]
1,明天见咯 鼓掌 鹏飞冥冥 龙泽古今磊 郑忠阳 烧烤学硕士 粥粥游 哈 尔 滨 五岳论坛 五岳达人语录 武圣教主 午夜的阳光奇奇 全图解 请叫我背包侠 [鼓掌]
1,这是只有在纽约才会发生的 嘻嘻 作家崔成浩 [嘻嘻]
1,高大厨忙乎中 嘻嘻 [嘻嘻]
1,可爱 第一次有客户记录我的工作状态，虽然昨天姓错了一小会儿 偷笑 但是我非常轻松愉快的一个下午 握手 落叶 [可爱] [偷笑] [握手] [落叶]
1,粽子皮 钟 海岩 侯 姗姗大王 宝宝免疫力下降的 种原因，准妈妈爸爸们为了孩子快点来学习吧！！ 亲亲 [亲亲]
1,诶呀，所有被盗的车都上过锁，所有离婚的夫妇当年都摆过 桌，毛主席也没说过这么经典的语录呀 云潇 所有被盗的车都上过锁，所有离婚的夫妇当年都摆过 桌 你修好片后，请把这句话放上照片，图文并茂的发给你的客户嘛，加量不加价，友情赠送。。。。 哈哈 [哈哈]
1,回复 那是春天的一棵树 嘿，看到了 不错喔 给力 鼓掌 今晚私信回你 那是春天的一棵树 你好，刚在网上看了你们的招聘启事，真心想加入你们的团队。我毕业两年，身体棒，做事也挺踏实，多次自己背包出游，能独立采访写作。对此，写了个博文，希望你白忙之中抽出时间看一下。谢谢。 [给力] [鼓掌]
1,显摆下昨天收到的生日礼物 酷 偷笑 太开心 [酷] [偷笑] [太开心]
1,小博女画的面具，要是俺肿那几天画好就好了，戴着这个出去好歹也是酷，肿着出去就是吓人了 哈哈 [哈哈]
1,西江美食 想要问问你敢不敢，像我这样为辣痴狂。想要问问你敢不敢，再来西江吃脆肠 嘻嘻 [嘻嘻]
1,宜家买的大瓦？很给力哦 哈哈 给力 翌晨爸 的角落 [哈哈] [给力]
1,嘻嘻 一个闲人的小屋 橘子洲头 笑哈哈 必须认识自己 不要让病毒扩散开来 一个闲人的小屋 有点病的感觉 [嘻嘻] [笑哈哈]
1,馋嘴 馋嘴 馋嘴 哈哈 哈哈 哈哈 吃饭，吃饭 围观 [馋嘴] [馋嘴] [馋嘴] [哈哈] [哈哈] [哈哈] [围观]
1,为什么不能说？当然完全绝对能说！亲您的陈述我们不会作为呈堂证供的 哈哈 哈哈 [哈哈] [哈哈]
1,同时欢迎各公司年会都请你去听！ 科尔沁夫 各公司歌王歌后们，年会上唱歌不时髦啦，要去给我唱才牛逼！ 嘻嘻 勇敢的马 公司歌神大会战，看看谁能成为 办公室麦霸大明星 优酷网 播出赛事，评委 科尔沁夫 吴向飞 贺冰新国际教学法 把关， 月 月，欢迎去 麦乐迪 朝外店 现场观战！ [嘻嘻]
1,可以看到韩国当地的美食，在北京可以尝到韩国正宗的味道。亲爱的贵客 如果有兴趣与 零距离沟通 心 韩食财团 爱美食 北京 拜金小豆 我想说真话 终于开播了！大家别忘记看噢！ 嘻嘻 嘻嘻 嘻嘻 嘻嘻 [心] [嘻嘻] [嘻嘻] [嘻嘻] [嘻嘻]
1,艾玛艾玛 转起 嘻哈包袱铺官方微博 给力 鼓掌 鼓掌 转起 [给力] [鼓掌] [鼓掌]
1,哈哈 山脚寒树 好教材 刘半仙 收藏，好实用啊！有了这个，我的英语会更好的！ 哲言心语 英语再烂的人，看了这个也应该学会英语时态了。 [哈哈]
1,我在江苏卫视跨年 嘻嘻 义潮妈妈 [嘻嘻]
1,换个角度说说说呗：和老公吵架赢的，老公工作繁忙了；对老公冷淡的，老公上夜班了；不给老公零花钱的，老公有小金库了；不让老公开心的，老公潇洒的很 哈哈 [哈哈]
1,握手 香港子夜 王珠琼 回复 杨静 是的 杨静 佳能的无敌兔？ 王珠琼 回复 可耐小满 去吧 可耐小满 真美呀也向往了。 王珠琼 嘻嘻 ，早起的鸟儿有虫吃。 摩卡 早起拍到的景色就是不俗，看到的人有福气啦！！！ [握手] [嘻嘻]
1,我爱你的 种表达 各种说 的经典镜头混剪， 分钟浓缩 部爱情电影。情人节快到了，大胆说爱吧！ 爱你 [爱你]
1,馨 送我的 物 太开心 太开心 太开心 太开心 太开心 [太开心] [太开心] [太开心] [太开心] [太开心]
1,什么时候来喝酒啊？ 您客气了 马剑是谁 谢谢了 神马 浮云 特别有 胖纸 爱你 马剑是谁 有嘛？ 你肿么这么富态 马剑是谁 [神马] [浮云] [爱你]
1,板凳摆起排排坐，吃嘎嘎。 哈哈 美国联合航空 [哈哈]
1,有一种 走人 叫 拔嚼目；有一种 水桶 叫喂得 ；有一种空间叫小孬目 哈哈 哈哈 哈哈 花时间 妞妞与哈哈 说曹操曹操到 有人总结了 赶快复习 [哈哈] [哈哈] [哈哈]
1,谢谢亲的祝福！美好心事，衍生美好未来 你信，它就在！愿各位亲： ，正面能量大爆发喔 心 鼓掌 嘻嘻 [心] [鼓掌] [嘻嘻]
1,咪 咪 无视傻逼就是对傻逼最大的羞辱 我说的对吗 金美女 爱你 金星 右边俩二货别找骂！就是有你们这样的民，才会滋养那样的官！ 龙腾四海 嗯，去泰国没准有戏 懒得打理一切 右边你是当官的料！去竟选呀！ 左哼哼 金星 不是民选的官能有啥含量？！ [good] [爱你] [左哼哼]
1,这颜色说好听就是巧克力色，说 了。。。就是 色。。。爱你们一坨一坨好多坨 爱你 [爱你]
1,还真没试过呀 鼓掌 过来抽个奖，看样子不错 太开心 [鼓掌] [太开心]
1,爱你 爱你 爱你 [爱你] [爱你] [爱你]
1,高级定制 定制手镯系列 四钻、无钻、全钻手镯还有部分现货哦！ 鼓掌 鼓掌 喜欢的还在犹豫的童鞋们赶紧下单喏 太开心 话筒 话筒 话筒 [鼓掌] [鼓掌] [太开心] [话筒] [话筒] [话筒]
1,回复 洋 嘻嘻 红军不怕远征难 洋 太远了 泪 路灯摄影 月 日，山东台儿庄两日游 有报名的请私信！ 噢耶 [嘻嘻] [泪] [噢耶]
1,看到这个让我很不淡定，黑黑，谢谢欣赏 太开心 小红莓 景色好美！！姑娘更美！！！求交往！ 七月娃娃 [太开心]
1,遇上大厨啦 哈哈 [哈哈]
1,原来如此，一次美丽的误会！ 嘻嘻 [嘻嘻]
1,笑哈哈 保命四字诀揭晓！ 大哥饶命！ 笑哈哈 超级笑星官博 偷笑 偷笑 偷笑 欲知保命四字诀为何 半个小时后 锁定 安徽卫视 超级笑星 哦！ 哈哈 [笑哈哈] [笑哈哈] [偷笑] [偷笑] [偷笑] [哈哈]
1,看到一个新闻，温州 岁 熊孩子 给护照涂鸦，全家韩国游泡汤。下次要教育孩子，涂鸦一定只涂备注页，爱怎么涂就怎么涂。证件信息页和签证页千万别涂，护照知识也要从小抓起。 哈哈 [哈哈]
1,小院风物 呼呼呼，之前的小白猫大家还记得吗？洗白白了哦 爱你 [爱你]
1,如果对红色高棉政治历史有兴趣的推荐去金边，喜欢海边的西哈努克不错，那大海，湛蓝，湛蓝的 比亚龙湾可强多了 嘻嘻 [嘻嘻]
1,美人 你 小 要保持微笑 猫森新帐号里各种萌宠来访照啊！访客们感觉都被吓尿了要 嘻嘻 猫咪森林西安 来猫森做客的宝贝们 猫森萌宠来访 详情 [?你] [嘻嘻]
1,记乳鸽专门店 小小一只乳鸽有多种烹调方法，今天先试试其中三样。红烧乳鸽 甘香、入味，出品上乘。沙姜乳鸽 比起红烧，少了甘香，但多了沙姜的香味，而且皮爽肉滑。电饭煲油盐乳鸽饭 米饭很够味，居然有一点点糯米饭的口感，唯一的败笔是饭里的乳鸽没味道。看来以后不用专门去中山吃乳鸽了 嘻嘻 ！ [嘻嘻]
1,哈哈哈，万能的辣椒面 爱你 爱你 [爱你] [爱你]
1,又到了二十四节气中我最喜欢的一个 惊蛰。我喜欢万物复苏一切变得欣欣向荣 可爱 [可爱]
1,鼓掌 鼓掌 鼓掌 鼓掌 鼓掌 鼓掌 鼓掌 鼓掌 鼓掌 鼓掌 鼓掌 鼓掌 鼓掌 鼓掌 鼓掌 [鼓掌] [鼓掌] [鼓掌] [鼓掌] [鼓掌] [鼓掌] [鼓掌] [鼓掌] [鼓掌] [鼓掌] [鼓掌] [鼓掌] [鼓掌] [鼓掌] [鼓掌]
1,鼓掌 舒淇： 赵薇：转发微博。 [鼓掌]
1,威武 给力 这些爱心，我们统统收下了！感谢！ 心 爱佑 奥迪上海宝贝之家 赞 我们已经收到够用 个月的面巾纸，非常感谢爱心人士的慷慨捐助。 给力 此次征集活动顺利完成！ 鼓掌 心 [威武] [给力] [心] [赞] [给力] [鼓掌] [心]
1,苦乐人生 鼓掌 [鼓掌]
1,中国达人秀年度盛典 哈哈 感谢你的一直守候 辛苦你啦 一起目不转睛的来迎接下一组选手的表演吧 [哈哈]
1,大研古城有很多租车点，有单车，双人车，山地车。单人车一天 元，双人 。束河，白沙都离古城不远，可骑车前往。呼吸着纯净的空气，看着田园风光，真是一个好的旅行方式 可爱 [可爱]
1,如此可奈滴小带里猜猜装的是啥？ 偷笑 热雪 厚 这个小 太有嫦娥风了。。 哈哈 [偷笑] [哈哈]
1,谢谢芳芳！这张图片好美好喜欢，谢谢你！ 爱你 可爱 心 [爱你] [可爱] [心]
1,我在路上，东方时尚学车，离买车越来越近！ 嘻嘻 嘻嘻 哈哈 哈哈 哈哈 我在 [嘻嘻] [嘻嘻] [哈哈] [哈哈] [哈哈]
1,巧克力和核桃就占饼干的一半，巨奢侈！ 嘻嘻 [嘻嘻]
1,今天主题豹纹风 嘻嘻 我在 [嘻嘻]
1,回复 史清元 哈哈 初学乍练。手机不会用，没人给说活。 史清元 您能拍得再模糊点儿吗？ 哈哈 相声康松广 是的，氽了个萝卜。 愉快老头 不错，加点菜蔬。 [哈哈] [哈哈]
1,带路的不会是牛头马面吧 偷笑 开贝 该啊！ 哈哈 哈哈 哈哈 关海伦 哈哈哈 大白 。。。。。。 太原国宏 徐莉 优品 带路的是雷锋 梅莉莎小蝎女 夭夭 哈哈 哈哈 [偷笑] [哈哈] [哈哈] [哈哈] [哈哈] [哈哈]
1,东方卫视笑傲江湖 今天的外传大鹏篇太搞笑啦 哈哈 大鹏董成鹏 你打 谢元春子 的那段太搞啦！ 谢元春子 你配合的太好啦，直接 威武 东方卫视笑傲江湖 欢乐传媒 我在这里 [哈哈] [威武]
1,哈哈。这代表你们编辑部效率高，人才多，低投入，高产出。好事啊。 哈哈 汤文培 哈哈，这是谁干的好事啊？ [哈哈]
1,爱你 林怡育儿会所 大家帮转吧，谢谢了哦 心 [爱你] [心]
1,李书福 同志也当起毛主席来啦！ 哈哈 哈哈 哈哈 [哈哈] [哈哈] [哈哈]
1,哈哈哈哈哈 洪思思聊斋 偷乐 捷菲邢 删华妃 哈哈 [偷乐] [哈哈]
1,以为柯南的技能都是天生的？！惊天大发现，夏威夷是个神奇的地方！ 赞 除了有蓝天、碧海、沙滩、美女，能度假、购物 更能培养拔尖人才！柯南，你瞒得我们好辛苦 戳大图看真相 哈哈 夏威夷柯南培训中心，全方位培养，淡季出行，限量抢购 元起 教练，我也要去夏威夷！ [lt赞] [哈哈]
1,电话、 ： 爱你 云爱丰情 怎么联系你们咨询呢 [爱你]
1,漫步八大关，感受绿瓦红墙的小清新，我的菜 嘻嘻 [嘻嘻]
1,皆 、 可爱 今天名古屋多云，受台风 号和梅雨前线的影响，今晚也许会下大雨 下雨 ，回家晚的童鞋要注意了 酷库熊微笑 今天也一起加油呀！ 赞好 [可爱] [下雨] [酷库熊微笑] [din赞好]
1,钢铁侠思密达 嘻哈包袱铺高凤鸾 金缕玉衣思密达 ！ 咱们的牛百岁 麻 都别裤子上了 越野车的世界 阅读社会 这个牛！磁铁狠有效！ 哈哈 [哈哈]
1,鼓掌 龙腾精英 李彦玲 田晓龙 龙腾 给力 给力 给力 给力 御宅男 给力 鼓掌 鼓掌 鼓掌 架势创作 嘉式文化传播工作室 御宅男 心 龙腾 龙腾精英模特经纪 上海官方 [鼓掌] [?] [给力] [给力] [给力] [给力] [给力] [鼓掌] [鼓掌] [鼓掌] [心]
1,那是！也不看看是哪个明星同款！！也不看看我们家李钟硕以前是干嘛得！ 哈哈 哈哈 哈哈 [哈哈] [哈哈] [哈哈]
1,亲亲 亲亲 多吃点哦 [亲亲] [亲亲]
1,鼓掌 鼓掌 笑哈哈 笑哈哈 在到了 之后期望你会发现所有的等待都是值得的 爱你 [鼓掌] [鼓掌] [笑哈哈] [笑哈哈] [爱你]
1,大模特们辛苦了！在 拍摄了一天 爱你 期待你们的大片儿 诗梓佳 [爱你]
1,收到。 一、祝福您早日教育宝宝 呵呵 呵呵 二、我们下次都去试试 哈哈 哈哈 哈哈 说不定、抖落出个致青春呢 [呵呵] [呵呵] [哈哈] [哈哈] [哈哈]
1,今天晚上喝的客家米酒，真棒！ 嘻嘻 [嘻嘻]
1,哈，我也要来 爱你 [爱你]
1,希望你家四三提高智力 嘻嘻 不想再和世界争辩了 干，你 我干什么？？？ 徐可可 小张 不想再和世界争辩了 开水泡的包子铺 史迪 [嘻嘻]
1,咖啡砖家 彬 味道巴适 咖啡大湿 嘻嘻 咖啡半仙贾明 给力 [haha] [haha] [haha] [嘻嘻] [给力]
1,闺蜜送的蒂芙尼项链 我：最近我刚好在想 的项链耶，你就送我了，那下次我要是想兰博基尼呢？闺蜜沉默了一下，然后淡定地说：那个，有点贵。。。 哈哈 哈哈 [哈哈] [哈哈]
1,你看这个 嘻嘻 小船儿推开波浪 [嘻嘻]
1,托您的福 嘻嘻 我也少吃不少颗粒 [嘻嘻]
1,回复 老书新作坊 晚上好 哈哈 老书新作坊 太阳 俞社长早！ [哈哈] [太阳]
1,名词解释： 吓一跳 。 嘻嘻 图 [嘻嘻]
1,亲，今天你可真是无限配合呀！ 哈哈 哈哈 哈哈 小琰小 米斯白兰卡 花神 大米 罗的微空间 冷冷偷心贼 [哈哈] [哈哈] [哈哈]
1,豆豆表情开始丰富多彩了。 哈哈 [哈哈]
1,老爸老妈欧洲之行带回来的礼物 抱抱 哈哈 鼓掌 爱你 [抱抱] [哈哈] [鼓掌] [爱你]
1,早安 歌诗达 活着一定要有爱，有快乐，有梦想。还有，一定要旅游！ 哈哈 [哈哈]
1,豌豆公主太口耐了 爱你 [爱你]
1,北京老样子 哈哈 萌 敬美耗玉 有几幅超逗！ 哈哈 多多多德 科学松鼠会 [哈哈] [萌] [哈哈]
1,别有深意的企鹅 哈哈 哈哈 [哈哈] [哈哈]
1,有个名字 佛萨维娜，英文直译意思 富含益生元的燕麦汁 嘻嘻 嘻嘻 参差咖啡 ！ [嘻嘻] [嘻嘻]
1,这个绝对不是富强粉 汪云志行之 哈哈 北京厨子 禽兽，放开那袋面粉！ 抓狂 [哈哈] [抓狂]
1,年根底下，幽默一把，哈哈哈哈 嘻嘻 [嘻嘻]
1,何巴马 通讯录短信内容一样可以做丰富，现在商家其实非常依赖短信广告，收编营销文字的展示效果和用户喜好和评价，可以帮助短信商家客户收集反馈率，提升营销准确率。还有，客户端是可以模拟短信的，如果你想清楚了怎么用的话。这是我去年 月的规划，现在无用了。送你参考 嘻嘻 [嘻嘻]
1,别人的老师 你的老师 泪 四川最美英语老师红了，福建厦门九中英语老师 被称 最萌萝莉老师 ，安徽农业大学最美法语老师也走红了 同样是老师，差别怎么这么大呢 哈哈 图：快乐麻花 [泪] [哈哈]
1,朝思暮想的墨西哥玉米片和蘸酱顺着风儿到啦！ 江南 得意地笑 谢谢婶儿 爱你 心 敢吃网 [江南style] [得意地笑] [爱你] [心]
1,蓝微岸彼 亲亲 谢谢熊熊 我们也是 美中不足巧克力太一般 熊苗儿 恭喜贺喜，朗廷的确相当不错。喜糖盒最赞。一直摆在我的窗台呢 蓝微岸彼 蛋糕 爱你 去年的此时此刻在点烛台？ [亲亲] [蛋糕] [爱你]
1,嘻嘻 琪之贤人也 [嘻嘻]
1,从几百万瞬间到零的不寻常变动，虽然并不能影响 璀璨人生 的全国收视第一！ 住 但希望这样人工操控、背离观众的收视污染远离我们的电视圈！ 怒 也送给 被算计 的喜爱 璀璨 的观众朋友们一个好消息，下周六晚 璀璨主演登陆大本营！欢迎大家继续支持！ 鼓掌 [hold住] [怒] [鼓掌]
1,回复 活宝在这里 呵呵，看来同样是活在回忆中的朋友 活宝在这里 正在看 可爱 [可爱]
1,高水准的制作推动中国电视的升级，赞！ 李代沫 太！好！看！啦！ 大幕拉起葛亮 发自内心的说，今天第二集舞林争霸比昨天的还要好看 舞林争霸 开始咯！ 鼓掌 大幕拉起葛亮 已经在电视机前了，东方卫视 [鼓掌]
1,推荐活动，支持一下，也祝愿大家都能中大奖肥家过年！ 嘻嘻 [嘻嘻]
1,注本 勤勉工作 真 待人 旅 的 娘子 下的太 悍了 哈哈 [哈哈]
1,给冬瓜来张特写 嘻嘻 [嘻嘻]
1,睡前一笑 男友： 天哪，都 点了，饭还没好吗？看来我得去饭店吃了 妻子： 亲爱的，再等 分钟。 男友： 分钟饭就能好吗？ 妻子： 不，我换件衣服，跟你一起去。 转 哈哈 今天虽然是周末 亲们也要记得早点休息哦 晚安啦 [哈哈]
1,修行 月馋 早安 哈哈 哈哈 赞 [哈哈] [哈哈] [赞]
1,超级笑星 开心一刻 老鹰们表示，天冷了，结冰了，走路比较尴尬 哈哈 今天是中国传统二十四节气的 大寒 ，也是蛇年的最后一个节气，天冷了大家也要注意保暖哦 [哈哈]
1,想出去的同学们参考下。少年不努力，一生在内地啊。 哈哈 沈浩老师 转给同学 奖学金港币 万一个月，一年 万。还有其他的免学费住宿费啥的，加起来据说三年 万。总的来说，钱多事少离家近。还有哈，老师特别赞！ [哈哈]
1,对舍甫琴科和乌克兰来说，这都是一场难忘的胜利！ 鼓掌 鼓掌 鼓掌 [鼓掌] [鼓掌] [鼓掌]
1,万丽美食课堂 开课啦 大家都准备好了吗？ 嘻嘻 我在这里 [嘻嘻]
1,这需要好好祝贺下 恭喜恭喜 啥时候开办？ 爱你 [爱你]
1,比起费尽心思炒作， 做好定位和挖掘才是最重要。 龚兄所说的也正是我之前一直提倡的路数。 想在微博卖东西的都应该看看。 龚兄这个"学术帖"本身又成为它客户的一个传播点 哈哈 笔记 [哈哈]
1,奥地利 早安！ 今天是个大晴天 鼓掌 奥地利国家旅游局 立鼎世酒店集团 今晚是亚洲晚宴好丰富好期待 我在 [鼓掌]
1,我的印度 我最爱的清晨的瓦拉纳西 哈哈 爱你 我在 [哈哈] [爱你]
1,豪门盛宴 嘻嘻 嘻嘻 嘻嘻 [嘻嘻] [嘻嘻] [嘻嘻]
1,爱你 好看 包容天下 好漂亮，好美哦。 [爱你]
1,嘻嘻 专制家庭长大又不爱学习的叛逆小孩 赞段子！ [嘻嘻]
1,腊九天，无限温暖 心 谢谢 活着活着就明白了 好摄女 爱你 爱你 [心] [爱你] [爱你]
1,智慧 鼓掌 中国人 婚姻是靠经营的，即便遇到对方很坏，也只当经营黑社会。 嘻嘻 陈宝存 只考虑自己感受的女人，我躲之不及！ 孙 伟光 都有年轻的时候。 陈宝存 回复 谭育君 你说的大多女人，是自私至极的！ [鼓掌] [嘻嘻]
1,我在这里 朝阳区 一家一饭堂，皮皮虾刺身很霸道 太开心 飞翔的 熊猫 带着虔诚的心去遥远的地方 女人新开始 硬派机器 隐形门的世界 [太开心]
1,让大小姐打包的 哈哈 [哈哈]
1,头发有点让人出戏 嘻嘻 [嘻嘻]
1,各位 跑题了，跑这儿帮我认亲来了啊。哈哈 哈哈 好人猫熊 很像你弟弟耶，有木有？ 呵呵 倪峥嵘 忧郁的晴天娃娃 必须火 英姿 看好他！ 毕玉 倪夏宇 火了。 [哈哈] [呵呵] [good] [good] [good]
1,今昔照片一上粉丝都没了 嘻嘻 非龙套 应该直接上你小时候照片。哈哈。 应上今昔对比图，有图有真相 [嘻嘻]
1,一分钟有多长？这要看你是蹲在厕所里面，还是等在厕所外面了 嘻嘻 哥们，不赖你，是因为地球引力出了问题 怒 [嘻嘻] [怒]
1,明年我一定要找你去！ 刘京花 太开心 太开心 太开心 梅田 乃 刘京花 六方融雪 梵蒂冈！ 三叔爱 好棒 掰不直的臻果 弯 爱你 馋嘴 [太开心] [太开心] [太开心] [爱你] [馋嘴]
1,可爱 权金城韩国烧烤 威武 天气寒冷，囤脂肪的时候，吃好喝好才是真的好！ 嘻嘻 [bm可爱] [威武] [嘻嘻]
1,哈哈 个性化需求 欧亚散人 以后中小酒店，不是主题，没法混！ 天使投资唐 好像昨天是七夕情人节，我是一个人过的，你们 了吧？ 嘻嘻 昨晚在广州录播一个电视节目，早知道去这些酒店住下来。 偷笑 广 深 技术产品沙龙 周日 一。报名留言 欧亚散人 唐 郑贵辉 [哈哈] [嘻嘻] [偷笑]
1,多比有新朋友啦 熊猫 兔子 嘻嘻 我是 猫眼 [熊猫] [兔子] [嘻嘻]
1,做了小白兔，这是第三碗。。。 偷笑 哈哈 偷笑 [偷笑] [哈哈] [偷笑]
1,品牌的力量真是惊人，今天上线一月整，数字足以吓人和骄人。。 任鑫 威武 威武 威武 创业后最常住经济型酒店，以后预订锦江之星更方便了 嘻嘻 嘻嘻 嘻嘻 [威武] [威武] [威武] [嘻嘻] [嘻嘻] [嘻嘻]
1,恭喜 洲际酒店集团菁英会 洲际酒店集团 的新浪微博开通了！ 鼓掌 这是一个为我们现在的同事以及将来的员工打造的互动平台。想及时了解 的最新动态吗？关注他吧！ [鼓掌]
1,老爷子太棒了！ 鼓掌 梅花格格 何丹的 水牛窝 曲艺服务员王波 [鼓掌]
1,感谢博客君推荐！ 哈哈 杨潇同学 泡鱼儿 泡总作品！ [哈哈]
1,用心，是做菜的秘诀！ 鼓掌 付洋 中国味道 北京味道 ，用这道用心制作出的菜欢迎北京知名食评家董老师的到来 偷笑 鼓掌 自行车 [鼓掌] [偷笑] [鼓掌] [自行车]
1,冷笑话搞笑幽默 看着天气，你是不是又发福了啊！ 嘻嘻 [嘻嘻]
1,这个梗又可以笑一个月！哈哈哈哈哈 冰块儿君也是柠檬水儿 神烦 米利朵 噗保安 星文连 俊腐驱己 噗哈哈哈哈！保安神烦啊！对不起我不该笑！噗 嘘 哈哈 米利朵 [嘘] [哈哈]
1,直接给她黑名单多好啊 杨小爱爱 也爱大白 懂不了 我不爱听 我屏蔽 哈哈 哈哈 小嘉洽 猫着儿 小雯 碎碎念 火星可爱多 杨小爱爱 也爱大白 天枰女硕硕 思远不温柔 大陶 冬仔在念央儿 嗯 你们懂的！ 嘻嘻 [哈哈] [哈哈] [嘻嘻]
1,王小柔 独立书店，需要有人用心坚守。 鼓掌 [good] [鼓掌]
1,回复 凯路仕 郑州 谢谢！ 握手 凯路仕 郑州 加油，一路平安！ 爱你 [握手] [爱你]
1,感谢 新浪旅游 的推荐。 骆维维 导演纪宁 鲤鱼登场 蒙 蜜蜜 永远不给 查杨理斯 夏茉微博 马猴 再回忆一下 可爱 [可爱]
1,太震撼了，我去巴黎的时候怎么没找到这样的好位置，哈哈！ 亲亲 璇宝宝 刘杨刘杨刘大杨 我想说真话 我没微博真的 楠心 楠意 [亲亲]
1,凌晨三点多起床，终于把这个重要家庭成员接了回来，这下真的一家团聚啦！ 爱你 爱你 这哥们也熟悉的太快了吧！ [爱你] [爱你]
1,晒一晒第二季度宾客意见书奖励员工的照片 求关注 给力 哈哈 [求关注] [给力] [哈哈]
1,开奖啦 鼓掌 恭喜第一批幸运粉丝 芝麻开门 妖妖 多幸福多快乐 宁静 丹媚 可乐水果 花苑 爱家的吃货 请大家于 月 日前将姓名、电话、快递地址、邮编私信给我，期待大家拿到礼包后晒出自己的拿手菜， 的生活书 和 海天招牌拌饭酱 亲亲 [鼓掌] [亲亲]
1,有好多遛达鸡。 馋嘴 哈哈 [馋嘴] [哈哈]
1,可能就是那一秒爱上一个人 偷笑 欺负二叔的日子心情就是好 哈哈 哈哈 坐在车里看着二叔抱着我一打的快递在小雨中踱步走来，我就好想笑 哈哈 哈哈 哈哈 哈哈 [偷笑] [哈哈] [哈哈] [哈哈] [哈哈] [哈哈] [哈哈]
1,回复 淼式小窝硒 非常感谢您的支持！本次活动，我们采用第三方平台抽奖，大家可以点击链接 查看，欢迎大家监督。我们会定期为酒店最亲爱的粉丝们提供各种微博活动，希望大家多多支持。也许下一个中奖的就是您！ 可爱 [可爱]
1,送礼体面过人！ 爱你 [爱你]
1,爱你 爱你 儿童节 耶 ！我们的节日！ [爱你] [爱你] [耶]
1,尚 大人真 嘻嘻 [嘻嘻]
1,不用算， 的人适合创业， 的人 适合上班。问题是你是那一拨 的人吗？ 嘻嘻 查立 你也算一算吧！ [嘻嘻]
1,做为实现四个现代化，德智体美劳全面发展的好孩子！坚持就是胜利 威武 嘻嘻 [威武] [嘻嘻]
1,哇，我们大本营的英伦奥运行行程真是充满了惊喜！ 吃惊 还有奥运探秘和女王庆典 真期待这一系列精彩内容！ 何老师和嘉哥真没给咱们丢脸，在国际明星旁边气质完全不输； 赞 关键在欧洲大个面前 这样谁还不信你们一米八我跟谁急！ 哈哈 [吃惊] [赞] [哈哈]
1,周末 好康 这想带这只可爱的熊宝宝回家？即日起到沙田广场内的屈臣氏 概念店，购物满 ，就可以抱回家罗！ 心 抱抱 [心] [抱抱]
1,同感！ 爱你 [爱你]
1,中秋节 月 日至 月 放假 鼓掌 普通公司中秋放假 天，文艺公司放假 天，还有的公司从今天开始进入放假状态 天。不管放几天，开心就好，小侨祝大家开心满满，欢乐满满，祝福多多，月饼多多 嘻嘻 [鼓掌] [嘻嘻]
1,酸奶鞋一只，果冻胶更高，若遇胶囊壳，二者皆认孬。 哈哈 [哈哈]
1,陆师傅 给力 尹亲林 陆总节目。。。 东哥粤潮 凤哥节目，节节上升！收视长红！ 哈哈 哈哈 南京陆少凤 南京陆少凤 前些日子和湖南卫视的何炅老师做的一档美食节目开播了，在 可以搜到 陈意星 杨顺 老爷们布衣隐士 东哥粤潮 瞬即是永恒 尹亲林 [给力] [good] [哈哈] [哈哈]
1,爱你 厦门如是酒店有限公司 同时感谢大家的参与！谢谢大家对酒店的热爱！ 中国酒店手册厦门版 中国酒店官微运营交流联盟 厦门饕餮盛宴 爆 盆盆你好 厦门的阿牛 简单你就快乐 羽小觞 快乐学习老叶 厦门小小刘 如果有下下辈子 梦一仙 哈乐多 月 果惜 蓝鱼冰恋 净月安松 感谢 [爱你]
1,欢迎您入住石梅湾艾美度假酒店，海景房的视野 抱抱 [抱抱]
1,四重溪清泉日式温泉馆的宇治抹茶红豆芋圆冰，泡完温泉吃上一口，顿感满足，这就是吃货在旅行时的最大动力 鼓掌 鼓掌 。 [鼓掌] [鼓掌]
1,回复 薛晓棠 哎，我咋记得这提壶是牛奶的意思？不会真的让我提个壶逮谁浇谁吧，那叫浇朋友，我懂。另外，用开水？ 薛晓棠 老话说醍醐灌顶 你没事提着热水壶，给广大适龄未婚女青年们灌灌顶，让她们清醒的意识到，身边隐藏着巨大的金矿。。。。 哈哈 [哈哈]
1,礼物 除了要再次跟您表达生日祝福之外！还要祝您天天都快乐！ 得意地笑 希望这个 惊喜 能给您这次在北京的日子带来不一样的感受！ 可爱 锅上蚁 回复 宗世林 谢谢！准备当案例讲给学生听 宗世林 回复 锅上蚁 首都大酒店 [礼物] [得意地笑] [可爱]
1,只有大王小王有价拍，其他都是送给学堂和俺的粉丝啦 龙辉全 支持！弱弱的问天哥一句：最小的是方块 么？拍多少起拍 害羞 魔方铺 转 杨亚天 有机无价啊。。。 雍容大度我心飞扬 外贸餐具 鼓掌 鼓掌 鼓掌 杨亚天 拍吧，非同寻常的扑克 五粮酒姐高英华 拍 [害羞] [鼓掌] [鼓掌] [鼓掌]
1,什么叫一不做二不休？就是拿昨晚入手的一件衣衣去退，然后成功的又淘换了两件回来 鼓掌 鼓掌 酷 酷 [鼓掌] [鼓掌] [酷] [酷]
1,回复 老板的娘 不再 哈哈 老板的娘 明天见 偷笑 张楠 回复 老板的娘 互相学习 哈哈 老板的娘 张主厨收徒吗？ [哈哈] [偷笑] [哈哈]
1,谢谢推荐 爱你 给力 带着微博去旅行 [爱你] [给力] [带着微博去旅行]
1,嘿，在方文山的店对面有家超平价的美妆店，名字是 小三美日 哈哈 哈哈 [哈哈] [哈哈]
1,小何，你觉得呢？ 懒得理你 何盈 大大大票子 ，这算春运表情哇？ 嘻嘻 [懒得理你] [嘻嘻]
1,哈哈 张天阔 活的 冷死了。。。 哈哈 哎呦熊怎么穿牛仔裤 李白痴会客厅 [哈哈] [哈哈]
1,北京书友会 玛亚老师 我的衣橱经典 系列书籍分享会， 月 日 星期日约定您！北京的书友们不可错过哦！ 雨枫书馆 鼓掌 鼓掌 鼓掌 中国青年出版总社 月 日周日 ，地点 雨枫崇文馆 黑玛亚花园 做女人，就要内外兼修 我的衣橱经典 系列书分享会 懵懂的凌 围观 [鼓掌] [鼓掌] [鼓掌] [围观]
1,东坡豆腐，有东坡肉的感觉 鼓掌 西餐侯老师 帅哥大厨龙永泉 威武 围观 食全食美老倪 好像你还是下口了 阿龙大厨 北京国贸饭店 [鼓掌] [威武] [围观] [good]
1,期待各位的光临 鼓掌 [鼓掌]
1,哈哈 废腔坦克 [哈哈]
1,过年咯 发红包 发红包 马到成功 马到成功 老妈的巧手年夜饭，久违了家的味道 嘻嘻 嘻嘻 娜娜给大家拜年啦 祝大家大吉大利！马上有一切！ 马上有对象 马上有对象 发红包 发红包 鼓掌 鼓掌 [发红包] [发红包] [马到成功] [马到成功] [嘻嘻] [嘻嘻] [马上有对象] [马上有对象] [发红包] [发红包] [鼓掌] [鼓掌]
1,端午节快乐 看场球赛，吃两个粽子，玩玩手机，低碳过端午！ 可爱 [可爱]
1,和代笔无关吧 马强 游戏 年我所在的公司有款 疯狂卡丁车 发布，我亲眼见到一张韩寒软文植入的乙方合作意向书，不知后面为何没谈成，没保留证据可以拿 千万么？ 泪 宋晨枫 王强 凌晨回复的呀。韩寒这样重视麦田，麦田这辈子值了 哈哈 [泪] [哈哈]
1,偶与大爱建筑大师扎哈 哈迪德 滴合影 不容易啊！！感谢 神马 敬军 鼓掌 米小米 [鼓掌]
1,票选最有型 可爱小正太 爱你 爱你 爱你 [爱你] [爱你] [爱你]
1,青岛的教堂去过几个，都非常喜欢。老师拍得真棒！ 给力 围观 鼓掌 [给力] [围观] [鼓掌] [good]
1,旅游政务 泉州城市形象片 威武 为打造泉州城市名片，加大泉州旅游宣传力度，提高泉州知名度，泉州市旅游局联手泉州电视台组织拍摄泉州城市形象片在央视投放。目前，拍摄工作正在紧张进行中，让我们拭目以待！ 给力 太开心 泉州电视台 图： 平兄旺旺 [威武] [给力] [太开心]
1,八珍豆腐香阿 嘻嘻 [嘻嘻]
1,今天和 单小牛 王潇辉 一起吃饭，很是 ，最近一直很是忙碌，好久没有这么酣畅淋漓了，得友如此，人生无憾！！ 暴雨依然抵挡不了我们的热情啊 哈哈 [哈哈]
1,哈哈 我叫什么名儿 我很喜欢你，但不敢告诉你，怕只怕，说了对你也是一种伤害！ [哈哈]
1,咖啡用语 牛奶 脱脂 全脂 豆奶 ； 咖啡浓度 更多咖啡 低因 ； 糖浆 香草 焦糖 榛子 覆盆子 ； 爱你 [爱你]
1,这个貌似不能打包哈 抓狂 抓狂 抓狂 明小飞 早上我又补了一碗！太牛啦！ 哈哈 [抓狂] [抓狂] [抓狂] [哈哈]
1,哈哈哈，我有 了，有 了，我不要改名字，不要不要 可爱 [可爱]
1,温润如玉 鼓掌 珠莉 九转灵山 转发微博 [鼓掌] [good]
1,回复 狐狸猫 超可耐 爱你 狐狸猫 这不是我吗 偷笑 [爱你] [偷笑]
1,回复 我就不实名 如果是这样，数据都不实。 嘻嘻 我就不实名 回复 特航商旅陈良均 坊间传闻是无限讯奇 。 特航商旅陈良均 年成立，已经是 ，看这个业绩，个人判断，难道是 天 联盟 ？薛总，求证实。 [嘻嘻]
1,哈哈，这应该是掉对的节奏 哈哈 哈哈 [哈哈] [哈哈]
1,机场夜校哈哈 哈哈 芹菜陷挺好吃的 偷笑 [哈哈] [偷笑]
1,大太阳底下谈情说爱！我里面全汗湿了！ 哈哈 [哈哈]
1,中午朋友带我吃饭，我选了 一品小笼 。各种的累，各种的等，最后总算吃完了，他又带我去买下午茶，路过 木桶三国 时他看成了 水桶三国 ，还问我好吃不，我爆笑！哈哈 最后被他用要灭口的眼神制止住了，好吧，我不说给别人听。 嘻嘻 很开心，我的下午茶和礼物，今天心情超好。 蛋糕 咖啡 爱你 [嘻嘻] [蛋糕] [咖啡] [爱你]
1,菲律宾之旅 飞机终于来啦！宿务太平洋航空的 好可耐的 可爱 可爱 今天竟然有点晚点喔。 ，美食，美景，我来啦！也是睡着来的。各位，晚安咯！ 宿务太平洋航空 我在这里 首都机场 停机坪 [可爱] [可爱]
1,看看这命硬的排名吧！天生给力！ 给力冷笑话排行榜 哈哈 哈哈 我的命很硬 [哈哈] [哈哈]
1,评论加转发，实用的攻略，诱人的美景，看起来 鼓掌 [鼓掌]
1,在金源燕沙 可爱 可爱 可爱 [可爱] [可爱] [可爱]
1,参加招聘的同学请以微博上的行程安排为准 首都航空招贤纳士 首都航空本次招聘是单独举办的，请各位参加面试的同学以长微博的行程安排为准， 日乘务员初试， 日安全员初试，我们在大连博尔特大酒店期待与你相遇！ 抱抱 [抱抱]
1,像 子 这条微博很不错，属于美丽营销 在全海南的微博中很罕见。。。 后排 七哥 哈哈哈！还有这么一出！！！！ 丶差不多先生 爱你 爱你 [爱你] [爱你]
1,老板找到了红地毯的感觉！哈，生快！ 嘻嘻 [嘻嘻]
1,鼓掌 给力 围观 加油！ [鼓掌] [给力] [围观]
1,爱你 大爱苹果控酒店 首都机场朗豪酒店 [爱你]
1,粑粑爱滴新发明 给力 嘻嘻 我在 [给力] [嘻嘻]
1,唐师曾 老师的出现令现场气氛达到了高潮，我就是他左边的那个 纯爷们儿 哈哈 [哈哈]
1,哈哈 哈哈 哈哈 互联网的那点事 我也就几小时吧！ [哈哈] [哈哈] [哈哈]
1,回复 七零 无烟烤肉 哎呀，可千万别这样，千万别这样，我今天晚上要是高兴死了，以后就去不了了 七零 无烟烤肉 回复 死胖子小 没问题，放心！凭此微薄，我再送你大份黑胡椒炒花蛤如何，土豆沙拉随你你多少份 都送 嘻嘻 [嘻嘻]
1,家里的新成员 可爱 [可爱]
1,国安必胜 丁爷丁爷 刘海斌强强 鼓掌 鼓掌 鼓掌 鼓掌 鼓掌 [鼓掌] [鼓掌] [鼓掌] [鼓掌] [鼓掌]
1,那获取了电能的手机可以再变成临时的小型基站吗 数据化管理 在硬件上诺记还是很霸道的。建议考虑加一个放电功能，这样就是板砖和电棒二合一了。 哈哈 [哈哈]
1,能中不？ 嘻嘻 继续转起！记得关注我们并 一位好友才能参加抽奖。 [嘻嘻]
1,男农民杂谈 软脚的蟹 小心 ！ 哈哈 金陵酒徒仓氏 牛人我承认，抗战就一个战神，薛岳 呵呵 斯韦爵 [good] [哈哈] [呵呵] [good]
1,我的新纪录 鼓掌 耶 [鼓掌] [耶]
1,旗袍我的最爱，再自恋一把 爱你 [爱你]
1,开饭馆的好处之一是常有新鲜的饮料喝，今天送来花生露和老气水，本人亲自尝过，味道不错，你们要试试吗？现在除了 家禽味 的饮料不安全，其他的应该都还行！ 可爱 [可爱]
1,团结就是力量 威武 哈哈 斯韦爵 哈哈 徐付群 煮熟的螃蟹力量大。 杯酒论道 众志成城 哈哈 [威武] [哈哈] [哈哈] [哈哈]
1,哈哈哈；我怎么听到刚才阎学晶在唱 白天去上班，夜里来泡面 啊？ 哈哈 [哈哈]
1,回复 时尚的 个难题 不会再版了 大部分文章都被之后的出版社收录在后面几本书里 ，得求购看看有没有旧书： 太好了 一直想买的。。还有 时尚的 个难题 就可以集齐了。。。 可爱 [可爱]
1,哈哈 对不起看一次笑一次 哈哈 水月清影 偷笑 这个太合适了 一定要搞一个 [哈哈] [哈哈] [偷笑]
1,说想吃肉，就得吃肉，回杭就吃肉，吃肉就长肉。 哈哈 文三路，配新鲜烤虾，下韩国原装海特小啤，推荐！ [哈哈]
1,嗯，离我家不远啦！ 鼓掌 [鼓掌]
1,回复 张瑞 太阳神呀 嘻嘻 张瑞 太阳可以把被子晒成这样也是太不容易了。 [嘻嘻]
1,杀入三甲，还凑合啊 哈哈 苏秦拜相 董曦阳 鼓掌 [哈哈] [鼓掌]
1,回复 巢燕然 想比你大一天 巢燕然 可以了，你现在老有名的。有房、有车、有娃，你还想闹哪样啊？ 风吹酒店见海洋 我想我很快乐 双鱼座的芳 青团团小姐 风吹酒店见海洋 忒适合你了 嘻嘻 小正太特 洛沛稀 度 我要包浴巾的呀 害羞 [嘻嘻] [害羞]
1,初四下午，二点至四点，万圣开放两小时， 醒客张 嘻嘻 [嘻嘻]
1,邮票收藏最主要是要看喜好。。。。荣耀一大清早就全面艾特啊，哈哈。 哈哈 [哈哈]
1,要礼物！ 京 银狐 鼓掌 赞 [鼓掌] [赞]
1,威武 高手在民间 嘻嘻 [威武] [嘻嘻]
1,谢谢爽哥！永远忘不了那个下大雪的工作日，您神秘兮兮的带着我们一众人奔赴北海打雪仗的日子 太开心 心 爽爷 有些故事值得回忆，有些情感值得珍惜，祝福你们每个人节日快乐 康小莉 即使再聚少离多，即使再忙碌，我们的感情仍然是那么的纯粹，即使为人父母，即使经历再多，只要我们在一起 [太开心] [心]
1,当雾霾已经成为每日的必修课，不如让自己的小家多一些亮丽的色彩！以红色为主色调的小屋，在软装饰方面花了不少的心思。独特造型的架子和多彩的布料，立刻让家里焕然一新！ 抱抱 生活在颜色如此明快的房间，心情一定大好！ [抱抱]
1,小泉小 这里有三张我拍的？ 小米在米库 白晶晶爱吃肉 花心 小泉小 我不仅认出了我的，还认出了 小米在米库 ！人生手模第一次，献给了 千阳游走世界中 鼓掌 [花心] [鼓掌]
1,当苏梅遇上清迈 后海吹小风儿 希望今年能去，想一起的转起来 哈哈 [哈哈]
1,祝贺 丿头狼 成为红蕃茄湖北菜第 位神秘顾客成员，谢谢亲的 票，距离 票还有不少距离啊，亲们加油奥！ 威武 丿头狼 哥又投了一票，增加机会哦， 是我投的 嘻嘻 野猪的宝宝 镶黄旗 扣扣坏坏 蓝鼠小 灰太狼 小伙伴们，快来投票吃湖北菜 [威武] [嘻嘻]
1,多谢 小米 这金刚盘的漂亮 歌手含笑 回复 余焕清旅游规划 没有 干盘的 嘻嘻 余焕清旅游规划 新年好！ 心 品相真好，干净，漂亮， 上油的吧！ 嘻嘻 [嘻嘻] [?] [心] [嘻嘻]
1,看来 哥很理解和支持政府的工作噻 嘻嘻 [嘻嘻]
1,生病中也要认真转发，优秀的时尚摄影师不光要有专业技术，还要有创意！ 欢岛 勿忘初心，百无禁忌 心 感谢 和寇克同学的国际化采访，简直系近年工作大总结的节奏！感谢一起成长的小伙伴们以及 东田专业摄影 我工作时候表情太严肃了 笑喷 张 大编太像梁文道了 嘻嘻 [心] [嘻嘻]
1,谢谢推荐！ 爱你 文艺贩 忍不住开了间家庭旅馆 [爱你]
1,又到了吃货们懊恼 假期多少天，长胖多少斤 的时候鸟 抓狂 抓狂 ，谁叫你们错把他两贴在一起了呢 哈哈 ！难道是因为电影 在一起 正在热映，你只顾着让看起来很般配的他们在一起了吗？ [抓狂] [抓狂] [哈哈]
1,尝了味道，外皮香脆，内心松软香甜，有嚼劲。混着葡萄干和蔓越梅干的每一口都完全超越 面包新语 之类。以后终于可以吃上 工坊 的主厨面包了！ 哈哈 帅 [哈哈] [帅]
1,回复 摄影旅游杂志 这组作品 可以投到 月月赛你心中的城市里嘛？ 摄影旅游杂志 不错 继续好片 ！ 哈哈 播放 感谢编辑的鼓励支持 围观 摄影旅游杂志 我眼中的帝都之夜 [哈哈] [围观]
1,不用比赛就会晕倒一片吧 哈哈 ，真的很帅！ [哈哈]
1,力量虽小，也能发波 爱你 [爱你]
1,谆客在努力 咖啡师初级中级班 月 毕业合影 这个班米女太多了 爱你 特别温馨提示：男生不要凝视过 秒哇，否则会流鼻血滴 转圈 [2013447 咖啡师初级中级班] [爱你] [xkl转圈]
1,极品！ 被看穿了 哈哈 [哈哈]
1,欢迎您下次来住住我们电影主题或欧式奢华主题风格的客房，会有不一样的感受噢！ 嘻嘻 去年清明还住的航海主题房间，服务，泳池和送的小泥人都印象深刻 天津海河英迪格酒店 感谢大家的支持与厚爱 欢迎各位亲来体验天津德式风情街耳目一新的邻里文化 围观 围观 得意地笑 [嘻嘻] [good] [围观] [围观] [得意地笑]
1,天呀 我都不是的！ 嘻嘻 杨真铸 您属于哪一类？ 西安许姐 杨建国 消防集成程乔漉 杨西军 中频炉周代 土豆姐姐冯小燕 陕西杨太平 彭曙光 海风灯塔 转发微博 [嘻嘻]
1,射手座青蛙：虽然黑衣人看起来是 的，但不影响羊羊们的搞笑表现 嘻嘻 [嘻嘻]
1,吃惊 它和柯基是神马关系呢 闫冰洁 笑而不语 嘻嘻 麦兜麦迪的妈咪 胖莱西的妈妈是梁叔控 讨厌！ 工体北 胖莱西的妈妈是梁叔控 [吃惊] [嘻嘻]
1,早啊，上海早晨的空气真的不怎么样，以后还是晚点起吧 哈哈 [哈哈]
1,云百科 小亭温馨提示：经常熬夜的人一定注意通过食物调节身体哦 可爱 猕猴桃、猪脚可以呵护皮肤； 绿茶、枸杞能够养肝明目； 鸡蛋、燕麦帮助补充大脑营养； 香菇、干红葡萄酒消除腹部脂肪堆积； 山药、杜仲可以滋养肾气； 苹果、冬瓜消肿利尿；三文鱼、酸奶防止肌肉萎缩。 云百科 [可爱]
1,亲爱的妹妹，永远爱你噢 爱你 [爱你]
1,好么 连前挡风玻璃里的风景都画上啦 赞 爱你 小予 边边小猫 你爱的 汽车 宾虚 [赞] [爱你] [汽车] [good]
1,师太总调皮。 嘻嘻 无名 哈哈 雪凝花璨 要咋样？不过是插科打诨而已，怎担得起一个坑字？？ 抓狂 抓狂 泪 泪 泪 整合营销传播推动者 我的小心脏经不起啊 委屈 雪凝花璨 哎！罢了！算了，插科打诨都说是被坑，桑心啊。 泪 无名 哈哈，打起来啦？ 哈哈 [嘻嘻] [哈哈] [抓狂] [抓狂] [泪] [泪] [泪] [委屈] [泪] [哈哈]
1,哈哈 京 银狐 男朋友肉够厚的 偷笑 老疯子林风 菜刀妹要火！ 哈哈 董妃表要跟这妹子学！ 董芳 砍完之后是把他红烧了还是乱炖了 [哈哈] [偷笑] [哈哈]
1,又开始抽风了，睡不着啊睡不着！！其实很累，可就是睡不着！真想把自己打晕！！今天台风，准备睡上一天，貌似亲还给我准备了一堆礼物，灰常期待，准备收礼物喽！嘻嘻 偷笑 鼓掌 太开心 [偷笑] [鼓掌] [太开心]
1,法律出版社因违法被封？！这个太幽默讽刺了。 叶匡政 这是现代文明的笑话！ 哈哈 黎学文的微博 简直是流氓！ 土家野夫 可见没有法律 呵呵 何兵 情何以堪？ 法律图书馆 转发微博 [哈哈]
1,温泉控 爱你 谢谢支持。。周末愉快。 [爱你]
1,好有爱 爱你 郭蓉 平安喜 周睿 ！ 新年快乐的泰语 王 永康 喜乐圆满 夹子 朱哲琴 王小萼 子戎杨海 赵草西 王 永康 莫力 海文 常静 叶滢 锦绣四条 蒙柯卓兰 中国传统文化的搬运工 周睿 [爱你]
1,运营值班的同事是不是现在就开始抄去年的啦 哈哈 史永锋 冷笑话精选 哎呀，知道得太多了！ 害羞 [哈哈] [害羞]
1,给力 今天你 摇 了吗？ 嘻嘻 [给力] [嘻嘻]
1,美食美刻，感恩有你 话筒 话筒 明天是 年第四个星期四，明天是感恩节，明天距玛雅人预言的世界末日 年 月 日还有一个月，明天 梧桐 让我们用最传统的方式对许久不联系但一直心怀感激的他 她说谢谢；现在 他 她们来表达，让微博来帮大家传话！ 太开心 心 太开心 [话筒] [话筒] [太开心] [心] [太开心]
1,快乐鸭粉 游江城 周黑鸭官方微博 新浪湖北 新浪湖北旅游 偶们已经到了 太开心 太开心 我在这里 [太开心] [太开心]
1,可爱的广告 可爱 [可爱]
1,大话仙游 男一号，帅么？ 哈哈 李梦，内地青年演员，外型酷似香港著名影帝梁朝伟。在 杜拉拉升职记 中饰演刘医生；在电影 我愿意 中饰演钱伟；由网络人气小说改编的电影 李可乐寻人记 中饰演庄明文，幽默风趣的表演风格令其人气高涨。 [哈哈]
1,鼓掌 西游乐队 私人了 [鼓掌]
1,回复 王 江 嘻嘻 王江弟眼力好！ 王 江 好好吃，白衣美女最棒！ 偷笑 [嘻嘻] [偷笑]
1,回复 雪白小土豆 您需要预订的话 把详细的信息留个私信吧 会有客服和您沟通的 不同的预订时间 不同房型 价格也是不同的哦！ 嘻嘻 雪白小土豆 回复 苏州环秀晓筑官方微博 您好，有房间的价目表么？ 苏州环秀晓筑官方微博 这间房走出去就是大大的草坪，让您与大自然零距离接触。神饼还可口不？ [嘻嘻]
1,杜鹏硕 口口雯儿 哈哈，这集经典 大 乐 "女大九，手拉手，革命路上一块走 嘻嘻 当年赵明明老讨喜了 艰难转载 [嘻嘻]
1,恩，要安排下工作了。 做微博，逛微博就是工作；搞旅游，出去玩就是工作。 哈哈 [哈哈]
1,尼玛！黄渤就是一活宝！ 哈哈 哈哈 哈哈 环球时尚精选 青年的不醉人生 黄渤自导自演最新电影！！！青岛小哥就是能喝不服不行！ [哈哈] [哈哈] [哈哈]
1,事实证明国外的谣言最终也是真的。祝贺！ 陈名 九里大集 假新闻可耻 陈名 九里大集 关注 柏松 ？ 王 旭东 真哒 吃惊 围观 鼓掌 [吃惊] [围观] [鼓掌]
1,五年了 不容易呀！ 牛斌 鼓掌 奢华中国 孙丽洁 天珂 糖果马的世界 宋微建 马箐 红坊沙龙 海晨 海上青花 秦岳明 汽车设计张帆 杨青 杨洋 思虹 苏菲独立书店 设计师菲菲在酒厂 周睿 绿色蝴蝶 [鼓掌]
1,如果是 之类的就得两个耳机绑一起了。。。。 哈哈 [哈哈]
1,镁铝！ 鼓掌 [鼓掌]
1,哈哈 谢转发！ 烤烤体 身无彩凤双飞翼，烧烤吃到一点钟。 电商日记本 艳阳国旅 卢晓武 烧烤体 明月松间照，羊肉炉上烤！ 精品度假杂志 艳阳国旅 卢晓武 开心的小马 [哈哈]
1,没有认出是谁，但两个大男人的眼神很，那个什么的 海的故事 秋岛渔人 认得出弹吉他的人是谁吗 嘻嘻 天涯赵瑜 小镇生活。 海的故事 秋岛渔人 早安，博鳌。 海南梁山 夏子帆 酒店职业人 康定康巴 丽江贱公子 李会革 天涯赵瑜 天涯棋子 裸奔的大象 天涯社区 [嘻嘻]
1,带着小 去旅行 在冰岛雷克雅未克的住处前，等车去机场，飞往格陵兰岛 小 ，兴奋吗 嘻嘻 [嘻嘻]
1,云百科 葡萄酒怎么配菜？ 法国人认为，葡萄酒最大的价值是用来佐餐，通常是红酒配红肉，白酒配白肉，一道菜配一款葡萄酒。对于中餐来说，吃海鲜应该配白葡萄酒，而红酒则没有定论。但最重要的还是个人的口味，一切以自己满意为准 可爱 葡萄酒的诱惑 [可爱]
1,那我谦虚下下撒，额绝对没有今天滴 哥有才呀 的八卦兔子 自恋的好公开，好超过撒 樱 我想想啊，把那个 往右转一下就有鸟。唉呀，太有才鸟。 的八卦兔子：为何木有六哥的手势？？ 樱 今天我们用了第二个 鼓掌 哈哈 的八卦兔子 [鼓掌] [哈哈]
1,老爸 永远爱你 亲亲 [亲亲]
1,小 谢帆 ，快安排计划，我和 法依天使 等着消息呢！ 哈哈 [哈哈]
1,秋之落叶 冬之雪 漂亮的姑娘 图书策划人红嵋 介闺女真俊呐！ 老败 天赋啊！ 慕古 钟 妹纸好棒，哦耶 浓甜亲 嘻嘻 太棒了，起来看得太值了。叶诗文好样的！！！！！！ [嘻嘻]
1,回复 圈里圈外 瑟琳娜 就是啊，那他 她 得多可悲 圈里圈外 瑟琳娜 捡到刷爆 嘻嘻 嘻嘻 [嘻嘻] [嘻嘻]
1,下午茶 过年七天那些事儿。。。老实交代，你肥了几斤？ 嘻嘻 嘻嘻 [嘻嘻] [嘻嘻]
1,电影快乐到家 支持支持！不错噢！ 鼓掌 鼓掌 鼓掌 快乐大本营 快乐家族官博 何炅 谢娜 李维嘉 杜海涛 吴昕 杜汶泽 韩庚 [鼓掌] [鼓掌] [鼓掌]
1,中国式的冤案 微笑的巴巴妈妈 果断转，最爱五仁 当时我就震惊了 五仁终于平反了 鼓掌 [鼓掌]
1,春天在哪里 嘻嘻 [嘻嘻]
1,感谢 边疆边吃边说 老师今天莅临 北京贝尔特酒店 给予我们很多宝贵意见 作为吻雯今后工作的重要指导 可爱 [可爱]
1,哈哈 哈哈 哈哈 梦想一步一步实现，乐趣会越来越少，如果到超市可以不看价格，旅游前不用做省钱功略，生活中少了精打细算该多无趣啊 [哈哈] [哈哈] [哈哈]
1,受邀 美丫妈妈 起司蛋糕 体验北京 层新店，起源于日本，风靡于台湾的起司面包松软绵润，入口即化。推荐：起司蛋糕、小新的最爱，可以挖着吃的蛋糕！难怪每次都要排队等待，值得品鉴！ 鼓掌 我在这里 [鼓掌]
1,有了您这些可爱的客人，才会有我们那些可爱的店长和管家 熊猫 兔子 带着微博去旅行 哈哈 祝你新年快乐，万事如意 [熊猫] [兔子] [带着微博去旅行] [哈哈]
1,看见没，全班聚餐！！！ 哈哈 哈哈 [哈哈] [哈哈]
1,怪母钗，咋回事 发木钗 啊？这。 硕裴 哈哈哈，这广告怎么也要 位数啊 张斗 什么情况？ 楠楠思密达哟 我去！！！！这就上卫视了？！！！宣传位比较大，这存在感啊 哈哈 哈哈 沙呀么沙沙沙 啊咧？！娃去要个红包当出场费吧 嘻嘻 车拉过车车车 接力一棒，啧啧 夜路稍冷 小怪妈 [哈哈] [哈哈] [嘻嘻]
1,有收获！ 嘻嘻 [嘻嘻]
1,思考 阴险 哈哈 冷笑话精选 个以上？！说得跟真的一样。。。 [思考] [阴险] [哈哈]
1,爱你 鞋子出彩 [爱你]
1,回复 贵州媳妇 和爱美食懂美食的人分享体验感觉真好！ 可爱 贵州媳妇 回复 喜欢哟，还特别爱吃那里滴羊肉串、功夫鱼！ 挤眼 [可爱] [挤眼]
1,一定要看啊 海毅 支持！ 果粒橙 奥迪英杰汇 黄珏 艳子 莫慧兰 请大家多多指教 嘻嘻 车手阿 转起 看起 [嘻嘻]
1,这些啊 嘻嘻 转发微博 [嘻嘻]
1,想起 吃喝玩乐大搜索 的片花， 熊丽电台 对着 盛博 喊：快跑，后面的巧克力要爆浆啦！ 哈哈 哈哈 哈哈 感谢 付洋 ，大家晚安 呵呵 [哈哈] [哈哈] [哈哈] [呵呵]
1,嘻嘻 好玩。 这个真的超叼的 咸鱼要翻身 这个 哦 酷 哦 志祥 [嘻嘻] [酷]
1,我想到了条单鱼。。。据主人说用激光洗的时候还被击碎了一只鱼眼睛。 转圈 王也加 谁不会自己来 哈哈 [xkl转圈] [哈哈]
1,严肃点，哥害羞着呢 哼 孙闻婧 嘻嘻 嘻嘻 [哼] [嘻嘻] [嘻嘻]
1,郝焕 处女座耶！ 哈哈 威武 [哈哈] [威武]
1,午餐做好了，雪菜冬笋，虾皮西葫芦，芽菜肉碎四季豆 以上是我做的 ，白菜豆腐汤，笋干红烧肉 这是俺娘做的 ，请 三摩地帮主 点评 嘻嘻 [嘻嘻]
1,今天六十多人大聚会好不热闹！俺还是含蓄，回家让螃蟹红了咱也夜个宵！四个，刚刚好，吃饱睡觉。 哈哈 哈哈 哈哈 馋嘴 我在 [哈哈] [哈哈] [哈哈] [馋嘴]
1,感谢马书记给我们上了生动的一课 鼓掌 开学啦，希望小同学们、大同学们 还有交大的学弟学妹们加油努力。机会留给有准备的人，让我们时刻准备着迎接挑战。 [鼓掌]
1,好可爱 爱你 [爱你]
1,满意 惊喜！ 金陵周华 老夏逛菜场 黄大师越来越会吃了 哈哈 [哈哈]
1,买疙瘩 哈哈 太欢乐 [哈哈]
1,雪球 嘻嘻 [嘻嘻]
1,据记载，武当山在明朝成为全国的道教中心，全国各地道士游方挂丹者络绎不绝，因此设立十方堂，专门安排接待来往道士。 太开心 酷 武当山欢迎八方游客！ [太开心] [酷]
1,怀念各位兄弟姐妹！ 在此郑重发表声明，鄙人木有碾 苏摩族长 ，近视眼的她自己载沟里了 嘻嘻 江小雯爱学习 厦门大学登山协会 什么时候恢复这条路线吧！其实这个寒假就可以呀 骑车三四天就到了 有没有人愿意考完试就出发？ 苏摩族长 为神马为没有我 泪 [嘻嘻] [泪]
1,错了，是在右上图 基础上，右下是成图了。 嘻嘻 [嘻嘻]
1,嘻嘻 钛媒体 崩溃 这两家都在安装浏览器的选项上默认是勾选的。一方面，用户不欺负白不欺负，另外一方面，它们已经形成了囚徒困境：我不这么干，对手这么干我就完蛋。至于互相指控对方侵害用户的利益，老实讲一句，从 默认同意安装 这一环开始，就在侵害用户利益了。 [嘻嘻] [崩溃]
1,领证两周年，在一起四年喽，时间过得好快，在婚姻里学习到很多，纵然很多人不相信婚姻，可是我依然相信有上帝的保守和两个人的努力坚持，婚姻一定可以幸福下去！感谢老公的包容和照顾，让我很幸福快乐。 哈哈 [哈哈]
1,控，来香港一定不要错过喔 嘻嘻 [嘻嘻]
1,沃阁朋友 鼓掌 亲答对了呢！ [鼓掌]
1,不是哦，山寨版乐高哦 偷笑 幸福蕴于平淡 是乐高吗？ 静静 同不谢，同喜欢呢 偷笑 阿滋猫的格格巫妈妈 不谢不谢，喜欢就好，我们还要感谢你们的金字塔来 嘻嘻 [偷笑] [偷笑] [嘻嘻]
1,可以卖旧书 嘻嘻 全球热门排行榜：给力啊 [嘻嘻]
1,呀 谁家的姑娘这么幼齿 哈哈 哈哈 感 笑哈哈 哈哈 哈哈 [哈哈] [哈哈] [?感] [笑哈哈] [哈哈] [哈哈]
1,准备吃饭去鱼头 哈哈 哈哈 哈哈 [哈哈] [哈哈] [哈哈]
1,鼓掌 感谢中奖粉丝的现场报导！芝士火锅看着都好美味，还有里瓦的招牌盆栽甜点，这一定是一顿非常美妙的晚餐！另外， 月是里瓦芝士火锅推出的最后一个月了哦，还没来尝的朋友们抓紧啦！！ 推撞 推撞 [鼓掌] [din推撞] [din推撞]
1,让鼓浪屿有意思的小餐馆多起来！让我们在岛上有喜欢的饭堂，不会将就在只有沙茶面、海鲜酒楼为主的游客餐厅中流失我们这些吃货的餐桌时光。 嘻嘻 [嘻嘻]
1,此图完全符合果冻和 败家 小妞子 呀！ 嘻嘻 咱俩天天想着要减肥，但还爱琢磨去哪家吃，特别是果冻一到饭点就饿，拉着 败家 小妞子 吃东西！ 馋嘴 成功把 败家 小妞子 养胖了！ 太开心 话说，咱俩好久没自拍了啊！ ：等果冻眼睛养好后， 摆好，逛街走起！ [嘻嘻] [馋嘴] [太开心]
1,最后一条？你 我还是水手 朱哥哥 你符合哪几条？ 哈哈 [哈哈]
1,欢迎珍妮乘坐海航的飞机，也欢迎其他的导盲犬乘坐海航飞机。 可爱 [可爱]
1,回复 小王子 智慧啊 小王子 还真不知道是啥意思 哈哈 哈哈 哈哈 [哈哈] [哈哈] [哈哈]
1,我得到了它！哈哈哈哈 惹妮儿乱写 我也不能帮助它 哈哈 白衬衫牛仔裤 我不能帮助地笑躺倒 罗永浩可爱多 回复 萝小莉 哈哈哈哈哈哈哈，我不能做任何事但是笑。 王小超萌正太 你得到了那个点，我不能同意你更多。 [哈哈]
1,根本停不下来 嘻嘻 [嘻嘻]
1,韩健刚：严重同意，希望冯导有机会赖我们 会员球场打球玩：成都、三亚、海口、丽江、、、、 高球季开始啦！一直打到 春节！ 哈哈 哈哈 [哈哈] [哈哈]
1,果然已入深秋，虽在三亚却也感到了一丝的秋意 在这个时候，来鲜面馆品尝一碗热干面岂不快哉！？ 祝大家周末愉快 可爱 [可爱]
1,第一次躺床上快睡着还爬起来发微博、嘉蔚给我讲了一件狠小的关于特哥的事情、我真的感动的泪都要下来了、总之一句话、遇见对的人、真的不知道有多好、真的特别好、我们愿意与对的你、生死不离、、贫贱不移、富贵不淫。这样浮夸的社会、还能拥有这样的爱情、我为我们感到骄傲！ 爱你 晚安、龙哥、特哥、 [爱你]
1,保安闻到地沟油味道了 吴斌 桑几包 太开心 青青 桑几包 哈哈 嘻嘻 哈哈 桑几包 馋嘴 [太开心] [哈哈] [嘻嘻] [哈哈] [馋嘴]
1,我最喜欢的卡通动物就是 ！超呆，坏坏的可爱，有没有有没有？ 哈哈 [哈哈]
1,听了一个月的闽南鼾竹腔锅都快疯了，难得遇到北京妞啊，当然要陶瓷啦！ 哈哈 [哈哈]
1,我身材不好，性向也不符合，不过我可以推荐一个人给你，请看 云之巅影视 官微，他们会为你提供场地、导演、编剧、摄影。 弓九野 原谅我这一生不羁放纵爱基友，也会怕有一天捡肥皂。 泪 泪 泪 师素珍 ，我找到人了，就是 傅满洲师傅 。 嘻嘻 嘻嘻 嘻嘻 [泪] [泪] [泪] [嘻嘻] [嘻嘻] [嘻嘻]
1,我系 爱你 看出来呢 时尚经典语录 无 [爱你]
1,看了半集浮沉，张嘉译皱着眉认真说话的样还真是让人心动啊！ 爱你 花心 我就是老白 [爱你] [花心]
1,能吸引我走进这家咖啡馆的元素：在街旁，随时能推门进来；装饰摆设可以以旅行为主题但也别太强烈；不定期地有些沙龙、经历分享；背景音乐是很棒的世界音乐；有图书杂志看，可以涂鸦；最重要的是，咖啡要香。 嘻嘻 [嘻嘻]
1,嘻嘻 安徽广告圈 哈哈 吃惊 涓涓非细流 强！ [嘻嘻] [哈哈] [吃惊]
1,恭喜我们的幸运粉丝 月欣悦薪 获得纪念版环球影城钥匙扣，快把你的姓名、电话和地址私信我们吧！ 太开心 月欣悦薪 旧金山 清清的和小煦 的毛豆 杰西卡 [太开心]
1,浮云 龙江驴友 还记得你说家是唯一的城堡，随着稻香河流继续奔跑，微微笑，小时候的梦我知道 哼着小曲，品味着田园生活 惬意而享受的生活 可爱 [浮云] [可爱]
1,今儿早依然吃的包子。因为没袋口味不一样，总想都拆了吃，我估计我马上就要成包子了。 凌乱 貌似会很悲剧。。。 月隐鸣沙 速冻的毕竟不如现做的。告诉您的朋友，哪怕就冲着美食，也值得来扬州一趟哦 嘻嘻 [bed凌乱] [嘻嘻]
1,如果今天她要分手，别怕，你还有挽回的机会！ 哈哈 [哈哈]
1,中秋之夜啤酒节 热闹！ 哈哈 我在 [哈哈]
1,造型不错 哈哈 哈哈 [哈哈] [哈哈]
1,大奔盛会，高富帅有木有云集呢？ 鼓掌 花心 嘻嘻 沃阁超超 [鼓掌] [花心] [嘻嘻]
1,铁师父今晚很孤独 评论员李铁 右边 浮云 谷正中 申遗不更好？ 哈哈 [浮云] [哈哈]
1,一窝兔子的头顶还有一颗嘎嘣脆的巧克力的树 树上还开着几朵艳丽的花儿，枝头也悠闲的停落着几只可爱的鸟 多么俏皮的一幅画面哦 吃起来果真是心情倍儿棒 嘻嘻 中国日报网手机动漫 糯米的么 外面是椰蓉么 里面的馅儿不会正好还是红豆沙吧 苍天 好喜欢 [嘻嘻] [好喜欢]
1,上午好！ 宋小渝 回复 天诚野狼 晚上好！ 天诚野狼 回复 宋小渝 晚上好。 宋小渝 赞 鼓掌 辽海风 亮丽天空广阔天蓝，浩瀚大海蓝色装扮，蓝装配搭姑娘肩上，一样大气来自天然。 [赞] [鼓掌]
1,嘿嘿，好吃，心形的 哈哈 [哈哈]
1,看到这张图马上想到你 小萌萌 爱你 爱你 [爱你] [爱你]
1,回复 有没有更劲暴点的想法呢 哈哈 回复 维洛纳主题酒店 卡通人物的情侣款怎么样？ 情侣浴巾，洗完澡一起炫出来！ [哈哈]
1,回复 想念青松 嘻嘻 想念青松 回复 朱德 谢射 鼓掌 [鼓掌]
1,我也加入转发的节奏！ 嘻嘻 嘻嘻 能中奖不！ 哈哈 哈哈 求签名版哈！ [嘻嘻] [嘻嘻] [哈哈] [哈哈]
1,蛇口是个很有意思的地方，在该区域，他们有自己的电视台 创办于 年 ，拍摄和制作的节目只在该区域落地播出，不过，好奇的朋友可以狠戳他们的网站： ，就从深双的厂馆改造开始看起吧 鼓掌 深港双城双年展 还有 天开展啦 董 深港双城双年展 董 深港双城双年展 [鼓掌]
1,我们在问答环节设计及筛选上没白下功夫 赞 莱莱 王凡睿 试试其他题目更好玩哦 哈哈 [赞] [哈哈]
1,音乐第一咖 能吃上让自己心满意足的早餐，心里面是多么的美啊。终于买到了，多日未见的蛋糕。哇哈哈 下了节目，准备好好享用。音乐第一咖 正在直播。 哈哈 [哈哈]
1,哈哈 给力 王岩 地产 筑成世方 青岛龙江 老鱼一红到底，不可限量！ 偷笑 偷笑 [哈哈] [给力] [偷笑] [偷笑]
1,搞么搞么搞。。起航！ 嘻嘻 还差个我喜欢的乔巴，就齐活了 酷 [嘻嘻] [酷]
1,回复 凌引迪 怕给领导添堵，远离城市 嘻嘻 凌引迪 长沙的朋友如果不想雨中浪漫，去国际会展中心看中国中部博览会也是不错的选择，有很好看好玩好吃的东西。 [嘻嘻]
1,我都闻到你的嗝味儿了！ 哈哈 哈哈 [哈哈] [哈哈]
1,是香港少 的清新泰菜 爱你 吃得健康，值得支持 给力 [爱你] [给力]
1,我也想去跑跑 这是哪儿？ 叶脉 太美了！ 鼓掌 我也想在这里晨跑！ 微风 心 微风 [鼓掌] [微风] [心] [微风]
1,力求给每个朋友都得到实惠哦！ 周小笔是黄金小宝贝 悦悦 刘亚男 这个怎么能错过！试试运气咯 太开心 [太开心]
1,回复 查道存 查总，年后我会来上海出差，到时候咱们聚聚啊，来向您取经。 可爱 查道存 回复 甜甜 严重感谢啦！ [可爱]
1,昆航微 希望我们准备的惊喜您能够喜欢，期待下次航班再见哦！昆航微 ，有您更精彩！ 爱你 [爱你]
1,给力 西湖景区取消周末单双号 鼓掌 [给力] [鼓掌]
1,多谢捧场！内容基本属实，略有一些不对的地方，如 大叔选出来是终生制的，只有哥伦比亚咖啡小姐选美是每年举行的；微批次咖啡也不是指 咖啡之外的，而 恰恰是微批次概念的引入者，至于其他 风格的调侃，我这个做叔叔的就当是恭维我吧 嘻嘻 威武 [嘻嘻] [威武]
1,能病毒式传播的内容设计 思考 这幅图表达的还挺完整的 哈哈 [思考] [哈哈]
1,正大综艺宝宝来啦 饭点儿看到卯卯你大快朵颐的吃着肉串让小编情何以堪啊！ 泪 转了这么多圈，赶紧奖励你点美食好吧！ 抱抱 还有，小编很想说，人家孩子的眼睛肿么介么大呀！ 可怜 [泪] [抱抱] [可怜]
1,我来晚了！ 哈哈 谭育君 诗韵梦寻 热点渠道 黄记煌 黄耕 我来啦 鼓掌 鼓掌 金梅央 雅座白昱 创业天使 燕金成 黄记煌 黄耕 边疆边吃边说 热点红姨 微美食 胡滨微博 金梅央 给力 鼓掌 欢迎来两岸喝正宗牙买加蓝山咖啡 围观 [哈哈] [鼓掌] [鼓掌] [给力] [鼓掌] [围观]
1,再次推荐 爱你 华茜 啥也不说了，购买转播，吐血推荐 ！ 我才是键盘哥 [爱你]
1,太有创意了！绝！ 太开心 章翔鸥 哈哈哈哈，商家搞促销，没有最无耻，只有更无耻！ [太开心]
1,哈哈 哈哈 哈哈 哈哈 哈哈 哈哈 哈哈 段子之父 哈哈 我的前任是神右 一室，求合租，价格面议！ 偷笑 [哈哈] [哈哈] [哈哈] [哈哈] [哈哈] [哈哈] [哈哈] [哈哈] [偷笑]
1,你若安不好，老子抡死你 哈哈 小白 来看看这个吧 酷 [哈哈] [酷]
1,给力 大发！ 大发！ 赞！ 爱你 心 [给力] [爱你] [心]
1,祁总，这活动你们可以作一次，挺有意思的，在天上聚餐那就更好了 嘻嘻 姚宗君 总裁财经俱乐部 筑成世方 王岩 地产 侯泽永 免聊斋主 孔亮北京 章鱼哥 挤眼 王江 这条线路我好像从哪听过 今年这样的活动我们已定了两场 向水幸福 易善 张欣 奥伦达部落 仙山世界 [嘻嘻] [挤眼]
1,回复 空间 哈哈 ！是怜香惜玉！非常之同情。 空间 回复 李学君军 哇，男银也有有同感！ 空间 世上有两种女人不愿做饭：一种是 腹有诗书气自华 的知识女性，一种是天生丽质、等接玫瑰的漂亮女人。哈哈，貌似，我属于第一种咯？！ [哈哈]
1,羽毛球队是产帅哥的地方 哈哈 蔡 这一刻感到自豪骄傲 鼓掌 [哈哈] [鼓掌]
1,鼓掌 精品达人俱乐部 有奖转发 加 真爱无添加 转发本微博，写下你心中 爱情定理并 位好友，就有机会赢取 锁水保湿面膜一盒。 份大礼等待送出，结果将于 月 日公布 [鼓掌]
1,我勒个去 李铁军 哎呀，卖身就能去了。 哈哈 猪悟空 ，还差 万 寒不爽 压力 白大内个菜 还差 挖鼻屎 炜 还差 万 泪 蛋挞丸子 还差 就能去了 陶陶的桃花源 晕 德国败吧微博 围观 [哈哈] [xb压力] [挖鼻屎] [泪] [围观]
1,拥抱太阳的向日葵 亲爱的，生日快乐！ 爱你 蛋糕 [爱你] [蛋糕]
1,我们最爱小漫画 这笑话果然经典。哈哈哈哈 哈哈 哈哈 [哈哈] [哈哈]
1,中国收藏的微博 摄影天空 再穷也要去旅行 给力 哈哈 ！ [给力] [哈哈]
1,谢领导支持 鼓掌 鼓掌 鱼鱼金伟 徐纪周的微博 演员孙仲秋 [鼓掌] [鼓掌]
1,大王毅 成功求合影喽 鼓掌 郑洁很低调的都木有坐头等 飞机 [鼓掌] [飞机]
1,这是两会期间最有爱的微博了 我不会告诉你们我早就发现这个特别的 日 子了 本尊 哈哈 疲倦 皮 好好学习 大头 我本来是想低调关注两会期间北京时装周的，这么坑爹的东西，纯属系统自动转发！ [哈哈]
1,可爱 迷离花劫 嘻嘻 嘻嘻 嘻嘻 的多来 梦 哈哈 哈哈 哈哈 的秘密 哈哈 哈哈 哈哈 哈哈 [bm可爱] [嘻嘻] [嘻嘻] [嘻嘻] [哈哈] [哈哈] [哈哈] [哈哈] [哈哈] [哈哈] [哈哈]
1,广西电信官微 帅 ，几波策划都很到位。 淘宝大熊猫 文案很到位，人才。 刘金光 真心不错，还自我解剖加自嘲呢 淘宝岚姐姐 不错的文案，有意思，直接触及 丝的心灵最深处，马上就能引起共鸣。 嘻嘻 [帅] [嘻嘻]
1,白叔叔您是我们年轻厨师的楷模 威武 给力 京城豆腐白 快二岁了 晨 晨 白舅舅，我妈说您的外孙子真可耐，她问小外孙多大了？ 京城豆腐白 回复 中华小当家 传承随园菜咱是责任 哈哈 中华小当家 真不错，拍的很有意境，白爷任重道远 京城豆腐白 转发微博 [威武] [给力] [哈哈]
1,这次上海之行好 太开心 认识了说起美食来就口若悬河的 公关王 在久光百货意外发现了好可爱滴 帕丽扎提 刚才安检哥哥被 丹增白姆 你的羽毛笔强烈吸引 晕 晕 小米蓉 下次见面一定要定时刚我走的太匆匆背影一定好 [太开心] [晕] [晕] [?] [?] [?]
1,到了。好舒服的空气，温度也凉爽，谁说夏天不适合来海南的？ 太开心 太开心 第一次因为飞机排队候飞感到开心，因为可以整理手机里的录音。 害羞 我在这里 [太开心] [太开心] [害羞]
1,回复 不知道啊啊啊啊啊啊啊 必须要啊，地址发我手机，回家打包行李 哈哈 噢耶 心 好爱哦 不知道啊啊啊啊啊啊啊 悲了个催的 我正感冒呢 要不要和我去住丽丝卡尔顿啊 笑哈哈 笑点低小姐 欧了个克啊，带你去喝酒 [哈哈] [噢耶] [心] [好爱哦] [笑哈哈]
1,标准的大吃大喝 馋嘴 菜品不错，我们都饿了。还有萝卜汤。 中国摄影师联盟 等待跨年 哈哈 [馋嘴] [哈哈]
1,这是我很喜欢的一种蔬菜，在广州叫紫背菜。在烟台，叫什么哩？ 我也不知道，听不懂服务生的烟台话 委屈 。这里都是冷拌生吃的 大爱呀 我说过我是吃素的 去哪儿酒店试睡员 嘻嘻 [委屈] [嘻嘻]
1,酷 申 鼓掌 爱 二十翼 北师珠，抱一个！ 哈哈哈哈哈哈 方思逸 我是北师珠，我为自己代言 晓宜开始心的流浪 威武 爱笑的 徐 给力 威武 赞 努力加油 的 鼓掌 [酷] [鼓掌] [威武] [给力] [威武] [good] [赞] [good] [鼓掌]
1,足疗厉害吗？给脚丫做脚膜 嘻嘻 偷笑 [嘻嘻] [偷笑]
1,回复 李昕芸 竹子做的熊 妹妹，看 ？我是 友 的。 酷 李昕芸 哈哥是 号首映式的亲友团哈！ 哈戳戳 好，包 包 ！ 不 呀，我 得包 是妹妹的 利。 思考 哈哈 哈哈 鼓掌 竹子做的熊 元哥新作啊 花心 哈戳戳 组织包场呗 张元导演 无 [酷] [思考] [哈哈] [哈哈] [鼓掌] [花心]
1,欢迎常聚 哈哈 哈哈 镜中的男人王冠雄 大家开心就好 哈哈 哈哈 [哈哈] [哈哈] [哈哈] [哈哈]
1,同乐 寒一平平 祝姐姐马年快乐！幸福安康！平平安安！ 发红包 发红包 爱你 爱你 鲜花 鲜花 心 心 乒乓阎桂丽 回复 寒一平平 一言为定 嘻嘻 乒乓阎桂丽 居然没吃着 馋嘴 寒一平平 回复 云水两间居 共同快乐 花 花 云 [发红包] [发红包] [爱你] [爱你] [鲜花] [鲜花] [心] [心] [嘻嘻] [馋嘴] [?花] [?花]
1,！ ！！ 老 大 鼓掌 酷 哈哈 [鼓掌] [good] [酷] [哈哈]
1,怎么会！ 哈哈 陈伟丰 木额分 咖啡 齐鸣 应景的完美作品！ 铂澜咖啡学院 [哈哈] [咖啡]
1,简单的音符，简单的旋律，用心去聆听！ 我们需要电影 触动心底的声音 爱你 [爱你]
1,参加 味多美 与法国总统奶油合作发布会很多甜品呦 嘻嘻 嘻嘻 嘻嘻 [嘻嘻] [嘻嘻] [嘻嘻]
1,我爱满堂彩 开心一刻 不要打扰我，我是画家 哈哈 [哈哈]
1,云百科 小亭生活小窍门时间到 支几招！ 太开心 鞋子磨脚，涂一点点白酒后就不磨了 牙齿黄 可以把花生嚼碎然后含在嘴里 用它来刷牙 分钟 很有效 眼睛进了小灰尘，闭上眼用力咳嗽几次，灰尘就会出来了 打嗝的时候喝点醋 吃了有异味的东西，大蒜臭豆腐，吃几颗花生米就好了。 云百科 [太开心]
1,寓教于乐的教学，让大家轻松学习，快速掌握！ 鼓掌 [鼓掌]
1,最近我眼前老是冒出个词，到处都是 ， ， ，可见证明一点 很重要 嘻嘻 [嘻嘻]
1,这一行字对 斤的他等于白写 哈哈 哈哈 哈哈 哈哈 哈哈 哈哈 太他马的能吃了！ [哈哈] [哈哈] [哈哈] [哈哈] [哈哈] [哈哈]
1,镇江，十佳最具潜力旅游目的地，第四名。恭喜下！ 哈哈 干杯 [哈哈] [干杯]
1,从台湾童鞋那搜刮到的千元大钞 偷笑 哈哈 [偷笑] [哈哈]
1,哈哈 的朋友们不容意啊 [哈哈]
1,虽然刚吃饱，还是瞬间流口水！手和手机是我的 哈哈 哈哈 哈哈 哈哈 哈哈 已经正式开业了吧？值得为此专程去趟成都 [哈哈] [哈哈] [哈哈] [哈哈] [哈哈]
1,宽容不等于忍受，抓住机会反击吧，让王八滚蛋吧，你才会得意的笑 嘻嘻 嘻嘻 [嘻嘻] [嘻嘻]
1,尽管高温炙热，但依旧觉得家乡的天空都蓝一些 快到咯 嘻嘻 我在 [嘻嘻]
1,回复 田小雪 没错。每天看非诚勿扰。现在看 的一集。马上跟得上。 哈哈 田小雪 阿松最近看非诚勿扰很多啊！ [哈哈]
1,我们家这条线路唯一的一班公交车，终于换大车了。以后上下班没有这麽挤了。 鼓掌 [鼓掌]
1,占豪 没落帝国给世界军迷的新年笑话！中国造船厂赶快到英国推销 护卫舰吧，估计卖得动，又便宜又好用啊！ 哈哈 [哈哈]
1,好久没做这个，差点糊了，还好美味依旧！ 哈哈 花心 [哈哈] [花心]
1,言之有理， 哈哈 昙花一茜 那就不去呗 偷笑 王加林 这么一说你说我是去呢？是去呢？还是去呢？ [哈哈] [偷笑]
1,感谢帅哥 郭涛 数次帮我们把 妈妈咪呀 的 呀 喊回来 偷笑 偷笑 辛苦啦 哈哈 ！ 妈妈咪呀 [偷笑] [偷笑] [哈哈]
1,二枚帅哥，二枚美女，鉴定完毕 嘻嘻 昕薇不只属于九零后零零后！ [嘻嘻]
1,皇马已经夺冠了，其他不关心啦 哈哈 黄梦洵 鼓掌 为了十九冠 [鼓掌]
1,嘻嘻 必须滴 婺雨查查 快乐的工作 给力 球球 发胖 谢谢！ 我们的团队还很年轻 我们的团队还要不断的磨合 要有更大的进步 [嘻嘻] [给力]
1,刚听完许巍 此时此刻 新碟试听会。我说新专辑很棒！编曲异常出色！他浑然天成的共鸣腔和刚好的沧桑，宛若浮世里的世外桃源，空谷里的蓝莲花！听许巍能让心沉淀！空谷幽兰 喜悦 爱情 此时此刻 逍遥行 世外桃源 可以每一首都推荐吗 哈哈 我在 [哈哈] [good]
1,虽然一天非常累，甚至累到有点恶心！但是一杯铁观音，全身都爽了！ 哈哈 [哈哈]
1,我是出版社退休的，当知好书过眼、大赚其 。同行似无人约稿？ 嘻嘻 罗志渊 新古文观止！ 武旭峰 回复 万庆涛 是！一定妙不可言。 万庆涛 按照武老师的意思，集结成书，编为 今文观止 ，留给今人学习，给后人留下历史。 武旭峰 这样的佳作盼公之于众，供我辈学习，并传于 [嘻嘻]
1,在饭店吃早餐，一会儿就回京了，听着旁边大爷兜里揣着的收音机里放的苏州评弹，有些不舍。。。太多要谢谢的朋友，一切都在音乐里了，千言万语 粽 是 琴 ，这个端午过的很愉快 爱你 中国古筝网 摇滚唐朝 悟因 齐刚 靳海音 横鼓之 尹 宋亮亮爱音乐 [爱你]
1,不老传奇之道尔吉 好诗，寓意深刻。 洪晃 不懂诗，但是非常喜欢这首。 沈浩波 嘻嘻 。能让大家有兴趣多读点诗，我也很高兴。谢谢洪晃转发，刘原夸奖。 刘原 多年不读诗了，浩波兄的这组诗还真是读得特别有感觉。 洪晃 沈浩波 达达 这是我近年来读过的最好的诗，没有之一。最好的 [嘻嘻]
1,我的爱疯裸了好长时间了，花红绿柳的季节给它也搞个玫红外套穿穿，美么？！ 太开心 兔兔妞的店 [太开心]
1,拍手 拍手 拍手 拍手 拍手 恭喜准人妻啊！毛毛要幸福！祝福你 亲亲 [拍手] [拍手] [拍手] [拍手] [拍手] [亲亲]
1,谢亲哥，你还记得大明湖畔的夏雨荷么？ 晶达猫咪 你看，当年我也长发过。 竖弥 胡议兮 黄昆 你们错过了我最美的年华。 哈哈 谢小麦 [哈哈]
1,明天去凑热闹！希望我能顺利找到那个地界儿 我再纠结一下要不要穿秋裤 嘻嘻 [嘻嘻]
1,卖萌犯傻 哈哈 [哈哈]
1,梁延利 乔伊 ，白富美第二 抓狂 抓狂 偷笑 偷笑 嘻嘻 嘻嘻 嘻嘻 [抓狂] [抓狂] [偷笑] [偷笑] [嘻嘻] [嘻嘻] [嘻嘻]
1,精致美食 北京昆仑饭店 顶峰俱乐部 出品 感谢照片 刘小懒 嘻嘻 [嘻嘻]
1,花心 鼓掌 糖果 花心 吃惊 这也行 [花心] [鼓掌] [花心] [吃惊]
1,回复 阿依不爱吃汤饭 别装淑女，咧嘴大笑！ 哈哈 晃头 阿依不爱吃汤饭 偷笑 偷笑 偷笑 偷笑 俺叫老鬼 瞧瞧，这小淘气儿又淘气了不是！ 挤眼 可爱 阿依不爱吃汤饭 小女子觉得雅萍姐姐评论妙语绝伦 妹妹有福 遇上大家是最美丽的事 今儿若是姐姐也在 那便是极好的 甄 附体版 [哈哈] [cai晃头] [偷笑] [偷笑] [偷笑] [偷笑] [挤眼] [可爱]
1,谢谢 嘻嘻 哈哈 同乐同乐哦 双子，生快！ 明星经纪貊苒 谢谢 嘻嘻 谢谢 嘻嘻 非常感谢 嘻嘻 太阳 [嘻嘻] [哈哈] [嘻嘻] [嘻嘻] [嘻嘻] [太阳]
1,就是一个疯子！ 哈哈 哈哈 [哈哈] [哈哈]
1,鼓掌 期待张老师大作啊 张钊维 正在 ， 年底前。 影子李俊 尽快出嘛 张钊维 片子是 多朋友 前 滴滴堆砌起 的。涓滴都是功 。敬 期待光碟。 神经质猴子 谢谢用心认真的 张钊维 老师，我们只是一点点举手之劳，难为这么认真打上名字。 [鼓掌] [good]
1,高清电影收录 哈哈哈，好萌！ 哈哈 哈哈 哈哈 哈哈 哈哈 [哈哈] [哈哈] [哈哈] [哈哈] [哈哈]
1,家里会很脏吧，不过这样就不怕小孩子在家里乱画了 ：黑板上老师的粉笔还在拼命叽叽喳喳写个不停，等待着下课等待着放学等待游戏的童年！ 可爱 你是否也有黑板情结呢，一块小黑板让你的家充满趣味！ [可爱]
1,我非常羡慕车里的那个男的，我也要去试车 嘻嘻 [嘻嘻]
1,快乐旅行！等你回京时的美丽图片！ 另一支火柴 在飞机上和帅哥空乘聊天时说起海鲜就要流口水了啦啦 爱小澈 老棒了，确实便宜啊。 鼓掌 害羞 中午吃了盒饭又干掉一桌海鲜的 伤不起啊，哈哈。 [鼓掌] [害羞]
1,湖北旅游达人分享会 现场达人 莎宝贝 向 钱爷 问到：泰国现在比较动乱，泰国游会不会受到影响？ 钱爷：泰国动乱是在曼谷，但普通曼谷市民的生活并未受到很大影响，清迈等地也未受波及，泰国治安环境还比较好，大家不用过分担心 嘻嘻 一起的时光 [嘻嘻]
1,哈哈 真百搭 时尚经典语录 史上最万能的广告片，亮点很多，要 住！作者太有才了 [哈哈]
1,好几天没来了 忙演唱会的事情，很多朋友都问专辑什么时候发呵呵！谢谢大家的关心！月中发。 嘻嘻 [嘻嘻]
1,哈哈 据说，刺猬吃了盐巴会像人一样 咳咳 地咳。 西西蓝：我想说，原来刺猬长得这么可爱吗？没有这个角度看过刺猬。 江南 ： 抱抱 可爱宠物中心：介个笑话太冷啦 偷笑 [哈哈] [抱抱] [偷笑]
1,热门事件榜 这个冬天太有爱了，强烈推荐 嘻嘻 [嘻嘻]
1,回复 泡鱼儿 那谁谁谁看过来 哈哈 酷 雨桐吾爱 泡鱼儿 今晚可不怕掉地上了 哈哈 [哈哈] [酷] [哈哈]
1,鼓掌 老简宁 回复 殆知阁 你做了大功德啊 话筒 殆知阁 真心的万分感谢。 赞 [鼓掌] [话筒] [赞]
1,肯定不够，都他妈吃货 慕睿衡 看来二十斤不够了。。。。。 雷雅淇 静 必须滴 馋嘴 酷 哈哈 嘉睿 雷老师，一定要陪我吃到最后啊 雷雅淇 静 仗义 爱你 爱你 爱你 [馋嘴] [酷] [哈哈] [爱你] [爱你] [爱你]
1,哈哈 品趣潇枫 砖家肯定不靠谱！但您老这数学也忒差了吧？ 简东升 亲，这是正规厂家的烟花，如果是土作坊，山寨的用泥土做的呢？所以不要完全信数据，当然了，砖家的话一定不能信的 [哈哈]
1,照片看起来美美的，不美估计也不会雇来了 嘻嘻 小巫婆的冰晶水城堡 长的怎么样？ 马兰拉面 咋不说秀色可餐 偷笑 胖子小丫 看见了，害我今天早饭没吃。。。她做一个饼，老板可以做三个了。。。 虫 胖子小丫 这是谁啊？你看得到过吗 [嘻嘻] [偷笑]
1,希望多科学论证，以理服人。 哈哈 [哈哈]
1,豁出去了 馋嘴 武坠子嘛 哈哈 哈哈 哈哈 [馋嘴] [哈哈] [哈哈] [哈哈]
1,千载难逢，中大奖，小凤呢！ 哈哈 都说 金牛运气超好，看来真是不我欺呀！再接再厉！ 哈哈 [哈哈] [哈哈]
1,愿每个下雨的夜晚都有一个小眉，让正能量继续传递。 可爱 [可爱]
1,但斌 回复 飞来飞去的白度 都是长期投资 哈哈 飞来飞去的白度 但总是不是开始卖出广药买茅台了啊 偷笑 但斌 回复 涛涛 建议持有股票 年以上，此税免征！ 涛涛 这不对吧？无论多长时间都要交税呀！！！ [哈哈] [偷笑]
1,回复 刘家妞妞天然呆 度假个 天 晚 机票能拿到好价格，酒店、外岛 等相关 每人一万 差不多 刘家妞妞天然呆 请问去斐济至少要预备多少钱呢 呵呵 呵呵 没有蛀牙的 酷 刘家妞妞天然呆 期待 爱你 爱你 爱你 小白要奋斗啊啊啊 欢型的萌肖肖 不纠结 浅绻 [呵呵] [呵呵] [酷] [爱你] [爱你] [爱你]
1,爱你 [爱你]
1,新年快乐！啊！ 叮当小宝麻麻 阿姨早点康复啊。。新年快乐亲 嘻嘻 嘻嘻 [嘻嘻] [嘻嘻]
1,三周年 爱你 [爱你]
1,回复 作家编剧杜青 没问题，别忘了还欠我稿子。 作家编剧杜青 送本样书吧，老兄 挤眼 编辑郭强 回复 作家编剧杜青 谢谢，忘了 你了。 作家编剧杜青 呵呵，当初就觉得这个封面好 编辑郭强 回复 老爱围脖 老爱围脖 是第 个方案吗？ 鼓掌 鼓掌 [挤眼] [鼓掌] [鼓掌]
1,谢谢你给酒店拍了这么多很棒的照片，期待您再次光临 亲亲 [亲亲]
1,亲亲 [亲亲]
1,好啊 鼓掌 鼓掌 组团去看嘛！ 茉莉香片 玄圭媛 国家博物馆 购票信息请参考 林兆华戏剧艺术中心 发布的微博 [鼓掌] [鼓掌]
1,霍 梓铭 走起！忙碌的一天 哈哈 明天是 年度最后一个广发乐赏日了，赶紧享受去！还有请期待 年的活动，随时关注广发信用卡最新的动态！ [哈哈]
1,微博搞笑排行榜：好可爱！！！！ 抱抱 [抱抱]
1,做电商可真难 淘宝网 上天猫，就购了 哈哈 [哈哈]
1,可可成长 突发兴致跑去江滨野餐，吃饱喝足后在冬日暖阳下溜达了一下午。可可当队长，我们负责听从安排。她领我们走边边，谁先掉下来谁就输；她让我们俩背靠背比比高，她边退后边说：我看看我看看 然后转身一溜烟的跑了说：看看我们谁跑得快？？？ 爱你 父母傻傻的配合孩子，是不是也是孩子的幸福？ [爱你]
1,互粉 天天向上五周年 系列：恭喜微博名叫 热血少女 的粉丝，你中奖啦！你是 月 日节目播出 有奖问答 里符合中奖要求 、 的第一人 以下截图为证 ，你将获得天天向上门票两张和主持人签名照一张！ 鼓掌 赶紧添加官方 请输入 微博中奖粉丝及微博名 身份验证 跟我们联系吧 抱抱 [互粉] [鼓掌] [抱抱]
1,鼓掌 鼓掌 谢谢，这书不错，节后可以好好看 [鼓掌] [鼓掌]
1,嘻嘻 杜同学啊 呵呵 [嘻嘻] [good]
1,回复 耶 干杯 二月初二 蛋糕 潘晓婷 我们有随行摄影师，转图都够我忙活的 可爱 [耶] [干杯] [蛋糕] [可爱]
1,刚把冰箱翻了个底朝天，也搜出甜品一份 一根去年买的冰糕，貌似还没过期 哈哈 [哈哈]
1,爱你 东山岛 [爱你]
1,看得我又饿又馋啊 嘻嘻 热点红姨 还一天没吃东西呢！当吃了晚饭。 边疆边吃边说 回复 热点红姨 我在现场，看到红姨汗湿的背影，敬意油然。 热点红姨 边疆边吃边说 胡滨微博 黄记煌 黄耕 [嘻嘻]
1,又呆又萌又妖娆 嘻嘻 [嘻嘻]
1,您好，爱家别墅是一个大床房一个双床房，正常是住 大 小，如果多个宝宝可能稍微有些挤哦。参观 爱情睡醒了 取景的蜜月别墅和皇家别墅当然没有问题啦，期待光临哦 鼓掌 [鼓掌]
1,回复 墨香沉 谢谢关心！把同样的问候送给远方的你：墨儿快乐！为香沉沏茶啦 请！谢谢！ 墨香沉 墨儿问候，天气炎热，保重身体。 墨香沉 墨儿问候，天气炎热，保重身体。 心 爱你 一斗自然全 回复 生活禅在旅行 谢鼓励！下午好！ 生活禅在旅行 笑哈哈 一斗自然全 好诗 [心] [爱你] [笑哈哈]
1,能不能有级别 啊？我想那个比较适合我，我要想 去看齐，哈哈。。。 妹莉十足 呀，级别 ！还挺高 嘻嘻 摄爷朱洪宇 我只转好片 [嘻嘻]
1,现在二赠一！龙虾海参吃到撑！哈哈，我怎么看怎么觉得咱在广告呢！不过此广告，无虚假！必须广而告知！ 嘻嘻 哈哈 [嘻嘻] [哈哈]
1,轻松一刻 女友对男友说： 我想出去旅游！ 男友： 去哪？ 女友： 杭州的园林，苏州的西湖，北京的外滩，上海的故宫！ 男友： 我还是给你摘星星去吧！ 哈哈 哈哈 哈哈 [哈哈] [哈哈] [哈哈]
1,卜柯文 爱你 爱你 爱你 [爱你] [爱你] [爱你]
1,这里是我的家 哈哈 [哈哈]
1,威武 这个功能 百度地图 早有了 嘻嘻 不过好像 的还有一些可以借鉴的地方 [威武] [嘻嘻]
1,鼓掌 羽泉还有 计划呢 哈哈 陈羽凡 这个可以看！ 嘻嘻 酷 围观 羽泉语录 本周五 ： 天天向上 让我们一起畅谈人生 计划 羽泉 陈羽凡 胡海泉 [鼓掌] [哈哈] [嘻嘻] [酷] [围观]
1,希望每位客人都能在此体验到家的温暖。 爱你 活力的一天，从 早餐开始吧 嘻嘻 。 [爱你] [嘻嘻]
1,承蒙朋友 行家刘国斌 扩散，朋友遍海上 嘻嘻 行家刘国斌 朋友就是 水韵吴江 蒋会长也！ [嘻嘻]
1,得多喝两瓶啤酒 嘻嘻 [嘻嘻]
1,童言 给女儿买过一只小乌龟 春节期间养死了 怕她伤心一直没有告诉她。刚才她捡了几颗小石头告诉我要带回家给小乌龟。我说小乌龟没有了 她问为什么 我说：对不起 妈妈把小乌龟养死了。她眼泪汪汪的沉默了会 可怜兮兮的对我说：妈妈 你要小心点 别把我养死了啊！我：。。。 哈哈 敬兰 张紫炜 [哈哈]
1,鼓掌 奥迪英杰汇 品致生活脱口秀 奥迪英杰汇马未都老师即将和大家分享有趣的故事，期待！ 太美黑卡会 [鼓掌]
1,中国旅游出版社官方微信公众平台正式开通啦！ 鼓掌 我们会不定期发送新书推荐、经典图书介绍、图书试读、投稿需知、作者游记等等精彩内容，还在纠结哪本旅游图书最适合你么？快快加入我们的微信平台吧，有试读噢 档案 ，有图片噢 图片 ，有专业推荐噢 心 ，快到碗里来吧 转发 加微信号： [鼓掌] [档案] [图片] [心] [moc转发]
1,如果是精品咖啡烘焙连锁就不会倒了 哈哈 哈哈 哈哈 哈哈 哈哈 哈哈 卖咖啡的小男孩 笨笨的手 做精品咖啡馆儿的同仁请放慢脚步，连锁和专业店是两种商业操作模式，求什么请想好！ [哈哈] [哈哈] [哈哈] [哈哈] [哈哈] [哈哈]
1,请问这两位同学，你觉得哪个比较强？ 太开心 偷笑 [太开心] [偷笑]
1,各妖各的 嘻嘻 钱文忠 哈哈 哈哈 哈哈 哈哈 哈哈 话说得真可耐，也真是这么个理儿！ 钱文忠 丝团 钱文忠 廷参法师，可耐可耐 [嘻嘻] [哈哈] [哈哈] [哈哈] [哈哈] [哈哈]
1,研究深入，众望所归。 哈哈 周洽强 三个 广州大学张河清 吴必虎 武旭峰 万庆涛 中国生态旅游杂志 周洽强 广州大学地理科学学院 李铭建 水泊村夫 广州旅游 广州日报 广州大学吴志峰 广州大学团委 广州大学 广州教育 广州大学学生记者团 广州大学旅游学院青协 陈潭物语 [哈哈]
1,丫头 莎小莎 一个不够就整俩 偷笑 偷笑 偷笑 田炜 女士们，这衣柜够用吗？ 嘻嘻 搜狐戴蓓 文艺不着调青年 发条瓜子 金丹 熊 妮妮 徐非啦 飞天大 猴晓侯 王丽 素素 德尔芬娜 刘妮丽 杨 婕娜姆 英杰拉姆 丫头 莎小莎 倪倪 [偷笑] [偷笑] [偷笑] [嘻嘻]
1,可爱 央视春节联欢晚会 我看见你，便看见，这世间的温暖 可爱 [可爱] [可爱]
1,人生最难过的是只能看，吃不着！面对美食 泪 馋嘴 嘻嘻 三摩地帮主 回复 杨雯 杨雯 九荤三素 嘻嘻 三摩地帮主 崇记杂货铺 您随时来，在我这只能吃 道菜，在 光头陈庆 梧桐小余 那可以品尝 道 嘻嘻 嘻嘻 嘻嘻 您懂得 荷仙菇生物科技 请帮主回答吧 [泪] [馋嘴] [嘻嘻] [good] [嘻嘻] [嘻嘻] [嘻嘻] [嘻嘻]
1,李博士又开始 无意 点击了， 又开始关注手机黄毒了，于是中移动又被念紧箍咒了 嘻嘻 [嘻嘻]
1,三里屯 的 真心不错，今天买了大批的奶酪孝敬爹妈，补钙从奶酪开始 嘻嘻 偷笑 [嘻嘻] [偷笑]
1,求试吃啊！ 没家的，拖家带口的！赶紧赶紧的 冯娟 大家估计都饿了，等着吃呢 哈哈 哈哈 冯浩 大家转的速度真快，显然都在围脖 温美莹子 花篮就不送了，我多吃一点儿 嘻嘻 冯浩 约个日子呗 [哈哈] [哈哈] [嘻嘻]
1,哈哈哈，很无聊，用了半小时种了一花园的金盏花赚钱！ 嘻嘻 嘻嘻 嘻嘻 当然游戏逻辑已有过墙梯防止无限生钱 我 潘彼得 [嘻嘻] [嘻嘻] [嘻嘻]
1,呵呵，是位学生朋友？欢迎，祝考试顺利 加油 相里闵鹤 中信社科 陶鹏 宿影潸然 水晶 标记上，考完试去看 雨枫书馆 新书到馆、欢迎会员免费领取 宠物情缘 鼓掌 咨询电话见主帖 [加油] [鼓掌]
1,欢迎入住我们酒店 祝入住开心 嘻嘻 [嘻嘻]
1,电与 粉丝团 鼓掌 [鼓掌]
1,周末或者小长假，约上三五好友或家人，只要简单收拾，就能在杭州的青山绿水间，享受悠闲的小资生活啦 嘻嘻 陌生人： 这种地方呆一个星期那该多好 [嘻嘻]
1,回复 胡 谢谢胡总 嘻嘻 胡 大手笔！ 我和我的小伙伴都惊呆了 金陵连锁酒店 胡 齐劲 业梅 [嘻嘻]
1,回复 阿佳卓嘎 共同期待 围观 围观 围观 鼓掌 鼓掌 鼓掌 阿佳卓嘎 中国梦之声总形象片 出炉 威武 威武 做鬼脸 期待明天的播出 太阳 明星经纪貊苒 阿佳卓嘎 耶 金晨煜 哈哈 明星经纪貊苒 阿佳卓嘎 耶 金晨煜 哈哈 [围观] [围观] [围观] [鼓掌] [鼓掌] [鼓掌] [威武] [威武] [做鬼脸] [太阳] [耶] [哈哈] [耶] [哈哈]
1,太开心 明 又黎一个小聚 太开心 [太开心] [太开心]
1,摸着良心说句公道话，这个牌子的产品真的超好用，赠送的粉刺乳业试用品晚上摸在痘痘上，第二天醒来痘痘就瘪掉了 萧敬腾贴吧 可爱 [good] [可爱]
1,哈哈 哭是不需要理由的！这小朋友哭起来咋那么萌呢？ [哈哈]
1,感谢您的支持噢！ 爱你 [爱你]
1,嘻嘻 得好 爱红酒的闷蛋：这两句象广告 赞 吃喝玩 理 日曰 威，曰曰威 [嘻嘻] [赞]
1,下午上房顶的收获真是不小，吃不完咱就变成美食，近期早餐推出银耳红枣粥，欢迎品尝！ 注 枣树可是有 多年历史了哦 嘻嘻 我在这里 [嘻嘻]
1,回复 凯哥美食美摄 哈哈，彼此彼此 嘻嘻 凯哥美食美摄 鼓掌 杂食动物 偷笑 [嘻嘻] [鼓掌] [偷笑]
1,回复 我知道 可爱 爱你 爱你 泛指闺蜜们 任蕾 噶松卓嘎 正确的，我喜欢这个词 你们好事将近啦 爱你 恭喜你们啦 [可爱] [爱你] [爱你] [爱你]
1,分享最新潮图 嘻嘻 [嘻嘻]
1,哇塞！支持支持！我第一个发图发吃哈！ 围观 威武 哈哈 馋嘴 [围观] [威武] [哈哈] [馋嘴]
1,独在异乡为异客，今年中秋小奔波。不能出门去旅行！每逢佳节倍思亲，谁来陪我闹中秋？报名方法很简单，短信私信打电话，遇到占线请理解，爱我你就找找我！爱我你就抱抱我，爱我你就亲亲我！遇到撞约就合伙，一起玩乐更有味！更有味！ 太开心 [太开心]
1,再去动物牧场那边溜一圈呗，散散步，有助饭后吸收 哈哈 那边有很多小动物，去看了没？ [哈哈]
1,米妮的小妞 蜜蜜嘎儿 还有谁啊，我围脖上好友不多，今晚一起吃饭呗？接下来接待任务有点忙。米妮联系下小 呗， 苑硕 葫芦娃貌似告诉我 号才能从三亚回来。 叫几个人呗？ 哈哈 哈哈 哈哈 [哈哈] [哈哈] [哈哈]
1,哈哈 故事中的元素嘛，其实感觉也还不错 [哈哈]
1,青春，是和美食在一起的旅行 感谢 好豆网 专题做的好漂亮啊 爱你 亲亲 唐琳 [爱你] [亲亲]
1,邪恶事件录 哈哈 哈哈 哈哈 哈哈 哈哈 哈哈 哈哈 哈哈 哈哈 哈哈 哈哈 哈哈 哈哈 哈哈 哈哈 哈哈 哈哈 哈哈 [哈哈] [哈哈] [哈哈] [哈哈] [哈哈] [哈哈] [哈哈] [哈哈] [哈哈] [哈哈] [哈哈] [哈哈] [哈哈] [哈哈] [哈哈] [哈哈] [哈哈] [哈哈]
1,但愿 ！ 酷 小吴 想不出有什么好事怎么办？ 嘻嘻嘻嘻！ 鼓掌 鼓掌 鼓掌 但愿如此哈！ 某某某 小吴 冷笑话精选 月会最开心最幸运的星座排名 [酷] [鼓掌] [鼓掌] [鼓掌]
1,上海露台季 年度最佳评选 童鞋们！ 易 懂得 陈言一琳 腹黑小白脸 乐瓦拉 等 位幸运儿已经抢到我们为前 位投票参与者准备的丰厚大奖啦！我们的投票截止日期往后推迟啦， ， ， 位的奖品等你来拿哦 鼓掌 [鼓掌]
1,鼓掌 围观 照相机 奥特曼 干杯 电影 音乐 音乐 [鼓掌] [围观] [照相机] [奥特曼] [干杯] [电影] [音乐] [音乐]
1,太有想法了 哈哈 [哈哈]
1,表不能经常带 嘻嘻 [嘻嘻]
1,回复 唐晓枫 太阳 唐晓枫 我有才你有不是第一天知道？ 哈哈 亘泉 哇塞，你太有才了 盗用下 [太阳] [哈哈]
1,做各式饼干 偷笑 京 银狐 尽量少出门，少到人多的地方去，有时间在家聚上三五好友，喝喝茶，聊聊天，做点各式饼干 嘻嘻 准备微笑的海燕 日，一男子在朝阳大悦城砍死 人； 日，一男子在首都机场引爆火药； 日，一男子在马连道家乐福超市持刀砍伤 人 每天行走在路上的人们你还平 [偷笑] [嘻嘻]
1,太开心 鼓励大家环保出行，既有助改善环境又有益于身体健康。天气渐暖，可以开展健身运动啦，骑车、步行都是很不错的选择哦 耶 卡不冷等卡 在有公共交通的时候，尽量不开车使用环保的交通工具，若路途不太远就骑自行车或步行出行。每年的 月 日也被定为 世界无车日 ，大家一起为环保而努力吧！ [太开心] [耶]
1,欢迎参加 月 日的开幕式！参与 亮亮晶晶五十九个小拉拉 祝大家每天的心情充满新鲜，没有恩怨，流淌甘甜，滋长爱恋，所有心愿都会顺利实现，快乐永驻你悠悠心间，烦恼永抛你远远后面！ 抱抱 ！活动太给力了，积极的支持，期待好运！ 秋天稻草妞妞 徐子米 广阔天的刘 我就知道北京 [抱抱]
1,欢迎入住 期望在这里能带给您一个难忘的假期 江南 心 嘻嘻 [江南style] [心] [嘻嘻]
1,洋洋说北京开空调了 哈哈 着实好凉快 [哈哈]
1,可以选三个吗？ 爱你 [爱你]
1,小小调整以下，即使和原片对比，也还是显得挺自然的吧。 亲亲 按惯例，点击 查看原图 [亲亲]
1,原来小玉如此养眼 吃惊 哈哈 [吃惊] [哈哈]
1,爱你 亲爱的好早，现场感受怎么样？艺术了吗？小蜜蜂在微博上会呈上各种细节哦，不要只被手中丰富的手工包吸引啦。 偷笑 [爱你] [偷笑]
1,新发型诞生 举报那个谁谁不务正业 哈哈 [哈哈]
1,下午去听 张永和 老师的讲座，开心开心开心 哈哈 ！ [哈哈]
1,下面那个超有范儿！话说你们的新工服很帅气耶 鼓掌 [鼓掌]
1,今天的主角 南极舞者 哈哈 哈哈 哈哈 [哈哈] [哈哈] [哈哈]
1,鼓掌 印象中国风 冬天泡泡温泉神马的，最幸福啦！古色古香温泉走起 [鼓掌]
1,这个比喻恰如其分， 哈哈 蜜丝简 王姬兰 葛朗台。。。。。。 转发微博 [哈哈]
1,回复 绿叶之谊 鼓掌 绿叶之谊 [鼓掌] [ok]
1,胃晚上吃的戈拿旺巴西烤肉，好多好多好多。。。三角肉 嘻嘻 [嘻嘻]
1,天气好的话，在 层大堂酒廊还可以看到西山呦！换个角度看北京，不错吧？ 双强：时而转发下，周期循环利用 哈哈 江少樵： 北京柏悦酒店 江少樵 胡小 笛 北京 柏悦酒店，当然有，窝们的下午茶在 层！！！ 胡小笛 江少樵 请问北京的也有吗？ [哈哈]
1,回复 光舞帝 民族的才是世界的！是这么说吧 嘻嘻 光舞帝 终有一天，我们中国会变成世界厨房 哈哈 哈哈 哈哈 [嘻嘻] [哈哈] [哈哈] [哈哈]
1,这么便宜！！！！有没有亲心动了想走一个？ 哈哈 哈哈 [哈哈] [哈哈]
1,呵呵，欢迎有时间来小店坐坐！ 嘻嘻 王二毛 京城独此一家，大龙虾真心很不错！！！ [嘻嘻]
1,说实话，我还挺喜欢星尚频道的 爱我生活 这首歌的 尤其是彦池的 我爱狗狗 和路易的 我爱读书 ，顺带也喜欢这俩主持人了吧 嘻嘻 [嘻嘻]
1,品质领航问鼎东方 东方卫视优质资源推介会 今晚 后脱口秀 有王同学的脱口秀哦 哥哥正在准备 很帅哦 爱你 心 花 [爱你] [心] [花]
1,哈哈 嘻嘻 我果然学会了 [哈哈] [嘻嘻]
1,哈哈哈哈 哈哈 [哈哈]
1,回复 李小妮 你应该跟我们一起，最后我们一把全收 花心 李小妮 不错啊！早知道留下了 泪 朱润润 筹码，我们赢了瓶香槟 哈哈 什么东东啊？ 四月伤不起 嘴角微扬 我是王京 [花心] [泪] [哈哈]
1,我家的小美女，臭美妞一枚 嘻嘻 [嘻嘻]
1,证明女孩子的确不比男孩差， 嘻嘻 那天真的很辛苦，但看到之后的作品和得到客户的认可，我们还是值得的。加油！努力！ 酷 [嘻嘻] [酷]
1,哈哈 哈哈 董郎 哈哈 哈哈 哈哈 老梁 有话说 哈哈哈 鼓掌 王朔有话说 哈哈哈 鼓掌 [哈哈] [哈哈] [哈哈] [哈哈] [哈哈] [鼓掌] [鼓掌]
1,旅游界才子 志俊 与 马晓晖二胡 共同演绎 夜来香 。默契哦！ 鼓掌 [鼓掌]
1,亲爱的梁蕾你好，今天我到医院拿化验结果是阴性，癌细胞在正常范围内了，这下你就放心好了，有百莲老师的指导和象你这样爱我的家人给予我支持和帮助，一切都会是好的！ 转发雪琴姐讯息 这是 奇迹海 家族发生的又一个奇迹 鼓掌 鼓掌 鼓掌 祝福大姐 赞 [鼓掌] [鼓掌] [鼓掌] [赞]
1,哈哈哈哈哈 王小亚 哈哈 我是 南 哈哈哈哈哈哈哈哈哈哈哈哈 薛奶精 哈哈哈哈哈哈哈真棒！ [哈哈]
1,不要激动，好好吃 嘻嘻 嘻嘻 [嘻嘻] [嘻嘻]
1,赵老师的小品挺逗的 兔子 桃门清角 怀念 透露社社长 哈哈 [兔子] [哈哈]
1,这叫美图秀秀 手机上下载的。我也是别人帮我下的 鼓掌 鼓掌 黄协秘书长胖子张悦 你还会把照片这样发！我都不会！ [鼓掌] [鼓掌]
1,块金牌，重回第一。 鼓掌 [鼓掌]
1,我试了，买了 就没买这个，花的 欧有点不值 面面面的面 谁的木头人 ，这个简直就是为了你而设计的 鼓掌 巍 子 的合作款吗？？？ [鼓掌]
1,相声演员高峰 农历二月初八！ 鼓掌 鼓掌 鼓掌 郭德纲 播出， 哦 哈哈 [鼓掌] [鼓掌] [鼓掌] [哈哈]
1,回忆是菇凉 清清 非然 们，你们怎么看？ 偷笑 九都虞家 这个活动能少了我们这些人吗， 哈哈 哈哈 哈哈 天空永远蔚蓝 记者吴永俊 发哥发微 [偷笑] [哈哈] [哈哈] [哈哈]
1,这个 图好给力啊。。猫打打萌死啦。。。 可爱 [可爱]
1,哈哈 哈哈 这个真心笑了，，哈哈 [哈哈] [哈哈]
1,可惜木有安卓版，坐等 嘻嘻 [嘻嘻]
1,嘻嘻 嘻嘻 可爱的狗狗 [嘻嘻] [嘻嘻]
1,活动 开心一刻 爱你 哈哈 [爱你] [哈哈]
1,回复 每天三 五花腩。 蔡生，怎么吃才肥一点求指教？ 可爱 蔡 回复 ，永不 。 蔡生，钱要赚到多少算够？ [可爱]
1,落跑新郎是吗 晕 全图解 哈哈 [晕] [哈哈]
1,嘻嘻 [嘻嘻]
1,哈哈哈。你比蔡康永壮多了。 嘻嘻 [嘻嘻]
1,鼓掌 三里屯店 市集明日开集 各种古着、复古小玩意，尽在 三里屯店 [鼓掌]
1,日，谁才是今天的无产阶级？ 任志强 哈哈 哈哈 日报只掠夺财产权。 [哈哈] [哈哈]
1,回复 可以泡脚的电饭锅 哈哈 可爱 可以泡脚的电饭锅 我喜欢这双眼睛！ [哈哈] [可爱]
1,他们说我今天是粉红女！哈哈，一身粉嫩！ 哈哈 [哈哈]
1,有空来作客，主人愿意三陪 哈哈 哈哈 可爱 嘻嘻 兔牙白又亮 好美的地方 花心 明 姐 行敏 兔牙白又亮 供你欣赏 ，感谢你的羡慕 植田竹子 羡慕嫉妒恨！ 花心 [哈哈] [哈哈] [可爱] [嘻嘻] [花心] [花心]
1,阳台果然是拍照的好场所呢 爱你 [爱你]
1,多背一公斤全职美女工作人员！ 哈哈 [哈哈]
1,这就是回家的意义 有碗面等你 爱你 [爱你]
1,回复 山色空蒙羽亦琦 哈哈，这个叫法与河鱼类同 山色空蒙羽亦琦 是叫幽灵午休吗？ 孙伟业 京华 以前车友出去玩，抬过最轻的车是云雀 哈哈 昙花非落 哈哈，四大汉能抬起奥拓，能抬起奥迪吗 [哈哈]
1,哼 真正的吃货啥也不怕！ 嘻嘻 耶 北京五洲皇冠假日酒店 哈哈 ，亲，您还真做了一个对比，太给力了 这真是适合各种吃货 大眼儿猫咪 拈花微笑 开心 玉墨儿 北京吃货大队长 弹跳 [哼] [嘻嘻] [耶] [哈哈] [bed弹跳]
1,李公堤御庭 活力苏州，传统苏州，水乡苏州，一边是传统园林的优美与静雅，一边是摩登城市的繁华和光影，不同的视觉，不同的苏州感受 而李公堤上的御庭有异曲同工之效喔，欢迎亲们来苏州喔喔 嘻嘻 鼓掌 鼓掌 [嘻嘻] [鼓掌] [鼓掌]
1,自己动手，丰衣足食 嘻嘻 [嘻嘻]
1,人生旅程无非两种，一种只是为了到达终点，那样生命便只剩下了生与死的两点；另一种是把目光和心灵投入到沿途的风景和遭遇中，那么他的生命将是丰富的。 米兰 昆德拉。 太阳 太阳 太阳 早安，重庆！我将开始忙碌而充实的一天 太开心 耶 心 [太阳] [太阳] [太阳] [太开心] [耶] [心]
1,秒拍 李云迪工体新年音乐会 ，赢门票 耶 太开心 来自 秒拍 [耶] [太开心]
1,内卡河、古堡、超级大酒桶、木结构小火车，雪天的海德堡别有风情哦 爱你 花心 [爱你] [花心]
1,鼓掌 很可惜错过了周二付总的创意菜 泪 太原国宏 鼓掌 付洋 我们一直朝着高端美食的发展方向去努力，希望将来可以做到向 优品杂志 赞 话筒 一样的理念 一本只容纳高端品牌的杂志一份少数派的生活报道 ！做到美诺 家电一样，被誉为家电中的 劳斯莱斯 。 威武 再次感谢 杨 [鼓掌] [泪] [鼓掌] [赞] [话筒] [威武]
1,鼓掌 [鼓掌]
1,当当最近五折，我自己准备买上几本 嘻嘻 [嘻嘻]
1,虽然只相隔两日，但我又开始想念 福记港式茶粥面 的干贝 仔粥了 干贝饱满大小统一，颜色洁白。 仔更是朱姐家自己养的，没有腥味很鲜美。在粥里还放了基围虾吊鲜，最后晒上芹菜提香，料多实在。怎能让人不怀念。 爱你 花心 [爱你] [花心]
1,哈哈 生活再苦再累，请在心里对自己说：给老子笑。 [哈哈]
1,哎哟，不错哟！ 爱你 [爱你]
1,回复 娅可 精辟！ 哈哈 娅可 偷笑 结论：教育很重要 [哈哈] [偷笑]
1,太 形象了！有木有！ 哈哈 言午日免 [哈哈]
1,现在是胆大的撑死，胆小的饿死！ 星硕 袁学娅 太多了，有的把银行的资金都长袍短套在身，脱下后， 哈哈 哈哈 哈哈 赵焕焱 树挺 杜琳 赵焕焱 荫子 [哈哈] [哈哈] [哈哈]
1,生意兴隆 旺顺阁 礼物 哗啦啦网 上海 旺顺阁 财富购物中心店好热闹有木有 年前来用餐的客人好多 爱你 [礼物] [爱你]
1,哈哈 哈哈 哈哈哈哈哈哈 甚麽的 转发微博 [哈哈] [哈哈]
1,好好享受塞舌尔的美丽吧 嘻嘻 塞舌尔 的海第三发！同一天拍摄到的不同时间、不同地点的海边景色！每个角度看都是美啊 威武 [嘻嘻] [威武]
1,哈哈 很期待呢 [哈哈]
1,哈哈 看过的都说好！书中的论点真实又务实，男人们，不服来辩 来 [哈哈] [来]
1,去香港，这也是个旅游景点 哈哈 ，快点这个链接 ，更多美食套餐，价格实惠啊 鼓掌 [哈哈] [鼓掌]
1,精英少，关键还有装精英的。 钱文忠： 鼓掌 鼓掌 鼓掌 鼓掌 鼓掌 严锋 真正的精英应该是精神上的英雄，这种精英完全是中国最稀缺的资源。 [鼓掌] [鼓掌] [鼓掌] [鼓掌] [鼓掌]
1,乡下的户外野炊 我最爱的是菜糊糊 来自莴笋叶的无敌美味 嘻嘻 新浪江西 水墨中国 新浪名博江西行 中国最美的乡村婺源 一汽 大众南昌欧亚 新浪江西城市频道 [嘻嘻]
1,乔口越来越热闹哦 鼓掌 余岁柏 童彬原 谭暑 微笑的杨怀宇 非彼黄晓明 长沙杨柳 中华安志强 陈员外 凤凰姑娘慧子 凤绫杨健 何高峰 何治中 爱晚小马哥 俺不把你哄 奥神刘来 小 女 策划人陈胜 陈晓丹 旅王小妹 美食达人老魏 公民老谢 长沙谢栋 梧桐阳国栋 [鼓掌]
1,端午节快乐 们好好享受这个用连续 个工作日换来的小长假 偷笑 鼓掌 祝愿大家阖家欢乐，万事如意 太开心 太开心 [偷笑] [鼓掌] [太开心] [太开心]
1,梵，赶紧的 笑到你肚子疼 哈哈哈，要不要来一发 哈哈 哈哈 [哈哈] [哈哈]
1,昨天两集中最大的笑点！！ 哈哈 哈哈 陈赫 我真的笑翻了！当时拍戏的时候也是全场笑翻了！完全即兴的！我服了自己了！ 嘻嘻 嘻嘻 嘻嘻 陈耘康康 卧槽 果断手机彩铃！！！！小东西长的真别致！！！ [哈哈] [哈哈] [嘻嘻] [嘻嘻] [嘻嘻]
1,汪汪在旅途 的沙滩 爱你 [爱你]
1,加油，浮躁的当下，这份坚持太宝贵了 爱你 [爱你]
1,鼓掌 佐罗小爱 老房一百年 果果 幸福生活 天天夏夏在北京 钱包 请叫我皇阿玛 围观 牙牙 转发微博 [鼓掌] [围观]
1,哈哈 品味私房茶！ 上海成功会所 求放心斋主人 吴向九 上海红骏茶业 武夷山红骏茶业 陈烟旧雨 [哈哈]
1,回复 南宁地铁之星 鼓掌 太棒了！ 南宁地铁之星 开了一段时间了，由原来的南宁至广州两趟列车中的一趟延长至深圳 小峻 开通了？ 南宁站 鼓掌 南宁直达深圳的列车呦 [鼓掌] [鼓掌]
1,哈哈 张辉 对于网易，我一直比较敬重 [哈哈]
1,自驾川西 哈哈捡到一漂亮孩儿，像俺不 哈哈 一会儿再捡个孩儿她爸。 哈哈 嘻嘻 [哈哈] [哈哈] [嘻嘻]
1,欢迎大家踊跃参与。 裕波 嘻嘻 盛大创新院 [嘻嘻]
1,对 花间堂周庄季香 说 读到花间堂创始人的访谈，于是火速电话预订周庄花间堂客房一间，要的就是这个想到就去的范儿，嘿嘿 酷 。文中说 花间堂不是简单意义上提供一个住的地方，而是提供一种有感情、有生机、有文化的互动式体验的融合 ，是否如此，周末即见分晓 太开心 [酷] [太开心]
1,爱完整 活动获奖名单：一等奖： 二等奖： 王子 恋上焦糖的笑笑 三等奖： 山茶花遇上香奈儿 传说有壹佰贰拾斤的俪 ，请中奖粉丝通过私信将联系地址、邮编、收件人姓名、联系方式告诉 马勒别墅 ，我们会尽快已快递的方式送上礼品。 可爱 国庆长假，来体验一番吧 [可爱]
1,爱旅行，好心情 哈哈 ，亲照片拍的不错噢 [哈哈]
1,回复 加勒比海欢 爱你 加勒比海欢 妞妞辛苦，给姐捡条命，时间安排着实紧张，回来大补汤伺候！ 茶 [爱你] [茶]
1,直接上推子 嘻嘻 [嘻嘻]
1,哈哈 李珍 传递日本 第三张是我家小猫经常干的事。 风中的千里路 转发微博 [哈哈]
1,威武 雅座白昱 鼓掌 拳头 边疆边吃边说 论坛研讨了目前餐饮企业最为关注的具体问题，很有实际指导作用。这种论坛最大的作用在于指导企业在大投入前认真考量。 [威武] [鼓掌] [拳头]
1,顶！哈哈哈 小小宁 必须珍惜 猫里猫气的耗子 好好珍惜我吧 哈哈 [哈哈]
1,如此美味！ 关注旅行 真的好励志 哈哈 美食资讯 [哈哈]
1,我业余爱好！ 王琨 有教师资格证的王老师 好么，你们俩上这个课干嘛啊？当老师去？ 王善勇 火龙果儿 是一甲 隅幽阁主 有天津话一甲考试吗？我可以试试 太开心 [太开心]
1,回复 某某某看上冰球了 没事儿，这是我应该的。来的人越多我越高兴 某某某看上冰球了 谢谢！！！上次就是您帮约嗒 嘻嘻 马剑是谁 到店里看看，应该没问题，多少人，几点。贵姓 [嘻嘻]
1,我们喜欢好声音，不喜欢二货！ 哈哈 旧书楼中听惊雷 无关乎情节，只在于声音。 货是不懂的。 天外游荡的风 好个狗官，为了这个好声音俺周末 也懒得成局，难不成被 尊驾 搅局？你喜欢的多是我等恶俗的，我喜欢的多是尔等恶评的，大人歇了个去！！ [哈哈]
1,哈，雷老师，你这样写我，也太生动了吧 嘻嘻 怎么看都觉得我：要么，是个探头探脑的好奇小姑娘；要么，就像那探头探脑挖地雷的渡边小队长！ 偷笑 阿依不爱吃汤饭 西域阿藤 杨珍囡囡 [嘻嘻] [偷笑]
1,去哪儿积分商城 点评入住酒店换好礼，商城限时五折积分兑换 给力 ！你旅途中、生活中需要的各种物件儿， 、酒店免费房、手机移动电源、无线路由 应有尽有！你还在犹豫什么！走！逛商城去： 另最新晋高级点评达人 桐妈 已经成功以五折积分兑换了 鼓掌 [给力] [鼓掌]
1,比如唠叨与琐碎 拉着窗帘在床上待了二十个小时后 世界变成了介样 吃惊 好吧 起床准备打鼓 太开心 话说本周又买不了鼓了 他们不送货不安装这件事让我买鼓的计划一再得不到实现 怒 总也找不到合适的时间和方法把那么多大件带回家然后找个合适的人来安装 抓狂 [吃惊] [太开心] [怒] [抓狂]
1,商烊 弧线 第一个想到的是你俩 哈哈 那天的战争真的是太精彩了 偷笑 方十三姨 ： 侬滴心声呀 [哈哈] [偷笑]
1,麻省海滩的日落，海水平静的外表下，其实这里有着大白鲨鱼群出没。 海鸥胶片拍摄 整整的阴云密布下难得还看得到太阳， ：麻省的龙虾是出了名的好吃。 哈哈 呵呵 馋嘴 [哈哈] [呵呵] [馋嘴]
1,好像有解决方案了， 块钱了事， 啥都不用了 哈哈 苏杭 移动互联网用户 说要 才能处理， 可卡背面 的已经剪卡剪没了。 打电话给联通客服也说提供不了 。 我还是个球被来回踢！ 苏杭 移动互联网用户 表扬 中国联通上海客服 批评 京东 前者拿了我联系方式 小时之内联系了。 [哈哈]
1,上山啦 可爱 [可爱]
1,极品乐鉴 可爱 这么受欢迎呢 舒缓静谧 [可爱]
1,哇哦 永俊腕表潘俊 快点，别连保镖都没了 偷笑 杨云飞 别拦着我啊，我现在打飞的过来当保镖吧 酷 安提凯希拉 让我戴戴 嘻嘻 [偷笑] [酷] [嘻嘻]
1,期待我们的制服趴 嘻嘻 圣诞铃铛 同志们 爱你 [嘻嘻] [圣诞铃铛] [爱你]
1,嘻嘻 上帝是仁慈的 [嘻嘻]
1,真不错，要是有 食堂 看上我们，最好能在中秋节这一天把来咨询站咨询的游客全送了月饼多好！有人吗 爱你 米子柚：有人说，智慧是在压迫中产生的。 [爱你]
1,代友求租 二、四、六号线沿线单间，四月初入住，请朋友帮忙。 亲亲 [亲亲]
1,哈哈 微博搜了下 发现了好几个主持人 哈哈 都是夜游神 大家都在看死神 啊 [哈哈]
1,有什么不一样呢？ 哈哈 哈哈 王永森 再次祝贺！微时代，有了微博，有了微信，各方面，大不一样！ 王永平商业地产 贺！ 商业地产王三炮 名流会，微传播，云分享，大未来！ 姜汝祥 谭小平 微营销 张何 梁飞建 商业地产酒店 祝贺！ 成都王长旭 王永森 黄文杰 [哈哈] [哈哈]
1,今天有幸认识民族饭店的美籍大厨 ，并吃到了他亲手制作的 入口即化哦 馋嘴 感谢 热点红姨 的推荐 亲亲 只可惜今天没能见到红姨，听说病了要保重哦 火旺 传媒老王 传媒老王 边疆边吃边说 东方美食杂志编辑于勇 韩姐教你下厨房 热点联盟 我在这里 [馋嘴] [亲亲]
1,那可怎么递给你呢 阿怪 嘻嘻 老郭说 就不 麻辣诱惑陈云华 私信个地址呗 阿怪 嘻嘻 神州行！我看行哦 ！ 转发 麻辣诱惑陈云华 那就再来个粉色的，让他俩也过个情人节 心 阿怪 回复 麻辣诱惑陈云华 抓狂 不拆 不拆 就不拆！找个位置供起来 [嘻嘻] [嘻嘻] [转发] [心] [抓狂]
1,好的。 嘻嘻 桔子水晶袁超 张贴到员工天地，例会时要表扬，要广而告之 鼓掌 鼓掌 鼓掌 [嘻嘻] [鼓掌] [鼓掌] [鼓掌]
1,而我的梦、从不能遗忘、漂流的季节思念在飞翔 而 你 的梦哪 调皮 爱你 [调皮] [爱你]
1,家里已经有一个从济州岛泰迪熊博物馆请回来的小熊啦，希望能给大宝儿再赢一个 爱你 红烧肉 大咪宝儿 最爱丹丹妈 [爱你]
1,哇哦，福利多多，今晚 中国梦想秀 不见不散喔 参与互动，继续来赢 水密码 精美礼品！！ 亲亲 [亲亲]
1,回复 安安的台湾茶 有机会去马连道的话讨一杯尝尝可以吗？ 安安的台湾茶 回复 荣雪斌 嘻嘻 [嘻嘻]
1,好看，支持 呵呵 齐元 哈哈！ 哈哈 哈哈 一起吧！期待新人的表现！ [呵呵] [哈哈] [哈哈]
1,没我 火狐传媒 老李 我呀白了羊了 燕赵贾俊秋 我最可能是富婆 鼓掌 钱，来呀 酷 大妈时代 奶奶的，我啥时能成富婆？ 泪 不准嘛 挖鼻屎 [鼓掌] [酷] [泪] [挖鼻屎]
1,这么凉快的周末真应该散步逛街，或户外吃饭。 嘻嘻 大家有这样的感觉吗？ [嘻嘻]
1,人家七月半都过完了，俺们村现在才过，好日子不能错过 哈哈 [哈哈]
1,越南海警船威胁我国海监船 全世界的大国小国都在欺负中国，只有朝鲜是我们的好朋友 哈哈 [哈哈]
1,兼职黄牛？ 嘻嘻 邓静 很简单，人家在排队 酷 薛蛮子 转发微博 [嘻嘻] [酷]
1,哈哈 哈士奇一定全种族都是处女座！ 羊 怒 [哈哈] [怒]
1,爱你 [爱你]
1,京城秋色 在密云偶遇一只美丽的红蜻蜓 暮然想起小虎队的那首歌"看那红色蜻蜓飞在蓝色天空 游戏在风中不断追逐他的梦 天空是永恒的家 大地就是他的王国 飞翔是生活 我们的童年也像追逐成长吹来的风 轻轻地吹着梦想慢慢的升空 红色的蜻蜓我小时侯的小小英雄 多希望有一天能和它一起飞 爱你 微驴友 [爱你]
1,装呗！！ 姚小花儿 掉价！ 立志青年 姚小花儿 哈哈 造呗！ [立志青年] [哈哈]
1,我想体验，哈哈 回复 紫色流星云 体验排队。 紫色流星云 回复 就是凑个热闹，看看到底有多火爆。 嘻嘻 [嘻嘻]
1,这专业挺好的 哈哈 [哈哈]
1,赞 陈鸣雁 赞一个！宽容悦己悦人 五阿哥 早安！ 太阳 宽容一点，看淡一点，悦人悦己！ 赞 鼓掌 [赞] [太阳] [赞] [鼓掌]
1,预祝大卖 鼓掌 鼓掌 [鼓掌] [鼓掌]
1,阿伊土鳖公主和驸马 英式没品笑话百科 春晚 没品春晚 哈哈 丁丁张 啊哈哈哈哈哈哈哈哈。 一头活猪 蟠桃会的节奏 [哈哈]
1,生日快乐 嘻嘻 嘻嘻 [嘻嘻] [嘻嘻]
1,哈哈 哈哈 哈哈 谢谢亲爱的队友们 偷笑 偷笑 偷笑 照片真是美好的回忆阿 围观 [哈哈] [哈哈] [哈哈] [偷笑] [偷笑] [偷笑] [围观]
1,去你的部落 剧透剧透，给粉丝再多一点关于第三季的剧透吧 行者梦野 是不够看 其实台上一分钟台下一年功啊 下一季部落拍摄计划是在非洲埃塞俄比亚肯尼亚坦桑尼亚赞比亚 起名 去你的俄比亚 去你的部落 旅游 蜜斯莎 啊？就这样结束了？我还没看够 泪 期待第三季 爱你 [泪] [爱你]
1,你个色狼！ 苏小星的秘密花园 魏小扫 好想和你一起做美甲啊呀呀！！想暴了 爱你 上海沃画报 周年店庆 全场六折优惠 老式洋房里的摩登美甲会所 一周年庆典美甲 美睫 脱毛 产品都 六折优惠 ，想扮靓的 们赶紧的，新年要有新气象哦！ [爱你]
1,回复 能猫老徐 这个是红外片 能猫老徐 这色调很有感觉 鼓掌 [鼓掌]
1,一花十方 吴忠平 哈哈 颢影 美丽 [哈哈]
1,走着美妞 野千寻 心动不如行动哈，大家通通动起来 爱你 爱你 爱你 酒窝果果 北京 橙色咖啡 六零先生 [爱你] [爱你] [爱你]
1,哈哈 甘豆米 摘录到 幸福人生小报 [哈哈]
1,最近畅游湘江的，是不是觉得不用带香皂就洗的特干净？ 北京媒婆它爹 万一被犯罪分子知道就 泪 泪 泪 泪 泪 泪 泪 泪 如视我闻 鼓掌 作家天佑 我次奥 [泪] [泪] [泪] [泪] [泪] [泪] [泪] [泪] [鼓掌]
1,今天把昨亏肚子的都补回来了！吃了大餐了！ 哈哈 [哈哈]
1,重温难忘的样板戏年代 鼓掌 鼓掌 鼓掌 [鼓掌] [鼓掌] [鼓掌]
1,走过、路过的蟹粉注意了 话筒 ，此节目里涉及到我们家和 黄记煌 哦，注意收听啦 嘻嘻 李老爹 李德义 花家怡园花雷 权金城 叶瑞慈 玉林餐饮 邹胜利 廖承军 也希望加深与支付宝的合作 金梅央 两岸咖啡全面推广手机点单、 廖承军 创新与电商的结合无处不在 [话筒] [嘻嘻]
1,要不咱微博征上面的吧 法国人朱力安 你的意思是我们仨男的在下面？ 偷笑 哈哈 清蒸月月鸟 你回来我们让你睡我俩中间！ 法国人朱力安 快回来，我和 清蒸月月鸟 等着照顾你 嘻嘻 偷笑 库班克 法国人朱力安 清蒸月月鸟 绝对的好基友啊！ [偷笑] [哈哈] [嘻嘻] [偷笑]
1,太可爱了 哈哈 小莱坞 你们见过如此英俊的宝宝吗 何筱米 你怎敢把我们的私房照发出来！豆粥以后会恼我！ [哈哈]
1,威武 罗军 途家将在此发布会上宣布与中航地产全国的战略合作。中航的业主，未来有福了。 哈哈 [威武] [哈哈]
1,关注元宵 有天有礼 现在除了湖南卫视之外，全国所有高铁站也可以看到元宵宣传片了 鼓掌 作为唯一在元宵夜直播的晚会，我们欢迎大家和你身边的元宵宣传片合影 电视或高铁出现时合影 耶 照相机 上传并 元宵喜乐会 快乐大本营 得意地笑 我们将抽选幸运者送出 朴有天 亲笔签名礼品哦 住 [鼓掌] [耶] [照相机] [得意地笑] [hold住]
1,好多老师 哈哈 哈哈 [哈哈] [哈哈]
1,人总是要去做各种各样的选择，不管经历了怎样的心理挣扎与抉择，最终还是确定了，不管怎样，希望我这次交给自己的选择是对的，也算圆了自己的梦吧 孙小奇同志，你的新生活开始了，我怎么开始矫情了呢 郑忠阳 同志，给我弄个欢迎式吧！ 嘻嘻 [嘻嘻]
1,托马斯瓦萨里，匈牙利钢琴大师，也是肖邦奖得主。今晚来听八十岁大师的演绎，嗯，以后夜蒲改音乐会，也不赖嘛 爱你 [爱你]
1,哈哈 雪雪酱 转发微博 [哈哈]
1,吃完烤鱼又和朋友一起吃了笨 今天的香蕉皮有点厚 剥的好看的是偶的 哈哈 旁边那个是 李 路 三三 微吃货 [哈哈]
1,我在杭州给你们加油 鼓掌 鼓掌 [鼓掌] [鼓掌]
1,想去达尔文，想去美娜多、想去兰卡威、想去巴厘岛、想去龙目岛。。。。。。想去的太多了！ 嘻嘻 阿历克斯 何欣怡 中国蛋宝宝 抗体 驻牙 [嘻嘻]
1,哈哈 电子骑士 唉。。。 娜斯 关于申请政治庇护这事，我亲身有体会，在一个移民律师事务所干过几天，那美国律师就是帮人编假经历，政治迫害，宗教迫害，计划生育。但那些福建申请人背都背不下来，需要助理教。 [哈哈]
1,承继华韵 哈哈 观众很热情 嘻嘻 [嘻嘻]
1,欢迎地产金融家们常来 潮汕渔家 聚聚聊聊！ 鼓掌 感谢 范国才 和 首创华夏都丹 让俺认识这么多好朋友！ 握手 [鼓掌] [good] [握手]
1,我选 ，潮搭 ，主要是喜欢那个搭配的鞋，如果按裙子挑选的话我觉得 也很美啊 偷笑 你说呢？臭美妞 哈哈 [偷笑] [哈哈]
1,赞 赞 赞 爱你 爱你 爱你 [赞] [赞] [赞] [爱你] [爱你] [爱你]
1,蟹啦，蟹谢！ 嘻嘻 [嘻嘻]
1,给大家拜年啦 调皮的祥龙摆尾，扫除烦恼，振我龙威，祝大伙 生龙活虎 美图 大赛 美图 爱你 威武 [爱你] [威武]
1,活动详情 深夜，最温暖你心的食物 心 每个忙碌的都市人都希望有这样地方，在最平凡食物里，品尝到最不平凡的百味人生！我们准备好佳片美食，等你来分享美食故事 现场观众还可抽奖浦睿提供 深夜食堂 集新书、笔记本、精美书签 鼓掌 朝南阳台 孙晔 清泉浅井 爱你 [心] [鼓掌] [爱你]
1,救了我，本来想干一通宵的 嘻嘻 [嘻嘻]
1,哈哈 权且拿这个当借口搪塞搪塞老妈好啦！ 全球流行风尚： [哈哈]
1,万元大奖 征集夜游龙门广告语 夜游龙门，不一样的感觉！ 龙门石窟景区 回复 不起的数码发烧友 行，电子邮箱： 邮件主题注明 夜游龙门形象宣传口号投稿 。 嘻嘻 不起的数码发烧友 只能信件形式？ 行不或者私信 [嘻嘻]
1,语气很轻松，可表情还是 啊 哈哈 [哈哈]
1,这伞倒更衬托出了首相童鞋的绅士风度，国母则依旧那么优雅淡定，喜欢这样的画面 嘻嘻 金歌 要是卡梅伦为昂山素季撑一把细花儿阳伞，岂不更诗意，哈哈 英国驻重庆总领事馆 绵绵雨丝一牵长，庭中草木略芬芳，近旁绅士撑破伞，婷婷一人立在旁。忽略左边打油诗不计，来猜猜她是谁？ [嘻嘻]
1,好萌好可爱的 主题的时尚婚礼啊，祝福新人新婚快乐，百年好合 太开心 [太开心]
1,挪鸡鸭 哈哈 互联网数据中心 诺基亚？ [哈哈]
1,陈朝华 没有人知道我一直爱着你。我怀揣着对你的爱，就像是怀揣着赃物的窃贼一样，从来不敢把自己暴露在光天化日之下。 刘春 好冷的一瞥啊 嘻嘻 [嘻嘻]
1,是榆钱不是 于谦 年轻的小伙伴们不要搞错哇 于老师，您好这口么？ 嘻嘻 馋嘴 [嘻嘻] [馋嘴]
1,南城的兄弟姐妹，你们今天吃锦芳的元宵了吗 嘻嘻 风的来世 艾蒿的 百变小洁 可爱淘桃 时光穿梭 手机爽行云端 [嘻嘻]
1,前四名全是奥迪 鼓掌 海毅 [鼓掌]
1,哈哈 哈哈 可怜的麦当当，这不是招砖盖墙么 微评 王婧 社会化平台是平等开放随意的，但并不意味着企业的行为也可以如此，任何社会化行动背后都应该有严谨的研究支撑。要提倡 假随意，真做作 [哈哈] [哈哈] [微评]
1,亲亲 亲亲 [亲亲] [亲亲]
1,赞 微博搞笑排行榜 太形象了有木有！！ 嘻嘻 你妈是这样的么？ 偷笑 [赞] [嘻嘻] [偷笑]
1,俾斯麦不仅铁血而且腹黑， 年他听说俄国撤回驻法大使的消息 标志法国将因为克里米亚对俄宣战 ，在日记里写自己琢磨着拿这个消息吓唬谁，出门一看迈耶 罗斯柴尔德正坐在门口，于是就告诉他了。然后饶有兴致的观察迈耶的脸先吓得惨白，然后喃喃的说 我要是早上知道就来得及把债券卖了 哈哈 [哈哈]
1,或羊村位于泰国中部叻不府 的 区。大家可以观赏比较可爱的羊群、亲自喂羊或乘坐摩天轮观景。此外，游客还可以参与射箭、骑马、玩游戏等活动。营业时间：周一到周五 ；周末及节假日 。另外，门票还可以换取小羊喜爱吃的食物 太开心 [太开心]
1,哈哈 提出要求让老公保持旺盛动力吧！ 梁珊 动力源都差不多。 [哈哈]
1,俺失眠 可以见证 嘻嘻 半瓶子醋 一杯白开水 得得瑟瑟的二人世界 王旭 美食影像 魔女降临人间 沈阳最美食 所谓的 末日，只不过是连续三天黑夜 [嘻嘻]
1,微游山东 两湖达人山东行 这么美的济南，这么美的千佛山，心动了吗？ 围观 新浪山东旅游 微游山东 两湖达人山东行 小虎同学 童鞋拍的千佛山好美！一个老城，有山有水，这就是济南！小伙伴们爱上这里了吗？ 嘻嘻 小钟 易粉寒易粉寒 贾先兵 江涛视觉 天下第一泉 [围观] [嘻嘻]
1,四大才子都是谁啊？认识一下！ 冯雪 真的吗？我们太幸运啦，能认识这个才子 哈哈 哈哈 哈哈 韩姐教你下厨房 现代可汗 京城四大才子之一 鼓掌 威武 郭文俊 冯雪 可汗拿到晚宴菜单了吧？每道菜都记得好清楚呢 [哈哈] [哈哈] [哈哈] [鼓掌] [威武]
1,于于萍萍 鼓掌 金晔 我们会继续努力的！ 姚戈 ：这是一部非常好看的电影，很真实，很感人。 [鼓掌]
1,他 张杰 又送玫瑰花，又等她睡醒才叫醒她，又唱歌又跳舞的，我简直不是人啦！ 杜汶泽 也太有了，现在回顾起来也那么搞笑！还有你那张先说再撕的卫生纸！ 哈哈 [哈哈]
1,董克平 出实力最具备表演天赋的，拍电视的人里厨艺最高的，那一定是陈庆大师了！ 哈哈 光头陈庆 别啊，哥看您说的 哈哈 [哈哈] [哈哈]
1,巨星猜猜猜 嘻嘻 罗技中国 我在这里 [嘻嘻]
1,那我们选择哪种呢亲？ 太开心 [太开心]
1,威武 绿之源王应鹏 可以 中俊崔春婷 哈哈 [威武] [哈哈]
1,早安西江 怎么吃早餐最养胃 吃热：早晨摄入冰冷饮食会影响微循环，导致血流不畅。 合理搭配：牛奶、豆浆任选其一，谷类食品能纠正低血糖现象，鸡蛋、豆制品、瘦肉让人不易饥饿，果蔬提供丰富维生素和膳食纤维。 多摄取碱性食物。小西 抱抱 提醒各位亲们，要注意早餐饮食哟 亲亲 [抱抱] [亲亲]
1,哈哈 封新城 还真像。 [哈哈]
1,郭晏平 谁故意这么干的？一定是阶级敌人搞破坏 哈哈 鬼谷子刀具 转发微博 [哈哈]
1,小伙伴们 兔子 熊猫 ，商妹儿今天继续在东郊记忆等着你们哦！ 爱你 [兔子] [熊猫] [爱你]
1,支持真话， 哥来了，哈哈 嘻嘻 [嘻嘻]
1,女主人的照片才是亮点 太开心 咖啡 [太开心] [咖啡]
1,有的人，在阳光明媚的日子里愿意把伞借给你，而下雨的时候，他却打着伞悄悄地先走了。 偷笑 哈哈 赞 [偷笑] [哈哈] [赞]
1,超级笑星 微直播 随着 温碧泉 足球宝贝啦啦队的热舞开场！亲们嗨起来了么？ 哈哈 [哈哈]
1,鲅鱼圈国际啤酒节 明天啤酒节正式开幕，趁着细雨先到会场打探一番，一切准备就绪，只待举杯狂欢啦 可爱 啤酒节欢乐季 新浪辽宁旅游 我在这里 [可爱]
1,带着家人去御庭 追蝴蝶，采桂花，小伙伴们都开心极啦 鼓掌 鼓掌 这里没有拥堵的人群，这里只有悠闲的心情，这里没有吵杂的声音，这里可以聆听自己的声音！苏州李公堤御庭，小伙伴们等你来喔 我爱苏州 杂志苏州版 苏州李公堤 [鼓掌] [鼓掌]
1,谁拍的呀，这张美 鼓掌 董芳 汇英杰 而立的北京男人 本来人家坐我前面的，结果变成你了！ [鼓掌]
1,尤其是你那件羽绒服长了个降落伞的样子，你小心被风吹得飞起来。 哈哈 [哈哈]
1,前阵子活动上，回味到那英的歌，那些快遗落的歌单。今中午长长的听那英的歌，深深触动了我，莫名的，这样的歌者才是有位置的！ 爱你 爱你 [爱你] [爱你]
1,同为毛党，转一下。 嘻嘻 刘波说书 嘻嘻 [嘻嘻] [嘻嘻]
1,迷糊娃娃 有如神助之 嘻嘻 环球时尚家居 太真相了！！！！ [嘻嘻]
1,去这么浪漫的地方表达爱，一定会成功吧 抱抱 维洛纳主题酒店 小情调，大精彩 表达爱，就现在！有奖活动进行中 心 赶快来参加！ [抱抱] [心]
1,我会武术的 威武 哈哈 冯雪 王总，总是那么俗气，总喝酒。为我们跳之舞吧 哈哈 哈哈 哈哈 ，等待中 王星餐饮品牌策划人 其实此刻我们和会长的内心都是活力四射！来，我代表年轻人敬大家一杯，哈哈 冯雪 年轻人，活力无限。会长，我们也曾年轻过 胡滨微博 [威武] [哈哈] [哈哈] [哈哈]
1,半个小时一片 哈哈 [哈哈]
1,哈哈 哈哈 哈哈 哈哈 哈哈 偷笑 [哈哈] [哈哈] [哈哈] [哈哈] [哈哈] [偷笑]
1,其他都 ，但是行动缓慢未必就能包容，比如某青少年科学杂志的现任主编许先生。 嘻嘻 爱上时认为是性格互补，分开时又认为是性格不合 人还是同一个人，性子还是那个性子 [嘻嘻]
1,每日一栈 恐怖客栈集 在西安有家客栈，床是兵马俑抬着的，客厅摆放着大大小小十几个兵马桶，就连厕所厨房也都是兵马桶。有没有种殉葬的赶脚 嘻嘻 嘻嘻嘻，开玩笑啦，西安兵马俑公寓地处西安市中心西华门八家巷，距离钟鼓楼回民街步行 、 分钟可到。听说外国客人都预定火爆哦 [嘻嘻]
1,莫名滴我就想起 哈哈 哈哈 哈哈 哈哈 旅人 [哈哈] [哈哈] [哈哈] [哈哈]
1,这世上总有一些格外浪漫的创意设计。晚安，明天节日快乐 可爱 [可爱]
1,可爱 黄太吉传统美食 感谢同胞远道而来 爱你 爱你 [bm可爱] [爱你] [爱你]
1,发现之旅 海豹湾 美国海滨城市圣地亚哥，圣地亚哥的海滩上常年栖息着数量众多的海豹，在这里人与动物和谐相处，互不干扰。好有爱的地方 爱你 [爱你]
1,我不懂什么意思 哈哈 顾日月之明 哥们 咋了 念戏果 獗搬山儿吧 [哈哈]
1,，希望我们拥有阳光灿烂的每一天！ 爱你 梅心梅肺 新年的第一缕阳光！一定与往年不一样 [爱你]
1,哈哈 范幼龙 傅昶瑞 天秤百合空间 哈哈 整倒全家，孩子大了，继续整 [哈哈] [哈哈]
1,回复 薇然 早晚长袖 风衣 暖和外套；中午可穿比基尼、长裙 可爱 薇然 一月中旬去海南穿短袖还是长袖啊 [可爱]
1,为什么 尾鳍 一直在吃毛脚蟹吃个不停，因为他是毛脚女婿哦！哈哈，允许我一边去笑一会儿 太开心 偷笑 [太开心] [偷笑]
1,相当赞！新车感觉如何呀？明天好带我等去张江吃中饭来 挤眼 你又有好多包裹来啊，都是娃娃吗？ 哈哈 [挤眼] [哈哈]
1,哈哈 李臻 转发微博 [哈哈]
1,先祝福一下自己，快乐是必须的，健康是必须的！也同样祝福关心我的，爱我的人和我关心，我爱的人。 俯拍就是好，光线暗就是好 嘻嘻 大聪聪 矮油漆生快！ 黄丹 哎哟，生生童鞋生快！ 蛋糕 蛋糕 蛋糕 [嘻嘻] [蛋糕] [蛋糕] [蛋糕]
1,笑醒了 嘻嘻 爸爸们，节日快乐！ 最后大喷！！！ [嘻嘻]
1,还记得当初因为你的一张 就一发不可收拾了 嘻嘻 [嘻嘻]
1,哈哈 明明是第 下。 [哈哈]
1,鼓掌 [鼓掌]
1,回复 柳不牛 中青旅 中青旅会展 中青旅联科公关顾问 中青旅百变自由行 中青旅出境国内旅游 中青旅葛磊 中青旅新疆公司郑穗 哈哈 [哈哈]
1,嘻嘻 你我的心：中文歌词 歌，合唱： 大村敦志 作 ，作曲，演奏， 音：大村敦志 翻译：树海森 可爱 [嘻嘻] [可爱]
1,城市之音四川台 谢探和你比手艺 为了超越 城市之音谢探 ，大家可谓大显身手！不过，左下您这是怎么了？太激动啊 嘻嘻 嘻嘻 哈哈 哈哈 [嘻嘻] [嘻嘻] [哈哈] [哈哈]
1,这孩子在很多方面都表现出了不错的潜质，虽然不是很熟悉，但也算是多次谋面了。所以我们都特别有危机感，我看 记者吴永俊 也是这样的，他从事任何一个行业，那个行业都会因为他的存在而倒一大片的 哈哈 媒体人王剑 天空永远蔚蓝 你给看看，这孩子有做情感作家 妇女之友 的潜质不？ [哈哈]
1,。。。。右边的右边 刘杉 哈哈，这不露馅啦 王健 美联储 从英文抄来的书再翻译回英文？ 哈哈 哈哈 [哈哈] [哈哈]
1,认真、努力、求实、进取！加油！田螺姑娘 哈哈 哈哈 鼓掌 鼓掌 [哈哈] [哈哈] [鼓掌] [鼓掌]
1,卢米埃北京芳草地影城一周岁生日，我们邀请卢米们一起来吃蛋糕喽 生日蛋糕由 精心提供，时间： 日 日下午 。快来品尝甜蜜时刻吧 太开心 [太开心]
1,又败新货了？ 爱你 [爱你]
1,赞 嘉品餐厅 一餐品尽亚洲美味，亲，感谢你的分享哦！ 可爱 北京嘉里大酒店 [赞] [可爱]
1,哈哈 应该算。 [哈哈]
1,一场秋雨一场寒 嘻嘻 [嘻嘻]
1,哈哈 哈哈 哈哈 哈哈 哈哈 哈哈 喔喔喔喔喔哦好大滴龙虾哦 [哈哈] [哈哈] [哈哈] [哈哈] [哈哈] [哈哈]
1,好棒好棒 爱你 [爱你]
1,偶赶脚就一帧 第九秒一闪而过 哈哈 心泉之家 我在片花里闪了 秒，同闪的是 董克平 高小包子 嘎兰 我想说真话 后海胡同四十四号厨房 梦遥 吃完春饼就看 北京味道 啦！ [哈哈]
1,推撞 大家都来看看。可爱的度假车车配度假风浓郁的酒店 抱抱 [din推撞] [抱抱]
1,哈哈哈，有意思 完颜汤姆：我可耻的笑了 哈哈 [哈哈]
1,嘻嘻 欢迎亲来都太餐厅就餐哦，希望都太的美食您能喜欢哦 [嘻嘻]
1,妹子长得好可爱！ 哈哈 [哈哈]
1,你跟这装什么呢 怒骂 折腾吧 大歌 为什么不早说！ 乐儿餐厅 看得我都想吃了，中午员工餐就这个了 嘻嘻 [怒骂] [嘻嘻]
1,很欢乐 嘻嘻 [嘻嘻]
1,哈哈 生活小智慧：小姑娘你太有范儿了！ 哈哈 [哈哈] [哈哈]
1,这神情。 哈哈 [哈哈]
1,好美的村落 爱运动的道长 秋到心田 村里人 回复 燕往春飞 哈哈 爬的高才能看的远。 燕往春飞 登高临下 [哈哈]
1,骗水瓶这事劝各位别干，瓶瓶看来，谎言基本和写脸上一样， 哈哈 蓓儿艾悦 裴虹猪鼓励 悦悦 我们拥有最坚强的内心，不允许后悔的执拗，锋利的唇舌和最善良柔软的神经。虚伪、滥情、投机取巧和 语言的巨人行动的侏儒 请自动绕行。 [哈哈]
1,漂亮的婚房 心 凡是婚礼秀现场预订婚宴的准新人们都可享受免费升级婚房为套房的待遇哟，机会难得，还会有意想不到的惊喜等待着你！ 鼓掌 抱抱 [心] [鼓掌] [抱抱]
1,你别西游记啦，改看这个吧 喵 很写实嘛 咕噜杨小混 这琵琶精长得一目了然 小题大作 不然肿么表现琵琶精呢？ 哈哈 庄秋水 哈哈 西闪 晕 马树洞 商纣王还真是重口味，能把天下亡在这样的仨货上一点儿也不冤了！ 转发微博 [哈哈] [哈哈] [晕]
1,哈哈，整个微博都在春晚直播呢 新年好吖亲们！一定要性福呀 亲亲 亲亲 [亲亲] [亲亲]
1,小海将于 月 日起执行夏秋航班换季计划。 可爱 其中合肥地区将增加部分航线和航班哦，为春季观光度假旅游的大家提供交通便利 挤眼 。具体新增航班计划如下： [可爱] [挤眼]
1,哈哈 宝宝树育儿网 哈哈 德智体美 劳 全面发展！粑粑麻麻再也不用为谁做家务斗智斗勇啦！ [哈哈] [哈哈]
1,鼓掌 威武 乐者张笛 来真的？洒家的名号都上海豹了 好吧，招呼人！ 牛 解决网许怀哲 舒琴兮 乌实 琼喜乐 泰儿 滴水宝儿 孙家小慧 常静 [鼓掌] [威武] [牛]
1,有爱的背影啊！ 有鸭梨 玫瑰 制片潘冬 焦点虚一点还真有点像，哈哈 金马导演 支持晓光导演的新作品！我看中间的照片，我立刻懵了，我以为是我呢。。。哈哈。背影太像了！ 晓光导演 爱你 许愿 礼物 [有鸭梨] [玫瑰] [爱你] [许愿] [礼物]
1,那不是干净不干净的问题，是你的不锈钢勺子太薄，一烧就会黑。厚不锈钢，材质好些的，基本不会出现这种问题。 你家勺子好干净！俺家老公也爱用勺子热油，八过俺家勺子都纯变黑的了 哈哈 [哈哈]
1,新改版的 假日特色套餐 月起正式推出，准备好享受假日美味吧 嘻嘻 [嘻嘻]
1,回复 大炜杨 嘻嘻 大炜杨 哇！宝格丽！ [嘻嘻]
1,责任 各位早安 嘻嘻 养心妙语 扛得起责任、同得了甘苦、守得住寂寞的，才是一辈子的恋人。 [good] [嘻嘻]
1,这不就吃上了嘛 嘻嘻 上海的遗憾北京补上 赞 [嘻嘻] [赞]
1,直播马上开始，谢谢所有问候我的朋友们，大家的心意我都看到了，非常非常感谢！所以，我要用百倍的精神和各位把吃喝玩乐进行到底。 盛博 我们一起出发吧，今天要搜索新东城的美食场所。欢迎大家踊跃提供美食线索！！！ 太开心 [太开心]
1,回复 阿琳 小史是在美国加利福尼亚州圣罗莎，他出生的地方带回来的。 心 阿琳 回复 千阳游走世界中 这就去买书 嘻嘻 另外那只小史是在哪买的呢，好喜欢 心 千阳游走世界中 回复 阿琳 你买了书就会有的。 偷笑 嘻嘻 阿琳 能要张史努比的明信片吗 心 [心] [嘻嘻] [心] [偷笑] [嘻嘻] [心]
1,落水了吗？ 莫慧兰 今天晚上看我会不会落水 哈哈 看看大家落水的情况吧 嘻嘻 [哈哈] [嘻嘻]
1,雍正感扑面而来 真的要盛世了么 哈哈 [哈哈]
1,飞蠓围脖 哈哈 陶短房 新西兰女作家，呃。工合运动可是上了美国军史的 萧含 回复 黄日涵 白鹤 路易 艾黎，男，新西兰作家。著有诗集 工合 山丹笔记之页 充满生气的北京的片断 今日中国 等。 百度 [哈哈]
1,图片配的绝了 哈哈 哈哈 哈哈 [哈哈] [哈哈] [哈哈]
1,来来来，告诉小开你在哪？ 哈哈 [哈哈]
1,鼓掌 鼓掌 神舟国际酒店 [鼓掌] [鼓掌]
1,从 角度看学英语 要是用翻译的方法学的话就像跑虚拟机 一样， 处理速度 思维 和输出 表达 之间总存在损耗 。 不如试试用原生态学法， 从思维方式开始改变。 一开始会辛苦点， 但小成之后就不用损失"带宽"了。 不过最后两套思维就像两套不同的"算法"， 挑一套适合自己的才好。 哈哈 [哈哈]
1,我能想到最浪漫的事儿，就是和你一起吃成个胖纸 把握轻松旅游好时光，万豪又来呈献惊喜优惠啦！现在通过小艺预订万豪国际旗下的国内指定酒店，就可享 自助早餐优惠及第二位半价！北京，上海，香港，杭州，苏州，南宁，嫩们的下一站是哪儿？ 鼓掌 [鼓掌]
1,穿红着绿，观夏初清朗风景，身侧有友如花，不胜乐之！ 哈哈 太开心 [哈哈] [太开心]
1,啥味捏？ 现代可汗 ！ 梧桐小余 回复 闻博 欢迎欢迎热烈欢迎 鼓掌 闻博 求品尝！ [鼓掌]
1,回复 斐济印象斐济首家华人婚礼顾问 感觉不错 斐济印象斐济首家华人婚礼顾问 是啊！真的很漂亮。 没有蛀牙的 回复 乔迪 可爱 乔迪 我们的对戒还有漂亮的婚纱 嘻嘻 没有蛀牙的 酷 酷 酷 福福福小茄 先看看这几张解解馋 [可爱] [嘻嘻] [酷] [酷] [酷]
1,你有吸烟的自由，但你不能自由地吸烟 鼓掌 [鼓掌]
1,美女老板，以及更美的老板娘 哈哈 活着活着就明白了 对对对，宣传宣传，万一火了呢，你得预定啦！哈哈！嘟噜是老板，我是老板她娘！老板娘由此而来！ 王小闹归来 介是要拍宣传片么？常不在店的老板娘是说嘟噜么？ 思考 [哈哈] [思考]
1,谢谢饭团子的两周年礼物 可爱 挤眼 抱抱 我就是驴牌的命 心 心 心 心 心 [可爱] [挤眼] [抱抱] [心] [心] [心] [心] [心]
1,度假频道 超值推荐 月 日上海出发，就后天 周五！！特价机票 特价房的完美组合。美佳航空直飞，住宿是别墅级的 泳池别墅 沙滩别墅 ，还含 早餐 晚餐。 瑞喜敦岛说是有世界上最大的珊瑚岛，优美的环境被世界教科文组织高度赞誉。要去的真心别错过。 太开心 亚洲廉航网 自助游教室 [太开心]
1,哈哈 那就卖了吧，再来我们这儿买辆房车，就有房有车了，再加上这个营位，生活条件绝对是很好滴 哈哈 没有船票的妞 看得我想把房子卖了 哈哈 哈哈 [哈哈] [哈哈] [哈哈] [哈哈]
1,鼓掌 鼓掌 鼓掌 赵薇 赞 致我们终将逝去的青春 本 致我们终将逝去的青春 封面的 看电影 杂志作为礼物送给第 届金像奖所有嘉宾，十分给力！！感谢大嘴！！向所有影像创作者们的青春致敬！！ 致青春 [鼓掌] [鼓掌] [鼓掌] [赞]
1,所有支持 我 一定加倍努力！ 宝小欢 感谢与我们上一年一路相伴的用户，这一年也要不抛弃不放弃在一起喔 嘻嘻 嘻嘻 嘻嘻 新年好新年好！ [嘻嘻] [嘻嘻] [嘻嘻]
1,艺术教育要从娃娃抓起 哈哈 小天才 跳一段跟一段 棒极了！ [哈哈] [good]
1,亲们，现在已经可以购买到了哦 抱抱 ，其它网站正在上货 耐心哦 佛罗里达州旅游局 美国驻华大使馆 美国海洋世界 旅游族 新浪旅游 到到网 东辉 赵锐 张锐清 欲飞的尉菲 玲珑 [抱抱]
1,我们都许愿了，一切都会实现 太开心 黄晓蕴 记得去年你许愿住别墅，真的实现了。 鼓掌 鼓掌 鼓掌 新现代画报张爱东 艹艹西 [太开心] [鼓掌] [鼓掌] [鼓掌]
1,嘿嘿我都不会接了。 曲晶 这话 属实 偷笑 虽然我们一直很低调 鼓掌 汪鹏飞 李韩 北京第四轮 加油 载誉回归这四个字真的不是吹的 [偷笑] [鼓掌]
1,落地窗阻挡住寒风，阳光却依然完好无损地传递进它的温度。周末来费尔蒙享受 吧，暖意融融中，与精致的美食相伴，好像寒冬也不是那么严酷 可爱 [可爱]
1,先学起 很快就用得到了 哈哈 家里再过十来天将要迎来一个新生命了 [哈哈]
1,爱你 [爱你]
1,前脸机器盖盖上了，一切还好 爱你 爱你 班豆班 你 一切还好 吗？ [爱你] [爱你]
1,谢谢 鼓掌 再好的设计也离不开你们的支持呀！咱们继续努力！ [鼓掌]
1,总是在夜晚的时候降雨。好体贴 可爱 [可爱]
1,在北京吃过一次，好期待能来杭州开分店 馋嘴 陈 别小看 麻辣烫 好赚着呢 哈哈 [馋嘴] [哈哈]
1,收了。 嘻嘻 [嘻嘻]
1,老箭摄影 控焦出色 鼓掌 京 银狐 拿着牛头的都不抱怨 哼 刑警视觉 不要抱怨什么相机 美就在咱们身旁 壶亨亨 明暗神采皆飞扬 我是于宝 老李 张继坤微语 河北鲨鱼 老箭摄影 云耳 希 止戈从文 咚咚 天津老达 雪儿静 机场大郭 京 银狐 [鼓掌] [good] [哼]
1,有点儿袁世凯的意思 哈哈 哈哈 王 波 还挺有沧桑感 祁胤 嘻哈包袱铺赵鸣毅 [哈哈] [哈哈]
1,上吃年货做年货，哪里不用餐具 外贸餐具 借你吉言啊 哈哈 哈哈 哈哈 杨亚天 餐具最热卖 外贸餐具 支持 威武 威武 杨亚天 回复 小徐的蜂狂 算， 小徐的蜂狂 蜂蜜算年货不 [哈哈] [哈哈] [哈哈] [威武] [威武]
1,擦，真心便宜！ 哈哈 王超 昆哥 阅 [哈哈]
1,天意啊！ 太开心 电视剧爱情自有天意 天意啊！！！唐家兄妹 挖鼻屎 [太开心] [挖鼻屎]
1,毕业快乐 可爱 刘思雨 恭喜海音毕业，今天有幸被邀请去参加典礼，认识了不少新朋友，虽然极度困，但是还是感觉非常充实，一起加油！既然选择前方，就注定风雨兼程！ 四水归堂摄影创意 [可爱]
1,就说你减肥吧哈哈哈 纪敏佳 好吃噢，不错的四川味道。 鼓掌 鼓掌 鼓掌 [鼓掌] [鼓掌] [鼓掌]
1,单反毁一生 这奢侈 不得毁三代呀！ 嘻嘻 老隋 靠。摸都没有摸过。 蔡司耶拿 转发微博 [嘻嘻]
1,哈哈 星座宝典：让你得瑟 [哈哈]
1,爱你 见证历史的一刻 嘿嘿 第一次做粉蒸排骨 哈哈 揭开小碗 没拍出里面的荷兰豆 可爱 [爱你] [可爱]
1,疯猫黑黑 好多广州人都唔知 野 哈哈 滋味哥食评，运用左排比句 唔错，好唔错，好唔错 偷笑 可惜 系大哥 分店系广州市区 [哈哈] [偷笑]
1,去年就好喜欢！ 画画的张旺 创意非常棒！ 一樽指南针 美极了！！！！！求实体！！ 画画的张旺 旺哥来一发 八卦 我实在是太 了 对去年的作品印象非常深刻，这次是十二生肖全套 鼓掌 王小飞飞飞飞飞飞飞 好喜欢这一套！！！ [鼓掌]
1,南宁，早餐，又一次放弃酒店的免费早餐，来舒记吃老友猪杂干捞粉 嘻嘻 [嘻嘻]
1,回复 小 多问一句，那就是 是每天关注的上限。这个关注人数和服务器有关系吗？ 的 是单天的还是总人数啊？哈哈哈，拜托啦， 万个为什么都知道的刀刀 哈哈 小 关注总人数没有上限，每天新关注的人是有上线的！谢谢专家 文甬 [哈哈]
1,微博搞笑排行榜：这图看一次笑一次 哈哈 [哈哈]
1,佛祖保佑，剧组顺利登船 爱你 ，祈祷岛上这两天不要来台风吧 耶 神风汤 晚点一小时，损失惨重 泪 [爱你] [耶] [泪]
1,去年今日此门中，人面桃花相映红，人面不知何处去，桃花依旧笑春风 可爱 李木子 辛宝儿 张小菲菲 萌格格 蘑菇 王若彤 我们都爱小鱼儿 [可爱]
1,那中年妇女有点小姿色，拍张正面。 镜享人生 重庆 的雨琪 哈戳戳 鄢雨的微博 收音机 稀 干杯 哈哈 你 [哈哈] [?你]
1,想起我们家的小 了，小古牧就是调皮，上蹿下跳的 哈哈 焦糖主义 这名字起的，古牧很可爱啊 [哈哈]
1,我是那百分之二的人 鼓掌 鼓掌 鼓掌 张泉灵 吃惊 晕 哼 [鼓掌] [鼓掌] [鼓掌] [吃惊] [晕] [哼]
1,报告东家他们在看表演，菜刚上，我先做好功课，在。。。。 唐香香的香 三摩地帮主 什么情况！怎么就你一人做饭呢！都看美女去啦！ 哈哈 [哈哈]
1,高级自黑，哈哈哈，无法阻止微博客户端很烂，官方还有广告，自己作贱自己。 哈哈 炒掉 的 和运营才行 [哈哈]
1,祝天下有情人终成兄妹神马的 哈哈 哈哈 偷笑 偷笑 [哈哈] [哈哈] [偷笑] [偷笑]
1,羽毛日 最美搭档欢乐多 嘻嘻 李望 [嘻嘻]
1,票送给了真正热爱爵士乐的幸运粉丝手中，是小编们最欣慰的事 可爱 北京贝尔特酒店 哈哈，谢谢 肉圆姑娘 的分享 顺便预告一下，想观看接下来 爵士上海 音乐节北京站演出的小伙伴要关注今天的抢票活动第二波哦！ [可爱]
1,索筱霏 悦榕庄 郑文卿 灵灵 樱 乌镇的蹄 小花花 俞浮生 鼓掌 鼓掌 鼓掌 [鼓掌] [鼓掌] [鼓掌]
1,你后面都一个排了已经 哼 哼 方大少 求泡妞手段 嘻嘻 张帆 回复 金徽骑士 他们泡妞手段全被我听到了，他们是在我附近区域吗？ 嘻嘻 金徽骑士 这种情况专业的解释叫 波尔代热斯现象 张帆 啊？ 吃惊 安代劲 我的电脑和音响也有过这种现象！ [哼] [哼] [嘻嘻] [嘻嘻] [吃惊]
1,订爱琴海 哈哈 这是 三亚爱琴海岸康年酒店 呀，您说的很对哟 鼓掌 ，精巧别致的设计理念，又不乏专属性和私密性，是家庭出游，情侣蜜月，朋友度假的首选 [哈哈] [鼓掌]
1,谢谢推荐！几家我基本上都去过，专注做事，专业做事！ 赞 杨迪的甜筒乐园 梧桐 梅华周 望京一号餐厅 皇家驿栈刘少军 你们中啦 哈哈 哈哈 哈哈 威武 威武 威武 [赞] [哈哈] [哈哈] [哈哈] [威武] [威武] [威武]
1,无语。 罗渝 真够全能的。。。 的小宇宙 偷笑 飞飞哥 老娘手拿菜刀砍电线，一路火广带闪电 张紫淇 同志我仅代表个人表达对学习委员圣诞的祝福，平安健康！顺颂安扣 飞飞哥 哈哈 哈哈 你是电你是光 [偷笑] [哈哈] [哈哈]
1,推荐 作为华语演唱组合飞轮海其中一员的炎亚纶，同时亦身兼独立男歌手身份 拍手 ，於 月 日将来港於九龙湾国际展贸中心举行其个人音乐会 炎亚纶 睡不着 音乐会 香港站 ！热爱唱歌的炎同学将会於音乐会上大展歌喉，首个在港音乐会，粉丝们没有错过的理由了 鼓掌 ！ 炎亚纶 华研国际音乐北京 [推荐] [拍手] [鼓掌]
1,回复 套娃们的快乐生活 是呀 嘻嘻 套娃们的快乐生活 海底捞！同学聚会吗？你们都在北京工作吗？ [嘻嘻]
1,真的嘿！咱家居然上榜嘞 嘻嘻 漂网学徒老杨 哎呦，有上榜哎。 互联网的那点事 拿完年终奖想跳槽的可以看看这个： [嘻嘻]
1,招财猫来啦！ 嘻嘻 发红包 爱你 酷 心 干杯 你要对这只猫好就能幸福、平安、有财哇，啊哈哈 ！！！ 阴险 来 太阳 落叶 大家元宵节快乐。 干杯 鲜花 手套 咖啡 蛋糕 自拍神器玩美时刻 [嘻嘻] [发红包] [爱你] [酷] [心] [干杯] [阴险] [来] [太阳] [落叶] [干杯] [鲜花] [手套] [咖啡] [蛋糕]
1,你不是又有了吧 偷笑 浅浅风 中午才饱餐一顿韩国烤肉 抓狂 特航商旅陈良均 佩服你不长胖 嘻嘻 [偷笑] [抓狂] [嘻嘻]
1,鼓掌 鼓掌 鼓掌 欢迎惠顾曹杨路 号中联大厦 茶室！ 武夷山红骏茶业 红袍加身私房茶 陈烟旧雨 我在这里 [鼓掌] [鼓掌] [鼓掌]
1,传奇味道 嘻嘻 嘻嘻 赫柏夫人 俏达 李烨 俺家点儿妈 大猫 郭德纲 去加油站借火 侯新庆 食尚小米 梨蓝儿 绝对够味！ [嘻嘻] [嘻嘻]
1,阳光假期玩转南非 我想去开普敦爬爬桌山，去克鲁格国家公园看大象 再去约翰内斯堡的太阳城赌一吧，吃龙虾喝美酒。 阮导 咱一起去吧 哈哈 南非旅游局 [哈哈]
1,年，一个叫斯诺的美国小伙出版了 红星照耀中国 ， 多年后，一个叫斯诺登的美国小伙曝光了 棱镜下的美国 ，叫斯诺的都是中国的贵人鸟么？ 哈哈 斯诺登 [哈哈]
1,我觉得可以有。必须给哦留个位置跳 女孩 你的婚礼上要这样吧！！ 鼓掌 偷笑 李谨彤 [鼓掌] [偷笑]
1,哈哈，咱爸专注呀 哈哈 [哈哈]
1,狮子座的童鞋们看看 嘻嘻 嘻嘻 嘻嘻 [嘻嘻] [嘻嘻] [嘻嘻]
1,傻呱仙草仙儿仙儿的 雀仔梓琳阿加西 大大大老沈 大琦仔平坐 常联系 小台姓孙孙小台 白白雪糕 晓璇 假洒脱 深白椰子 神经错乱精神病患者 好姐们儿的小店，同志们帮忙转发起来哦 有咨询的请私信 威武 亲亲 亲亲 顺祝生意兴隆 鼓掌 鼓掌 [威武] [亲亲] [亲亲] [鼓掌] [鼓掌]
1,支持支持 鼓掌 鼓掌 [鼓掌] [鼓掌]
1,我要转发一下，希望大家都能顺利收到我七月份在青海寄给你们的明信片 爱你 [爱你]
1,捕头 哈哈 双鱼，乖乖跟我走吧 酷 [哈哈] [酷]
1,在昆明吃过桥米线和汽锅鸡 我在这里： 嘻嘻 [嘻嘻]
1,想起高考的时候给哥们送助攻，丫居然抄选择题时都往后顺了一位 王毅 怪不得哈佛毕业的林书豪这么牛 北理徐鹏 这个必须有 哈哈 [哈哈]
1,晓叟 礼物 给力 张继坤微语 晓叟 玫瑰 玫瑰 童心依然不减 晓叟 给力 礼物 给力 江南一钓翁 回复 晓叟 哈哈 太开心 心 西瓜 晓叟 给力 礼物 江南一钓翁 回复 河鱼飞飞 鼓掌 赞 心 西瓜 河鱼飞飞 赞 江南一钓翁 赞 给力 [礼物] [给力] [玫瑰] [玫瑰] [给力] [礼物] [给力] [哈哈] [太开心] [心] [西瓜] [给力] [礼物] [鼓掌] [赞] [good] [心] [西瓜] [赞] [赞] [给力]
1,诗之印记 北京宋庄画家村儿的"连山窑" 不错的手工作坊 今儿淘得了右下角一套壶具粗糙本色的 粗瓷 很喜欢这种粗糙的质感哇 太开心 我在这里 [太开心]
1,哈哈 哈哈 哈哈 哈哈 哈哈 哈哈 你以为期头那么好吃哇 [哈哈] [哈哈] [哈哈] [哈哈] [哈哈] [哈哈]
1,书女沙龙 让我们说说门罗 艾丽丝 门罗作品读书沙龙 鼓掌 诺贝尔文学奖得主丶当代短篇小说大师 关于门罗，你还想听到什么？特邀嘉宾： 格非 著名作家，陆建德 社科院文学研究所所长，吴永熹 资深文学译者 威武 月 日周六 点，地点崇文门 雨枫书馆 译林出版社 [鼓掌] [威武]
1,俺们魔羯很低调啊 鼓掌 自由岛冯晖 时尚猫 女丑女美 大眼的猫是妹妹小 刘芸 我和毛主席同天生日，同是湖南人 吕一 我们摩羯的代表人物 伟大领袖毛主席 是个名副其实的摩羯男！ 郭珍霓 刘芸 晨辰 界庆 我是台湾摄影师大宝 摩羯狂人们请低转 [鼓掌]
1,后街大叔 懿雪懿雪 早知道昨天应该跑对面去看看大叔们 闪闪一番 何 你两今晚好好看看，怀念一下童年 嘻嘻 [嘻嘻]
1,啦啦啦 青年餐厅银河店 扇贝很好吃的干活！嘿 欢迎光临！ 江南 可爱 [江南style] [可爱]
1,回复 郭小懒 哈哈 哥儿们，你在淘宝兼职吗？ 郭小懒 右边亲， 要尝啦，要迅猛快递到海淀黄庄昂，亲，包邮么？ 首都机场朗豪酒店：小编可以在 航站楼第一优先帮你品尝一下空运效果 嘻嘻 首都机场朗豪酒店 小编可以在 航站楼第一优先帮你品尝一下空运效果 嘻嘻 [哈哈] [嘻嘻] [嘻嘻]
1,你看，一过年你就发骚犯病了。 卡卡 哈哈哈哈 也就是你能让我发烧了还笑的这么精神抖擞！ 哈哈 [哈哈]
1,叽叽叽 叽叽叽 飞常准 有这样的福利？ 哈哈 [哈哈]
1,也许有时我们都太注重眼前的幸福却忘记已经拥有的美好，渐渐的，在不经意之间，时间将回忆冲淡，将心里的美好淡忘，也许到那时一切都会变成遗憾 所以我要学会好好珍惜 可爱 [可爱]
1,为非小说类 故乡有灵 拉个票。 我最喜欢的一本书。 鼓掌 [鼓掌]
1,可爱，到手应该会咬一口地说 张小米饭：太美了！我的线买了有一段时间了，至今没有开始！ 文洁：谁小的时候也喜欢钩针来着？！我们缺的不是细胞，是坚持！好喜欢！ 鼓掌 [鼓掌]
1,妈妈，我爱你。要永远年轻漂亮。 爱你 [爱你]
1,生存岛上的捏泥儿，厉害吧厉害吧 鼓掌 [鼓掌]
1,回复 海阔天空 嘿嘿，又打算拾起来了 海阔天空 你总算冒了个泡了！ 嘻嘻 [嘻嘻]
1,最萌吃相 恭喜郭淑贞答对了！黑先森是真的，他现场做煎饼给主持人和嘉宾吃。 孟非 拿到可丽饼就大口大口地吃起来，吃相真是萌翻了 嘻嘻 孟爷爷，你是真的饿了吗？ [嘻嘻]
1,好美的地方 太开心 [太开心]
1,中青旅员工风采大赛 兄弟你老霸道了 嘻嘻 [嘻嘻]
1,太不酷又太可爱了！！！ 可爱 [可爱]
1,大家快仔细看看，找到你心仪的那个人了吗？ 嘻嘻 [嘻嘻]
1,号天空 奔三的男人，生日快乐 嘻嘻 [嘻嘻]
1,抱抱 小刺猬：妈妈，我是不是你亲生的？！妈妈：是呀，孩子。小刺猬：那你为什么从来没有抱过我？！ 七七未央：哈哈，它还把脸捂起来 泡沫心情的微博： 抱抱 秋海海： 泡沫心情的微博 ： 害羞 [抱抱] [抱抱] [害羞]
1,我送 嘎圣诞礼物是香水， 送我的圣诞礼物药是香水。岩岩好一对，然后，然后一对都放紧 屋 圣诞节快乐 哈哈 [哈哈]
1,驴行天下 网友最想去的 个古镇 丽江、乌镇、大理、凤凰、西塘、周庄、平遥、束河、宏村、同里、朱家角、黄龙溪、唐模、木渎、 直、平乐、和顺、洛带、喜洲、枫泾。 爱你 哪里留下你的过往？哪里又是你的向往？ [爱你]
1,我们为能服务这样的客人骄傲！ 嘻嘻 [嘻嘻]
1,啊！！刚要去睡，笑醒了 哈哈 [哈哈]
1,擦！这确实该发微薄！！ 哈哈 [哈哈]
1,哈哈，这个真是笑死了。艺人自己都盗版 嘻嘻 家 的果酱 期待武艺新专辑 滚滚，你还捐那个盗版阿狸啊。。 武艺 请大家一起跟我传递爱心 心 [嘻嘻] [心]
1,绝了，着法子好呀 嘻嘻 每次吃饭都要这样玩，我们下次玩升级版 。 马煜嘉 爱唯伊布落落 花籽儿 我是科儿 绵花汇子 涛子 幸运的晴天 [嘻嘻]
1,明儿接着包 哈哈 哈哈 腾 向各地记者问候新年好 [哈哈] [哈哈]
1,我们的 爸爸去哪了 鼓掌 爸爸去哪儿 看一集少一集。 泪 泪 [鼓掌] [泪] [泪]
1,感恩 悦芯 嘻嘻 [嘻嘻]
1,浮云 今天上午 中午，俺就在直播间陪你过了！这个周四，我会唠叨半天 两种意思都可以 酷 希望你会在，今天请叫我 咖乐青 嘻嘻 [浮云] [酷] [嘻嘻]
1,三盅全会，五味俱全！太奢侈了。 哈哈 深圳板柱 喝醉以后谁都不服？ 哈哈 印岚 扶墙 偷笑 青岛龙江 使劲儿 给力 戴 祁姥爷准备怎么喝？ 深圳板柱 大金地 章鱼哥 青岛龙江 戴 蒋鹏 印岚 姜新国 酷 [哈哈] [哈哈] [偷笑] [给力] [酷]
1,鼓掌 鼓掌 期待 不知道这位童鞋在乌鲁鲁有怎样的冒险体验呢 嘻嘻 围观 [鼓掌] [鼓掌] [嘻嘻] [围观]
1,回到家看到厨房收拾得干干净净，碗个个放得整整齐齐，真是吓到我了！ 哈哈 好吧！就当木呆男用这种方式表达他的 吧！这花开得很是时候，自我安慰下！ 心 鲜花 心 [哈哈] [心] [鲜花] [心]
1,是我的大太阳 想家林志 我笑到都流眼 了 模特张亮 哈哈哈哈！这都哪儿跟哪儿啊 哈哈 哈哈 哈哈 哈哈 [哈哈] [哈哈] [哈哈] [哈哈]
1,唱的人很认真，但我三秒就喷了。。。 哈哈 最疯狂的视频 完全听一次吐血一次 [哈哈]
1,生活中无处不美好。 鼓掌 [鼓掌]
1,看来美个发，也得挑对地挑对时间，连酵素都出现了！看来可以全方位秀一把了！ 哈哈 威武 我在 [哈哈] [威武]
1,周末去旅行吧 哈哈 [哈哈]
1,真的叫带鱼 委屈 对吧？ 然食堂 面条妈的马甲 带鱼！！！烙饼呢 嘻嘻 馋嘴 [委屈] [嘻嘻] [馋嘴]
1,作为近一个月基本无休的人表示，坚持，淡定是美德！表伤心，表郁闷，我们有彼此！ 爱你 霸王回锅肉 要我帮你 老板吗？哈哈，确实！当人们在讨论 ！要连上 天班，太苦了 工作室的同事们大可微微一笑，可悲的人类啊！ 天算什么啊 不过你们都很厉害哟！周一请把内裤穿外面，穿披风来！ [爱你]
1,大家好呀 今晚八点三十分生活频道 有我做的神仙大排 馋嘴 馋嘴 请大家多多支持 围观 鼓掌 中俊崔春婷 营养师陈治锟 郗老师 大班家政 快乐生活一点通 热点红姨 孔张瑜 阚荣光的微博 神舟国际酒店 七天 丹丹 孙珊珊 梦遥 美食地图 熊丽电台 鼓掌 鼓掌 [馋嘴] [馋嘴] [围观] [鼓掌] [鼓掌] [鼓掌]
1,艾玛，这个必须顶啊，速度抢购啊 太开心 太开心 太开心 [太开心] [太开心] [太开心]
1,回复 原声带 不能这样讲自己，每一个妈妈都是伟大的 爱你 原声带 回复 撒兔 看那舌头的画工就不是平民老百姓能画粗来的 泪 我是个米有用的妈咪 [爱你] [泪]
1,哈哈 作为一位具有十几年球龄的业余球员，这条必须转！ 传说中的张卜凡 回复 姜 姜 原来老张也是绿茵硬汉呐 同道中人！ 传说中的张卜凡 绝对赞成！ 姜 条金律。条条靠谱 ！ [哈哈]
1,哈哈，颜老师高！就是高！ 颜家文笔 三爷，你莫听栾平扯乱谈，他卵上来联络图，他是来吃鸡把腿的！出书时必为这个好些。哈。 朱金泰 刘青作曲 霜刃 湖南文艺出版社孙佳 回复 刘青作曲 比如说有花鼓戏的 沙家浜 ，还有湘剧的 沙家浜 ，口味杂得很啊！ 哈哈 [哈哈]
1,这福满楼是怎么个情况？ 哈哈 当 [哈哈]
1,嘻嘻 我们 餐厅的厨师是非常喜欢和客人互动的，海鲜自助晚餐的美食也是相当不错。期待您的再次光顾！ [嘻嘻]
1,香煎三文鱼。外焦里嫩，口感有点像金枪鱼。不过还是生的好吃！ 哈哈 哈哈 哈哈 北京海盈阁水产行 挪威三文鱼官方微博 贰拾壹家庭料理 [哈哈] [哈哈] [哈哈]
1,早安 没有所谓玩笑，所有的玩笑都有认真的成分。 弗洛伊德 可爱 [可爱]
1,。。。 彭彭 风行流弊！！ 花爷丶 风行 我的妈啊 够狠！ 哈哈 抽屉的钥匙 王梓阳的爸 芋魁 风行，神一样的男淫 哈哈 风行网 哈哈 哈哈 哈哈 风行网真男人！！！ 害羞 害羞 关于 那点事 哈哈 优酷中枪了，风行网男人了！！！ [哈哈] [哈哈] [哈哈] [哈哈] [哈哈] [害羞] [害羞] [哈哈]
1,鼓掌 感谢童鞋们的热情参与，我们会继续努力为大家带来高端又极具性价比的特惠信息！恭喜以下童鞋 邹琼 获得 旅游族送出的 元优惠券！ 得意地笑 请获奖者于本周五内将您的真实姓名、手机、邮箱私信我们 逾期视为自动放弃 [鼓掌] [得意地笑]
1,都上架了。江西手机报目前正在进行江西品牌 强视频直播。 马上想啥就有啥 安卓版有吗 大江网 话筒 话筒 鼓掌 大江网练蒙蒙 江西手机报客户端上架了 江西手机报 呵呵 大江网 中国江西网 江西日报 大江网练蒙蒙 黄新阳 南昌发布 [话筒] [话筒] [鼓掌] [呵呵]
1,花希夏 芯妤 跟著佳佳 一 太 心 太 心 太 心 太 心 太 心 宏 真可 嘻嘻 大家跟著做做看喔 超级减肥王 超级减肥王 哈哈，我们的大号女神即将变成励志女神！ 天甩掉 斤！！ [太?心] [太?心] [太?心] [太?心] [太?心] [嘻嘻]
1,哈哈哈，最右 今朝有酒醉 我也笑出声了，最右！ 鹿小昭 。。。 永乐大典典 哈哈哈哈 阿子 人家现在可是国家领导人！ 天天天乐 笑出声了都！最右！ 吴船 哈哈 地摊周报巫医饭 哈哈 妖妖小精 色系军团 哈哈哈哈哈哈 哈哈 善男信女们，我想死你们了！ [哈哈] [哈哈] [哈哈]
1,必须是活埋 进城小农民 周瑭 王东 哈哈 仁达方略王吉鹏 哈哈 [哈哈] [哈哈]
1,新七天田原 也可以帮你挥霍！！！ 周达洋 求妹纸挥霍 哈哈 [哈哈]
1,真不希望在苏州看到这样的东西 衰 遨游知道 回复 俞白眉 别乱讲，毁了你的美腿不说，还摧毁了人家 的冠名欲望。 哈哈 您真不愧是 编剧 有故事 道士海江 李蕾 回复 俞白眉 俞白眉 别乱讲，毁了你的美腿不说，还摧毁了人家 的冠名欲望。 [衰] [哈哈]
1,哈哈，看完这个笑死我了，看来我有退休金了！ 嘻嘻 [嘻嘻]
1,回复 因为智商 嘻嘻 是什么让他们这样看我们。。。 小虎同学 回复 燕子 二比快乐多啊，你看弯弯多快乐 哈哈 燕子 难道他们大部分人真的这么认为吗？ [嘻嘻] [哈哈]
1,淡定的表示祝福。 网页 图书： 沈浩波：祝贺南总和 杨柳 。多年积累的感情，修成今日的正果。保密工作做得也好。连我都被蒙在鼓里好多年。太牛逼了。祝贺你们。办公室恋情的典范！ 哈哈 [good] [哈哈]
1,嘻嘻 田品 嘻嘻 [嘻嘻] [嘻嘻]
1,美妇！一起做精致女人 嘻嘻 嘻嘻 茗茶坊美妇 做个地低成本的精致女人 嘻嘻 抄送 朱学东 [嘻嘻] [嘻嘻] [嘻嘻]
1,这不错 鼓掌 [鼓掌]
1,苏溪漫漫 琪缘 来去之间 威武 清华南都 牛！ 酷 何小苇 数据分析真牛逼！ 咆哮的大大熊 转发一看 这分析有料 数托邦 偷笑 做鬼脸 仔仔细细地看了一遍，我只觉得。。哇塞这个统计数据流量的公司好洋气啊！！！ 哈哈 哈哈 哈哈 害羞 害羞 [good] [威武] [酷] [偷笑] [做鬼脸] [哈哈] [哈哈] [哈哈] [害羞] [害羞]
1,回覆 宝宝赵小猴 很帅的包！ 我没那个相机哎。。 要不你问问 宝宝赵小猴 石头叔也用他们家的包？ 能放下 麽 亲亲 [亲亲]
1,舌尖上的郑州 在曼哈顿周围的达人稍后的午餐不如去曼哈顿吧 嘻嘻 嘻嘻 嘻嘻 [嘻嘻] [嘻嘻] [嘻嘻]
1,想要 小 老师：怎么舍得吃呢？ 爱你 哈哈 抱抱 [爱你] [哈哈] [抱抱]
1,回复 树嘉 当然是姐姐讲的喽 回头给你 爱你 树嘉 是姐姐讲的吗 我也好想去听哦 [爱你]
1,我到了 嘻嘻 [嘻嘻]
1,哈哈 嘻嘻 我想说真话 [嘻嘻]
1,哈哈 哈哈 哈哈 回复 路延熹 路延熹 回复 东方董辉 当俺遍体鳞伤爬到首都时 千万别当成上访的 不被接见呀 路延熹 回复 东方董辉 冲您这句话 还有那期待已久的茶香 就是爬 俺也爬到北京去见您及兄弟姐妹 东方董辉 悄悄问一句路总：您来吗？您知道，我多么希望见到您！哈哈 [哈哈] [哈哈] [哈哈]
1,祝老爸父亲节快乐！！平时错气来西，通个电话倒觉得老爸异常可爱，哎，还是有爱的我。 可爱 朋友说我老爸像那美人阿凡达来 神马 哈哈 [可爱] [神马] [哈哈]
1,我有点说不出口。。。 三年 张帅张帅 救我 纸寿司 嘻嘻 蠢野猪大王 还可看出，骆驼牌袜子也必然用料不俗，所以韩少登雪山既不用穿高帮登山鞋又不用系雪套，他性感的脚脖子可以直接展现出来。甚至鞋底也不需要冰抓，体现出韩少脚踏实 [嘻嘻]
1,如果是真的必成材 哈哈 胡崇曦 牛逼！ 哈哈 [哈哈] [哈哈]
1,泪 我挚爱的两个歌后！太珍贵了！ 爱你 爱你 爱你 [泪] [爱你] [爱你] [爱你]
1,哈哈 也感谢对小俏活动的热情参与！ [哈哈]
1,恭喜 恭喜 鼓掌 彝人制造 馋嘴 今夜来醉醉 张清源 阿侯 俄地依则 阿佳卓嘎 艾瑞娜 [鼓掌] [馋嘴]
1,回复 筑成世方 告诉俺人数，每个吃货只给一对儿，一公一母两口子，中不？ 呵呵 多了吃不香。 筑成世方 哈哈 整！ 嗨辣老孙 中壮 筑成世方 哈哈 王岩 地产 明天晚上的聚会请大家不要忘记！不要迟到！ 呵呵 [呵呵] [哈哈] [哈哈] [呵呵]
1,小卢 哈哈 [哈哈]
1,哈哈，好啊 格蕾丝 哪能那么不堪一击呢 酷 ，集训加课随时听从您的召唤 偷笑 格蕾丝 特棒！我和文哥都收获很大！ 嘻嘻 轮滑风影 昨晚的集训有啥感觉？ 格蕾丝 ， 赞 鼓掌 鼓掌 轮滑风影 格蕾丝 憨憨 憨 杜 可乐的好妈妈 [酷] [偷笑] [嘻嘻] [赞] [鼓掌] [鼓掌]
1,周末加班的我。邪恶了 哈哈 哈哈 哈哈 [哈哈] [哈哈] [哈哈]
1,看我家的小傻瓜！ 爱你 [爱你]
1,应该地，家乡队嘛 鼓掌 [鼓掌]
1,嘻嘻 看到啦 左一和右一和中间的比较帅 哈哈 哈哈 [嘻嘻] [哈哈] [哈哈]
1,我在 签到 次 ：吃草啃兔子顺便打打 哈哈 [哈哈]
1,恭喜啦 鼓掌 浙江卫视 人生第一次 恭喜小伙伴，感谢一路有您 礼物 浙江卫视十足女神 恭喜 沫小乖麽 获得 一部 礼物 请私信您的邮寄地址及联系方式，我们将尽快为您寄出奖品哦 得意地笑 感恩 ，一起 浙江卫视新年倒计时 钟 [鼓掌] [礼物] [礼物] [得意地笑] [钟]
1,嘻哈包袱铺刘凤东 嘻哈包袱铺官方微博 太开心 奇艺娱乐 现在在 桌面上也能直接看 嘻哈包袱铺 的相声啦！ 鼓掌 很好用的应用！ 嘻哈包袱铺官方微博 高晓攀 嘻哈包袱铺高凤鸾 [太开心] [鼓掌] [good]
1,回复 光海神翼 呵呵，的确很美 可爱 [可爱]
1,美女公主和青蛙王子是不变的传说，想要快乐想要美丽， 蛙 一下 鼓掌 林广杰 青蛙王子 今天来了好多美女 可爱 美女爱美蛙 天秀汇乐蛙蛙 彭涌 爱美食 杨代胜 陈玉霞博斐秀禾 下周去尝尝 馋嘴 [鼓掌] [可爱] [馋嘴]
1,必须的好喝。 嘻嘻 [嘻嘻]
1,晚上又要去锻炼啦。最近总是想着偷懒，不过想到锻炼队伍从一人增加至两人，还是有点儿期待的，哈哈哈 亲亲 [亲亲]
1,听说 建家小业 剧组今天去上香，那我也去拜一拜吧 太阳 太阳 祝票房大卖，各位情人节快乐 心 心 顺便为事业、姻缘求了两支签，解的不太满意。 姬超字栖迟 杨欣 二位大师能给解下么？ 嘻嘻 嘻嘻 嘻嘻 我在这里 [太阳] [太阳] [心] [心] [嘻嘻] [嘻嘻] [嘻嘻]
1,广而告之 鼓掌 广西科学技术出版社 新鲜出炉的好书，不买白不买！！！ 只卖 折哟！还包邮哦！看完给好评哟！ 健康长寿饮食指南 [鼓掌]
1,马上有对象 声声入耳 偷笑 做鬼脸 嘘 迎风也三尺 明天我去溜达溜达 哈哈 声声入耳 哈密早市上也有卖的 哈哈 耶 向上的力量 以前街上多 迎风也三尺 现在很少见到 馋嘴 向上的力量 这么早？ [马上有对象] [偷笑] [做鬼脸] [嘘] [哈哈] [哈哈] [耶] [馋嘴]
1,回复 你有华东地区的暂住证，就可以来我社办理日本签证，个签只要材料充足和真实，一般不难通过，现在日本机票也便宜，你选择自由行，我们可以按你的要求给你预订日本酒店 嘻嘻 [嘻嘻]
1,亲，我们的最美员工需要发送邮件至人力资源部进行评选哟，不过到微薄拉拉票也是可以的 可爱 哈哈 [可爱] [哈哈]
1,仙境，画壁应该到大溪地拍 嘻嘻 品行之旅 品行答疑 塔西提岛 ，一般又称为大溪地，是南太平洋中部法属玻里尼西亚社会群岛中向风群岛的最大岛屿。已超级清澈的海水、未被人为破坏的风景而著称 灰太狼抓羊羊：哪个国家的？ [嘻嘻]
1,乍一看，我想这是不是男的反串的？细看，不是 ！ 黄玺赫 回复 什刹海旅游官网 闭月、羞花、沉鱼、落雁 什刹海旅游官网 回复 黄玺赫 小编是哪个啊？ 偷笑 黄玺赫 春夏秋冬啊？ 鼓掌 [偷笑] [鼓掌]
1,美 转 可爱 [可爱]
1,鼓掌 晚上有大餐，吼吼 [鼓掌]
1,话筒 民以食为先 讲的虽是普通百姓的市井生活，但这组甜品融中华之文化大成，巧做 笔、墨、纸、砚 与几款传统民俗小食，以精妙的手法，绝佳的形制，惟妙惟肖的表现了甜品的形。 福、禄、寿、喜 四字更寄托了主创者对大家的美好祝愿 可爱 洲际酒店集团厨艺大赛 [话筒] [可爱]
1,我喜欢低头的那张，显得偶文静！ 抱抱 [抱抱]
1,让生命孤独地怒放 汪峰 是最爱的男歌手！谢谢 甲小六儿 鼓掌 [鼓掌]
1,鼓掌 大头九袋 年开始创业前，我做了近十年的英语培训老师和学校管理工作，深知对于跟我一样的老师和校长来说，有自己的 网络教室 是根本无从下手的事情，因为我们完全不懂，这也就使我们没办法开网校！现在有了 多贝网校通 你再也不用担心场地问题！网校通天下，只要三分钟 [鼓掌] [good]
1,有一男生腼腆用纸条给女神表白，写上： 。纸条回来后写着 。男生欣喜若狂，但随后便默默流泪，你知道为什么么？因为结果等于 ，就是：一巴扇死你。 嘻嘻 嘻嘻 嘻嘻 [嘻嘻] [嘻嘻] [嘻嘻]
1,说得好，大实话。 可爱 [可爱]
1,小悟空大师兄 不二家的木木 潮汐之末 张诗滟 冯言冯语冯吹啥 田羽 我们都爱微小 慢影慢行 小光年书房 小串串钱 西部交际花 你们谁方便的帮转个呗 哈哈 哈哈 [哈哈] [哈哈]
1,夏日花园 微风 微风 绿茵、喷泉、鲜花环绕穿梭 微风 微风 宛若世外桃源的 核心区专属私密花园，是您消夏休闲的首选清凉之地 太开心 酒吧 邀您畅饮纯正 德国教士黑啤酒 比利时福佳白啤酒 时代啤酒 传统配方和独特发酵工艺结合，带给您独一无二的味觉享受 干杯 伴您度过清凉一夏 干杯 [微风] [微风] [微风] [微风] [太开心] [干杯] [干杯]
1,路过 美丫妈妈 起司蛋糕 好热闹的抢购场面，和闺蜜两个人轮流排队买了四盒，挤得直冒汗，不过当美味起司蛋糕塞到嘴巴里时，赶脚一切都值了，实在是好吃！ 太开心 太开心 [太开心] [太开心]
1,转发 厦门等着你。。。赶紧报名吧 小乐映像 狐狸猫 裴小墨 厦门市旅游局 鼓浪屿上慵懒的驻足漫步，环岛路上浪漫的单车骑行，天空中直升机俯览最美厦门之旅，将是一番独一无二的完美体验，旅游体验师 微博达人报名依旧火热，赶紧加入最有追求的达人行列吧 鼓掌 [转发] [鼓掌]
1,被花仙子看穿了 汗 ，当时我心里想的估计是伊面吧 晕 ，不过这本漫画确实跟伊面有关，年代太久远了 教主 鼓掌 帅 神游花仙子 画得太靓了！点解唔考美院啊！我一直觉得你真是个才女！那个不是伊面吗？ [汗] [晕] [鼓掌] [帅]
1,哈哈 胡斌 哈哈 哈哈 [哈哈] [哈哈] [哈哈]
1,吃的我翻白眼 嘻嘻 背包归来 无 [嘻嘻]
1,今晚特别幸福，人品大爆发，大下雨的接到几个电话和信息都是怕我从办公室走不了过来接，感动得不行啦，最后在老邱和老江的呵护下顺利到家。为了感谢这些雨中见真情的朋友，今晚熬夜磨石，争取明天一人送你们个石头心！ 心 心 老邱 口味重 老江 我非绯 懒 和不点名的。。。 嘻嘻 [心] [心] [嘻嘻]
1,冠军名至实归！我心中的好声音！恭喜李琦恭喜阿妹！带着假发的苏永康用陈奕迅的声音唱着张惠妹的歌获得了好声音的冠军 嘻嘻 哈哈 [嘻嘻] [哈哈]
1,这真的是太不故意，太不小心了！哈！ 嘻嘻 可怜 途秀 相信我，我真的不是故意转的 深夜发吃报复社会 [嘻嘻] [可怜]
1,这些主播都是单体，单只，大家可以直接连接过去领取 多琪 石头 乐文 夏从 语珊 凌凌 小 丫头 考拉 子谦 哈哈 哈哈 组队过 节！ [哈哈] [哈哈]
1,遨游知道：以后可以自己制作证件照片啦！ 太开心 [太开心]
1,和 关宝宝 在现场，坐满了。 湛庐文化 预祝活动圆满成功 期待各位参与者的精彩分享 鼓掌 [鼓掌]
1,黑道风云应该让奥巴马写，够黑 哈哈 京城文人 刘笑笑小窝 讴阳北方 刘春 一直怀疑你的 东北黑道风云 是别人代笔的，比如 他回精神病院了 ，因为你没混过黑道；比如 陈晓卿 ，因为你不黑！ [哈哈]
1,基本白说，基本做不到 哈哈 [哈哈]
1,鼓掌 鼓掌 鼓掌 心 心 心 申晨 小熊猫，欢迎来到人间。你要记得妈妈 薛木子 为你受了很多的痛楚，你要相信这世界是美好的，你要试着去思考这一生的意义，你要保持快乐，你要跟随者自己的心。欢迎你来，我们爱你。 [鼓掌] [鼓掌] [鼓掌] [心] [心] [心]
1,偷笑 偷笑 中俊崔春婷 到时候你也会成为受气包 嘻嘻 董坚 是有点不太自然 嘻嘻 中俊崔春婷 妇唱夫随 嘻嘻 青创浩然 那是，一个超级力量型的家伙，现在在家里就是一和平型的孩纸； 可怜 [偷笑] [偷笑] [嘻嘻] [嘻嘻] [嘻嘻] [可怜]
1,小姑娘，出嫁了。。。 哈哈 哈哈 哈哈 [哈哈] [哈哈] [哈哈]
1,回复 年加密绿茶 恭喜你，写对了，格式正确 嘻嘻 年加密绿茶 途易在线竞猜欧洲杯 强为德国、法国、英格兰，班牙，冠军为英格兰。 [嘻嘻]
1,哈哈 李开复 哈哈，看图看图！ 哈哈 [哈哈] [哈哈]
1,月 美食时尚专家团 咦，还有一个吻 害羞 太开心 心 不过 还是要说哦，虽然度数那么低那么低也不要酒驾哟，有关安全的事情都要小心小心再小心。 [害羞] [太开心] [心]
1,节目开始前听专辑，节目广告时间听专辑，节目结束听专辑。 做鬼脸 羽泉陪你过周末 最美和声 预祝专辑 拾伍 大卖， 最美和声 收视大吉 鼓掌 威武 [做鬼脸] [鼓掌] [威武]
1,你放心他走不快，我拿定位仪看着他 嘻嘻 嘻嘻 熊丽电台 小宽，是我朋友，一个有才的胖纸，一枚用心的吃货。眼瞅着书越出越讲究，同为吃货的我压力山大啊！我只能在其身后，边追边唱，小宽啊，你慢些走，慢些走 [嘻嘻] [嘻嘻]
1,二十九的年夜饭，花牛做麻辣香锅，鼠爸竟然不相信是俺做滴 哼 皮冻，煎鱼，还有猪蹄 今天一定要吃猪蹄，搂宝 哈哈 哈哈 [哼] [哈哈] [哈哈]
1,可以试试用脚后跟思考问题。 嘻嘻 [嘻嘻]
1,出门去见朋友 哈哈 太开心 [哈哈] [太开心]
1,午餐，感谢 管家的日子 裘书书 无等等咒 给我们全家带来了幸福的生活 可爱 。 我爱巴基度 [可爱]
1,鼓掌 鼓掌 姐就是个霸气范儿 所以请记住这句话：爱到亲人，才是永恒。 [鼓掌] [鼓掌]
1,童鞋们，你们有见过这么可爱的春卷么，想吃的果断举手 抱抱 [抱抱]
1,晕 林夕 兔 哈哈 哈哈 哈哈 哈哈 哈哈 这一双大媚眼 花心 花心 花心 花心 [晕] [哈哈] [哈哈] [哈哈] [哈哈] [哈哈] [花心] [花心] [花心] [花心]
1,传说中的撒丫子 哈哈 [哈哈]
1,哈哈 哈哈 小 转发微博 [哈哈] [哈哈]
1,哈哈 很气场的说，突然想念哥顿哥哥的无限创造力！ 杨青 今天被我的闺蜜哥顿挑衣服，在适合我的有限的范围内，哥顿发挥了无限的创造力，店员和顾客纷纷驻足围观，我羞涩万分，这套似乎是不错，但似乎又热了点儿，呃 [哈哈]
1,活动做得真的很好喔 鼓掌 兔子 加油哦 小梨子的 兔子 兔子 明天加油吖 各位小小送信天使 泽雁要做得更好 肠崽 捷运天火 谢平彬的天空 虹慧不空虚 好充实，谢谢各位师兄师姐的支持与陪伴，今天超兴奋的说。 太开心 鼓掌 勇俭爱诚 鼓掌 [鼓掌] [兔子] [兔子] [兔子] [太开心] [鼓掌] [鼓掌]
1,偷笑 偷笑 荷塘夜色中 严重祝贺一下！ 鼓掌 鼓掌 西街小吵 [偷笑] [偷笑] [鼓掌] [鼓掌]
1,重点在于心态。 可爱 [可爱]
1,我喜欢这张卡片！ 可爱 [可爱]
1,青春无限好啊，热情洋溢的同学们 赖赖 盛宴传媒 臻臻帮忙转发一下啊，提提意见啊 嘻嘻 爽脆生菜 臻臻小厨娘 在校大学生青春正能量的音频作品，求转发 爽脆生菜 岁月无声，追梦的青春，泽迷好棒！ 赞 及 世 给力 杜俊泽 耶 爽脆生菜 支持 [嘻嘻] [赞] [给力] [耶]
1,馋嘴 陈梁 回复 贾翠萍 来吧 哈哈 贾翠萍 强。一直想去走 公里。 [馋嘴] [哈哈]
1,哈哈 偷笑 汗 [哈哈] [偷笑] [汗]
1,好的，喝起来吧，， 鼓掌 鼓掌 鼓掌 鼓掌 干杯 [鼓掌] [鼓掌] [鼓掌] [鼓掌] [干杯]
1,晕了 孩妈咪： 哈哈 洪晃 嘻嘻 的新闻联播 越南直接破产了 姜子牙 ：小样，伪造军牌，无期徒刑！！！ 皇上的红色保时捷 更新的版本也出来了，没用，挂军牌会被上街打酱油的百姓掀翻 孟岩语怪力乱神 ： 越方的回答已经出来了：没关系，我们 [哈哈] [嘻嘻]
1,凡 精 霍树正：我就找店员了！ 李星瑶搞李星瑶：咳咳， 桔小瓢 刘凡钰 棉棉 咱洞是否可以考虑下一块儿去下这家店的哇，接吻自带男伴，实在不行姐今年下半年的初吻借给你们其中一位。。。 嘻嘻 亲亲 思考 [嘻嘻] [亲亲] [思考]
1,茶一萌萌 对了， 月 日是爸爸节，然后就是七夕了，奥运会闭幕也可以做做文章，话说昨天男人节你们做活动了么 嘻嘻 [嘻嘻]
1,大美武夷山 梦想 骄傲也是一种天赋 梦想 这是我去年在武夷山九曲溪边拍的彼岸花！ 爱你 [爱你]
1,意艺坊户外休闲吧即将开业啦！我们盛情地邀请您参加 月 日晚 在酒店一层意艺坊户外举行的开幕派对！ 鼓掌 [鼓掌]
1,爱拍 蛮好玩地 哈哈 哈哈 哈哈 [哈哈] [哈哈] [哈哈]
1,这里是北京。度过一个个污染的日子，北京就是也有青春焕发的时候，怎么着 熊猫 。 哈哈 [熊猫] [哈哈]
1,开讲啦 新年季 周润发大回顾 得意地笑 铛铛铛 发哥这期节目真的是星光熠熠啊！！！小开看到了好多好多小星星！ 鼓掌 周杰伦、 黄晓明 、 赵薇 、 刘亦菲 都给发哥发来了祝福哦 高清剪辑版新鲜出炉，迅速看起来！！！ 周杰 星闻汇 黄晓明全球影友会 赵薇微吧 [得意地笑] [鼓掌] [good]
1,感谢亲们稀饭我们的酒店 礼花 欢迎大家入住古香古色的北京旅居华侨饭店 港中旅孙武 是梁思成设计，周总理经常去的酒店！ 京京 飞 感谢您光临 北京旅居华侨饭店 和对我们酒店的喜爱，今年酒店开业 年了，期待您的再次光临 鼓掌 [礼花] [鼓掌]
1,时间快呀！各位又快到用午膳时辰了，准备开餐 鼓掌 传膳啦 嘻嘻 [鼓掌] [嘻嘻]
1,边打边问：还疼吗？还疼吗？？？？？ 哈哈 [哈哈]
1,哈哈 混血大大大 哈哈 笑疯了 [哈哈] [哈哈]
1,偷笑 哈哈小家伙真可爱 爱你 鼓掌 鼓掌 鼓掌 [偷笑] [爱你] [鼓掌] [鼓掌] [鼓掌]
1,鼓掌 范梅强 心旷神怡 落叶 微风 咖啡 摄影师香炉 转发微博 [鼓掌] [落叶] [微风] [咖啡]
1,鼓掌 好活动要支持！微博达人在哪里？！ 话筒 [鼓掌] [话筒]
1,和谈恋爱一样 嘻嘻 [嘻嘻]
1,回复 董克平 组团吧 太开心 董克平 李小妮 李幸菲 小宽胖 叶军啊 包晓琰 各位，去尝新菜吧。 [太开心]
1,神饼预定开启 亲 ，您预定的 盒鲜肉月饼请于 号中午 左右至我们中餐厅提取，来时请报微博名 馋嘴 馋嘴 。。 竺姐姐 嘻嘻 [馋嘴] [馋嘴] [嘻嘻]
1,湖南卫视 天天向上 咱好盆友麦麦小伙伴肿么辣么美 花心 太开心 鼓掌 爱你 心 鲜花 麦迪娜 [花心] [太开心] [鼓掌] [爱你] [心] [鲜花]
1,谢谢 悦茶集 的奖品，已收到，玫瑰红茶很清香，罐子很好看，可以给我当拍摄道具了。 嘻嘻 [嘻嘻]
1,谢谢 新浪旅游 爱你 [爱你]
1,以前是安德海，落款自然是 安 了，现在看样子应该不是阉人当政了 哈哈 中青报曹林 为毛没有 安 了？ 田科武 我们都想安然入睡。 [哈哈]
1,一句心情签名 就是舒坦！ 嘻嘻 嘻嘻 [嘻嘻] [嘻嘻]
1,嘻嘻 萌宠爱心屋 爸爸麻麻们认可么？ 思考 [嘻嘻] [思考]
1,阿 生日快乐 礼物 礼物 蛋糕 蛋糕 爱你 爱你 爱你 明天铺好红毯接见我吧 鼓掌 鼓掌 提早了点因为我要睡觉了 打哈气 打哈气 打哈气 打哈气 [礼物] [礼物] [蛋糕] [蛋糕] [爱你] [爱你] [爱你] [鼓掌] [鼓掌] [打哈气] [打哈气] [打哈气] [打哈气]
1,哈哈 哈哈 哈哈 笑死了，你就是一淫才 [哈哈] [哈哈] [哈哈]
1,记匈牙利一位幽默的公交车司机。 哈哈 [哈哈]
1,一眨眼就过去的！加油加油 可爱 毛毛 时间是快呀！ 天快的！ [可爱]
1,名单公布！ 经过深思熟虑，主页君决定任命 阮导 吴铮真 三位旅游达人奔赴曼谷参加 亚洲数字创新会议 ！他们将以 途秀 代言人的身份与全球知名旅游品牌商、知名旅游 会面，探讨旅游行业未来和发展。没入选的亲们不要灰心，欢迎参加下一期活动 可爱 ：推荐奖获奖名单请见配图 [可爱]
1,馋嘴 我吃货，我开心 嘻嘻 嘻嘻 嘻嘻 [馋嘴] [嘻嘻] [嘻嘻] [嘻嘻]
1,受够了三机的累赘，果断用回了 一直不喜欢改变器材操作习惯，尤其是忍受不了两件不同的器材同时使用 哈哈 我更愿意把注意力集中在拍摄上，而不是没完没了的参数调节上。 可以让我在平时不用改变拍摄习惯，又能一键拍摄视频，终于可以把 仍在防潮箱了。 辞职去旅行 [哈哈]
1,回复 餐饮人 吴楠 鼓掌 赞 微美食 美食姐这事你怎么看呢？ 餐饮人 吴楠 我申请和石家庄的 ，呵呵 [鼓掌] [赞]
1,恭喜昨日参加 有奖转发美图 获奖的童鞋们 雪梨子 我 的 蜗 牛 又叫樱花雨 脸儿 ！ 鼓掌 请大家私信小编姓名、电话及邮寄地址吧！ 礼物 圣诞快乐！！ [鼓掌] [礼物]
1,女会员专属月拉开序幕 打造北京地区最大女性跑车车主平台 嘻嘻 汽车微吧 后小 新提座驾宝马 入门跑车！超酷哦 [嘻嘻]
1,回复 大白兔子 呵呵，现在正好有活动，龙虾买一送一！ 嘻嘻 大白兔子 打个折吧，或者送个饮料？ 大白兔子 哈哈，已经订好今晚的 人餐 馋嘴 馋嘴 [嘻嘻] [馋嘴] [馋嘴]
1,灯光秀 日本 京车站全息投影灯光秀，浪漫唯美小清醒 心 年 月 日至 月 日没看成的童鞋们，看看视频解解馋吧 嘻嘻 途易在线 蜗居在江户川边 泳茵 猫小屁 东京留学 在日留学生交流会 君君 堂本家的小 [心] [嘻嘻]
1,爸爸最早起的名子，我就是刘小 ，现在小女又回来了！明天开始叫我刘小 吧 爱你 [爱你]
1,可爱 萝卜和党参 [可爱]
1,好不容易遇上个不值班的周日，居然下了一天的雨，我真的服了 可怜 哥一口气看了二十集 狄仁杰四 话说越看越起劲，晚上回来接到看 嘻嘻 [可怜] [嘻嘻]
1,就是军训季开始写滴 嘻嘻 阿敏敏 儿 表示看名字就很有感觉 特别是军训完之后 阿钟钟 月君 王青见青见 [嘻嘻]
1,牛腩来啦！ 抓狂 抓狂 抓狂 勺子里的是鸽子蛋，配上法国人视若珍宝的海盐、松露。一口下去丝滑鲜嫩！赞一个！ 汤汁非常浓郁，不行，我得留着点肚子吃甜品，据说这里的甜品非常顶级！ 嘻嘻 嘻嘻 嘻嘻 [抓狂] [抓狂] [抓狂] [good] [good] [good] [嘻嘻] [嘻嘻] [嘻嘻]
1,大象，大象你肿么啦？午后时光很是慵懒，让我休息，休息一下 嘻嘻 三亚大象 三亚市旅游协会 [嘻嘻]
1,真美啊 爱你 [爱你]
1,耶，开心耶，谢谢葵小姐 爱你 刘小葵 小葵福利社 答案姐提示的这么明显，竟然还有人回答 江南 好啦 开奖了 恭喜以下 位朋友 爱菡若若 许林 宝妮妮妮妮妮妮妮 我叫做很快乐 肉祖宗的秋天快要来 私信我真实姓名 电话 收货地址 感谢您的参与 亲亲 [爱你] [江南style] [亲亲]
1,我饿了 不知道飞机上是否有饭。到了重庆先来顿火锅 馋嘴 馋嘴 血色罂粟 魅惑人间 早安，亲们 玖元素一雷子 陈武涛 猛犸 看 四车同学 血色罂粟 魅惑人间 回复 华洋堂百货官方微博 哈哈 亲们帮转吧 表扬我 大鹏背包走天下 肥肥的煨灶猫 飞鸟与鱼 黑熊耍棍 [馋嘴] [馋嘴] [哈哈]
1,围观 围观 围观 王宝玉 的 美女到南京快去偶遇她了 鼓掌 鼓掌 我却走了 泪 泪 [围观] [围观] [围观] [鼓掌] [鼓掌] [泪] [泪]
1,山里的空气很清新，不舍得下山了 可爱 [可爱]
1,昨天晚上参加 王府半岛酒店 的平安夜自助晚宴派对， 元 位的价格着实让人感到这家五星级酒店的实力和水准。丰盛的美食自然不在话下，超级大赞的就是那个海中虾，个头比我的手机都大，吃四只就饱了 嘻嘻 。演出不错，歌舞和相声都很经典，抽奖有些郁闷，大奖小奖没抽到我，呼呼 嘻嘻 京城美食探店 [嘻嘻] [嘻嘻]
1,鼓掌 禾白少下添 撇一口勺中多 [鼓掌]
1,色彩好美！ 爱你 [爱你]
1,回复 盈 亲亲 鼓掌 兔子 盈 五子 蛋泥泥 将饮茶 话与林一 霜小么 匡 青 科交会 凉风峰 [亲亲] [鼓掌] [兔子]
1,嘻嘻 外带甜品 榴莲行宫 ！好吃，好喝又好玩！ 偷笑 不要小看介个杯纸哦 吃完了还有各种实用性！ 哈哈 待牛腩君收集一下跟大家进行分享 也欢迎大家反馈您的小玩法！ 亲亲 一经牛腩君采纳就有小惊喜送上哦 ！ [嘻嘻] [偷笑] [哈哈] [亲亲]
1,哈哈，你发这两张也是我最喜欢的 爱你 [爱你]
1,偷笑 赵小咛 暗香 哈哈 [偷笑] [哈哈]
1,出发，干活去！ 嘻嘻 奥特曼 威武 围观 打哈气 [嘻嘻] [奥特曼] [威武] [围观] [打哈气]
1,呵呵，存钱赶紧来 哈哈 没有蛀牙的 嘻嘻 破老湿 赶紧给我勤俭持家存钱去！ 破老湿 罗然 太郎 [嘻嘻]
1,神仙算不上，怪兽也不是！就是来拯救地球人了！ 冥界红花 你是短迪大魔王还是神仙？ 好人文姬 哈哈！是救地球人来了！ 吴大庆 猴子你是来请救兵的么？ 嘻嘻 鱼之圆 你是救兵请来的猴子么？ 你是猴子请来的救兵吗 [嘻嘻]
1,爸妈情商 可爱 三岁照片从来不微笑 。虎叔： 这一定是你俩对孩子笑得太少，理性严肃评价过多 嘻嘻 来嘛 爷给妞儿笑一个，妞儿才给爷笑 做鬼脸 人类表情的特质是：相互模仿，包括：微笑、皱眉、不屑等等各种 提问可私信 不逐一回 ，有空挑着发。 [爸妈情商] [嘻嘻] [做鬼脸]
1,哈 嘻嘻 真心不会，我还是那句话：欺负孩子不如祈福孩子 握手 礼物 干杯 心 赞 想飞 企鹅 你家小姑爷肯定不好当。你这老丈人对一个要把你家姑娘娶走的毛头小子还不得百般刁难啊。 [嘻嘻] [握手] [礼物] [干杯] [心] [赞]
1,哈哈 多恋鱼：笑死我 哈哈 我叫任哥 无 [哈哈] [哈哈]
1,欢迎亲爱的朋友！ 心 鼓掌 [心] [鼓掌]
1,城市之音四川台 谢探见面会 城市之音 城市大玩家 城市之音谢探 已经来到成都三圣花乡怡星奔驰 店啦！赶快随小圆宝来一睹车模 探锅 的 风采 吧！ 哈哈 [哈哈]
1,看完蓝精灵了，影评：不错！把幸福快乐好心情传递给每个人 嘻嘻 嘻嘻 嘻嘻 有点回到童年的感觉 话筒 话筒 话筒 啦啦啦啦啦啦唱首快乐的歌 做鬼脸 做鬼脸 做鬼脸 做鬼脸 [嘻嘻] [嘻嘻] [嘻嘻] [话筒] [话筒] [话筒] [做鬼脸] [做鬼脸] [做鬼脸] [做鬼脸]
1,你去不去就知道吸引力大不大喽！ 嘻嘻 加油啊 云游四海 永远吸引吐鲁番 哈哈 俺叫老鬼 魅力火热吐鲁番！ 声声入耳 散发魅力的吐鲁番 推荐 云游四海 永远的吐鲁番 哈哈 带着微博去旅行 俺叫老鬼 近四年前的文章喽！ [嘻嘻] [加油啊] [哈哈] [推荐] [哈哈] [带着微博去旅行]
1,你们是累在幸福中，有个好儿子也不错，听话，哈！ 金耳朵兔子 那我岂不是更累！哈哈哈 苏菲儿 哈哈，我还有机会，你就接受现实吧，不过你家的这位可是个好老公呀 小樱 我也想找一爸一样的老公，结果找了一儿子 哈哈 [哈哈]
1,祝大家节日快乐！ 哈哈 哈哈 [哈哈] [哈哈]
1,夜色，美酒 太开心 [太开心]
1,在家的时间，需要经常表现 漫天飞舞 性感的十个瞬间 哈哈 [哈哈]
1,邓建国 公主出山 全球首映礼，这场面，这场合，这舞台，这嘉宾，真够全球的。 哈哈 [哈哈]
1,呀 有你们的奶茶妹！ 骆仰仰 卡片酱 嘻嘻 [嘻嘻]
1,一会儿看 爱你 夜千 兔拉拉 老婆、、看 兔子 笑多了会怀孕 丧尸片 [爱你] [兔子]
1,所有团队的程序模块都要以通过 方式将其数据与功能开放出来 ，我真的震惊了！太 威武 这篇出现在 的文章一个多月前就流传很广了吧。 哈哈 平台服务化在中国还是没有人能够彻底实践。 李钟伟 开放平台和 的弟兄们请仔细多读读，尤其是第 和 段 [威武] [哈哈]
1,吃饱喝足 上床睡觉 嘻嘻 [嘻嘻]
1,鼓掌 分担 鼓掌 幽幽绿竹林 我爱单反摄影 阳光洒满小院 阳光和天地 苦瓜不苦，好清新 [鼓掌] [鼓掌] [good]
1,那得看她是谁 哈哈 重口味女秘书 有这样的男人吗？？估计够呛。 [哈哈]
1,好额，我们也很开心哦 哈哈 给力 [哈哈] [给力]
1,去台湾旅行，很多地方是一定要去的，其中人人都赞的宁夏夜市、淡水中学，九份，诚品书店决不能少，温暖淡淡的情怀，会一直保留在记忆里，每当回忆都是美好的景色，温暖的话语，可口的小吃，如果有天我打算停留段时间，台湾一定是我的选择之一，因为这是你心灵的停留地 心 爱你 [心] [爱你]
1,经好友证实，我比以前能吃辣的多了！ 哈哈 这要感谢精心锻炼偶滴宝贝们！好想你们呀！ 嘻嘻 黑眼豆豆品牌热卖会中 在完美中收摊儿 [哈哈] [嘻嘻]
1,向新贵努力！ 哈哈 诚诚老爸吴剑 好好学习，天天向上，下一个新贵就是你！ [哈哈]
1,还有几分钟就迎来 年来，香粉们准备好倒计时了吗！ 哈哈 小香在这祝大家 年马上升职！马上有钱！马上对象！马上想啥都实现！ 调皮 [哈哈] [调皮]
1,鼓掌 鼓掌 鼓掌 你个圈圈 哈哈 威武 游走的胖纸 好消息 哈哈 [鼓掌] [鼓掌] [鼓掌] [哈哈] [威武] [哈哈]
1,爱你 哈哈 几米丶小世界 哈哈 太欢乐了 [爱你] [哈哈] [哈哈]
1,看看这位啊 嘻嘻 鲨鲨 [嘻嘻]
1,回复 曼谷杂志 脸书一出，两小时内收获了近 个赞 给力 给力 太开心 曼谷杂志 郭蕊 [给力] [给力] [太开心]
1,每天都有好看的云 嘻嘻 [嘻嘻]
1,安贞 大退房，客人非常有秩序的自觉排队退房， 点之前所有的退房全部退完，非常给力， 住全场 ，再来几次把，再来几次 酷 鼓掌 [酷] [鼓掌]
1,还好认识他，否则就扁他 嘻嘻 嘻嘻 [嘻嘻] [嘻嘻]
1,陪老奶奶喝早茶 鼓掌 [鼓掌]
1,谁的青春不愚人？扒一扒那些年你的 愚人节 事 ，让 门浪乐呵乐呵！ 哈哈 [哈哈]
1,我已经第 了。快！ 蕙蕙 回复 下一站的幸福 嗯嗯，很 啊，我蛮喜欢黄宗泽，又能发 又能 抱抱 下一站的幸福 回复 蕙蕙 看了 许 超帅 花心 花心 花心 [抱抱] [花心] [花心] [花心]
1,准备人生中的第一次：单人皮划艇！一会汇报战况 哈哈 [哈哈]
1,一棵树上的 四个尺码 嘻嘻 [嘻嘻]
1,春江南先绿，一朝一行去。如遇就餐时，当然你作东！ 闭嘴 爱你 [闭嘴] [爱你]
1,改天去试试 雪梨橙 深夜食堂 鼓掌 蘑菇妞阿离 雪梨橙 [鼓掌]
1,我每天吃都吃不腻。 哈哈 [哈哈]
1,回复 韩小鱼 确实效果不错 哈哈 韩小鱼 从采访装备看，再次证明移动互联网的未来， 一下视频 一定会成为未来媒体人爱用的重要报道工具。 佳草 水陆联盟 朱思行 韩坤 [哈哈]
1,哈尼阿塞哟 嘻嘻 [嘻嘻]
1,礼物已收到，很精致也很实用，特别适合我这种经常到处去的人，下次出门就带它了 哈哈 酒店集团 [哈哈]
1,好简单的问题呢，大家快来试试吧 祝好运 嘻嘻 [嘻嘻]
1,话筒 鼓掌 全国餐饮行业 厉行勤俭节约反对铺张浪费 视频会议开始了 [话筒] [鼓掌]
1,我终于也成为 资深 咖啡人之一了。要把咖啡做好，不理光不行啊。 嘻嘻 [嘻嘻]
1,微博 虽然用支付宝我还手生，不过，这个我也拥护用支付宝！ 鼓掌 人家会不会被我们逼疯啊 哈哈 转发微博。 [鼓掌] [哈哈]
1,给力 张家界青和锦江国际酒店 围观 给力 锦江国际酒店 小木 鼓掌 好消息 张家界青和锦江国际酒店 [给力] [围观] [给力] [鼓掌]
1,旅程，从彩色开始 可爱 [可爱]
1,恭喜 玉兰花开你不在 获得 一台！赶快去微活动完善你的个人资料，小编周一会致电你安排兑奖哦！ "粽"情"粽"意系嘉里第五季 有奖转发将于下周一即 月 日早 点闪亮登场，最后一次的机会，你一定不能错过哦！童鞋们呢，周末愉快！ 嘻嘻 [嘻嘻]
1,回复 那女 小樱 别灰心。。多转转哈 还有三次机会呢 嘻嘻 那女 小樱 亲爱的小编 维洛纳主题酒店 为什么不是我啊。。。 泪 泪 维洛纳主题酒店 [嘻嘻] [泪] [泪]
1,嘻嘻 不加 哈哈 [嘻嘻] [哈哈]
1,黄金 秒微直播 恭喜辣妈姜蕾，可以和儿子同场表演咯！ 嘻嘻 [嘻嘻]
1,今日，有客人过来做巧克力水果蛋糕给自己女儿，剩下好多蛋糕坯和水果，于是变废为宝，做了好多好多巧克力球，它们有个很特别的名字：水果朱古力蛋蛋！ 嘻嘻 安顿 麦香猪小肚儿 哈哈 [嘻嘻] [哈哈]
1,有人 月 号跟我一起去广州看医神的演唱会吗？ 嘻嘻 可爱 话筒 [嘻嘻] [可爱] [话筒]
1,陶然万柳世界 让鲆叔说书名好不容易 得意地笑 李鲆 有意思的书。书名也有趣。 陶然万柳世界 谢谢！ 嘻嘻 秦庆瑞 好书！ 陶然万柳世界 黄剑波 何慕古 北京晨光书店 世界图书出版公司北京 赞 [得意地笑] [嘻嘻] [赞]
1,你把我整 了。 抓狂 窦智耀 开 往大稿艺术区店开 带上祝贺的花篮。。。昨夜 杨家火锅 你把我灌醉。。。今夜 我要学会排队等位。再贺开业大吉！ 鼓掌 鼓掌 鼓掌 [抓狂] [鼓掌] [鼓掌] [鼓掌]
1,还第二呢！幸福在哪儿呢？ 零度飞跃 北京 处女座大赢家啊！ 哈哈 华蜜 曼歌 鼓掌 耶 耶 [哈哈] [鼓掌] [耶] [耶]
1,哈哈 这个名字！！！！月底回去帮忙！ [哈哈]
1,超级笑星 微直播 号选手徐菁瑶用树叶来问好，小姑娘年龄小，身段好，嗓子好，又聪明，多才多艺，连王晶导演都说了 徐菁瑶很可爱，很漂亮，她要签的话，我马上签 让小编好羡慕啊 鼓掌 鼓掌 [鼓掌] [鼓掌]
1,恭喜 石梅湾艾美度假酒店 获 旅行者之选 中国地区最佳酒店 含港澳 荣誉 鼓掌 鼓掌 最佳海滩，家庭度假首选，石梅湾艾美度假酒店邀请您一起探索 心 [鼓掌] [鼓掌] [心]
1,不要轻易相信网上的图片了 联想的又一旗舰机 据说拥有 级实时美颜，还可以实时预览。据说去油提鼻梁开眼角神马的都可以完成，比去韩国恐怖 以后网上看到的美女还是考虑从一下再搭讪吧 哈哈 [哈哈]
1,我会把妈妈接来我家过年 花心 笑 二子王鹏 天平座下的密斯李 李勇 妖妖 猪小菜 你们最想念家的味道，是什么呢 鼓掌 [花心] [鼓掌]
1,哈哈 支持主席！ 杨乐渝 去海宴台啦 好 今年年会准备搭个台，专门摆放各地会员带来的海量特色，简称 海宴台 哈哈 [哈哈] [good] [哈哈]
1,回复 就是这样 欢迎美女随时品尝！ 鼓掌 就是这样 我要试我要试 围观 害羞 苏西黄 回复 晶 哈哈哈！勇者无敌！ 哈哈 晶 回复 苏西黄 泪 泪 都醉了坏死好酒力 [鼓掌] [围观] [害羞] [哈哈] [泪] [泪]
1,爱你 彦砚姐 爱你 爱你 爱你 [爱你] [爱你] [爱你]
1,回复 易浩大叔 你如果真想见我，绝对会和我联系的！还是不想见！呵呵呵！ 易浩大叔 回复 梦想徐迎军 哈哈 哈哈 哈哈 大叔！好久不见好想你！上次我们聚会还提起你呢。 [哈哈] [哈哈] [哈哈]
1,早！ 微风 太阳 曲靖旅游推荐 中国式饭局 总结太到位了！ 哈哈 围观 赞 [微风] [太阳] [哈哈] [围观] [赞]
1,恭喜恭喜！还不请哥儿几个喝一杯 哈哈 小水一方 萌 北京人不知道的北京事儿 北京玩乐攻略 吃货都在这里勾搭 红绿灯 官方微言 湖南卫视 全球玩乐攻略 荣雪斌 三联生活周刊 舌尖上的美食家 头条新闻 微吃货 携程旅行网 周立波 [哈哈]
1,这货最近挺火，这不，又来卖萌了 哈哈 图大小 [哈哈]
1,爱你 太阳 [爱你] [太阳]
1,爱你 爱你 爱你 刘忻 我会送你一份你最想要的礼物 哈哈 哈哈 哈哈 生日快乐 脚丫子太抢镜了大姐 [爱你] [爱你] [爱你] [哈哈] [哈哈] [哈哈]
1,哈哈 早安！ [哈哈]
1,准备开新戏？ 鼓掌 [鼓掌]
1,为了这顿高大上的晚餐，从早上我就没吃东西！容易么我 万圣节狂欢 嘻嘻 嘻嘻 我在 [嘻嘻] [嘻嘻]
1,回味 的一 鼓掌 鼓掌 鼓掌 [鼓掌] [鼓掌] [鼓掌]
1,各位粉丝们 马上行动起准备 给力 给力 来吧 保准盆友们一个不一样的 黄土谣 粉丝来要 我哦 我做好迎接你们的 给力 围观 会有惊喜哦 爱你 [给力] [给力] [给力] [围观] [爱你]
1,嘻嘻 同去，三位都是朋友！ 文志平 一定要去品潮汕味道！ [嘻嘻]
1,给力 威武 感谢您的喜欢，聚点串吧欢迎您哦 爱你 美食小派 聚点我的最爱！！ [给力] [威武] [爱你]
1,触碰心灵的台词 时尚穿衣搭配，学习。 鼓掌 [鼓掌]
1,赞 岁以下禁止围观 爱你 [赞] [爱你]
1,回复 日？昼寝 。 那 天吧！那天我要午睡 嘻嘻 回复 静冈叔叔 春 初五 金 神 神 。 [嘻嘻]
1,回复 小精致 这种天气，火锅 赞 。中午好！ 握手 小精致 火锅，想吃了 馋嘴 请不要拿摄影师的作品开玩笑。 嘻嘻 火锅后面得兄弟带假发了吗？ 请不要拿摄影师的作品开玩笑。 嘻嘻 火锅后面得兄弟带假发了吗？ [赞] [握手] [馋嘴] [嘻嘻] [嘻嘻]
1,新款的狠给力 太开心 [太开心]
1,水滴协会荣誉会员请大家关注这条消息 可爱 [可爱]
1,哈哈 月圆乌镇，中秋快乐！ [哈哈]
1,不转对不起观众的掌声和尖叫！ 嘻嘻 黄炳良 朱浩 阿吉 你个圈圈 [嘻嘻]
1,蓝领，绝对蓝领 哈哈 [哈哈]
1,鼓掌 好看又好吃 [鼓掌]
1,随手拍晒年夜饭 恰好今天亲戚送来了从山西带来的陈醋，配上自家出品的温暖爱心牌饺子，赞啊！ 嘻嘻 爱你 贝太厨房 [嘻嘻] [爱你]
1,吃饭了 哈哈 [哈哈]
1,这是几辈子修来的福气呀 花心 良家族微子皇紫依 目测妹子你要火啊 嘻嘻 [花心] [嘻嘻]
1,国庆节，你们都怎么度过呢？哈！我正在这里呀！天安门！ 哈哈 [哈哈]
1,我的心也早已飞到了台上，等候你的到来。 伊灵 今儿收到票了，开心。还有很精美的台历 ，和女儿一起在台历上圈好日子，写上戏名了 太开心 个桂枝同台演绎传承经典。荣幸请到张洵澎大师、南京省昆徐思佳、本中心张冉分别出演哭监、写状、三拉团圆。还有上昆青年艺术家袁国良贤弟出演李奇。 [good] [太开心]
1,这个我有 辣妈教室 欧舒丹手霜一直最信赖 兔子 ，吸收快又滋润， 速度围观 太开心 [兔子] [太开心]
1,美时美刻，四季养生。北塘古镇客户俱乐部系列活动之 乐享瑜珈 大美人生 。 鼓掌 偷笑 礼物 [鼓掌] [偷笑] [礼物]
1,换号啦换号啦，木有通知到的请私信我哦 嘻嘻 [嘻嘻]
1,回复 一个人的故事 嘿嘿，谢谢！！我会继续加油的哦！帮我扩散吧哈哈 嘻嘻 一个人的故事 回复 主持人少枫 我刚看完笑脸演的真好很感动 可爱 [嘻嘻] [可爱]
1,扩散 号我有事外出噢 祝你们新店开业大吉 心 水心 黄太吉 水心 黄太吉 鼓掌 鼓掌 程诗然 同 名额有限，各位抓紧了！ [心] [鼓掌] [鼓掌]
1,这个我稀饭 可是兔子带回来是不是太搓了 嘻嘻 [嘻嘻]
1,这个听起来似曾相识 嘻嘻 [嘻嘻]
1,必须的 哈哈 孔姐的轻奢生活 不仅仅是外表改变了，从此之后我们都拥有了一颗追求美丽的心 哈哈 林姐姐花园 改变真大啊 鼓掌 [哈哈] [哈哈] [鼓掌]
1,我在这里： 星光公益站之吴奇隆 黑白能量 端午节的早晨是热醒的，武汉的这一大早 太阳 太阳 太阳 。大家粽子节快乐。 太开心 [太阳] [太阳] [太阳] [太开心]
1,这样子啊？！ 哆啦美 这个图我们还专门放到群里讨论过。 哈哈 张敦实 卫生间排风 供暖 空调 看着倒是看着没难度。 西城老北京 应该不需要配照明吧，床边上放个插座 飞机 [哈哈] [飞机]
1,哈哈 的那些事儿 艳遇是要代价滴！！ 哈哈 笑死我了。！！ [哈哈] [哈哈]
1,嘻嘻 都是经典菜，欢迎再次光临！ [嘻嘻]
1,小猫儿，小猫儿，胡子长又长 哈哈 哈哈 [哈哈] [哈哈]
1,这明显赤果果的暗示啊哈哈哈 嘻嘻 我决定了，发我一套 设备 各大品牌 手机、平板后，我就转型移动设备开发 嘻嘻 水灵 鼓掌 陈吉平拖雷 进入移动互联网时代 [嘻嘻] [嘻嘻] [鼓掌] [good]
1,凯特温斯莱特满身枪眼啊 貌似台下有女明星尴尬掩面的说 哈哈 [哈哈]
1,用 平板玩 真的很 ！ 嘻嘻 嘻嘻 [嘻嘻] [嘻嘻]
1,爱你 林芝 德吉 我也努力哈！ 偷笑 央吉玛 心 我努力！阿妈我爱你 爱你 小京咖殿 央吉玛 林芝 德吉 [爱你] [偷笑] [心] [爱你]
1,我们的买手只寻找最新鲜、最特别的食材，只发现每一处值得为美味前往的地方，跟随 发现之旅，和 本来生活一起，为我们的美好生活增添一份惊喜吧 哈哈 哈哈 今晚六点四十五分 寻味本来生活 [哈哈] [哈哈]
1,吃惊 要去逛逛了！ 偷笑 顾晓萌 特别棒！ 转发 耐你 鼓掌 官方微博 悠唐广场 二期一层中庭。 [吃惊] [偷笑] [转发] [gst耐你] [鼓掌]
1,狼走刀口 崔昊 哈哈 [哈哈]
1,。。。设计很超前 费昱 哈哈哈哈 猫少爷本尊 笑 了。。。 夏天不远 。。。 天使 公主 挖鼻屎 珏 哈哈 叔大奥尼 哈哈哈哈哈哈 使徒子 不厚道地笑了 [挖鼻屎] [哈哈]
1,打压下去抄底 金陵 张伟 股市就是一个博傻的游戏。创办版涨的好好的，凭什么说人家是泡沫。 嘻嘻 好人老周 新高之后还有新高 金陵 张伟 靠谱个屁，从 点就开始喊泡沫了，现在都快 了，只要创业板部跌破年线牛市依旧在。 好人老周 这个说法靠谱吗？ 思考 [嘻嘻] [思考]
1,哈哈 黄炳良 摄影师要火。 摄影师刘方 南京赵杰 泱波 金欣欣微博 [哈哈]
1,撞上飞快的火车，像摔下飞驰的骏马，车站和铁道线上，是 照相的好地方。 堪舆小仙 哈哈 我感觉终于直抒胸臆了 [哈哈]
1,这个可以有，还带神马泳裤啊！直接裸泳啦！ 嘻嘻 [嘻嘻]
1,晚餐给峰哥准备的奶香肉末土豆泥，味道不错，三下五除二峰哥就消灭了，好有成就感啊。 哈哈 哈哈 [哈哈] [哈哈]
1,乐享双节 美食季 正所谓 无菇不成席 嘻嘻 东方饺子王 烧汁杏鲍菇，软嫩的口感加上烧汁的香浓 欢迎回家！ 挤眼 [嘻嘻] [挤眼]
1,突然想起你们班第一次晚会你的表演！ 哈哈 哈哈 哈哈 释魏然 唉，肿么就不能厚道一点涅 冬冬打败求而不得 有拿这图当桌面的冲动，实在是太逗了！！ [哈哈] [哈哈] [哈哈]
1,碎糖好汉 哈哈 蒙着小布上饭桌 噗 一起来邪恶 眼药水用多了长不高 有图为证。 [哈哈]
1,不用送了，都给我吃掉算了 哈哈 [哈哈]
1,点开大图仔细看了半天才发现上图里那个铁框架里还坐了一个黑人 衰 冰冰蛇 这些人为了进入西班牙真够动脑筋的啊 哈哈 哈哈 哈哈 [衰] [哈哈] [哈哈] [哈哈]
1,哈哈 给力 赞 板凳脚上长了个小豚 赵五一 倚竹 听雨 言午日免 [哈哈] [给力] [赞]
1,这发型，这西装 花心 水玲珑 酷 没关系，我现在素 闺女 新白发魔女传 偷笑 沐渺渺 回复 水玲珑 汗 无评价 非常汗 沐渺渺 回复 水玲珑 鄙视 还说我 ，那你呢？ 水玲珑 这个和睡觉没关系 花心 看到长腿爹不淡定了 嘻嘻 新白发魔女传 [花心] [酷] [偷笑] [汗] [非常汗] [鄙视] [花心] [嘻嘻]
1,我很快乐 哈哈 哈哈 哈哈 实用小百科 快乐的人都是记性不好的 嘻嘻 [哈哈] [哈哈] [哈哈] [嘻嘻]
1,荒唐的直来直往 爱莉诺 春 魔术师 左小强 陈光耀 东方欲晓 捷克小亮 海潮 让我们追随灿烂阳光，跟可爱的 度过暖冬吧 可爱 [可爱]
1,回南京喽，咿呀咿呀喂 哈哈 爱你 话说还不知道南京家里住在那块也 挖鼻屎 挖鼻屎 [哈哈] [爱你] [挖鼻屎] [挖鼻屎]
1,温暖爱意，随身而行 朋友圈发过这张照片那家伙老有号召力了 虽然是手机拍的像素不高家居照 不过用来表达 哥儿俩 感情好那是富富有余，那就用来做这次活动的主题海报吧。我们马上就要带着乐扣去旅行了 此情此景，经常经常 亲亲 秋风来袭，毫无凉意，有情饮水饱 一起微体验 乐扣乐扣 [亲亲]
1,淘最意大利 官方微信 已认证，勾搭请认准。 鼓掌 鼓掌 鼓掌 [鼓掌] [鼓掌] [鼓掌]
1,欢迎点击链接进入杂志电子版阅读全文 嘻嘻 [嘻嘻]
1,爱你 斯特拉斯堡！！！ 可怜 可怜 可怜 [爱你] [可怜] [可怜] [可怜]
1,芊彤 ，曲风好棒，妹妹的养乐多也很棒 嘻嘻 加油，你们要红啊 赞 [嘻嘻] [赞]
1,鄙视 太没节操了，你！ 炒着牛肉喝小酒 对我来说，只有白送我的才是好书！ 图书策划人红嵋 哈哈 关键是看书 暗地黑羊 请你喝茶水，又不是喝茶叶！哈哈！ 炒着牛肉喝小酒 虽然茶叶看起来不好，还是转一个 [鄙视] [哈哈]
1,今天中午有饭局，下午有会，晚上约了游泳老师。忽然一天就满了。 嘻嘻 [嘻嘻]
1,西江推荐 爱你 亲们，倒计时 天啦，小西等着各位踩脚印哦，周末给力滴走起 [爱你]
1,行走八闽 霞浦滩涂 霞浦，最大魅力就是滩涂。所谓滩涂，就是陆地和大海之间的纽带，是河流或海流夹杂的泥沙，在地势较平的河流入海处或海岸附近沉积，而形成的浅海滩，涨潮时没入水中，退潮时露出水面。 爱你 流星 [爱你]
1,那些年，总有那么一个人毁掉了一个明星哈哈哈哈哈 哈哈 [哈哈]
1,哈哈 熊猫 围观 [哈哈] [熊猫] [围观]
1,看来 易舍餐厅 的百合酱肉包又再次迷倒众生啊 嘻嘻 [嘻嘻]
1,哈哈 我今天刚和 沈 凝白狐狸 谈起过这个笑话 崔兰兰 昨晚我绘声绘色的给老爸讲这个笑话，特想让他感受下微博里我们年轻银的欢乐，结果他听完故事，沉默良久，说：奥特曼是什么？ 黑线 张泉灵 银行里下象棋的奥特曼。 哈哈 [哈哈] [黑线] [哈哈]
1,这天天出去摆摊之前，化妆也是个麻烦事儿 哈哈 哈哈 一麻一辣 不带这样儿的 ！ 挖鼻屎 全球奇闻趣事 [哈哈] [哈哈] [挖鼻屎]
1,校园音乐开放日 尚雯婕专场 围观 鼓掌 [围观] [鼓掌]
1,超级笑星 精彩剧照 杨议老师！为什么你的眼神如此犀利 衰 难道是因为刚刚张贡赫童鞋爆料的太多了么？ 哈哈 [衰] [哈哈]
1,责编选图选了很久呢 喜欢上方的图片 可爱 [可爱]
1,周口原始人： 永平府：回复 画家顾奇峰 神 画家顾奇峰 转发此微博 神马 永平府 吃惊 阳光 耶 太美了 北狼投资 爱你 神马，我喜欢 永平府 吃惊 阳光 耶 太美了 北狼投资 爱你 神马，我喜欢 [神马] [吃惊] [耶] [爱你] [吃惊] [耶] [爱你]
1,魅力雪兰莪 大马鸟叔 适耕庄州议员黄瑞林，很象有木有 哈哈 魅力雪兰莪 亚航之家 [哈哈]
1,都说带孩纸的男人最帅 花心 ，王先森 大王毅 当爹心切 送件 给你过过瘾先 酷 明天坐趟公交看有人给你让座不 偷笑 亲亲 [花心] [酷] [偷笑] [亲亲]
1,今晚 北京文艺广播电台 话筒 话筒 话筒 隋小爷 今晚做客去 哈哈 [话筒] [话筒] [话筒] [哈哈]
1,袋鼠君，你这么呆，自己知道吗？ 哈哈 哈哈 当时我就震惊了 [哈哈] [哈哈]
1,她怀抱法国油条哎 偷笑 ，很有气质的 朗德玛丽法式咖啡馆 标哥上纽约登广告，与撒嫂去巴黎买油条，异曲同工呵 哈哈 [偷笑] [哈哈]
1,鲶鱼头 幽默搞笑的微博达人 嘻嘻 [嘻嘻]
1,我和春天天天有约会 哈哈 [哈哈]
1,话筒 祝你生日快乐，祝你生日快乐。。。。 音乐 音乐 关门口店帮客人庆生。 鼓掌 鼓掌 笑得多甜，美女生日快乐哟！！！ [话筒] [音乐] [音乐] [鼓掌] [鼓掌]
1,在邛崃上了一课有趣的白酒酿造和增香提味的讲解，并班门弄斧的亲手学调了几两。从此对这一派国学有了新的认识和尊敬。任何事做细了都很了不起呀！ 围观 嘻嘻 哈哈 熊猫 鼓掌 鼓掌 酷 [围观] [嘻嘻] [哈哈] [熊猫] [鼓掌] [鼓掌] [酷]
1,用户 吧？ 挖鼻屎 陈永东 大家进入的是商家还是用户的角色？ 哈哈 给服务员鞠躬能免费么？ 转发微博 [挖鼻屎] [哈哈]
1,我有木头人 我也要玩！ 嘻嘻 [嘻嘻]
1,威武 呵呵 李晓峰 今天是我们东方风行传媒的年会。真喜欢传媒人年会的气氛。都豁的出去！都玩的开！其实很惭愧，很多幕后的同事我都没有见过或者叫不上名字。但大家都很爱护我。为了同一个梦想！ 我们一起努力 爱你 爱你 爱你 [威武] [呵呵] [爱你] [爱你] [爱你]
1,这是我见过的最哈皮的团队，每天笑声就没断过，我都笑出来酒窝了。。。 任鑫：这个广告不错，头版宣传 今夜酒店特价 啊，还没花一分钱， 同事工作真给力，哈哈 嘻嘻 今夜酒店特价 今夜酒店特价也等你来，嗯嗯 [嘻嘻]
1,专场 太开心 我的大影院 鼓掌 [太开心] [鼓掌]
1,下次咱们束河见 爱你 爱你 [爱你] [爱你]
1,错伏 全国各地持续好评热播中 鼓掌 国龙联盟荣誉出品 摇滚小疯狗儿 给力 给力 给力 [鼓掌] [给力] [给力] [给力]
1,回复 薛辉 呼呼 快乐充实的假期 太开心 薛辉 回复 李丹 是啊，超级丹，哈哈！太有意思啦 [太开心]
1,回复 刘总 帮转！ 刘总 盛博 给你们吃货的 哈哈 刘总 我小声的问一句，你们还有没关注的吗 哈哈 哈哈 哈哈 导航线 逄 哈哈 哈哈 [哈哈] [哈哈] [哈哈] [哈哈] [哈哈] [哈哈]
1,家里来了一只二星瓢虫，，百度老师说它是益虫，就养着啦 哈哈 希望它别老吓唬我 [哈哈]
1,嘻嘻 大嘴八 话筒 ，我是 王诗龄 ，"小女神"我最近因为 爸爸去哪儿 成功跻身一线综艺大咖！我听说， 炫腹大赛 现在挺火，你们看看我能夺冠嘛？ 偷笑 亲亲 每个成功的女神前面都有一个圆润的小肚腩 抱抱 鼓掌 [嘻嘻] [话筒] [偷笑] [亲亲] [抱抱] [鼓掌]
1,转起，我看到吉之岛有卖这种小煎锅了，最主要是我爱吃这种蛋，日本的玉子烧是不是就这个呀？ 胖星儿 哈哈 是的，是的，需要这样一只锅才可以 哈哈 偷笑 一夫食堂 回复 玖伍贰七 我就等着有人来问呢： 偷笑 [哈哈] [偷笑] [偷笑]
1,哈哈，观察的很到位 肉肉肉爷 哈哈 哈哈 这太贫了这个！ 雨浓 未未 真相了！ [哈哈] [哈哈]
1,看到这图真是笑喷，于大妈你就从了任盈盈吧 哈哈 [哈哈]
1,祝徐总生意兴隆 日进斗金 鼓掌 [鼓掌]
1,小学里都是自己做的，现在哪里可以买材料？ 麦麦呈祥 哈哈 爱手工活爱传统兔子灯 麦麦呈祥 [哈哈]
1,矮马 晕 疯姐又菲了 哈哈 哈哈 [晕] [哈哈] [哈哈]
1,鼓掌 到时俺派老周去给您颁奖，一定要准备些好吃的啊 哈哈 尼克安闲 目标 嘻嘻 有福社长 然！崭新的一辆！ 尼克安闲 倒骑驴 思考 有福社长 安闲加油！争取 苏州分社的工作更上一个台阶，到时候，给您专配一辆！ 江南 尼克安闲 威武 给力 笑哈哈 [鼓掌] [哈哈] [嘻嘻] [思考] [江南style] [威武] [给力] [笑哈哈]
1,回复 旅游天使美丽中国行 可爱 旅游天使美丽中国行 可爱 姜雯 伊豆 马春瑞 许微 杨州 上戏邱佳妮 清清 依洛酱 的微博 [可爱] [bm可爱]
1,哈哈 哈哈 哈哈 给力 兔斯基漫画屋 每次看到这头驴，我都会感觉自己的工作压力也不是很大。 [哈哈] [哈哈] [哈哈] [给力]
1,冷笑话精选 称得上，绝响了！ 哈哈 [哈哈]
1,每次都是大扫荡！ 哈哈 哈哈 哈哈 [哈哈] [哈哈] [哈哈]
1,木有关系，你可以跟我们连线，我们吃，你看着 嘻嘻 月小乖 小妖玖玖 鲤鱼登场 飞沫儿 于老板 可惜广州木有海底捞 [嘻嘻]
1,爱你 香飘满园 [爱你]
1,关于南方的童年 再好的哈根达斯，都比不过这南方小城里的 五羊 雪糕的童年回忆。 同感的转！ 哈哈 主页君最爱香芋味，你呢？ [哈哈]
1,嘻嘻 威武 给力 鲍洪升 给力 呢日晷 威武 哈尼组合伊利奇 加油，呼伦贝尔人。 草原雄鹰 嘟琴网达布希拉图 诺敏达来 睡眠科学 转发微博 [嘻嘻] [威武] [给力] [给力] [威武]
1,单车环台湾 昨天挑选出了自己去年单车环台湾时，最喜欢的 张照片，做成明信片，准备 日再去台湾期间，每天送出 套。不知道大家对这个有兴趣吗？ 嘻嘻 具体分别是 枋寮夕阳 鹅銮鼻灯塔 台湾最南点 垦丁龙磐草原 金仑原住民 清水断崖 艋 青山宫 下的台北 日月潭 鹿港老街 [嘻嘻]
1,闪亮的青春 ！转发让大家感染一下你们的灿烂可以吗？ 跳舞花 抱抱 [跳舞花] [抱抱]
1,哈哈，希望你们笑纳拉！ 哈哈 哈哈 [哈哈] [哈哈]
1,永泰还是阳光，到小尤溪已经是晨雾，又一次半环省开始 爱你 [爱你]
1,回复 哆君 拍 哆君 要一个 嘻嘻 爱生活香港代购 小 特 特 元 嫩 大大 哦 超值 原 元 六 嘻嘻 先 先得 [嘻嘻] [嘻嘻]
1,我们都做媒体了，还有什么前途？ 哈哈 曾宪勇 我们都做媒体了，还有什么前途？ 这句话太狠了！ 哈哈 [哈哈] [哈哈]
1,在省里 作协主席怎么也得是正厅级吧 嘻嘻 小树林 中国哪有职业作家？作协主席都是吃俸禄的官员，配备奥迪 。 兔哥 如此低的稿酬 无异于逼良为娼 [嘻嘻]
1,高级定制 家定制系列 陶瓷吊坠项链 有黑 白颜色 爱你 男女都适合的一款非常帅气有个性的项链哦 鼓掌 鼓掌 鼓掌 中意的帅哥美女找我哦 做鬼脸 做鬼脸 做鬼脸 [爱你] [鼓掌] [鼓掌] [鼓掌] [做鬼脸] [做鬼脸] [做鬼脸]
1,九河下梢天津卫 三道浮桥两道关 令我魂牵梦绕的地方 老衲来也 今儿早点必须来两套煎饼果子 嘻嘻 威武 奥特曼 我在 [嘻嘻] [威武] [奥特曼]
1,偷笑 沙发上应该遮掩一下 哈哈 [偷笑] [哈哈]
1,昆曲 太白醉写 上次发了美美的杨贵妃，这次发 醉写的那部分 里哼哼唧唧的李太白。 嘻嘻 周雪峰 饰 李白 柳春林 饰 高力士 屈斌斌 饰 唐明皇 昆曲璎媛 饰 杨贵妃 [嘻嘻]
1,回复 陆小 儿 必须的！严禁他人偷拍！ 嘻嘻 陆小 儿 啊哈哈，你跟他说以后长期提供杜小猫写真照片！再次感谢小猫御用摄影师 蓝海帆影 [嘻嘻]
1,恭喜 给力 哈哈 [给力] [哈哈]
1,我的白 。。。 晨曦寒萧 明白了，去斐济要穿白脚蹼！ 噢耶 潜客网 哈哈！进鱼嘴了！ 嘻嘻 [噢耶] [嘻嘻]
1,李新宇 睿 白晓萌 小布 今天就是该去游乐园玩的嘛 嘻嘻 嘻嘻 祝 子夜 小盆友生快 蛋糕 蛋糕 蛋糕 萌 萌 萌 兔子 [嘻嘻] [嘻嘻] [蛋糕] [蛋糕] [蛋糕] [萌] [萌] [萌] [兔子]
1,最爱 爱你 爱你 [爱你] [爱你]
1,回复 很恶的女人 问问 邹雯雯呢？她好像定制了不错的出游计划哈 太美全球主题旅行俱乐部应该能给到你与众不同的建议呢！ 亲亲 很恶的女人 木有 有好的建议吗 [亲亲]
1,童鞋们，快看过来，把加州葡萄酒带回家吧！ 太开心 [太开心]
1,呵呵 姚晨 哈哈 [哈哈]
1,苗家客栈 凯里西江山泉苗家客栈是纯正苗家吊脚楼，在西江千户苗寨景区里，地理位置优越，交通便捷。在山泉苗家，住木楼，看美景，是不是还能听到苗家姑娘的飞歌 可爱 可爱 [可爱] [可爱]
1,关 的姥爷太可爱了，为 岁的外孙跳起来，舐犊情深 鼓掌 [鼓掌]
1,回复 明它它 狗日的，不孝之子，咋说她也是你姑妈噻，怎可随意侮辱之？ 明它它 是你妹的话，那和赫本就差得更远了 哈戳戳 哈 ？那是我妹。 哈哈 鼓掌 太开心 的雨琪 日土活也配和女神比！ 哈 哈戳戳 你妹！ 明它它 像你妹 [哈哈] [鼓掌] [太开心]
1,谁想在整运动会这件事上和中国较劲，那就是找死！太欢乐了！哈哈哈 胡杨 感谢 画小眉 伊丽莎白的假发 哈哈 蕾拉的狂想 太绝了！！笑崩了！！ 还是叫我老头吧 捶地 哇哈哈 喵丫 噗哈哈 汤圆爱元宵 捶桌！！！ 今何在 请点 查看大图 [哈哈] [哇哈哈]
1,鼓掌 老头夜话 吉祥如意 幸福安康！ 伍魁手 色彩很美 老头夜话 恭禧 ， 事如意 [鼓掌]
1,感谢 的支持！幻听蓝牙音响 ，可与玻璃、桌子、等发成共振，在不同的介质可产生不同的音效，是不是很酷，你也想要？快快关注 奥迪邦 更多惊喜等着你 可爱 [可爱]
1,在看的亲们来冒泡！！ 亲亲 [亲亲]
1,丹江大坝突然泄水来 哈哈 简白 泡鱼儿 这张照片是用命换来的！ 吃惊 那天我们俩差点没回来！！ [哈哈] [吃惊]
1,回复 九世矫情精 嘻嘻 长知识了！问：黄豆小时候是什么？ 疑问 九世矫情精 看到了，等我回去啊 九世矫情精 猪小春 嘻嘻 嘻嘻 嘻嘻 我的确不知道 [嘻嘻] [疑问] [嘻嘻] [嘻嘻] [嘻嘻]
1,未央青荇 少爷 先来碗牛奶龟灵膏 哈哈 [哈哈]
1,深夜发次！啥时候我们搞个夜游活动 求无 高清大图！ 嘻嘻 [嘻嘻]
1,美女们 太开心 太开心 这个鞋子又补货来了！ 爱心传递 爱心传递 喜欢的可以到店里去试试 嘻嘻 嘻嘻 以后要是喜欢就要到店里买了 做鬼脸 做鬼脸 [太开心] [太开心] [爱心传递] [爱心传递] [嘻嘻] [嘻嘻] [做鬼脸] [做鬼脸]
1,感觉累了就放空自己 哈哈 哈哈 [哈哈] [哈哈]
1,感受火辣激情的江湖三样菜！挡不住美味的诱惑！吃出你的开心！ 可爱 [可爱]
1,爱你 ！ [爱你]
1,快乐大本营总是喜事不断 哈哈 导演组嫁女了，恭喜恭喜！今天最美的新娘冯佳，她曾给大家带来过许多的快乐，今天她也找到了自己的幸福快乐 心 大家一起祝福这对新人吧！ 鼓掌 剩下的兄弟姐妹们，继续加油啊！ 抓狂 嘻嘻 [哈哈] [心] [鼓掌] [抓狂] [嘻嘻]
1,英杰拉姆 明天见！ 爱你 精制家具宋晃 转发微博 [爱你]
1,回复 的窝乐园 太开心 加油 摩羯座！你要不要弄个群啊，把认识的摩羯座放一起 哈哈 的窝乐园 哇，又多一个，好。 除了黄华还能叫啥 的窝乐园 我是摩羯座。 摩羯！ 给力 治愈系心理学 对自己好的都该珍惜 [太开心] [给力]
1,给我一个吧！ 哈哈 我是哈儿 我叫口十嘉嘉 我爱狩猎俱乐部 辽宁我是征途 伟业我爱我家李季 我爱打折 [哈哈]
1,记得前不久新闻说 酝酿调价 贾萌 ：意思是北京地铁要限流了么？ 唐寿锐： 嘻嘻 太有喜感了 李明波 狗市长 [嘻嘻]
1,赠品收到谢谢 红牛南京站 办公室同事们的福利来啦 哈哈 主持人范斌 木 是式 文竺妈妈 的 [哈哈]
1,期待！ 哈哈 [哈哈]
1,传说私房菜 火狐狸 明天下午带俩妞一起去？这个老师 卢易斯威丹 的 偷笑 贾小米 哈你们看我做的首饰盒 嘻嘻 想入魔界的胡狸 方永飞 [偷笑] [嘻嘻]
1,哈哈，必须要在镜头之外。 雒尘 回复 耶马 嘻嘻 你们速来广州集合 耶马 东木 [嘻嘻]
1,寻玉昆仑的旅程明天开始，进了山就木有信号了，再见就是 、 天之后。 娜娜 打电话找不到我千万别着急哈，要记得想我哦！ 嘻嘻 嘻嘻 嘻嘻 [嘻嘻] [嘻嘻] [嘻嘻]
1,外焦里嫩，口感完全不同， 枪炮玫瑰 小靴哥 嘻嘻 哈哈 有入口即化的感觉吗 爱上昌平 还要等三周啊，臣妾等不及了啦 可怜 可怜 可怜 [嘻嘻] [哈哈] [可怜] [可怜] [可怜]
1,句 第三季大爱爱这首歌 爱你 原文地址： [爱你]
1,哈哈 嘻嘻 邓昆 千万别让我看到骑马舞 吐 虎嗅网 嗅哥举四个爪子同意！ [嘻嘻] [吐]
1,可爱 可爱 可爱 [可爱] [可爱] [可爱]
1,软浆叶煮汤太治愈了。叶片肉而光，脆而滑，介于小菠菜和秋葵之间，一切刚刚好。一定洒两三颗花椒，最好是成熟馨香的大红袍，不尖锐的麻在沸水中散开，消解了叶的微涩，却放大和延续了叶的清甜，舒服得想记一辈子的软浆叶味。汤也赞，喝光发一身微汗，所有不确定感随之遣散 可爱 [可爱]
1,我觉得还差两个 就齐活儿了，下次评测前可提前告诉一下，本店可自带 嘻嘻 馋嘴 花心 琪缘 额，这就是把 产品评测放到了美食上啊。。。如果标题叫 京城麻小横评 就更像了。。。 嘻嘻 嘻嘻 嘻嘻 [嘻嘻] [馋嘴] [花心] [嘻嘻] [嘻嘻] [嘻嘻]
1,游点看头 话筒 上海坐出租车将有免费 啦！ 年第二季度上海将有超过 万辆出租车提供免费 热点覆盖，乘客简单注册，就能上网，并且完全免费哦 鼓掌 这项新技术将拓展到全国 个以上一线、二线城市。 出租车 得意地笑 我要去上海！ [话筒] [鼓掌] [得意地笑]
1,蓝色春卷皮 可爱 爱你 [可爱] [爱你]
1,回复 我定成为峰 给力 威武 我定成为峰 老头夜话 我跟你，一起去九十九顶 嘻嘻 老头夜话 法 英，盘口 球；瑞 乌，盘口 球。 黄宇征 乌克兰胜。 张涌 博 耐不住了，英格兰 ： 法国。瑞典 ： 击败乌克兰，就是它了。 [给力] [威武] [嘻嘻]
1,哈哈 邵兄弟客气了。欢迎朋友们 [哈哈]
1,嘿呦嘿呦拔萝卜 哈哈 居然还真有这首歌 吃惊 [哈哈] [吃惊]
1,周末音乐会，感谢 四川交响乐团 的艺术家们带来那么多优美的中外音乐作品，你们的演出相当棒！谢谢 乖丫 每一次给我这样的机会亲临现场。请转告肖超，他指挥时很 ，很帅！ 嘻嘻 四川交响乐团 [嘻嘻]
1,明天聚餐的小纪念品 小伙伴们是不是很开心啊 嘻嘻 许丽金石 小宇 爱美食 [嘻嘻]
1,摄影师都是骗子 哈哈 哈哈 哈哈 哈哈 我是兔子 照片是骗人的 洋光摄客 我是兔子 你的兔窝好有诗意。 羽子偕老 西塘，已等待千年 心 西塘景区 去西塘网 [哈哈] [哈哈] [哈哈] [哈哈] [心]
1,拿到驾照，俺就买车！ 嘻嘻 [嘻嘻]
1,亲们 爱你 终于明白你们为什么老收不到我回复你们的短信了 思考 破飞信 鄙视 把我害死了 委屈 [爱你] [思考] [鄙视] [委屈]
1,五哥十一静心之旅 从香积寺到禅经寺我们等不到公交，现在步行过去，大约六七站路，郊区的六七站路。现在在神禾二路，有经过的捎我们一程呗。 可爱 可爱 可爱 [可爱] [可爱] [可爱]
1,公交卡福利 哈哈 ：上车只需晒卡 无需刷卡 ，无卡乘客请买票。 我在这里 [哈哈]
1,村书记都要笑掉大牙了！ 哈哈 [哈哈]
1,口音太重，信 性部分，哪人呐？ 微博搞笑排行榜 冷爆了！ 可爱 [可爱]
1,赞 老头夜话 鼓掌 [good] [赞] [鼓掌]
1,伤心铁丝 行者老谭 能打 折？给我也办一张啊 嘻嘻 冯雪 回复 刘志勇 会员卡 元 张，随意买，很方便 刘志勇 折会员卡 没听过他们家还有这么低的折扣呢，还真成你们家食堂了 嘻嘻 [嘻嘻] [嘻嘻]
1,为下午的考察做功课。今次考察不同以往啊！ 嘻嘻 [嘻嘻]
1,图书馆前的阿波罗与雅典娜雕像！当时路过看到兴奋不已 哈哈 像素 [哈哈]
1,泪 泪 泪 呜呜 什么 好盆友 到了北京都没告诉我 委屈 昨天我还清闲的斗地主 抓狂 抓狂 抓狂 也让我敬敬 地主之谊 嘛 害羞 要知道有朋自远方来。我一定买 万个 欢乐豆 偷笑 请 好盆友 和我一起上网斗地主 哈哈 哈哈 哈哈 偷笑 亲们 感恩节 快乐 爱你 [泪] [泪] [泪] [委屈] [抓狂] [抓狂] [抓狂] [害羞] [偷笑] [哈哈] [哈哈] [哈哈] [偷笑] [爱你]
1,回复 京华秋雨 呵真忙呀 京华秋雨 早，兄弟！ 京华秋雨 鼓掌 ，同祝 [鼓掌]
1,什么是养熊孩子的节奏？那揍是自己舍不得吃，舍不得穿，给孙子买东西，眼皮都不带眨一下的。噗哈哈，趁我爹结账，我赶紧挑了两双鞋，沾个光，啃个老 哈哈 哈哈 哈哈 鼓掌 [哈哈] [哈哈] [哈哈] [鼓掌]
1,木哈哈哈！ 哈哈 [哈哈]
1,卢涛 哈哈 吃 吃喝玩乐温哥华 谢谢分享！ 旺顺阁京川私房菜 地址和回顾请看： [哈哈]
1,我为自己拥有两位这么油菜花的同事而感到由衷的骄傲和自豪 鼓掌 [鼓掌]
1,抱歉 太开心 将就吧 [太开心]
1,请问文火炖的是什麽肉呀？ 这张有那么点强调了 嘻嘻 康小莉 偷笑 [嘻嘻] [偷笑]
1,收藏 嘻嘻 怪诞心理行为学 琳琅满目，总有合你心意的喜剧片！！ 转发 [嘻嘻] [转发]
1,得奖啦又得奖啦！ 海南神州半岛喜来登度假酒店 哈哈 鼓掌 哈哈 鼓掌 [哈哈] [鼓掌] [哈哈] [鼓掌]
1,嘻嘻 嘻嘻 嘻嘻 嘻嘻 嘻嘻 嘻嘻 嘻嘻 大家注意哦 夏骏 方便面也是。 [嘻嘻] [嘻嘻] [嘻嘻] [嘻嘻] [嘻嘻] [嘻嘻] [嘻嘻]
1,博派少年 小蟹黄蛋 哈哈 [哈哈]
1,我也想要明信片 木夕兔 ：小原，今天收到了你寄来的明信片。 爱你 永远爱音乐做音乐我们一起，我会记得。 心 田原： 在加州的 ，这篇游记算是冰山一角吧，过去在那里的一个月中我经历了人生中很重要的转化。 [?] [爱你] [心]
1,旅行贴士 衣服打包办法 美国洛杉矶空姐 同时也是一名打包达人，在网站上的 张幻灯片中，她演示了如何在一个行李箱内装入 天内全部要穿的衣服。爱旅行或经常出差的童鞋们收藏吧 爱你 [爱你]
1,真是小脸无敌了！ 嘻嘻 最 蜜蜜的孟孟 北京数独莹莹 柠檬最爱的是嘟嘟的维尼熊 巴掌脸。。。 鹿晗吧 鹿晗 脸真的好小 抓狂 抓狂 抓狂 抓狂 抓狂 抓狂 抓狂 抓狂 抓狂 [嘻嘻] [抓狂] [抓狂] [抓狂] [抓狂] [抓狂] [抓狂] [抓狂] [抓狂] [抓狂]
1,翠翠姐的吃相可不怎么淑女 殷翠韩 哈哈 哈哈 哈哈 [哈哈] [哈哈] [哈哈]
1,特别开心的合作，希望以后继续合作啊！ 爱你 爱你 爱你 艾小姐 城 感谢所有的合作伙伴在这次活动中给予的支持！ 侨福芳草地 西班牙国家旅游局 张际星 干杯 特别鸣谢 及 两大顶级西班牙火腿品牌提供的整条火腿 鼓掌 [爱你] [爱你] [爱你] [干杯] [鼓掌]
1,尚雯婕恩赐之地 谢谢坤哥 陈坤 期待！ 爱你 [爱你]
1,新年快乐！ ，俺打算争取进步。譬如，前二天，有个胖姑娘，掷地有声地说：你、太、瘦、了！我笑眯眯地说：是和你比么 新年新气象，我将成全之，笑眯眯地说：你说得对！ 嘻嘻 [嘻嘻]
1,天津海河英迪格酒店 爱你 过往历史和现代时尚完美结合 爱你 [爱你] [爱你]
1,巧克力的造型好可爱 抱抱 [抱抱]
1,日本美食 全家便利店的人气卡通人物馒头又登场啦。今天上市的是 和 。卡通人物 是南国出生的恐龙的儿子， 是临近北极岛上出生的雪男的孩子。 是 青椒肉丝 口味，而 是 回锅肉 口味。各 日元，中午抢一个 哈哈 [哈哈]
1,世界十大名著之一列夫 托尔斯太写的 安娜 卡列尼娜 魔力是巨大的，我分别借给了对面座位的 ，一个看了大半小时倒下了另一个看了可能 分钟后也去找周公说梦话了，我等下开看估计也会是同样的下场，这就是名著的魔力啊 哈哈 [哈哈]
1,阳 儿子补送的礼物 哈哈 哈哈 [哈哈] [哈哈]
1,豆乳花，结果就是龙凤布丁，骗伦 抓狂 ，不过味道蛮好吃 嘻嘻 [抓狂] [嘻嘻]
1,张婷婷微话 回复 法号布衣 一口闷也要依据个体差异而定 法号布衣 哈哈 东北喝酒脸红的，是朋友 张婷婷微话 那就告诉身边的人你也做点科普 法号布衣 报告，我不喝酒 哈哈 张婷婷微话 法号布衣 泥泞的鞋 代军哥哥 金牌厨师磊磊 皇家瀛台酒庄何志方 淑之子墨 达播林 郗老师 [哈哈] [哈哈]
1,哈哈 张路 风的来世 哈哈 [哈哈] [哈哈]
1,又一年情比金坚。 爱你 心 花 蛋糕 人间的盐 [爱你] [心] [花] [蛋糕]
1,吕军 江南一泓 经典 然 菲 哇塞 展昭大侠都怒了 浅心威尼斯 展昭说话真经典 艾小图 大侠就是大侠。。。 哈哈 叶紫 支持南侠 忧然 展大侠怒了 可怜 橙纸浑身都是肉 猫儿，喵！ [哈哈] [可怜]
1,恭喜 凯莱酒店集团 家族成员正在逐渐扩大！ 威武 凯莱酒店集团 凯莱大家庭中又迎来一位新成员！ 围观 鼓掌 [威武] [围观] [鼓掌]
1,哈哈，你还穿越着呢。。。 陈默撒吗 奇怪，为什么没人艾特我？ 穿越清代 求高清 北京麦克摄影 周宇 嘻嘻 我这里有高清版！ [嘻嘻]
1,是 有 性的大叔！！ 孤 往 显然大叔的样子更迷人 哈哈 我们的 大叔算不算？ [哈哈]
1,可爱 围脖经典语录 心 [可爱] [心]
1,我抢到一个，耶！ 爱你 爱你 爱你 [爱你] [爱你] [爱你]
1,儿子负责养的鱼和花，孩子非常爱惜。这是培养孩子爱心性价比较高的方式。 鼓掌 [鼓掌]
1,饭前。。。。简单的吃点儿水果 嘻嘻 [嘻嘻]
1,这 哈哈 哈哈 哈哈 爆爆翔 李大头 琳琳姓吕 发奋的俊哥 西门小鸟 魏权 [哈哈] [哈哈] [哈哈]
1,回复 饮食者人之命脉 我以前在老家一年四季都玩这个的。 哈哈 [哈哈]
1,四天长假开始喽 嘻嘻 [嘻嘻]
1,我们是一家人，相亲相爱的一家人。有福就该同享有活就应同干 干杯 心 一起加油，共创辉煌 耶 爱你 文法家园 文法学生会 我还宣传了 文法编辑部 哦，加速加油哦 拳头 爱心传递 ：某些同学变化好大，速速汇报各方面进展 偷笑 嘻嘻 文学院学生会 欣爱的工作 和学生在一起的大学时光 [干杯] [心] [耶] [爱你] [拳头] [爱心传递] [偷笑] [嘻嘻]
1,谷歌把我彻底抛弃了，求各种翻墙爬墙红杏出墙之法！ 爱你 [爱你]
1,许坚 拾宝 陈小森 小青年聚会 哈哈 哈哈 吴伟强 一个老男人没在 [哈哈] [哈哈]
1,嘻嘻 刚看到亲的表扬信息呢，客人的满意是我们一直所追求的哦 现烤的松茸特鲜美吧 花心 珍品小精灵营养丰富，口味独特哦，我们酒店现场还有出售哦 [嘻嘻] [花心]
1,龙涎香膏 是历朝历代的皇亲国戚，文人雅士极力推崇的一款高雅香膏，今天这款名香由傅老师 傅京亮 遵循古方选用道地药材，亲自配制而成，龙涎香膏制作非常不易，能品到的朋友们有福啦！ 太开心 随心玫 岱山归来 小乔大姐 爱榴莲的妞 [太开心]
1,鼓掌 鼓掌 鼓掌 鲜花 鲜花 鲜花 严丰 有艺思 嘻嘻 嘻嘻 嘻嘻 郑佩佩 支持支持 哈哈 哈哈 严丰 有艺思 回复 相声演员大春 又上了 哈哈 相声演员大春 这片子上了？还是重上？我看了 遍 哈哈哈 窝鸡婆 亲切的乡音 [鼓掌] [鼓掌] [鼓掌] [鲜花] [鲜花] [鲜花] [嘻嘻] [嘻嘻] [嘻嘻] [哈哈] [哈哈] [哈哈]
1,欢迎杨总莅临指导 嘻嘻 财智圈 曲向东 极友阿霞 博妮多 清雅飞飞 [嘻嘻]
1,成都宽窄巷子在 摄影师钟楼怪人 镜头下更加有味道， 好怀念在成都读书的日子 鼓掌 [?] [鼓掌]
1,我现有点担心等我们明天到了敦煌好吃的已经被他们扫荡光了 姜宇 回复 开心地游走 没错没错！在殿堂级吃货 刘晖 同志的带领下，他们正不断进步着！ 开心地游走 回复 姜宇 哈哈 哈哈 我信了！这就是 鼠小邱 郭泽宇 们聪明可爱的地方啦！他们总能为自己的 吃货 [哈哈] [哈哈]
1,一个只有闭上眼才看不见海的地方 心 三亚爱琴海岸康年酒店 欢迎 爱你 歪 刘 怀念 慕容优 回复 我是安吉拉吕 是呀，推荐这个酒店给你，二人世界 我是安吉拉吕 渡假去啦？ 嘻嘻 [心] [爱你] [嘻嘻]
1,最近老有人问精益创业的问题，听听小马童鞋咋说的 看看我们摔倒多少回。。 可怜 亲亲 [可怜] [亲亲]
1,此次没抽中的粉丝不要桑心，明天就进入七月啦，我们会开启新一轮的粉丝福利活动 鼓掌 具体奖品是啥，现在暂时保密，明天你们就知道啦 抱抱 [鼓掌] [抱抱]
1,我爱 私信我地址哦！送你一本！ ：此转发活动和微信关注活动名额独立不重合！ 君微信：进步主义 一直关注，真是好的让我感动啊 都已扩给小伙伴 害羞 鼓掌 [害羞] [鼓掌]
1,所以，我们才要学会宽心，懂得宽怀， 宽怀人生 ，只有心宽了，天才会宽，人生才会越走越宽。 可爱 延参法师 曾经有朋友问我，既然林黛玉也是参禅客，那么她是死于苦禅，还是痴禅，还是苦禅。我让他抬头看天，告诉他说，你看天宽不，她是死在心窄吧。 冯兰 嘻嘻 [可爱] [嘻嘻]
1,顺从内心 心 彭永强 广州妈妈种菜团 老姜 广州有这样的才子，想去卖菜吗？老姜可以做您的坚强后盾！ 很多人的咖啡馆 吃惊 神速啊 启冲莫等闲 今日裸辞 阿沁 现在就有一种想去流浪的想法 小丑鱼向前冲 当保姆 很多人的咖啡馆 供应馆君 爱你 [心] [吃惊] [爱你]
1,还有四个小时，就结束喽 嘻嘻 嘻嘻 [嘻嘻] [嘻嘻]
1,回复 雁 还是见真人比较好！ 妈妈姓夏 嘻嘻 你说呢？ 雁 终于见到嫂子真面目了 嘻嘻 陈小翔的虫虫人生 大振 厦门低 文婷 柒橡 寒妤的阳光 小 子记忆 [嘻嘻] [嘻嘻]
1,鼓掌 爱你 [鼓掌] [爱你]
1,惊现俺家少卿姐，竟然短了 发了 亲亲 少卿：回复 跃跃 么么 跃跃 好看，我觉得比长发显得小 兔子 微风 [亲亲] [兔子] [微风]
1,回复 情 尊 快从第五到第一了，文莱皇家航空马上赶超春秋航空 嘻嘻 情 尊 天使们投票啊！ 奥特曼 奥特曼 奥特曼 奥特曼 [嘻嘻] [奥特曼] [奥特曼] [奥特曼] [奥特曼]
1,回复 食尚 生 鼓掌 鼓掌 鼓掌 食尚 生 我建议用防潮糖珠，有褐色的，类似石头，但是比石头看起来更细致 [鼓掌] [鼓掌] [鼓掌]
1,小时候我婆婆就曾经背着它来北京看我们，走在音乐学院大院儿里所有人都以为她是来上老年琵琶班儿的 偷笑 杨大婷婷 有贝斯卖吗啊？ 柴 新 哈哈 看小图还真以为是 [偷笑] [哈哈]
1,不但傻晴傻晴的，还有一小坨月酿 哈哈 我在这里 [哈哈]
1,这位可能是因为下令停止供暖受到良心谴责而凌晨裸奔赎罪的 票爷 多有素质的人啊，大半夜裸奔还知道要走人行线。 狐二 多好啊。幸福的男人 哈哈 麦兜 看上去好欢乐的样子 狐二 看到这个才笑了。 哈哈 [哈哈] [哈哈]
1,又是一大堆台湾书籍直送过来，太爽啦！有 的四本，柴田武的一本，好吃 和 期，还有口水很久的 的巧克力 ，赞啊！ 嘻嘻 嘻嘻 嘻嘻 [嘻嘻] [嘻嘻] [嘻嘻]
1,有些人可能困惑，为什么家里做的牛肉就算是根据最靠谱配方也没高档餐厅的效果呢？原因在于选肉！我说高端餐厅，因为很多餐厅用在肉类里头的苏打粉等物能够让靴底皮堪一食 偷笑 恰恰中国一般超市要买点好牛肉是不容易的，偶尔外国超市看到不错的，一看价格您会有疑问到底是割肉还是吃肉呀？ 嘻嘻 [偷笑] [嘻嘻]
1,这串粉珊瑚的链子跟你真是绝配！ 太开心 替你高兴 [太开心]
1,妈刚发短信： 文殊坊的宫廷桃酥，不是闻酥园！！！ 三个叹号！！！ 嘻嘻 [嘻嘻]
1,卤煮！！！自从胆固醇高，尿酸高被查出来，有日子没吃 花心 了 爱谁谁的北京 老陈会帮你亲口尝每一条大肠是否已经烂熟，放心吧。。。 伏地魔先生 嘿 来俩底儿，切末 嘻嘻 [花心] [嘻嘻]
1,真待见！ 爱你 杨海金 棕榈泉 回复 文艺大米饭 多谢！不会被 北京十六年 给黑了吧？ 哈哈 哈哈 哈哈 文艺大米饭 茶给你放会所酒吧了，查收 嘻嘻 杨海金 棕榈泉 还是喜欢卤煮、炸灌肠 偷笑 高尔夫印记 加上白牛 ，南门或窑台涮肉，烤鸭就免了吧。 宁文彤 必须有碗炸酱面 半头蒜！ [爱你] [哈哈] [哈哈] [哈哈] [嘻嘻] [偷笑]
1,雅高酒店 雅高微招聘 雅高上海办公室正在寻找人力资源部实习生！欢迎有志者毛遂自荐；也欢迎粉丝网上推荐！各位可以将联系方式以评论或私信的方式告知小编，我们会有专人和你联系。 鼓掌 鼓掌 鼓掌 雅高酒店 [鼓掌] [鼓掌] [鼓掌]
1,给力 给力 鼓掌 鼓掌 谢谢陀陀 鼓掌 [给力] [给力] [鼓掌] [鼓掌] [鼓掌]
1,鼓掌 欢迎入住兴文巷店 爱你 爱你 爱你 旅途愉快哦 太开心 心 心 [鼓掌] [good] [good] [爱你] [爱你] [爱你] [太开心] [心] [心]
1,鼓掌 朱海波 好事情 恭喜恭喜 [鼓掌]
1,哈哈 哈哈 哈哈 明天又要重演了 哈哈 哈哈 哈哈 [哈哈] [哈哈] [哈哈] [哈哈] [哈哈] [哈哈]
1,廉价航空的真正含义在于提供超值的机票，让人人都可以飞！对吗 亚航之家 ？ 嘻嘻 [嘻嘻]
1,抱老周大腿 嘻嘻 中非张逃 茶贪 张川川 崔士鑫西藏 转发微博 [嘻嘻]
1,我校威武！ 给力 中国人民大学微吧 鼓掌 人大校友 继续坐人文社科头把交椅。人大人，果断转起！ 人大校史笔记 人大记忆 这好消息可以公布了吗？我们等好几天了！比上次又多了两个第一，继续坐人文社科头把交椅。人大人，果断转起！ 人大校友群 故事里的 转发微博 [给力] [鼓掌]
1,辈份高 哈哈 哈哈 [哈哈] [哈哈]
1,双旦嗨皮 嘻嘻 漳州彭彭 威武 圣诞快乐哦 雪人 围脖 平和三平风景区 龙海身边事 漳州小鱼 丁启阵 刚峰看世界 水墨高健 泡鱼儿 食色空间 酒窝果果 蓝海帆影 食 琰棱 [嘻嘻] [威武] [雪人] [围脖]
1,幸福的一家子。话说有了孩子后，男人才变成了真正的男人 哈哈 [哈哈]
1,小莱坞 谢谢每一位表演的孩子！ 爱你 爱你 [haha] [爱你] [爱你]
1,小样吧！！ 哈哈 哈哈 哈哈 哈哈 [哈哈] [哈哈] [哈哈] [哈哈]
1,看看我说是兄弟吧！笑都用哈哈哈！太豪爽了！！！ 我是小娃佳 我太帅啦！！！哈哈哈哈自己都崇拜自己！！！ 哈哈 哈哈 哈哈 哈哈 带派 新一代东北女流氓！哈哈哈哈 [哈哈] [哈哈] [哈哈] [哈哈]
1,： ，我皇国家德比两连胜 鼓掌 鼓掌 鼓掌 威武 威武 威武 赞 赞 赞 [鼓掌] [鼓掌] [鼓掌] [威武] [威武] [威武] [good] [good] [good] [赞] [赞] [赞]
1,美食控 摄影大赛评委会成员介绍： 陆地食色 美食控 摄影大赛评委会专业评委，国内知名美食摄影师，长期为 东方美食 、 、 橄榄餐厅评论 、 烹饪艺术家 、 中国烹饪 、 美食与美酒 、 天下美食 、 时尚旅游 、 玩家惠 、 周末画报 等杂志拍摄美食大片 鼓掌 万丽酒店 [鼓掌]
1,围观 围观 围观 孙文松 规模可以再大 祝福 鼓掌 [围观] [围观] [围观] [鼓掌]
1,回复 私旅行 最文艺的泡茶方式，有木有 哈哈 哈哈 哈哈 哈哈 私旅行 用茶锥从边缘慢慢撬吧，实在不行你就凑合着喝一口温水，舔一舔茶饼享受味道吧。 韦道甫 咋弄？哥几个 私旅行 古清生 小人物刘洋 [哈哈] [哈哈] [哈哈] [哈哈]
1,跟我走吧 可爱的 爱你 阳光 寻 微笑女口月子 徐 小九 咕噜 竹斑鱼 转发微博 [爱你]
1,才子晒奖品 谢谢 北京交通广播 年夜饭 礼物，美容养颜红酒哈 太开心 太开心 我在 [太开心] [太开心]
1,哈哈 张健 安静 都疯了。 李静 微笑的山药蛋 丁坤 萌 转发微博。 [哈哈]
1,细致，专业。 民许多：这乌龙，够大。专业。 樵老爷 这个得发。。还带 呢！ 平民内参 ：矮油！ 记者赵春宇 北京晚报 北京晚报本报调查 哈哈 孟静 是不是报社出费用搞深度调查时写的体验报告呀！ [哈哈]
1,天高任鸟儿飞，牛皮拣大的吹！ 杨承平 鬼谷传人 成都资本之鹰许量 但斌 简直 亮剑 嘻嘻 [嘻嘻]
1,我看这造型挺好，既不是 四 ，也不会是 井 ，更不会是 。 哈哈 [哈哈]
1,舞动 即墨无端 螺虾孤鹜 令人敬重 赞 俺叫老鬼 回复 豫之翟女在新疆 咳，只能谢谢鼓励喽 豫之翟女在新疆 在我们心中 鬼爷爷就是个鲜活带给我们正能量的老宝 威武 我们的大爱 爱你 俺叫老鬼 回复 豫之翟女在新疆 又老而又糟哟！ [cc舞动] [good] [赞] [威武] [爱你]
1,阿姨画的画，也摆设在新房内，我很喜欢这两幅画 爱你 爱你 爱你 [爱你] [爱你] [爱你]
1,曾总瞬间找到了暴发户的感觉 嘻嘻 [嘻嘻]
1,偶想象接近 太开心 作家谢宏 赫赫 工序很多哈 [太开心]
1,能不能不要这么妖娆，美到让我窒息 哈哈 [哈哈]
1,张朝阳和我的自拍照 嘻嘻 嘻嘻 嘻嘻 [嘻嘻] [嘻嘻] [嘻嘻]
1,漂亮！我的最爱，秋！ 一定要去 嘻嘻 嘻嘻 [嘻嘻] [嘻嘻]
1,互相体谅的旅途更难忘。原文更酷 哈哈 动静的时光 原文更有范儿。 心 爱你 有心有爱，其实解决难题很简单 [哈哈] [心] [爱你]
1,我是来看评论的， 哈哈 淳宝 的辣妈 哇，事实不是如此 偷笑 [哈哈] [偷笑]
1,不点名的感谢！ 哈哈 [哈哈]
1,中午与 汤镇业 在南海渔村进行明星饭堂的采访，与这位新晋皇帝专业，为大家带来无数难忘角色的大哥品尝粤式小菜。晚上继续岭南盛宴与新书发布会，今天是值得开心的一天。 哈哈 馋嘴 馋嘴 [哈哈] [馋嘴] [馋嘴]
1,难道我电脑丢了？ 哈哈 [哈哈]
1,淘宝又把我们旗下的酒店推荐了哦！小伙伴可以看一下，我们是第一个，点击就可以预定了哦！还是要告诉大家一下，现在空房不多了，如果想预定就尽早确定吧！ 围观 围观 别让心爱的妹子或者偶吧失望哦！ 太开心 太开心 淘宝链接 [围观] [围观] [太开心] [太开心]
1,要想活的长变成小乌龟 嘻嘻 [嘻嘻]
1,哈哈 一眼看上去真像。。。 [哈哈]
1,祝天下女人节日快乐！ 可爱 三样菜 江湖人士向来一火速著称，您还满意不 馋嘴 [可爱] [馋嘴]
1,带着微博去旅行 带着微博去金门 运气真好，遇上了金门博饼开幕，好热闹，现场暴多人，每桌都开博啊 哈哈 甩甩手 甩甩手 甩甩手 [哈哈] [甩甩手] [甩甩手] [甩甩手]
1,巨蟹女一枚，笑的那个烂漫啊 风扇 哈哈 回复 速速转起来 [风扇] [哈哈]
1,回复 张牧 娃 制服诱惑卡卡 同 脸路过 张牧 当年也是满月脸 吴小楠同学的围脖 嘻嘻 嘻嘻 [嘻嘻] [嘻嘻]
1,回复 不说韩语就闹心 节日快乐 干杯 不说韩语就闹心 奶奶好风趣啊，好汉中秋快乐啊！！ 嘻嘻 嘻嘻 [干杯] [嘻嘻] [嘻嘻]
1,哈哈，打折打折 晶晶 合肥客户凭此微博打折，外省客户包邮 耶 耶 耶 我 保证质量与清洗水平，有需要可与我联系 鼓掌 鼓掌 鼓掌 [耶] [耶] [耶] [鼓掌] [鼓掌] [鼓掌]
1,新闻速递 中国文化品牌蓝皮书 中国文化品牌发展报告 首发，华侨城入选中国文化品牌 强，领衔中国文化生活居住方式 鼓掌 鼓掌 鼓掌 [鼓掌] [鼓掌] [鼓掌]
1,美丽冻人的跨年倒数 可爱 徐紫欣 陈智敏 [可爱]
1,温馨呢，回来开班授课分享攻略了 哈哈 爱你 [哈哈] [爱你]
1,报纸观察：格调决定发行量 嘻嘻 炸小鱼：现在报纸的标题越来越奔放了 [good] [嘻嘻]
1,尖了 嘻哈包袱铺高凤鸾 回复 相声演员刘兰亭 别说，这个头儿挺像的！ 相声演员刘兰亭 我看挺象土拨鼠 哈哈 嘻哈包袱铺高凤鸾 回复 文字 咬你！ 文字 真萌 [哈哈]
1,回复 林道群 那我还做小动作了啊 林道群 哈哈 你 就是 以 太多 三中全 有大 作滴啦 俞晓群 嗯，我还以为 [哈哈]
1,天气好到不真实，就该爬山去！ 哈哈 [哈哈]
1,通宵娱乐节目的说法很赞，各位亲们早安，开始接着啃 了 咖啡 咖啡 米花儿莹 五一通霄娱乐节目： 祖国的大花朵们，加油 抓狂 耶 咖啡 月亮 赞 威武 鼓掌 [咖啡] [咖啡] [抓狂] [耶] [咖啡] [月亮] [赞] [威武] [鼓掌]
1,这是桔子水晶酒店的星座视频哦 偷笑 最热精彩视频 美女与洁癖处女男上床全过程 哈哈 笑哈哈 [偷笑] [哈哈] [笑哈哈]
1,亲爱的 我们定会实现梦想！ 爱你 [爱你]
1,电影频道在放 海绵宝宝 ， 太好看了！ 嘻嘻 [嘻嘻]
1,哈哈 哈哈 企业包场！ [哈哈] [哈哈]
1,没 哈哈 哈哈 [哈哈] [哈哈]
1,回复 于和 的肉伴 嘻嘻 小生愿意坐陪 于和 的肉伴 回复 畅春园食街 也行，求个男神 于和 的肉伴 哎呦？ 畅春园食街 看到没，请妹纸吃饭，要去小吊梨汤，吃过就交往！下次我带个妹纸去试试。。 [嘻嘻]
1,真的是很棒的酒店，赞一个！ 三亚国光豪生度假酒店 回复 蔡家三少 给力 欢迎您常住 嘻嘻 蔡家三少 这酒店真的很舒服！我每次到三亚都会住的，而且一住就不想走 三亚国光豪生度假酒店 有眼光 酒店韩盛府的菜品确实正宗哦 王强 特想吃酒店韩国餐厅 [给力] [嘻嘻] [good]
1,回复 慧公馆 很棒的地方，朋友们有兴趣可以来此感受一下，也可以参加 旅游族 正在转发赢下午茶活动哦！ 爱你 慧公馆 这条必须转，下午茶的美好回忆留在心底，你的背影让我有点舍不得离去 嘘 感谢再次分享。慧公馆 冬季恋歌 下午茶， 温暖 冬 不止暖在舌尖，更热在心田！才下眉头，却 [爱你] [嘘]
1,真的是耶 爽爽 ：偶会先用脚 ： 哈哈 [哈哈]
1,今天的 次 米下潜完成啦，我最怕的在海下摘除面镜再带上再排水的项目，很丢人的等了几秒稳定情绪才敢开始，所幸一次成功 鼓掌 克服心里恐惧的奖励就是看到了各种无法形容美丽的鱼、珊瑚、像含羞草一般手靠近会收起的不知名海底植物等等 鼓掌 我在 [鼓掌] [鼓掌]
1,赞 赞 赞 赞 吴静大人 花花八月夏 吴静大人 易小美 这个展 敬人纸语 转发 五牛视觉与包装 旋 杉浦康平的设计世界 展，北京，敬人纸语，现场报道。期待 月莅临成都，五牛 鼓掌 [赞] [赞] [赞] [赞] [转发] [鼓掌]
1,湖南旅游频道 下午 点 点相爱的去哪了？ 爱你 签到处 嘉宾预告 湖南华天国旅资深领队 刘涛，分享最适合蜜月旅行的 长滩岛 旅行攻略 湖南旅游频道 在线收听：芒果网 微电台 [爱你]
1,相当科级干部。 嘻嘻 姬金宇 中国不知哪位官员敢如此披露？ [嘻嘻]
1,亲子游，新加坡无疑最合适的选择之一 嘻嘻 常年如夏，基本每天都有出游的好天气。看看未来水世界的实景表演，坐坐变形金刚的红蓝过山车，再和史瑞克来张合影。亚洲最大的糖果店一定要去， 种糖果，莫大的诱惑啊 花心 来自达人 妈 用布拉制作的行程 新加坡亲子游 [嘻嘻] [花心]
1,轻松一刻 灰太狼问儿子小灰灰：四大洋分别是哪四个？答曰：喜羊羊，美羊羊，懒羊羊，沸羊羊 哈哈 哈哈 哈哈 [哈哈] [哈哈] [哈哈]
1,杨华 费所建 鼓掌 口袋英语 终于有人开理财微博啦 [鼓掌] [good]
1,回复 宋悦 拿着佛珠的不一定是大师 哈哈 宋悦 大师好 [哈哈]
1,从烟雨蒙蒙到阳光普照、三天两夜之旅、意犹未尽！敬请期待美图哟 带着微博去旅行 台儿庄古城官方 期待哦 ！ 旅行者 柒柒 莪还有好多图片都没传呢 哼 等忙完这一阵开始上各地图。 太开心 [带着微博去旅行] [哼] [太开心]
1,帅哥和靓女 南京维景国际大酒店 团队 拍摄风格像美剧的海报 鼓掌 [good] [鼓掌]
1,唐朝 嘻嘻 我在 [嘻嘻]
1,随我游早安 爱人要选温柔似水甜如蜜 同事要选埋头苦干没脾气 朋友要选猪头狗脑流鼻涕 时间差不多了 快把鼻涕擦了好好上班吧！呵呵，早上好 哈哈 [哈哈]
1,湖北旅游达人分享会 跟 带着微博去神农架 主题日撞在一起，紧张又刺激的一天，给各位小伙伴儿点赞 小静 张君雅小妹妹 啊啦雷雷雷 的松弛熊 特别是 鄢冉 同学，辛苦啦！万分感谢你的支持和帮助！！ 陈龙 嘻嘻 [嘻嘻]
1,有奖品吗？有的话我每次都去 哈哈 ！ [哈哈]
1,明道和 ，这是闹哪样？卖快消呢？ 氪 哈哈 哈哈 哈哈 [哈哈] [哈哈] [哈哈]
1,天颐温泉，温泉特惠来啦 鼓掌 一年四季都能泡的好温泉，春天解乏，夏天消暑，秋天祛湿，冬天暖身，就在江南 的天颐温泉 现推出天颐温泉 尊享卡， 偷乐 真是一卡在手，温泉我有 爱你 [鼓掌] [偷乐] [爱你]
1,暑天游泳完毕，开始大餐补体力。我在这里： 权金城 燕莎奥莱店 太开心 [太开心]
1,太想有了 太开心 亲亲 全球潮宝宝 [太开心] [亲亲]
1,下次只能约二期楼上的星巴克了 再不行早上约建外 黄太吉吃煎饼 嘻嘻 华兴 黄胜利 这下没了地标了，去一期找客户开上午的会没地儿吃早饭了 潜水员庄辰超 我的互联网生涯从这个星巴克开始。 [嘻嘻]
1,哈哈，真的挺像 嘻嘻 小狐狸是小马 好像我家的 少爷 哈哈 辛德瑞拉 转发微博 [嘻嘻] [哈哈]
1,哈哈 桔猪 家的老白也这样吧。哈哈哈哈 [哈哈]
1,二逼主人欢乐多。。。 哈哈 哈哈 [哈哈] [哈哈]
1,咱老大就是一拼命三郎，加油！ 行者梦野 早安 今天早起 继续录制纪实频道的系列访谈节目 昨晚睡得很好 今天不会再像上次那样疲倦地像嗑药般答非所问了 哈哈 [哈哈]
1,健康成长，从喝健康饮用水开始！ 鼓掌 [鼓掌]
1,期待不要太大，失望就会更多！期待是幸福，我双手认同！ 哈哈 哈哈 沈小滨第一领导力中心 做事越多，期盼越大！ [哈哈] [哈哈]
1,喜欢这家酒店！也因为它老友相聚，结识了新朋友，各位亲们安好 心 抱抱 [心] [抱抱]
1,酱紫 熊猫 快乐的武夷山 我和小伙伴们都惊呆了！方言果然博大精深啊 太开心 [熊猫] [太开心]
1,这是同一个人吗 ？完全脱相了！个人认为右边那个更帅！ ：我老婆看了照片对比已经不要求我减肥了 哈哈 骆驼翔子之跟风行动 下手真狠 朱亮亮 对自己狠一点，才能找到更好的自己。 我是陈少强 早饭吃饱，但不吃油腻东西，午饭一个苹果，晚饭不吃或者蔬菜蘸酱，中午快走五公里，晚上 [哈哈]
1,回复 布鞋沾到泥 哈哈 布鞋沾到泥 用的是念力 [哈哈]
1,回复 觉悟 呵呵，必须好吃！ 嘻嘻 觉悟 怎么样他们家？ [嘻嘻]
1,重口味的节奏 嘻嘻 嘻嘻 [嘻嘻] [嘻嘻]
1,滑雪啦！ 嘻嘻 嘻嘻 嘻嘻 嘻嘻 耶 耶 耶 [嘻嘻] [嘻嘻] [嘻嘻] [嘻嘻] [耶] [耶] [耶]
1,许久没这么晚回家了，加班回到家，洗完澡， 怕我饿，将反复热了好几遍的米果端到我面前！有此夫君，此生足矣！！ 宝宝饼 爱你 爱你 爱你 爱你 爱你 亲亲 亲亲 亲亲 亲亲 亲亲 我在 [爱你] [爱你] [爱你] [爱你] [爱你] [亲亲] [亲亲] [亲亲] [亲亲] [亲亲]
1,丁香姑娘 哈哈 玫瑰夫人 微风 痴呆老年 打喷嚏最牛叉 [哈哈] [微风]
1,完美的化身，拍摄采访过程记忆尤新，一次营养的视觉之旅 爱你 伊能静 洪晖 上帝无疑是宠爱 伊能静 的，不仅赐给她惊艳绝伦美貌，还赋予她超凡脱俗的智慧。 葛芳 摄影彦俊 [爱你]
1,应该是穷人乍富，好像郊区的拆迁户一样 老王年方一十八 我其实特别欣赏这支球队、球员及其球迷身上所散发的天然的不加修饰的暴发户的气质！显得特别贵族，充分显示了什么叫小人得志！ 挖鼻屎 鼓掌 [挖鼻屎] [鼓掌]
1,回复 吴楠 楠梓 风景也不错！ 吴楠 楠梓 半包围结构 简红明 回复 邓广 我来蹭饭。 哈哈 邓广 哥哥来 检查工作？ [哈哈]
1,鼓掌 厨房是你欢乐滴地方 [鼓掌]
1,搞定！换个喜庆劲 哈哈 哈哈 [哈哈] [哈哈]
1,回复 朱星慧 是的。 嘻嘻 朱星慧 哈哈，难道是那家咖啡店？ 同程网梅华俊 回复 徐杰 我晕！ 嘻嘻 徐杰 白白嫩嫩 偷笑 [嘻嘻] [嘻嘻] [偷笑]
1,美好的出行体验建立在彼此的信任上哟 可爱 都靠谱儿才是真靠谱儿 爱你 [可爱] [爱你]
1,同城君打错字了，上面一条请忽略体育，改成体验。 嘻嘻 [嘻嘻]
1,这可不行 呵呵 这属于非法聚会，非法游行啊 嘻嘻 [呵呵] [嘻嘻]
1,文艺范儿 正在长滩 的小伙伴有看到现场版的吗？ 偷笑 安迪 这是在 的长滩啊 这期不录日本了吧 露天现场真洋气 爱你 加州旅游局 [偷笑] [爱你]
1,哈哈 作家崔成浩 最右饿决！ 怒 柯震 哈哈哈哈哈哈 你他 在逗我 哈哈哈哈哈哈 萌了个包 哈哈哈哈哈 全国帅逼代表 哈哈哈哈哈哈哈最右！！ 白牙村长 哈哈哈哈哈哈 世勋内人 哈哈哈哈哈哈妈的 最爱神评 你家养的猪突然直立行走了你说你怕不怕。 衰 [哈哈] [怒] [衰]
1,接上 ， 下的都留一口，不分先后 鼓掌 鼓掌 鼓掌 [鼓掌] [鼓掌] [鼓掌]
1,好孩纸加油 可爱 你觉得呢？ [可爱]
1,分享欢欣！昙花也是 的品牌元素之一 爱你 太开心 可欣 我的开心与亲爱的们分享 科比教母 黑玛亚迷 黑玛亚花园 爱夕月人 秀 若同 莲花池 苏果 连芳菲 星越 理性的水儿 乔乔的幸福其实很简单 游走的 羽 港湾瑜伽 蓝鸟姐姐 惠华 [爱你] [太开心]
1,不 他是嫌 焦雄屏 您是嫌 女性 ？ 哈哈 [哈哈]
1,都是我喜欢的款，中了就送你 芊芊私语 。同时抄送 豆小 ，我们都是童心未泯的人 嘻嘻 。 [嘻嘻]
1,欢迎来玩啊 祝您在丽江玩的愉快 爱你 鼓掌 鼓掌 鼓掌 [爱你] [鼓掌] [鼓掌] [鼓掌]
1,武夷养生堂 欢乐健康游 月 日 武夷养生堂 欢乐健康游 启动仪式及养生专家专题讲座在武夷山茶博园举行。本次活动由武夷山市人民政府主办，武夷山风景名胜区管理委员会承办，武夷山市旅游局、武夷山市文体新局协办。 活动热场中！本博持续报道 哈哈 游福建 武夷山 [哈哈]
1,哈哈，我吃得都痛哭流涕了 哈哈 烂泥南： 鼓掌 下次请早 ！ [哈哈] [鼓掌]
1,趣意、地道、独特是万丽品牌的核心价值，我们将秉着特色，为客人提供优质服务。来酒店不仅能享受美食，最近酒店健身房还推出了 元的亲子优惠活动噢 想运动健身、想品尝美食，尽在豫园万丽酒店！ 逍 哈哈 哈哈 哈哈 [哈哈] [哈哈] [哈哈]
1,哈哈 姚若极 我们库是什么 安全第一 田耀儿 想想那个时候的鸟样，警示一下自己！要谦卑，要好好学习哈哈！ 奥特曼 [哈哈] [奥特曼]
1,回复 王小样 呀呀 有啥活动想着俺们点，哈哈 爱你 奕文同学 和我都爱你 王小样 亲爱的小朋友，生日快乐！ 雨娟儿 现在比那时候瘦点了，哈哈 谢谢各位 我是阳光天气晴 翻出这张有爱的照片来 祝今天的主角 雨娟儿 生日快乐 祝你天天笑的都这么甜 [爱你]
1,吴晓波有深度 欧阳逸宸 权静 哈哈，很高兴看到 吴晓波 老师的这期节目又再一次被网友推荐！这期节目也是我很喜欢的一期。 鼓掌 转发微博 [鼓掌]
1,现在过来，时间刚好啊！ 嘻嘻 周末愉快，就在今天，欢迎大家参与！ 嘻嘻 [嘻嘻] [嘻嘻]
1,哈哈 谢娜 我准备对管话筒的同事唱：没有一点点防备，也没有一丝顾虑，话筒就这样出现，在我的背包里带给我惊喜 吃惊 ，情不自已 泪 爱你 曲婉婷 对不起，我的失误。话筒在我这儿。 我下次注意！ 其实 也没什么难的啊！加油谢娜！ [哈哈] [吃惊] [泪] [爱你]
1,鼓掌 鼓掌 鼓掌 丶 不是路痴 进一个 ！不过还是希望各种开挂、国安是冠军 小阳 国安进一个 北京底层 王小孟孟孟 国安进 球 思考 思考 [鼓掌] [鼓掌] [鼓掌] [思考] [思考]
1,游点看头 年底，超级有爱的 主题公园在济州岛落户了！四处都是粉嫩的 ，满足所有女生的公主梦哦 抱抱 济州机场开车只要四十分钟即可到达。地址：济州岛西归浦市安德面上 里 。详情猛戳 [抱抱]
1,天 得客户定位是：大学生 办公室白领，宣传渠道选择为：新浪微博 人人网。客户定位和渠道选择都非常准确 ！佩服，等下看下 将爱 的营销内幕 嘻嘻 [嘻嘻]
1,超 句子：放下就是解 。早就 到 道理但 在修法中。 哈哈 哈哈 哈哈 [哈哈] [哈哈] [哈哈]
1,鼓掌 庐山吴健 九江阳阳 九江青悠旅行小枫 瑶湖论坛 江西师大我的网 一块去旅行 [鼓掌]
1,整理达人的彩虹衣柜之一：灰色蓝色白色粉红正红。整整齐齐的家才能称作是港湾。 可爱 [可爱]
1,男体女体自己挑，听好听坏自己聊 哈哈 [哈哈]
1,哈哈 耶 法边余墨 精品以前只卖一元，超值！那个年代的办公室文化就是午饭后围在一起看精品和北青，还有扫雷！ [哈哈] [耶]
1,徐钢 我改了机票就是为了这个展览 黄在 鼓掌 郑好 周春芽 杨凯 贾方舟北京 北大彭锋 [鼓掌]
1,山阳英雄 嘻嘻 实用小百科 个中医秘方帮你留住亮丽美发，有需要的童鞋收藏了！ 赞 [嘻嘻] [赞]
1,这是我们应该做的 祝您开心 嘻嘻 嘻嘻 院的昊波同 这么专业！！！谢谢啦！ 嘻嘻 北京五洲皇冠假日酒店 欢迎光临我们 五洲皇冠自助餐大使 祝您用餐开心 嘻嘻 嘻嘻 [嘻嘻] [嘻嘻] [嘻嘻] [嘻嘻] [嘻嘻]
1,回复 江南豪客 谢谢欣赏。 江南豪客 最后那张慢门真漂亮！ 赞 黄玺赫 回复 北京石景山游乐园 鼓掌 北京石景山游乐园 我们给游客送去 更快乐、更健康、更美好 的娱乐体验！看到大家玩的开心，我们也就放心啦！ 心 [赞] [鼓掌] [心]
1,工蚁心声啊，老板们，你懂得？ 旅游时报王琪：上班族就是为别人创造价值额的工蚁啊 黄超 同心动力：上班族不易啊： 靠拿工资养家糊口、靠劳动想致富在当前是多么的艰难 自由幸福云者 哈哈 [哈哈] [good]
1,周一咱聊五毛钱的 杨 哈哈 [哈哈]
1,拍照技术一流 爱你 [爱你]
1,里士满 列治文 美食系列，夜市美食 偷乐 夜市美女 哈哈 ！ [偷乐] [哈哈]
1,： ！碧沙岗公园见 嘻嘻 [嘻嘻]
1,百变大咖秀第五季 跨年倒计时 各位咖啡，祝大家新年快乐，天天开心！ 亲亲 顺带奉送小礼物，第一期亮点看这里！ 王祖 和 百变五侠官微 争相模仿 爸爸去哪儿 小萌娃， 王栎鑫 变身汪峰，他能成功上头条吗？精彩节目就在后天， 月 日晚 ： ，开始倒数期待吧！ 转发 [亲亲] [转发]
1,红点设计概念奖冠军 哦 花心 前天，刚去了世界唯一两家之一的位于 新加坡的红点设计博物馆 参观呢 太开心 新加坡微攻略 爱狗的猫菲 [花心] [太开心]
1,给力 旅游信徒万一伟 因果法则 赞 鼓掌 [给力] [赞] [鼓掌]
1,回复 冰柔 太开心 冰柔 生日快乐！ 袁祖文 回复 湘下琼人 江南 转发 湘下琼人 有心不怕迟，祝袁总生日快乐！ 蛋糕 袁祖文 回复 湘下琼人 江南 转发 湘下琼人 有心不怕迟，祝袁总生日快乐！ 蛋糕 [太开心] [江南style] [转发] [蛋糕] [江南style] [转发] [蛋糕]
1,回复 大胃王六月小姐，我可以陪你再去吃一顿 我又饿了 笑点低小姐 ： 姚晨：小导弹，小捣蛋。 马元 让子弹飞一会？ 哈哈 笑点低小姐 姚晨：小导弹，小捣蛋。 马元 让子弹飞一会？ 哈哈 [哈哈] [哈哈]
1,我赞同！ 哈哈 [哈哈]
1,编段子的人真坏 哈哈 未艾 做个 偷笑 张敬东 确实内涵！ 歇洛克 波洛 喜当爹 许志平 有点绕。 马君 确实内涵！ [哈哈] [偷笑]
1,虫子的春天 牛屁了的黑山猪系列 爱你 [爱你]
1,上海枫泾水乡婚典 第九届 吴根越角 上海枫泾水乡婚典今天冒雨在水乡枫泾隆重举行，雨中的枫泾古镇，烟雨江南的味道尽显，雨中的新人一个个都水灵的往下滴水。 下雨 微风 哈哈 带着微博去上海 [下雨] [微风] [哈哈]
1,哈哈，蚊子超多，腿都被咬肿了 邱琼 吼吼 牛鼻哄哄的 七洲网游侠 哈哈 爱你 七洲网浪侠 赞 七洲网 [哈哈] [爱你] [赞]
1,马太鞍位于花莲中区的光复乡，花东纵谷范围内 光复乡有美丽的纵谷景致、还有特殊的人文风情、加上马太鞍独特的内陆湿地生态，更是您纳入游程的一项丰富选择，值得探访噢。 嘻嘻 [嘻嘻]
1,太他妈的像了，不会真正的内幕其实 梁博是窦唯的私生子吧？ 恋恋风物 必须转 丫头 莎小莎 陈默撒吗 得转 台客丹 真像 于靖 烦吗。。。 哈哈 茅侃侃归来 崔菲特斯文 红 。 [哈哈]
1,回复 说得非常好 养身要牢记 耶 是全方位人才呀 鼓掌 是的，如同父母也建议不要经常爬山，本来绝大多数都缺钙，这样膝盖磨损得更快，偶尔爬是可以的。我了解到补钙要人体真正吸收需要镁、维 和 参与，选择不当反而有害，而小米粥维 丰富还安神养胃，对于有胃热的人尤 [good] [耶] [鼓掌]
1,回复 小钉耙 给力 恭喜恭喜啊 小钉耙 给力 开心，第一次中微美食 鼓掌 [鼓掌]
1,刚刚玩过，擦炮 嘻嘻 嘻嘻 超级记忆宝典 你是 后 后吗？这个微 博里有很多我们 后 后的美好记忆哦 赞 [嘻嘻] [嘻嘻] [赞]
1,法平的微博 要找一本好书配这个书签啦！ 太开心 [太开心]
1,穿越新西兰 海边吃龙虾 纽币一只，鲜咧 把海鸟眼睛都看红了 嘻嘻 嘻嘻 嘻嘻 [嘻嘻] [嘻嘻] [嘻嘻]
1,吴国辉 哈哈 [哈哈]
1,转了，学习中 菁制美食 对的，对的。我们的客人说他父亲每天早上用牛初乳冲水，然后加蜂蜜，治疗便秘有奇效！ 生活小智慧 鼓掌 分享给大家，做个瘦美人！ [鼓掌]
1,原来这两天到阿里节目的重播了啊，之前没看到的童鞋们看起来哈！ 鼓掌 [鼓掌]
1,意思意思小意思，不够意思没意思 嘻嘻 [嘻嘻]
1,我们买下来吧？！ 思无邪行未央 小尾粉 小尾寒羊 杨雅雯 安娜 可爱美鹿 包转户口不？ ： 万，这么大一 ，要哭了 泪 顾晨曦 嘻嘻 曾焱冰 以潘为单位的房子。 天天同学 严重激动严重想行动 下来一会儿 去 [泪] [嘻嘻]
1,心与自然对话，童话般的意境。 鼓掌 [鼓掌]
1,合照 亲亲 [亲亲]
1,哈哈 巨龙巨龙，你永远差两年！ 不可不看的视频 第一句就灭绝人寰了。。！！ 哈哈 [哈哈] [哈哈]
1,酷宝真胖了！！像我们家的一份子了！！ 哈哈 [哈哈]
1,爱知乎的孩子哈 嘻嘻 知乎 [嘻嘻]
1,哈哈 喻院长 这坚毅的眼神，绝对是以雷书记为原型的 [哈哈]
1,锦庭蜜语 给力 最佳早餐时间：起床后 分钟 一般来说，起床后 分钟再吃早餐最合适，这时人的食欲最旺盛，消化吸收状态也在最佳水平。早餐前最好摄入至少 毫升水，既可帮助消化，又可为身体补充水分、排除废物，降低血液黏稠度。不要起太晚哦！ 嘻嘻 [给力] [嘻嘻]
1,感谢亲对酒店一直的支持和厚爱。为了满足不同客人的就餐口味，将中西餐的食材进行组搭，既丰盛又满足了营养的需求，希望您能喜欢哦！亲的图片拍的好棒哦，希望您能在酒店度过一个愉快的假期！ 太开心 爱你 [太开心] [爱你]
1,嘻嘻 嘉航在此： 哈哈 鲜于蝶舞 转发微博。 [嘻嘻] [哈哈]
1,最爱这道菜 蓄须专用 故私心推为昨日第一！！ 哈哈 给力 威武 许春宇 应大君 庄凝啊 刘宗伟的微博 左象彭彭 高调小强 红颜素心 竹寒风清 孤岛森林 [哈哈] [给力] [威武]
1,于小脖儿 图片必须收藏 爱你 [爱你]
1,这个狠！ 哈哈 蔡蔡 蔡潆萱 这个太好笑了 李浩修 哈哈哈，一看就是老江湖，伤不起啊 哈哈 哈哈 哈哈 笑死我了！ 造型师萧峻 泪 泪 泪 泪 [哈哈] [哈哈] [哈哈] [哈哈] [泪] [泪] [泪] [泪]
1,川音！你又洋气啦！ 哈哈 随手拍 [哈哈]
1,您 的 帐 号 已 成 为 今 日 幸 运 用 户 立 即 登 陆 进 行 了 解 礼物 股阿四 哈哈 [礼物] [哈哈]
1,鼓掌 我们今年还有一个河南 百佳 摄影作品评选活动，欢迎来参加啊 详情请见 [鼓掌]
1,回复 放羊的皮 丘 月中就好喽！ 放羊的皮 丘 回复 俺叫老鬼 代 有 法 救的 俺叫老鬼 得到月中喽！ 大西迁林玉 嘻嘻 呵呵 嘿嘿，加 分！另外，恢复没有啊你的牙齿 鲁英俊 这必须是人民公园吧 转圈 [嘻嘻] [呵呵] [xkl转圈]
1,黑线 雪鸿先生 你见过吃煎饼用筷子的么 同理 哈哈 [黑线] [哈哈]
1,入住酒店，都会收到我们的餐饮优惠册，在酒店每一间餐厅和酒廊都会有惊喜哦！ 太开心 [太开心]
1,欢迎去我家 嘻嘻 [嘻嘻]
1,爱你 [爱你]
1,瓦晴，到时瓦给你介绍白衣天使彦砚姐，想你们哈 爱你 只因有你 不想你 偷笑 不过咱们可以聚一下，哈哈，想你们 爱你 爱小鬼的小怪 小小女人大大梦想 话说可以的话咱们是第一次见面吧，彦砚姐 彦砚 [爱你] [偷笑] [爱你]
1,悠游台湾个人游 今天在九份逛了一整天，一直没有合适的网络所以一直没发送出来今天的精彩 可爱 大魔王脆皮儿 正在泡澡 而我在回味今天的精彩 偷笑 九份风筝博物馆民宿的早餐和风景也蛮好的喔，而且去老街也很方便，推荐给喜欢民俗的朋友 个人游台湾 [可爱] [偷笑]
1,真爱腾冲！ 腾冲旅游微博 嘻嘻 嘻嘻 [嘻嘻] [嘻嘻]
1,回复 七彩流星 鼓掌 七彩流星 支持一个 [鼓掌]
1,今年的今天最人齐，太热闹了！ 太开心 [太开心]
1,今日川香美食节即将开启 围观 ，中午就会推出部分特色菜品供食客品尝 抱抱 ，还等什么，快来佛罗伦萨西餐厅品鉴吧 馋嘴 订餐热线： 转 [围观] [抱抱] [馋嘴]
1,某位同学的马卡龙准备好了哦！赶快来领取哈！今天有三种口味，覆盆子、宇治特 级抹茶、巧克力，可零售，也有 、 、 、 颗的混装哦！ 嘻嘻 嘻嘻 嘻嘻 [嘻嘻] [嘻嘻] [嘻嘻]
1,我先要两瓶 海洋国旅 毛里求斯吧 回复 何小票 嘻嘻 嘻嘻 组织代购 偷笑 偷笑 何小票 只可惜我买朗姆酒买太少了，后悔啊，，，，好好喝，特别是对可乐 [嘻嘻] [嘻嘻] [偷笑] [偷笑]
1,最好是彩虹的桥 紫悦 回复 小王君子 欢迎美妈来专吃 嘻嘻 小王君子 下次来专吃下，上次都木有空肚子吃东西拉 紫悦 严重支持我们和 望京一号餐厅 之间架起一座溜达着就能到的桥梁！我肯定去的勤！ 呲牙 呲牙 [嘻嘻] [呲牙] [呲牙]
1,今晚开练 陈芝麻：图 好像叫做 小燕飞 可爱 ，中日友好医院的专家也给我推荐过这个 凌狐冲在京华 转发微博。 [可爱]
1,是地二张嘛？ 房 有些好眼熟 貌似我的相簿里也有同样的造型 哈哈 哈哈 哈哈 哈哈 [哈哈] [哈哈] [哈哈] [哈哈]
1,闺蜜下午茶走起， 嘴角微扬 赶紧呢， 朱润润 等着你回来继续哈 抱抱 [抱抱]
1,他的孩子能再给我一只吗 爱在蔓延 亦泷 大姐可喜欢暹罗了 爱在蔓延 亦泷 爱在蔓延安德森卡卡 爱在蔓延的芝芝 爱在蔓延马梁 爱在蔓延那只叫高兴的猫 看看好奇妙的宝宝英俊吧 爱你 心 [爱你] [心]
1,一张图告诉你，再牛 的品牌也是从傻 的年代走过来的。。。。。。。 哈哈 [哈哈]
1,朝鲜少年神演唱 治疗假期综合症良方来了 鼓掌 详情 [鼓掌]
1,回复 姜姜 已经有人投入战争了，大家转发完别忘了求 把自己的转发量搞上去，十个骆驼等你拿！ 礼物 圣诞老人 姜姜 回复 去哪儿网度假 抱抱 我一定把骆驼拿回来 鼓掌 姜姜 这骆驼非我莫属 旅行心愿 ，我想和 刘小猫 喵 一起去香港！ 去哪儿网度假 去哪儿网 [礼物] [圣诞老人] [抱抱] [鼓掌]
1,小牛望月 哈哈 哈哈 哈哈 哈哈 哈哈 [哈哈] [哈哈] [哈哈] [哈哈] [哈哈]
1,同住的 是亮点 嘻嘻 [嘻嘻]
1,衰 衰 天假，回来和辞职差不多了 茹素轩辕 直接辞职算了 嘻嘻 [衰] [衰] [嘻嘻]
1,回复 刘京京顺子 礼物可以转赠吗 抱抱 刘京京顺子 回复 怂的载体 礼物 [抱抱]
1,回复 谢谢若铭过几天你也 啦 爱你 大曦曦，生日快乐哦！么嘛 [爱你]
1,老豹要哭了。 蓝颖 金梦说喜欢爷们点的男人然后转头对主持人说你就算了 嘻嘻 嘻嘻 嘻嘻 嘻嘻 嘻嘻 你懂了么 女亭 金 炫是老豹 小导郭昊阳 蓝颖 转发微博 [嘻嘻] [嘻嘻] [嘻嘻] [嘻嘻] [嘻嘻]
1,你们两个专业打酱油么？怎么谁的酱油都打呀？ 汗 要加油 去看看？ 懵懂 要加油 要来北京拉 哈哈 哈哈 哈哈 新浪韩娱 将于 月 日在北京万事达举办 演唱会，新晋男团 有望任嘉宾。妹纸们在中国的首次正式亮相，支持起哇 [汗] [哈哈] [哈哈] [哈哈]
1,超级笑星 微直播 大新 和 刘金霏 是同门师兄弟，而他们的 却引发了传统与创新的纷争。最终，两位主裁判都选择了"金霏曦比 组合。恭喜 刘金霏 嘻哈包袱铺陈曦 成功晋级！ 鼓掌 而 大新 哥从始至终，脸上都带着自信的笑容！也希望观众看了你今晚的表演后，会更加喜欢和关注传统艺术！ 爱你 [鼓掌] [爱你]
1,欢迎大家来西安 哈哈 [哈哈]
1,哈哈 哈哈 哈哈 哈哈 哈哈 赞一个 [哈哈] [哈哈] [哈哈] [哈哈] [哈哈]
1,话筒 今晚 ： 公共频道 消费向导 将播出 风林火山，看老板如何紧张出汗，拍下电视画面 我将得到汽水一瓶和一句衷心祝福 哈哈 [话筒] [哈哈]
1,原来西瓜是这么吃滴。。 嘻嘻 钢身 很很很很佩服你们这群妖孽 乔小旭 明天中午我还吃西瓜，要不要 一起呀，一班我吃掉，一半你给我刻个 甜 [嘻嘻]
1,雷锋网 连续 年不中 万大奖的概率 。我一定要试试。 哈哈 [哈哈]
1,回复 一醉陶陶 生命的延伸来自于生活的真谛，有人问：你幸福吗？回答：嗯！还可以，难道被谎言收买了？估计家家都有一本难念的经。 一醉陶陶 嘻嘻 哈哈 [嘻嘻] [哈哈]
1,保健大使戴光强 溧阳人民医院团委 千万别劝酒！ 哼 保健大使戴光强 哈哈 宁静的夏天 戴老师讲的课我听了，非常实用。身体是自已的，健康舒畅最重要！ 保健大使戴光强 谢 新疆广电网络 的热情邀请！ 新疆广电网络 常伟 关注 天山云微博 健康专区，看戴老师风采，听戴 [ok] [哼] [哈哈]
1,小游 一大早就来淮北临涣老茶馆喝茶咯，不知道这百年老茶馆还能支撑多久 嘻嘻 我在 [嘻嘻]
1,年 月 号，晨， ： 点钟正，立春 嘻嘻 大马头 偷笑 我们的小公主 氏 总算出生了 愉快 母女平安 兔拉拉 爱你 七斤。 [嘻嘻] [偷笑] [愉快] [爱你]
1,鼓掌 鼓掌 喜达屋旗下艾美酒店官方微博开通啦！艾美品牌专属哦 好爱哦 青岛万达艾美酒店 重庆万达艾美酒店 上海世茂皇家艾美酒店 上海世茂佘山艾美酒店 厦门艾美酒店 [鼓掌] [鼓掌] [好爱哦]
1,哈哈 漫画版已经超过 万点击量啦！ 爱情公寓漫画版 爱情公寓漫画版人气已经超过 万啦！！ 爱情公寓搞笑精选 可是曾哥好像都没有符合一菲的两个要求 熊猫 爱情公寓第三季爱情公寓 爱情公寓 外传漫画版 好 好可爱呀 抱抱 [哈哈] [熊猫] [抱抱]
1,偷笑 今天给大家带来的是来自新西兰安佳的芝士和法国法芙娜巧克力。 甘小喵 有你最爱的芝士 小小的南瓜丁 现场人手一个吧？ 嘻嘻 黑和白都什么口味的啊？求分享 [偷笑] [嘻嘻]
1,回复 桃巫奇 哈哈 好的好的，那我期待了啊！ 桃巫奇 回复 元旦礼物吧 可爱 桃巫奇 这眼镜我店里还没开始卖，就第一时间送你啦，绝对的 。明天我先回上海了，你在深圳好好加油。 [可爱]
1,爱你 爱你 好好享受吧 [爱你] [爱你]
1,没让你吃好，我们会继续努力 可爱 秋叶影舞 吃过 但是觉得味道一般般 你吃过吗 背后有阳光 笑的合不拢腿 北京菊儿人家！！北京吃货全攻略每日分享北京那些美食 赶紧加入一起寻找北京美食吧！ [可爱]
1,恩年了，终于再次回到我梦中思念过无数次的老家 哈哈 哈哈 哈哈 肥东！激动 ！ 我在 [哈哈] [哈哈] [哈哈]
1,回复 龚漪 给力 抱抱 龚漪 这个酒吧的氛围很棒呢！仿佛置身国外 一角，洋派而迷幻，喜欢！ [给力] [抱抱]
1,央视 阳光大道 开录， 龙瑞国际文化传媒 和 美库原创网 艺人 喜悦蜘蛛侠组合 讲述创业故事和创业项目 主持人 阳光大道上的乔静 马丁马小虎 ，敬请关注 鼓掌 美库原创黎冬 淮河之玉 讴阳北方 阳光大道李晓梅 张艺源 我在 [鼓掌]
1,计划 月休息 学习英语 突然领导找我 月去日本 各种无语 翻开护照发现原来签证刚好到期 申请新签证要 月中旬 赶不上客户的行程 领导只得作罢 嘿嘿 有惊无险 月那就是休息的月份哇 可爱 心 偷笑 抱抱 [可爱] [心] [偷笑] [抱抱]
1,这个不错，不过都是片段，想看全的还得来现场 哈哈 [哈哈]
1,硕硕哟 小小小梦 爱你 爱你 分享自 频道 [爱你] [爱你]
1,感谢您捧！暂移一个月，，给您添麻烦了 嘻嘻 单诗尧 移驾闽清阁，曲艺向天歌。心灵慰平生，生活比池荷。 青岛曲艺社 唯嘉 青岛曲艺社朱琦 青岛曲艺社 唯嘉 转发微博 [嘻嘻]
1,吃饱了撑的，与爷从 一路摇晃到五帆广场，夜色阑珊，风景如画，关键是空气清新得不得了不得了！ 嘻嘻 个多小时后回酒店，小爷丢下手中的游戏机抬头问：怎么样？爷回：灰常灰常好！矮油，这是逛美了，难得的爷也会说潮语了！ 我在 [嘻嘻]
1,超级笑星 精彩剧照 鼓掌 还有不到六个小时， 超级笑星 第一场半决赛就要拉开帷幕啦！ 哈哈 爆笑开战火力升级！精彩不容错过 主评审王晶老师已经笑趴下啦 偷笑 播出同时编辑短信 最想说的话，发送到 参与节目短信互动 还有机会赢取千元现金大奖哦！ 超级笑星 一笑值千金！ [鼓掌] [哈哈] [偷笑]
1,今天，我的台湾帅锅搭档口才也了得！我们这双口相声说得还不错吧 年，我们在饭前饭后 闻香、录音、说 相声 ！哈哈哈 ！ 山伯爵 鼓掌 鼓掌 鼓掌 [good] [鼓掌] [鼓掌] [鼓掌]
1,爱你 爱你 爱你 感谢大家及时为我们转发寻汤圆的微博！感谢你们给我们支招！也抱歉因一只淘气金毛而占用大家宝贵的时间！外面的世界很精彩，找你的时间很无奈！汤圆，以后的日子你要乖！！ [爱你] [爱你] [爱你]
1,嘻嘻 握手 微风 啸咏林泉 转发 [嘻嘻] [握手] [微风] [转发]
1,哎呦喂，这点心太有特色了，能给我来一份吗？ 嘻嘻 [嘻嘻]
1,小发哥特别的可爱，真想抱抱。 爱你 [爱你]
1,宝贝，生日快乐！今天是我外甥女的十岁生日 从她出生我就疼爱她，除了情感上关怀她，还给她不少买衣服，零食，小礼物。甚至买过电子琴培养过她兴趣爱好。虽然她调皮捣蛋时没少呵斥她，但内心对她的那份爱随着她的年龄增长都会明白的。希望她努力学习不负全家对她寄予厚望。我外甥也要快快长大喔 可爱 [可爱]
1,我要看 嘻嘻 二狗 芭莎男士 芭莎男士 月号品位版 品位理容 告诉你 拒绝动刀 魅力微整 的秘诀。商业版 品位版满足不同需求的你，赶快抢购！ [嘻嘻]
1,哈哈 若是你拿苹果 的话，我拿果 跟你换 西丰客人在 我报了 人文 类，拉票时间 等到 搞到手，见面一人玩一次 哈哈 [哈哈] [哈哈]
1,咱玩户外的人也可以很文艺，谢了 嘻嘻 [嘻嘻]
1,对 谢谢和菜菜为爱走天涯 说：求再次采访！求回复！ 哈哈 [哈哈]
1,哈哈哈，太逗乐了 ！ 宋凯 强力减震！ 哈哈 金飞豹走天涯 自带气囊 哈哈 赵氏孤魂 估计车带的气囊没有她自带的好 [哈哈] [哈哈]
1,蛋疼得厉害， ，郭 。。。 讨厌方的这种作风。让人怎么支持你啊 天蓝蓝的飞 哈哈 是真的么。。 老榕 偷笑 北京兵人 现在你们还不相信爱情么？ 泪 泥泞的鞋 。。。 郭敬明 禽兽！！快放过韩少！有本事算我的身高呀！ [哈哈] [偷笑] [泪]
1,面壁三天三夜，辟谷七天七夜。 嵩县阳天池 为赎罪，明早罚自已跟 嵩县周松才 跑五圈 嵩县张相正 揍你 嵩县阳天池 为了 好脾气的漂亮乖乖女 能开心，俺把好友全得罪了 嵩县向前 大师 嘻嘻 好脾气的漂亮乖乖女 哈哈 真经典，幽默的 嵩县阳天池 太 赞啊 赞啊 赞啊 [嘻嘻] [哈哈] [赞啊] [赞啊] [赞啊]
1,此刻听到 盛博 老师在节目中再次提到 梦想成真 活动的场景，好亲切啊 鼓掌 叶沁 [鼓掌]
1,回复 刘嘉镭 哈哈，你是说我还是你啊老大？ 哈哈 刘嘉镭 回复 笑点低小姐 再找个男人就可以上路了！ [哈哈]
1,离开埃森哲之后，好像很久都没吃麦当劳了。今天其实很冷，但麦当劳里还是挺暖和的。看着吃惯的巨无霸，不由有些想念那些曾经帮我买过麦当劳的兄弟！ 这个雷恩不太雷 的简单生活 上有老马下有小猫 王 雪中灰太狼 小工做摄影 爬格子的爬行动物 我还有没有外卖钱没给你们啊？ 哈哈 [哈哈]
1,爱到永远，值得 阳光晓镜 鼓掌 给力 老李 老李 [good] [鼓掌] [给力] [good]
1,玉林烤鸭建达新店开业在即，粉粉们我们共同期待哦 鼓掌 [鼓掌]
1,希望很快再见！ 爱你 [爱你]
1,早上好！！过完年咯 大家都有啥变化没？！！！ 偷笑 嘻嘻 [偷笑] [嘻嘻]
1,在里面小露了一下脸 嘻嘻 [嘻嘻]
1,今天给同事过生日，处处是感动！ 哈哈 哈哈 各种开心！ [哈哈] [哈哈]
1,最后那张是亮点，大家都见过吗？ 嘻嘻 哈哈 海鹏鹏 鱼想余翔 妹莉十足 俺是一农民围脖 北京 雨天 北京老夏 黑米粒 飘尘 大寒江 程诗然 曹晨 越走越远 陈亚军 独臂老宋 远方的雪山 蓝风摄影 牟爽 泡鱼儿 潘潘猫 骑着扫把去旅行 秋之麦子 [嘻嘻] [哈哈]
1,期待启动仪式！ 某制片主任 哈哈，我就是搞俱乐部的 哈哈 热点红姨 我们这些会员是不是要认识一下呢？组织一个俱乐部吧！ 中俊崔春婷 人气旺 呵呵 某制片主任 有了这卡粉丝猛增啊！ 某制片主任 回复 中俊崔春婷 哈 中俊崔春婷 是 ，最多可以透支 元呀 偷笑 [哈哈] [呵呵] [偷笑]
1,围观 猪西西 钱 念卜 大宇 刘柳璐 呦，挺带劲的。 鼓掌 [围观] [钱] [good] [鼓掌]
1,再分享下 求点赞 太开心 李 我认为摄影可以改变生活，在摄影里可以找到人生的乐趣。 太开心 白金汉 不同的人会因为不同的原因爱上摄影，但是对摄影、对生活的热爱是一致的！赞！ [太开心] [太开心]
1,回复 信诚久强 狄仁杰：本官以为可以免费用膳 也可以免费打尖住店 不过还是要爱卿转发一下置顶微博才有机会！ 可爱 江南 信诚久强 元芳：大人，他们会要我们钱吗 [可爱] [江南style]
1,哈哈 哈哈 哈哈 哈哈 经典丶微小说 好飘逸的秀发。 哈哈 北京的徐涵 [哈哈] [哈哈] [哈哈] [哈哈] [哈哈]
1,我儿纸长得像我吧 嘻嘻 爱你 鼻息肉是遗传么，为啥我有他也有？ 思考 疑问 [嘻嘻] [爱你] [思考] [疑问]
1,北方不懂南方的冷 取暖靠抖？ 生病 不用抖了，教你一招：如果怕冷你可以去钻墙角，因为墙角有 度；如果还冷你可以去躺地上，因为地面有 度；如果再冷你可以自转一周，因为那样就有 度了；如果还是冷，那你就众里寻他 她，因为 众里寻他 她千百度。 哈哈 哈哈 转 [生病] [哈哈] [哈哈]
1,太爱了，貌似我们一家 口就够了。。。感谢 浏菁 小友，太及时了 亲亲 挡不住的麻辣小龙虾 映像厦门主题酒店 朗读者 朗读者的世界怎能被冷漠 请猛力点击猛力关注猛力转发 鼓掌 [亲亲] [鼓掌]
1,爱你 纯净如水 爱你 爱你 爱你 太开心 太开心 做鬼脸 做鬼脸 小猫爱睡觉 这个图简直就是画的我们三个啊 爱你 爱你 纯净如水 周邹妈妈 还有 书书何 快点把个人 进来 哈哈 哈哈 [爱你] [爱你] [爱你] [爱你] [太开心] [太开心] [做鬼脸] [做鬼脸] [爱你] [爱你] [哈哈] [哈哈]
1,下周五下午的头脑风暴主题： 我们向华尔街新闻体学什么？ 欢迎新余广电人捧场！ 嘻嘻 [嘻嘻]
1,来自锦州的喜讯 她喜得贵子。 感激心情无法用语言表达，，，有时间去北京看您。 这是当送子观音最幸福的时刻。我爱你们。 爱你 哈哈 鼓掌 大红灯笼 [爱你] [哈哈] [鼓掌] [大红灯笼]
1,未成年人勿进 哈哈 [哈哈]
1,鼓掌 哇哇 中奖了开心啊 要将节能环保进行到底 吼吼 佳能影像公益 感谢网友积极参与 一份关灯的承诺 活动，以下是获奖的 名幸运者 小可疼 恭喜你们将获得精致节能灯一个。 月 日晚 ，熄灯一小时，生活更明亮，和佳能一起行动吧 ！ [鼓掌]
1,看来也是咱胡同里长大的孩子呀 可爱 欢迎回家吃饭 [可爱]
1,哎哟喂，我和我的小腊肠同时中奖诶 ，耶 耶 鼓掌 [耶] [鼓掌]
1,回复 傻狼 傻狼 地址在哪里啊大哥？ 袁祖文 回复 傻狼 有时间欢迎来南澳公司周五 点参加我们的乔迁活动？ 傻狼 欢迎大哥来村视察！ 鼓掌 鼓掌 鼓掌 鼓掌 袁祖文 回复 作家编剧 赵湘华 谢谢！安全到达！ [鼓掌] [鼓掌] [鼓掌] [鼓掌]
1,夸的话让主页君来说嘛 偷笑 被你说完了我就没的说了 嘻嘻 青岛鲁商凯悦酒店： 得意地笑 酒店优越的地理位置，坐落在绵延三公里长的著名自然风景区石老人海滩上。无论是商务旅行还是休闲度假，都为您享受生活提供绝佳的环境哦。 [偷笑] [嘻嘻] [得意地笑]
1,亚森 好基友 酷 猫扑 这太给力了！ 哈哈 [酷] [哈哈]
1,乔帮主说得好 鼓掌 鼓掌 鼓掌 [鼓掌] [鼓掌] [鼓掌]
1,我想喝杯清咖 嘻嘻 [嘻嘻]
1,明白亮点在哪里的同学，就是同道中人了 嘻嘻 看 大海的感觉 [嘻嘻]
1,窈窕淑女，寤寐求之 谢轶群 吾想汝 嘻嘻 花布狸狸 红颜又惹相思苦，此心独忆是卿卿。 妾自容 忧来其如何，凄怆摧心肝。 蒹葭未兮 临河濯长缨，念子怅悠悠。 禅心依 但为君故，沉吟至今 舒城花开周郎顾 却闻周郎故 便纵有千种风情，更与何人说？ [嘻嘻]
1,我对那个话剧颇感兴趣 飞龙子翔大朱 豪华的开幕阵容啊 太开心 [太开心]
1,哈哈 恩 真不错 大力芬 还真是 嗯 [哈哈]
1,呵呵 闲云 悠然自得 鼓掌 [呵呵] [鼓掌]
1,早安、沃阁 今天南京天气雷阵雨转阴 东北风 级转东风 级。有句话叫 秋高气爽 啊！沃阁哥灰常欣喜的看到满天空的蘑菇云！顿时心旷神怡 亲亲 亲亲 但还是要记得带伞哦！！ [亲亲] [亲亲]
1,欢迎大家收看、指导！ 哈哈 相声演员方清平 尹迪 韩笑半不颠 单口相声 大北九零二 潇月导演 美库原创黎冬 美库原创 莉莉王 简单人 栽一树阳光 叮当 王小盟 姚巍 妖妖 披着白羊的天蝎 刘涛滔 侯林林微博 京城主持王挚璐 积极向上的狗尾花 [哈哈]
1,回复 凼凼的玫瑰 可爱 凼凼的玫瑰 回复 大村敦志 心 [可爱] [心]
1,公园惊现 浪花姐姐 ！ 花 妩媚 决定许配给王勇了！啊哈哈 哈哈 [花] [哈哈]
1,被围观的感觉咋样？ 偷笑 哈哈 哈哈 [偷笑] [哈哈] [哈哈]
1,周末 乐活 闷在城市太久 生病 ，是时候出坎郊外吸一口新鲜空气 挤眼 ！香港位於全球最大的候鸟迁飞区，香港湿地公园今年观鸟节透过导赏团丶专题展览等活动，让你更认识各鸟类的外观特征丶习性，更可参与 湿地水鸟普查体验 ，了解鸟类生态及保育工作，亲亲可爱鸟儿！即日起至 年 月 爱你 [生病] [挤眼] [爱你]
1,周六，成都见 哈哈 [哈哈]
1,黑贝进第 爱你 全曼午 离 球还差 鼓掌 [爱你] [鼓掌]
1,今晚有两点收获，一是我发现 核聚变反应堆 的内部结构比我这道名为 金屋藏娇 的菜要复杂，二是突然想起读初中的时候，看完 时间简史 以后的人生梦想是成为一个天文物理学家 嘻嘻 好啦，晚安啦，大家伙 明天分享会上分享氢弹与发电的关系 太开心 [嘻嘻] [太开心]
1,感谢你们的细心照顾，在这段日子里我们就像一家人一样。特别要谢谢志华、天雨、王岑，贴心照顾小小柴，还有我们可爱的管家先荣 我替小小柴再次感谢！在新的一年里让大家都越来越好吧！ 爱你 嘻嘻 [爱你] [嘻嘻]
1,摩卡 裴小墨 不会游泳的鱼 酸奶茶咪咪 徽商资本 老虎 热门资讯 榜 摩卡 打得好 鼓掌 ，打得好！ 鼓掌 打得解恨！听你们骂的都过瘾！咱们的警察叔叔没难为你们吧，需要同胞们出面围观警局的，我参加！ [鼓掌] [鼓掌]
1,其它都好，就是 颜色稍暗 嘻嘻 [嘻嘻]
1,三八节大餐，各位女士节日快乐 哈哈 [哈哈]
1,我只会想着天上掉馅饼！ ！ 哈哈 哈哈 哈哈 [哈哈] [哈哈] [哈哈]
1,今天是重阳，吃蟹才开始。。。 简俊辰 蟹就鲜这几天了，抓紧时间 哈哈 杜子建 老柯，我什么时候能吃到你家的鲜螃蟹？ 哈哈 [哈哈] [哈哈]
1,今天的山路很是吓人， 鼓足劲攀爬到 海拔的高山，山路就雕刻在大山的身上，没有护栏，稍有差池，就快乐至升天。这台 缸增压机器让我爱不释手，他同时具备了 缸机的灵敏和 缸机的厚度，堪称完美！当然，最完美的山路，是可以开着 到顶峰，然后骑着哈雷回到地上 哈哈 [哈哈]
1,每日一句 娜塔莎 体 闪电 我的和平鸽 我的空气 我的永不消失的彩虹 我的高不可攀的山峰 我爱你 我为你而活 看剧时发现这些台词挺有意思的 闪电 神马咆哮体、琼瑶体、尔康体跟娜塔莎体比起来简直弱爆了 哈哈 飙泪中 郭靖宇 仙人掌你 演员伊莉莎 非常剧精彩 我的娜塔莎粉丝团 巨满意 [闪电] [闪电] [哈哈] [飙泪中]
1,送的港澳游也是假 哈哈 哈哈 紫金山南月牙湖东 这个必须揭发一下，在江苏经开车听 经常开卖五浪液， 折 多一瓶，还送港澳游，天花乱最只极偶尔讲一下是五粮液大成堂窖，听多了有一次忍不住上网查了一下只酒仙网有，好象才 一瓶 喝多了记不清 ， 这么假 [哈哈] [哈哈]
1,爱你 泪 鼓掌 [爱你] [泪] [鼓掌]
1,爱你 皮娜鲍什下午茶 第二轮封测名单出现啦！恭喜 爱跳舞 薇薇 魔王 肖张澜沁 伊施塔尔 菲 南景 赵贺 八位雕粉！ 害羞 每天 个名额几率是不是很大？还没转发参加的赶紧啦！也许明天接到邀请的就是你哦 [爱你] [害羞]
1,嗯，女人精都是这样的 嘻嘻 [嘻嘻]
1,手机拍摄 芒果芒果里到处都是小兵人，这只是冰山一角！ 太开心 鼓掌 [太开心] [鼓掌]
1,萧敬腾晒与三只狗狗酷照 轻松回应泼粪事件 鼓掌 日前，雨神萧敬腾遭遇泼粪事件，让很多网友担心，目前，萧敬腾方面已经报警交由警方处理并请全天保镖。 月 日，萧敬腾晒和三只狗狗酷照，并调侃称： 我的力量 ！ 酷 [鼓掌] [酷]
1,刚刚我发邮件报了一个 ，不久收到回复 处理中 ，说实话，我都有点儿不好意思了。 哈哈 给力 [哈哈] [给力]
1,今天这个节目我在后面看全场参加婚礼的人都站起来了，陈跳的比王轻松多了 哈哈 喜 喜 [哈哈] [喜] [喜]
1,当马栏坡坡姐遇上新加坡坡姐 嘻嘻 ！笑料一波又一波，颇有看点！ 谢娜 这个动作 孙燕姿 要 哦！ 哈哈 [嘻嘻] [哈哈]
1,哈哈 哈哈 哈哈 小表情灰常到位嘛 [哈哈] [哈哈] [哈哈]
1,忙得没时间分享最近享受的美食，手机了存了太多的照片，午饭前偷个闲回忆一下，姐姐哪天见面呐，还有东西要给你呢 可爱 菁制美食 [可爱]
1,感谢大家的支持和关注哈，这次的免费课已经报满了。请报上名的同学准时来上课，没有报名上的同学也表灰心，下一次免费课的报名时间是 月 日上午 点哦，请届时关注微博的报名通知呗 嘻嘻 [嘻嘻]
1,我爱你的你的你的我 与非门阿庆 谢谢泰然。泰然，你该申请加 啦 泰然阿修罗 这个必须的！ 嘻嘻 [嘻嘻]
1,真美好！！ 淘米水浇花 爱你 爱你 王嗡嗡儿 吃惊 花 沫 幕遮月似 美好的一塌糊涂。 新周猫 嗷嗷嗷！完整版在介里！ [爱你] [爱你] [吃惊]
1,可爱 哈哈 哈哈 月落寒霄 哈哈！！ 拉萨拉呀拉依萨 偷笑 心 [哈哈] [哈哈] [偷笑] [心]
1,买了盒怎么都打不开的话梅，看来这一路真的只能望梅止渴了。。。出发啦！高铁，普通舱，也很舒服，直达苏州 哈哈 天！整个列车里都在放那首：嘀嗒嘀嗒 偷笑 偷笑 [哈哈] [偷笑] [偷笑]
1,厉害！ 罗永浩可爱多 建议把 也 改成 更 可爱 周超 微博 作 一 新 方人 我也得 老 我崇拜你！ [可爱]
1,新浪黑龙江 新浪吉林 新浪辽宁 新浪大连踏浪启航 兄弟，我可算把你盼来啦！ 爱你 辽宁的兄弟姐妹们，速来围观！ [爱你]
1,回复 陈树桐说相声的 没问题，有时间我也跟您一块出去玩 嘻嘻 嘻嘻 陈树桐说相声的 哈哈 有机会来这里玩玩吧挺好的。 陈树桐说相声的 转发微博 [嘻嘻] [嘻嘻] [哈哈]
1,江南 ！！！！！ 心 心 花心 花心 爱你 爱你 我在 台北纯 打浦桥店 [心] [心] [花心] [花心] [爱你] [爱你]
1,男人改变不了世界，唯有改变女人 哈哈 [哈哈]
1,都是大儿童 嘻嘻 嘻嘻 嘻嘻 [嘻嘻] [嘻嘻] [嘻嘻]
1,我的美食日记 江边城外 今天点了鱼香味的，慢慢吃，啥时候卖券啊？ 哈哈 哈哈 哈哈 [哈哈] [哈哈] [哈哈]
1,大部分都吃过了，现在朋友一看到美食就会 我，看来我心爱的美食与旅行，前者已经占了上风。 嘻嘻 宗介 赵小牛 [嘻嘻]
1,聚点串吧餐饮 欢迎来串吧吃饭 呵呵 好吃回头再来哦 挤眼 爱你 [呵呵] [挤眼] [爱你]
1,在 厦门磐基皇冠假日酒店 学东南亚菜 厦门美食在热推 人好多有木有。 嘻嘻 待会有冬阴功哦 偷笑 [嘻嘻] [偷笑]
1,回复 谢永芳 谢谢美女编导！ 抱抱 谢永芳 我喜欢你去年在景德镇写的那篇博文。 [抱抱]
1,哈哈 洪毅 世 加拿大 话筒 英语还可以这样学！ 左哼哼 易天 张晓鹏 深圳刘深 好老虎 专栏作家茶茶 哼 你个猪 多视角看世界 郭于华 四世 [哈哈] [话筒] [左哼哼]
1,引导图好有爱 爱你 下街旁，赢大奖 杜鑫歆 爱奇艺 高偌薇 杨向华 彭慧 [爱你]
1,都喜公主诗娜卡琳酒店都喜集团旗下一家四星级酒店，位于曼谷邦那 区，地理位置优越，只需 分钟即可抵达苏旺那普国际机场和曼谷市中心， 分钟抵达曼谷贸易展览中心，而且紧邻施康广场购物中心 。 爱你 [爱你]
1,一个做事低调的朋友送给我一些男士护肤品，心里那个激动，真希望能常来 哈哈 我在这里 [哈哈]
1,真美好 啊堂堂堂堂： 花心 爱你 管儿求考神相助：啃掉整颗头！！！太帅了！！！ ： 惊哭 [真美好] [花心] [爱你] [惊哭]
1,回复 博斐秀禾 肖 因为我知道自从你来到博斐秀禾后才变得漂亮的 偷笑 博斐秀禾 肖 回复 陈玉霞博斐秀禾 不好意思 你咋知道呢，那晒得黑的就看见眼睛和牙了，不过很爽 嘻嘻 [偷笑] [不好意思] [嘻嘻]
1,回复 紫小光 是啊很像的 哈哈 紫小光 好像有张震岳。 [哈哈]
1,旅游资讯 威海直飞台北 威海国际机场和台北桃园机场将于 月 日进行客机直航试飞。威海将成为山东第 个对台空中直航点，航班初步安排为起程台北至威海 ： 至 ： ，回程为威海至台北 ： 至 ： 。 话说，威海滴同学们去台湾旅游更方便啦！ 鼓掌 威海市旅游局官方微博 [鼓掌]
1,还想和你 在一起 爱你 [爱你]
1,恩，有理，可以一试 哈哈 草根原创精选 真正能阻止离婚的婚姻法是：离婚后房子归国家 [哈哈]
1,胡大仙 海蓝之自由 你们的沙漠探险之旅怎么样？小镇本迪还不错，今天骑车去看郊区的小村庄了 哈哈 [哈哈]
1,这架势，不看你忍得住吗？ 哈哈 鼓掌 [哈哈] [鼓掌]
1,中华旅游名博丹霞山行 大家都在拍照，鱼， 泡鱼儿 你到底在干嘛？？？ 哈哈 雨桐吾爱 甘雨桐 旅评网 简白 襄樊咩咩羊 胖子爱宅 李佳 山人 孙悦 酒窝果果 完美摄影 [哈哈]
1,印度美食节开幕 ， 月 日晚，在酒店的大堂吧举行了 印度美食节的开幕仪式。 鞭炮 活动上，酒店特别邀请了印度驻华使馆的政务及文化参赞 先生参加此次活动开幕仪式并为美食节剪彩。两位身着印度服饰的美女舞者在传统印度音乐的伴奏下偏偏起舞，为此次活动拉开精彩的序幕。 鼓掌 [鞭炮] [鼓掌]
1,看 龙门镖局 萌二 神医 黄晓明 嘻嘻 [嘻嘻]
1,买剪纸没 可爱 夏宫的刘阳 蔚县游人不多，很适合闲逛。 哈哈 [可爱] [哈哈]
1,小岳同学一定要我买这条领带，理由如下： 爸爸，你戴上肯定好看；爸爸，这领带和律师很对称，觉得象律师戴的；爸爸，你戴上这条领带象老板；爸爸，别的律师看到你戴这么好的领带就会问谁给你选的，你就说是我给选的。 好吧，买了。 哈哈 哈哈 哈哈 [哈哈] [哈哈] [哈哈]
1,今天的成果，第一次自己动手做上海菜饭，还不错 偷笑 圆了我前几天的梦啊 哈哈 萝卜欣儿 胡爷励志要成为大女人 [偷笑] [哈哈]
1,的确是，全片几乎是一部黑白默片， 但充满才华，而且励志，敢问中国导演敢拍吗？ 思考 姜博瀚导演 光凭默片故事，就是一部很大胆，而有价值的作品。 才旺瑙乳 还没来及看呢，羡慕中。 盛林导演手记 已经看了蓝光碟，充满了怀旧情感。 冉朵朵巴黎 一部充满想象力，充满爱的电影！ 鼓掌 [思考] [鼓掌]
1,半夜不睡的还有俺们 嘻嘻 何以文潇默 再一条：半夜不睡得基本都是公关公司得。。。比如转发得这位，比如我身边一起吃夜宵得爷们 过来人！ [嘻嘻]
1,自己有奶的不要跟母们抢！你的我也先预定 哈哈 哈哈 哈哈 小曹曹是我滴 我也要 哈哈哈哈 是的我在北京 够富裕哒！！！ 哈哈 一个样儿的来一块 哈哈 哈哈 [哈哈] [哈哈] [哈哈] [哈哈] [哈哈] [哈哈]
1,祝福 鼓掌 范儿范儿 刚刚关注到 曾经认识的姑娘"淼"正在病魔作斗争 她是我见过的最勇敢最美丽的女孩 祝福你 威武 威武 威武 [鼓掌] [威武] [威武] [威武]
1,嘻嘻 薛兆丰 你记性真好。谴责工人加班的人，自己都在加班。脑子乱七八糟了，行动还是清楚的。 白丁公子 哈，您在 经济学究竟能帮多大的忙 一文中指出 人的思想可以有很大的差别，但他们的行动都是一样的。 薛兆丰 学问越高的人，越爱说这一套；读书不慎，会读坏脑。 [嘻嘻]
1,鼓掌 祝贺金霖新专辑大卖，里面还有我俩一首对唱哦 音乐 兔子 [鼓掌] [音乐] [兔子]
1,、 、 ，傻傻分不清楚的妮儿，生快 蛋糕 明年就 岁生日还一起过啊 哈哈 [蛋糕] [哈哈]
1,哈哈 李开复 哈哈 [哈哈] [哈哈]
1,我有兄弟啦！ 嘻嘻 [嘻嘻]
1,李晨 鼓掌 鼓掌 鼓掌 [鼓掌] [鼓掌] [鼓掌]
1,今天，你赏西湖之雪了吗？ 鼓掌 鼓掌 鼓掌 [鼓掌] [鼓掌] [鼓掌]
1,良辰美景，意气风发！ 嘻嘻 悦游达人 悦游达人秀 看来此时正是出游好时节呀，景色很美 鼓掌 [嘻嘻] [鼓掌]
1,蒹葭的江湖 即将到大理的飘过 西行漫步的脚印 我们在大理， 优酷出品 那是必须的 嘻嘻 春节长假，要是方便，就趁此机会去大理吧 ！ 小意 感动了，制作得有诚意，好想去大理啊 [嘻嘻]
1,下午茶书系 嘻嘻 青年文摘 快点 当当网 [嘻嘻]
1,即将上演的泰食节将进一步丰富您的味蕾，就在明天！ 亲亲 [亲亲]
1,嘻嘻 马伯庸 为啥你们突然挖这个坟呀？ 抓狂 [嘻嘻] [抓狂]
1,反正我是 住了： 爱你 妈妈最伟大 [爱你]
1,又有美眉进贡辣 嘻嘻 中殷 能戒烟成功的，都不是人，是神！ 朱杰 殷老的习惯好像是：只戒买，不戒抽！ 汗 抓狂 哼 [嘻嘻] [汗] [抓狂] [哼]
1,圣诞礼物入手 嘻嘻 太阳 [嘻嘻] [太阳]
1,看来还装的不够 继续研修 哈哈 [哈哈]
1,年 月 日， 好奇号 火星车的第 个火星日。。小 好奇 ： 给中国的小伙伴们拜年了，祝你们马上登火星 由于火星砂砾遍布，导致我的脚磨损严重，休斯顿打算让我走沙路以减少磨损 爱你 [爱你]
1,鼓掌 鼓掌 鼓掌 情人节的好去处阿！ [鼓掌] [鼓掌] [鼓掌]
1,哈哈哈哈。。。 搞笑趣图萌主 这个猫的眼神霸气侧漏啊。。有木有？ 哈哈 [哈哈]
1,小编也很爱 哈哈 [哈哈]
1,哈哈， 年 扬州华美达凯莎酒店 开业期小试睡员和妈妈入住体验，想不到这次在 旅游天使美丽中国行中与天使母子又相逢，格外惊喜 祝天使母子此行在扬州快乐，取得好成绩 徐永青 江苏 看一下 哈哈 [哈哈]
1,万圣大冒险 你俩就不能和平相处么？ 嘻嘻 ，绿豆 多好！ 豆 黄豆 豆 红豆 我在这里 [嘻嘻]
1,绿蔬沙茶牛肉 嘻嘻 [嘻嘻]
1,感谢亲晒出你的体验！ 心 愿亲玩的愉快哦 可爱 [心] [可爱]
1,谢谢你专程来咱家 爱你 [爱你]
1,现场看完片花超级期待 太开心 电视剧小爸爸官博 小爸爸 发布会现场，看马司令看着文章同 的眼神，一个妻子对丈夫欣赏的眼神，好令人羡慕的一对呀！ [太开心]
1,潮忻土忻傻傻分不清楚 岁木粉 晴儿 大白白 ： 鼓掌 鼓掌 鼓掌 [鼓掌] [鼓掌] [鼓掌]
1,本期主题 时尚家居早春大作战！听着就倍儿励志，春天来了，家居改造不能不翻新哦！您知道卧室早春改造花费多少钱吗？早春流行色又是哪几种？明晚锁定 ： 青海卫视，答案自然揭晓 鼓掌 [鼓掌]
1,今天不晓得算不算好运，由于要等领导走后才能走点掐的很紧！到火车站还要取票排队进站，到中门检票口离开车时间只有 分钟了，检票 说 不在中门进，心情那个沮丧啊，不会停检在屏幕上消失了吧，要改签无座的 准备上 层检票口看看，结果大屏幕显示原 开的 晚点到 开不用误车 鼓掌 [鼓掌]
1,小西驾到 一日吃货，终身吃货 啥也不说了！你想 谁？ 哈哈 [哈哈]
1,首登三沙 长城威武，哦呦，还这么大的图片，太过分了 哈哈 [哈哈]
1,已婚男女和未婚男女，好形象啊 哈哈 [哈哈]
1,嘻嘻 欢迎您来参加！ [嘻嘻]
1,既然玩傻，为何不让他到去米国玩 嘻嘻 预警中国 他还真以为在美国同样有钱能使鬼推磨？ 好人老周 这个要支持 财经网 博友互动：祝光标同志马到成功 如果收购成功，我会对 纽约时报 进行一些必要的改革。最终目的就是增加这张报纸的真实度和客观性，重塑其公信力和影响力 陈光标。 [嘻嘻]
1,小呢子 回复 玉兔 握手 握手 爱你 爱你 玉兔 握手 握手 握手 [握手] [握手] [爱你] [爱你] [握手] [握手] [握手]
1,旅行之中享受看球的乐趣，畅快淋漓呀 嘻嘻 [嘻嘻]
1,嘻嘻 嘻嘻 嘻嘻 嘻嘻 嘻嘻 嘻嘻 嘻嘻 嘻嘻 [嘻嘻] [嘻嘻] [嘻嘻] [嘻嘻] [嘻嘻] [嘻嘻] [嘻嘻] [嘻嘻]
1,混搭呢？ 哈哈 [哈哈]
1,嘻嘻 小潇的记忆里有哪些追过的零食？快来一起吼一嗓子 [嘻嘻]
1,哈哈哈 哈哈 哈哈 哈哈 哈哈 俭小鱼 哈哈 哈哈 服啦 下雨的天堂 于茜 庄雅婷 [哈哈] [哈哈] [哈哈] [哈哈] [哈哈] [哈哈]
1,大帽子肿么都掉不下来！ 论脸大的好处！ 哈哈 [哈哈]
1,森海 咪头。。。没离开过。。。 嘻嘻 [嘻嘻]
1,围观 美女们快来看看 来了 真滴来了 可爱 莉娜是 靠 姑娘 凌茜 潇晴 是三脚猫 如如 婧 封嘴 成後面有五 琳 概 云超 最爱胡思乱想 [围观] [可爱]
1,补发途秀达人 冰箱空了 的现场播报！坚持骑完全程的童鞋都是最棒的！ 鼓掌 环外滩自行车赛 途秀 上海半岛酒店 [鼓掌]
1,走起来 ！ 洋气！组团！ 鼓掌 鼓掌 鼓掌 何佳佳 先耍了在说哦 [鼓掌] [鼓掌] [鼓掌]
1,昨天晚上抓紧时间去合了个影，怎么着也得留个念啊 偷笑 不过，这样特殊的时间特殊的天气加特殊的造型，估计也就三个人有 偷笑 嘻嘻 今天下夜班出楼，发现好久没有看到这样的雪了，但谁曾想，这是在春分时节看到的？好多值得纪念的，好多应该忘记的，这就是 ！ 照相机 [偷笑] [偷笑] [嘻嘻] [照相机]
1,回复 这个评论相当温暖 窝心 落胃 舒坦 哈哈 张小腾 是吧？ 刚看电视时候在吃东西没手拍 像有一年春晚的小虎队 [哈哈]
1,哈哈 草根原创精选 聪明儿子 [哈哈]
1,最近莫莫要训练打架，波波远离它 哈哈 一夕雪 默默可萌了 北京国际露营公园 淘气的莫莫，你要不回家谁管你饭啊 大致若鱼 李广 可怜的孩子 北京国际露营公园 杜晓 六喜 北京国际露营公园 一夕雪 大致若鱼 李广 雪儿妈 [哈哈]
1,快了 水墨婺源 赞 太开心 记者丁书斌 花海婺源俏装扮，零星花开催人来！ [赞] [太开心]
1,苗炜 有意思 大油门空挡坡起 哈哈 ，需要加装涡轮增压 [哈哈]
1,美好滴周末 爱你 [爱你]
1,刘恺威 ：会做杨幂的都敏俊 刘恺威 婚前婚后一直在做 杨幂 的"暖男" 亲亲 孕妇少女杨幂 已停工待产，准奶爸刘恺威受访说：小幂越来越依赖我，已做好当爸爸的准备，生活中自己一定是杨幂的 都敏俊 偷笑 可是 都叫兽是暖男，只是几年才从外星回来一次 偷笑 [亲亲] [偷笑] [偷笑]
1,准备起来 抱抱 鼓掌 太开心 [抱抱] [鼓掌] [太开心]
1,嘻嘻 良家族 仙儿 偷笑 宁宁与哇同行 哈哈 哈哈 哈哈 姚凯卿 噗 可爱 兰陵王王妃 想陪小哇 天涯的 倩 转发微博 [嘻嘻] [偷笑] [哈哈] [哈哈] [哈哈] [可爱]
1,粉丝福利第 弹 维 之王沙棘藏蜜！ 月 日 月 日，关注 悦活堂养生 和 的生活书 评论并转发此微博，一句话表明对沙棘藏蜜的认知或见解，同时 三位好友。本次活动将选取 位幸运粉丝，每人送出无糖沙棘藏蜜 瓶，活动介绍详见海报，感兴趣的小伙伴们，都来尝尝吧 亲亲 [亲亲]
1,我发备品，你猜酒店 这牌子的备品，在之前的 十大值得顺走的酒店备品 名录中哟 挤眼 各位酒店控，你们知道是哪些酒店的备品了么？ 嘻嘻 [挤眼] [嘻嘻]
1,来了 好激动 ，一起去看看吧！ 太开心 丶最近很烦躁 小 蛮小蛮 鳗鱼敏 球球是红孩儿他爹 满满哒满满 满满幻想的杨杨 满满是小诱受 满田君 曼都发型 曼琳儿 曼曼酱求安稳 曼陀罗上的舞蹈 蔓莉是首歌 蔓越肥草莓开启赛特模式 [好激动] [太开心]
1,国美也来了，刚给父母电话了，明天早上靠谱的话把家里电视冰箱洗衣机全换了，期待 元冰箱 嘻嘻 [嘻嘻]
1,汗 媒体广场王志明 把胡总弄成花团锦簇，这几个小女子，玩笑开大了。听说这里的服务员很牛，事业编制吧 嘻嘻 嘻嘻 风花雪悦的日子 照就照了，传上网就是自己的错了 任卫新 这张照片一出来，这几个女孩子肯定甭想在这儿干了。 [汗] [嘻嘻] [嘻嘻]
1,嚯，瞧这小样！ 哈哈 [哈哈]
1,请客 饭 必须的 宅猫 楼下仓库门都堵住啦！！！！！ 酷 仓库的小哥们今天估计得在仓库待到明天早上啦！ 哈哈 没事的晚上有人给你们送饭！ 苍天啊、大地啊，物流同事们你们辛苦了，太壮观了。。。。强烈建议明年取消 脱光 行动，赔不起啊！！！！！ 杨猫 [酷] [哈哈]
1,钻进被窝也冷 嘻嘻 [嘻嘻]
1,有奖转发 嘻嘻 [嘻嘻]
1,新东方推荐美食 东北四省代表菜，哪个你最爱？ 哈哈 黑龙江 乱炖，辽宁 小鸡炖蘑菇，内蒙古 烤羊腿， 吉林 猪肉炖粉条。 威武 花心 小杏仁长春美食 辽沈身边事 新浪吉林美食 黑龙江美食推 辽宁美食 美丽内蒙古 [哈哈] [威武] [花心]
1,可爱 好优雅 陈数 很喜欢今天的妆发，尤其是发型。 田洪禹 陈数官方影迷会 不一样的风格哟 赞！ 赞 [可爱] [赞]
1,我又偷拍了，不乖 偷笑 但是我 拿 光晃文物！我太喜 女孩 了， 得跟我多像啊！ 哈哈 不 ，我 是最喜 宋了！唐有 野，明 於媚，清太繁 ，宋 雅得恰到好 ！徽宗如果在世，我一定 上他的吧，管他 不 治 啊，人家 踢足球！ [偷笑] [哈哈]
1,王姚氏小庙 偷笑 张华志 哈哈 摩迷亮剑兄 堂堂一个总统当的窝囊瓦 我都替你脸红 还好意思出来炫富 都不如我们这里的一个乡长钱多 [偷笑] [哈哈]
1,必须的 曾经的 号韩旭 回复 一麻一辣冯岩 哈哈，有时间去南方那吃饭。 一麻一辣冯岩 旭子咱俩一样 哈哈 曾经的 号韩旭 我是充满吸引力的。 曾经的 号韩旭 我是充满吸引力的。 [good] [哈哈]
1,嘻嘻 好像包子，这周末我们家包了 多个包子，四种馅儿的，哇哈哈！ 全球时尚 好温馨，好得意啊 萌 [嘻嘻] [萌]
1,罗汉局玩的如此开心 嘻嘻 [嘻嘻]
1,哈哈，这 我开心的笑一笑 嘻嘻 哈哈 [嘻嘻] [哈哈]
1,来自沈导，丁导及 邱泽 家乡的台湾中视和时报周刊的媒体朋友们，正在 三亚维景国际度假酒店 参观采访中 鼓掌 鼓掌 鼓掌 鼓掌 鼓掌 [鼓掌] [鼓掌] [鼓掌] [鼓掌] [鼓掌]
1,炫酷酒吧十周年庆典 几经波折的炫酷大奖最终揭晓！恭喜 ！ 鼓掌 鼓掌 鼓掌 我在 [鼓掌] [鼓掌] [鼓掌]
1,自贡仔姜蛙！鲜辣十足！温暖你的整个冬天 可爱 老街兔 兔爷家掌门亲自传授 老街兔 特色招牌盐帮菜 自贡仔姜蛙 ！ 威武 朋友们快来围观呐 围观 三样菜帮主 呵呵！感受老街兔盐帮菜的火辣与激情！和大家分享美食的快乐！让美味 食全食美 ！！ 嘻嘻 [可爱] [威武] [围观] [嘻嘻]
1,微服私访早餐铺 哈哈 香精地沟油用少了，不太香！ [哈哈]
1,吃货们，哪天行动起来吧 飘雪 猪小囡 右耳猫 神马云南办啊，贵州办啊都可以 哈哈 [哈哈]
1,今晚空闲，洗过澡，打开窗，微风习习，很凉爽，一杯龙井沏好放在手边，好了，坐下来看日剧，感：日本是个成熟的商品社会，可再理智、冷血的人遇到她的执着也会循规蹈矩。。 岁的高中生经历、阅历如此丰富。。今天，很充实，此时，很舒适，今天，我很满意。 可爱 [可爱]
1,太坏了 哈哈 [哈哈]
1,再加一瓣大蒜！ 哈哈 章鱼哥 章鱼的没有？ 嗨辣老孙 那咱干喝，一人一瓣大蒜！ 哈哈 侯宁 汕头空运，舍不得吃啊 哈哈 嗨辣老孙 回复 侯宁 谢谢司令夸奖！兄弟只想着能快点儿把欠你的那顿酒还掉先！ 嘻嘻 [哈哈] [哈哈] [哈哈] [嘻嘻]
1,绝对好听！ 北京文艺广播 太开心 艺海藏家 本周四 艺海藏家 直播间里关于蜜蜡的争论 围观 一触即发，微博前期预热！各位亲，你们怎么看 关注 北京文艺广播 主持人 徐德亮 嘉佳 期待您的参与 雅昌拍卖收藏 雅昌艺术网官方微博 等待您的互动 围观 [太开心] [围观] [围观]
1,威武 春节狂欢最后一波秒杀 马上有一双风靡全球的 鞋 哈哈 ！原价 ，现在只要 ！新春、情人节最好的礼物，今天买鞋还送 ，正品保障 求红包 附专柜小票， 天无条件退换货数量不多，抢购地址 [威武] [哈哈] [求红包]
1,喜报啦：恭喜二哥在今天上午十点喜得千金，体重六斤多，嘿嘿，现在开始征名啊，有啥好名字私信给我啊，多谢多谢 围观 围观 哈哈 欢迎转发哦 话筒 威武 玫瑰 [围观] [围观] [哈哈] [话筒] [威武] [玫瑰]
1,就想开家咖啡馆 不错！唯独将来是否有清洁方面的困扰？ 喝咖啡观海听涛 镜面吊顶 显得有好多灯 偷笑 快乐的咖啡伙伴 回复 饮品 鼓掌 饮品 改变沿用了 年的灯组，尝试使用手边现成的器材进行一番简单的改造，目前看来效果还不错 耶 耶 快乐的咖啡伙伴 思考 混搭 嘻嘻 [偷笑] [鼓掌] [耶] [耶] [思考] [嘻嘻]
1,阻止别人犯错误，常是费力不讨好的活，要么惹人抱怨，要么只是推迟了犯错的时间，让自己和旁观者更迷糊。昨天才说过的话，今天就应验在自己身上。失眠，继续在半游离状态下，期待 黄骥 的负离子 可爱 [可爱]
1,表扬得我心里发毛。都是些习作，当练笔了。 嘻嘻 荆和平 向西边阳光学习。 西边阳光 阿戴围脖 爱旅行爱自由 北疆专列 别国落 博湖青荷 成长阅读频道 丁建仁 鹤见先生 金羚羊 金色落叶骆娟 南京先锋书店 胖枕头 乔选路 鄯善县旅游局 小苏哥 小羊军团杨军 逸波波 [嘻嘻]
1,好人有好报，傻人有傻福 可爱 [可爱]
1,敖玉琴 看到了，回复不了。 哈哈 [哈哈]
1,哈哈，旁边应该再加上我和 老师。 嘻嘻 嘻嘻 行者橙子 你来瞅瞅！ 偷笑 薛欣 怒江真值得来！！ 大鹏背包走天下 这个很酷吧！ 茸芭莘那 行者梦野 [嘻嘻] [嘻嘻] [偷笑]
1,午餐 马上就是圣诞节了 抱抱 为 做一道水果圣诞树，是不是很有创意呢？ 左哼哼 挖鼻屎 [抱抱] [左哼哼] [挖鼻屎]
1,回复 锦瑟画眉 让她习惯背着就好了，小孩子其实心里都明白，就跟单独开车带出门一样啊 嘻嘻 锦瑟画眉 回复 叮当 一个人旅行 我们的优势是体重轻点，哈哈。就是如果我带出门就必须要抱，还不让爸爸抱，如果跟阿姨出门就可以自己走。。。很欺负人！ [嘻嘻]
1,回复 握手 感谢理解，我们承诺过朋友的，总会尽全力做到！如果有问题也会实话实说 爱你 亲好好享受哦 脚受伤了晚上还来接机，太感动了 天堂马尔代夫 亲好好享受假期吧 爱你 [握手] [爱你] [爱你]
1,我发现我就喜欢这个调调的东西转 哈哈 [哈哈]
1,达 芬奇 蒙娜丽莎 的微笑，永远神秘。俄罗斯一些专家认为，普京总统的微笑最接近蒙娜丽莎的微笑 嘻嘻 。 [嘻嘻]
1,谢谢杨总推荐，晚安 鼓掌 [鼓掌]
1,生病 冷到不寒而栗啊亲！ 哈哈 [生病] [哈哈]
1,哈哈 祝志军 去年 月某西亿欧到办公室来，玩手机，下应用，扯产品，三个小时后临走前，实在憋不住了问我们：你们没看出来是 吗？ [哈哈]
1,给自己捧个场 鼓掌 [鼓掌]
1,哈哈 哥们儿下次炒作前最好能花点钱涨些粉先 [哈哈]
1,回复 杨雯 谢谢美女雯雯的热心联络 杨雯 刚刚紧急联络了老板，凡是 吃喝玩乐大搜索 的听众，他们都会热烈欢迎滴 嘻嘻 [嘻嘻]
1,回复 慧声 第一时间是控制局面，然后竭尽全力挽回损失。唉，你们文化人好纠结。 慧声 对！就是这样！第一时间占领道德高地，然后不遗余力推波助澜。感谢老周再次演活了公知 鼓掌 [鼓掌]
1,天天向上 ： 观众征集 月 、 号的录制 具体嘉宾等确定后发布 ，我们将通过微博征集现场观众若干名！ 鼓掌 如你有时间跟我们一起度过跨年前的最后一个周末，那就关注和留意即将发布的微博啦！ 心 附：门票免费，请勿相信其他途径的任何售票，谨防假票！ 鄙视 欢迎举报并 天天向上官方微博 [鼓掌] [心] [鄙视]
1,祝贺 谷声图书小巷 蓝鲸旅行 南国黑蚂蚁 谷声图书 哇！！！掌声鼓励！登顶了！ 鼓掌 [鼓掌]
1,回复 哈雷 老 可以啊 批量说不定还能给你打折呢 哈哈 哈雷 老 回复 北京国际露营公园 我们有意向批量采购！ 偷笑 [哈哈] [偷笑]
1,嘻嘻 哈哈 首映 [嘻嘻] [哈哈]
1,我承认我们已经不年轻了 哈哈 酷 [哈哈] [酷]
1,死飞还是美女多啊！ 哈哈 美女车手啊！ 偶像加实力派女骑手 [哈哈]
1,我戳 肉肉惹人爱 爱你 [爱你]
1,山东传统暴打出轨男现场版 哈哈 哈哈 哈哈 我是一只企鹅 哈哈哈哈哈 希恬丸子 沈谢催婚小分队队员 马伊俐娘家学学！ 云宝谢衣一生推 [哈哈] [哈哈] [哈哈]
1,青岛中心假日酒店员工产品知识竞赛胜利闭幕。最终餐饮服务队力压群雄，胜利夺冠！ 鼓掌 [鼓掌] [good]
1,水墨江西 现在我们正在去婺源的路上，天气很好，绿树青田。司机是个江西大美女，好幸福 哈哈 。婺源我终于要来了 [哈哈]
1,自烤火鸡 第一步用盐水浸泡 小时 第二步刷黄油 千万不要用合成的 第三步撇开两腿放两块柠檬 第四步预热 度 恒温 度开烤 第五步每四十分钟左右出炉刷原汁 第六步搞出来准备开吃 注意 一磅烤 分钟 手艺还成吧 哈哈 哈哈 哈哈 [哈哈] [哈哈] [哈哈]
1,做坏事只需一念之差，做好事需要自我修炼 笑哈哈 尼克安闲 回复 有福社长 做好事也需要耐心哈 哈哈 平安果 有福社长 回复 尼克安闲 笑哈哈 安闲啊，俺们要与时俱进啊 尼克安闲 貌似有点难 但还是投成功了 嘻嘻 有福社长 耶 [笑哈哈] [哈哈] [平安果] [笑哈哈] [嘻嘻] [耶]
1,我也最爱这家店。因为实在就是让素食是素食的味道！嘻嘻！ 哈哈 三摩地帮主 [哈哈]
1,为欢迎 杨淇羽 小姐的宝书到我家做客，今晚我亲手为它制作了一件漂亮的 家居服 ， 兔子 所以 杨请放心，我会好好照顾它哒，谢谢你哟！ 爱你 [兔子] [爱你]
1,与大家相处时日也不短了， 害羞 想想至今没跟大家正式见过面，择日不如撞日！今天，决定爆一张照片大家互相认识下。此图左为多看君，右为阅姐，中间就是我们幽默的微信姐啦。 太开心 以后见面可以打招呼了呢 [害羞] [太开心]
1,还是肥水不流外人田， 热点联盟 欢迎大诗小姐加盟！ 哈哈 热点红姨 推荐我女儿 大诗大吃货 去应聘！ 董辉 推荐人才哈！ 皇家驿栈刘少军 聚集在理想主义旗帜下！酒店业的朋友们看过来！转发也是支持！ 张丹丹 皇家驿栈刘少军 [哈哈]
1,师兄当年真帅 深圳张源 偷笑 掌柜 看着师兄的老照片真感慨，二十年后，我们也会才是回忆 深圳张源 嘻嘻 李晨琛 李睿子在武 劝业场的那个校门啊 深圳张源 武汉大学 李睿子在武 屋顶上看月亮的猫 [偷笑] [嘻嘻]
1,给力 灯湖泛舟 亲，你去凑热闹吗？ 鼓掌 武旭峰 秦岭山虎 梦里星云 梦绕丁香 佛山斗士 南粤京皇 游凯淇 陈家大小姐文文 静水致远 [给力] [鼓掌]
1,嘿嘿 钢牙妹转发 卡酷小林子 无敌了 嘻嘻 [嘻嘻]
1,总有出来抢镜的 鼓掌 [鼓掌]
1,大女儿今晚画的图，虽然不是一条龙，但真的画得不错，她还要借我手机自拍存档呢。祝大家龙年顺心！ 嘻嘻 [嘻嘻]
1,爱你 下一年，继续爱丹丹 哈哈哈 欢欢又偷懒 小杜子 先转了再看！脑残粉、 粉， 围观 啦！ 七月 不加 了 [爱你] [围观]
1,回复 康珠 谢亲 太阳 康珠 生日快乐。 明星经纪貊苒 起哄是吧？跟我一块儿打 嘻嘻 果果和团团 鼓掌 明星经纪貊苒 回复 阿佳组合娜姆 必须哒 奥特曼 奥特曼 奥特曼 ！刚从寺院出来，心很静 但不影响打坏人 奥特曼 [太阳] [嘻嘻] [鼓掌] [奥特曼] [奥特曼] [奥特曼] [haha] [haha] [haha] [奥特曼]
1,早安！欣赏一下清晨的美景 快乐的迎接周五吧！ 太开心 [太开心]
1,这个确实给力啊 大宝 一机三享，创新不断，精彩不断 鼓掌 [鼓掌]
1,谢谢分会伙伴们的提前祝福，我们是相亲相爱的一家人 爱你 爱你 爱你 爱你 [爱你] [爱你] [爱你] [爱你]
1,网友留言 当你为外国的一些事件发表看法时，他们会说你 自己国家那么多事，没见你关心，却去关心外国，汉奸 ；当你为自己国家的一些事大声疾呼时，他们会说你 老是赞 国，诋毁自己国家，中国怎么了，中国很好，你个汉奸 。对于这样的同志，我们要以教育为主，放弃为辅。 哈哈 [哈哈]
1,所以说一般乐观的人能长命。。 哈哈 [哈哈]
1,月的封面，值得 念的一期，很快我 又有 合作的啦 嘻嘻 写东西这么走心难怪比我进步快 阿落 去年的一篇人物专访稿，还是整理一下发出来吧。感谢 余盈 的悉心编辑， 的入心采访。 黄 皮 的片子永远那么赞 和你们合作总是放心的 喜欢陈晓东的同学不要错过 [嘻嘻]
1,中枪了 哈哈 [哈哈]
1,回复 岩岩 咖啡好书大集合 其实星巴克很多书写的过于浅显和表面化，参考价值不大，建议如下组合： 参差咖啡 的梦 就想来家咖啡馆 的现实 齐鸣 的专业技能书 多去泡咖啡馆 多和咖啡师聊聊天，就是最佳的咖啡馆创业途径！ 哈哈 馋嘴 [哈哈] [馋嘴]
1,祝愿这二位永结同心，百年好合 我们酒店有室内室外两种场地，绝对是您浪漫婚礼的首选 希望二位可以闪订 嘻嘻 嘻嘻 [嘻嘻] [嘻嘻]
1,是这么个趋势。 徽州小生 俺也是 哈哈 哈哈 哈哈 [哈哈] [哈哈] [哈哈]
1,米卢斯的天鹅太有福啦 哈哈 [哈哈]
1,陪他玩够了，我要开夜车改剧本了！他不让，还这样耍赖关电脑，不让我改。我改 小樱桃 ，主题曲播放多了，他居然会半句 我的未来、我的未来，去去去！ 儿子创编能力太强了 哈哈 哈哈 为了让他睡觉，我让他腋下夹着温度计不要动 偷笑 这不，睡着了 哈哈 ！没发烧，这是妈妈的智慧！继续干活儿！ [哈哈] [哈哈] [偷笑] [哈哈]
1,分工明确分配合理 常静 我负责生，你们负责养，顿感压力小多了，奶奶的，我再来几个 范世杰 你们这帮贪货 左哼哼 依兰 我要齐太太！ 嘻嘻 嘻嘻 嘻嘻 蒙柯卓兰 齐哈哈以后归我啦！ 常静 齐刚 花心 [左哼哼] [嘻嘻] [嘻嘻] [嘻嘻] [花心]
1,李维嘉 这身阿迪达斯的休闲西服套装真有点唐宋波西米亚风的赶脚。 哈哈 分，不见不散！ [哈哈]
1,新西兰时空 新西兰掠影 美丽特卡波湖 爱你 夜幕之后，就可以是一个人的灿烂星空！ 秋天的肯肯 一个人的天荒地老 [爱你]
1,郑海阳 加油 心 心 心 今天想了很久关于你和其他遭遇了不幸的善良的孩子们的事情。真实的生活本就存在着极度的不公与无奈，但我们都要相信，经历磨难也是接近幸福的一步，只要活着就有希望 爱你 爱你 愿一切安好，爱你 爱心传递 [心] [心] [心] [爱你] [爱你] [爱心传递]
1,疑问 鼓掌 偷笑 好有创意的，重组以后还能和面包有关 [疑问] [鼓掌] [偷笑]
1,哈哈，喵星人健身大法！付出好大 亲亲 小木偶青璎 白姥姥 艾小图 [亲亲]
1,好可爱 杨沐春涓 嘻嘻 我要去摸摸，让不让啊 推撞 [嘻嘻] [din推撞]
1,请问，其他小学呢？当地不是只有希望小学吧 逆风蝴蝶 赞 大有希望 中国青少年发展基金会 是啊，这是我们今天收到的最振奋人心的消息 嘻嘻 年去甘肃和青海的希望小学时印象最深的就是虽然周围明显是贫困地区，希望小学的建筑都相当结实而且窗明几净 [赞] [嘻嘻]
1,像！ 俭小鱼 耶 哈哈 [耶] [哈哈]
1,嘻嘻 [嘻嘻]
1,现实中真有腹黑闷骚叔么？大叔各种魅力了 偷笑 林敏 今天还聊到的话题 哈哈 [偷笑] [哈哈]
1,马化腾 王总， 币可以吗？ 王建林 可以啊。把邮箱地址说下，回头把画给你发过去。 神评论 哈哈 [哈哈]
1,大师啊，积点口德吧！ 相声演员高峰 鼓掌 鼓掌 鼓掌 鼓掌 [鼓掌] [鼓掌] [鼓掌] [鼓掌]
1,一个远离城市喧嚣的身心灵休憩的地方噢 可爱 [可爱]
1,虽然你们没住过胡同和平房，但转给南城滴纯爷们儿 哈哈 小鬼 宁 这个名字很文艺 热情你大爷 [哈哈]
1,那我注册几个小号去 和风煦然 快快加关注吧 精美礼品等你拿 哈哈 万车网 甘卫生 不错的礼品 清雅小样 童鞋们想要奔驰钥匙扣的赶紧加吧 钱 [哈哈] [钱]
1,背包走老挝 从万象城区到城外 公里的香昆寺，打车和 车实在贵，不划算。便选择从早市车站搭乘 路公交车到老挝泰国友谊大桥下，接着换乘 ，经济实惠 嘻嘻 。万象的公交很舒适。 我在 [嘻嘻]
1,山阳英雄 无意飞扬 黄河故宫 嘻嘻 焦作同城会 同城福利 月 日浣溪沙宾馆免费入住中奖名单 拒绝 暧昧 欣 声音的角落 波波波小波 海绵原 王王王王 王大志 未知的等待 我说认真你就输了 灰咖啡的蓝止到 月 日 鼓掌 ，每天为微博粉丝送出 个名额，赶快来抢吧 给力 礼物 [嘻嘻] [鼓掌] [给力] [礼物]
1,哈哈 俞永福：太有才了 吕文生 宁财神： 哈哈 哈哈 哈哈 [哈哈] [哈哈] [哈哈] [哈哈]
1,回复 要完爆鸭子 亲亲 这可真是咱们的缘分呐！ 要完爆鸭子 我办公室同事送我的 然后我在家吃过晚饭才喝的 感觉很棒 ！ 麴醇堂 哇哇，听到了很有画面感的描述文字哎。非常感谢您的推荐！亲爱的是在哪里喝到的 呢？ [亲亲]
1,今天是爸妈结婚 周年纪念日 祝两老工作顺利，身体健康，多孙多福 嘻嘻 [嘻嘻]
1,昨天会后，由于第一次来成都，经 马林 盛情款待后，带着孩子们 肉丸子也有小春天 和 代小静 花了一个小时看了看熊猫孵化基地，真心可爱的 和 可爱 ，这趟收获巨丰 [可爱]
1,香港的价格很不错哈 流口水的童鞋赶紧看看 嘻嘻 [嘻嘻]
1,我爱满堂彩 快乐微直播 程 你的身份会不会太多了点啊！这样可不可以理解为你太不专一？ 偷笑 哈哈 你给那么多选择，赤裸裸的贿赂，看把我们董萌萌馋的咧，节目组是没给开盒饭是不是呀？！ 阴险 结果虽然只有马卡龙！可是好像董萌萌很满足的样子 阴险 哈哈 [偷笑] [哈哈] [阴险] [阴险] [哈哈]
1,林芝的冬天是不是来的早了点？ 宅 寺 北欧海盗 快乐草芽 夏天还没有过够呢！ 哈哈 哈哈 哈哈 [哈哈] [哈哈] [哈哈]
1,台湾的夏威夷 嘻嘻 [嘻嘻]
1,转发 张家口人儿 笑哈哈 哈哈 哈哈 [笑哈哈] [哈哈] [哈哈]
1,生肖接班图 果真是一个好萌好舒心的系列 鼓掌 详情 [鼓掌]
1,呵呵 亲们快来参加哦 太开心 [呵呵] [太开心]
1,哈哈 哈哈！ [哈哈]
1,回复 吃饭干革命 听说很多人心中的 香格里拉 都是丽江 可爱 吃饭干革命 春节我最想去丽江旅游 翩然若鸿 阿凡缇大人 沪上乡下人 地址： [可爱]
1,回复 刘星洪 在对的时间跟对的人，或许会有。。。 刘星洪 找吧，肯定有。 嘻嘻 [嘻嘻]
1,花心 庄珂瑷 种萝卜也行 年轻巫婆 我还可以烤兔纸 庄珂瑷 你还有兔子 年轻巫婆 我也有 只猫我也有小松鼠 嘻嘻 也许要试试烤饼干了。 [花心] [嘻嘻]
1,在路上 爱你 [爱你]
1,回复 蕾蕾 别有味道 鼓掌 蕾蕾 阿绛 师傅，你最爱的小夜曲 [鼓掌]
1,哈哈 赞 大 乖！ [哈哈] [赞]
1,哈哈 哈哈 哈哈 李志斌拍得书法！介个真的写的好么？ 嘻嘻 嘻嘻 嘻嘻 [哈哈] [哈哈] [哈哈] [嘻嘻] [嘻嘻] [嘻嘻]
1,我昨天光 著看收 妹 的眼影 ，竟忘了拿面膜，幸好今天取回了。 偷笑 偷笑 哈哈 [偷笑] [偷笑] [哈哈]
1,谢谢！试了，好用 鼓掌 有范儿的范范 查可欣 [鼓掌]
1,我称她们为亲爱的 宝贝们 嘻嘻 环球家居 我们称她们为姐妹 [嘻嘻]
1,新周刊 周年纪念版真的很彪悍啊， 本杂志加一本 依然只要 ，这期还没看，标题很对味 鼓掌 [鼓掌]
1,回复 心怡 嘻嘻 嘻嘻 心怡 哇 馋嘴 哈哈 [嘻嘻] [嘻嘻] [馋嘴] [哈哈]
1,恭喜恭喜，非得也要 中 哈哈 孟非 恭喜老郭！ 云社开我家门口了，给我来张月票吧，要 中 那种！祝明晚首演成功，南京的老少爷们多捧啊！ [哈哈]
1,看到这总结，哥不厚道的替万豪笑了！ 哈哈 克丽丝朵 克瑞思 爱网络 [哈哈]
1,哈哈，欢迎大家今晚收看！ 哈哈 [哈哈]
1,回覆 八卦之神 我混时尚的时候还没你呢 左哼哼 八卦之神 叔你还混时尚界啊 编辑郭强 后吴泓时代 嘻嘻 赵波 赵桉 哼 [左哼哼] [嘻嘻] [哼]
1,太开心 期待正片！ [太开心]
1,好吧。不发火。 朱静雅 微博 你肯定转运了。 嘻嘻 [嘻嘻]
1,嘻嘻 连春虎 敢不敢来一个烟，这样烟酒茶不分家了。 哈哈 私旅行 来自牛栏山二锅头的问候。 哈哈 连春虎 早茶，来自牛栏坑的问候。 [嘻嘻] [哈哈] [哈哈]
1,宋主任所说极是 精辟 嘻嘻 [嘻嘻]
1,吃海胆不吃海獭！ 哈哈 朱惑木棉花 不可能吧？海胆倒是很爱吃 笑哈哈 一点点小林 挖，吃海胆有助于拯救地球！ [哈哈] [笑哈哈]
1,心 很久之前早霸王关于魔术师和飞碟的故事还记忆犹新 哈哈 赞 赞 [心] [哈哈] [赞] [赞]
1,是最具发明的公司，每个人每天都会用到他们的产品 小姐 ：这个东西蛮好的！ 我们爱讲冷笑话 鼓掌 [鼓掌]
1,好！ 京剧张艳玲 了不起 今晚庞剑 回复 奶油菠萝熊 把雷公给惊着了 奶油菠萝熊 是哈？要不今天这雨这么大呢！ 哈哈 [good] [good] [good] [哈哈]
1,赞啊 刘君 人在旅途，创意解读 杨小兰 创意你的旅途！ 刘君 栾振锋 董双兵 盛永利 在这里读懂创意！ 旅游规划与设计 大地风景旅游咨询 哈哈 读道创意的官方微博 顶一个 照相机 吴必虎 盛永利 杨小兰 [赞啊] [哈哈] [照相机]
1,鼓掌 鼓掌 欢迎您再来老磨坊 可爱 太开心 [鼓掌] [鼓掌] [可爱] [太开心]
1,摸到了摸到了！ 幽幽的 今天圆满了！辛苦亲爱的们！ 艾晓霏 胡爷励志要成为大女人 艳子 奥利奥 丁路！ 鼓掌 鼓掌 鼓掌 [鼓掌] [鼓掌] [鼓掌]
1,回复 挥之以剑 哈哈 挥之以剑 我今晚也看了复仇者联盟，各路神仙扎堆儿在一起瞎闹哄，感觉象中国人拍的建国大业。 [哈哈]
1,填好了 美国康宁餐具官方微博 填写问卷就有机会获得美国康宁送出的礼品哦！ 填完问卷记得过来留下 爱你 盖章哦，主页君会先送出香吻一枚 害羞 [爱你] [害羞]
1,互联网数据中心 站着开会更高效 嘻嘻 张志伟 曾经看到一个会议流程： 会前将议题发给与会人 开会时前 分钟默读由会议发起人撰写的会议材料 包含建议、解决方案 阅读材料完毕后表决，不同观点讨论，同意则散会。每个会议不超过 分钟。 ：最主要的一点，站着开会。 [嘻嘻]
1,杨明洁设计发现之旅 你们发现由 设计的 知竹常乐 茶具系列了吗？ 哈哈 [哈哈]
1,薄荷薄荷薄荷凉，薄荷薄荷薄荷绿 爱你 爱你 [爱你] [爱你]
1,我表哥家也有个小可爱天然呆，每次看到俺都爱不释手 爱你 都是自己爱的结晶，为什么要有轻重之分呢？所谓的姓氏，继承就那么重要么，太自私了！ 葛振宇 今在机场看到一小女孩巨可爱，有个女儿挺好。 [爱你]
1,西丰客人在 哈哈 雾满拦江 看到标题是这么写滴：傅国涌败局已定，国民党仍在挣扎 心说老傅你牛大了呀 傅国涌 一个时间，将历史切开，从自由的多少时代，进入自由的有无时代。时间开始了，时间结束了。 [哈哈]
1,这位同学很用心呀，连照片都处理了一下，让这份甜点看起来那么的出色 爱你 香港朗廷酒店 [爱你]
1,陪我电脑。。。。 哈哈 [哈哈]
1,昨天安装了发现改进巨大啊，作为系统来说对我这样有信息焦虑偏商务应用的人已经相当让人满意了，不谈应用弱的问题对我已经比安卓和 都好用了。 微软中国 该集中精力搞定主流应用开发商了 爱你 [爱你]
1,鼓掌 于总有感而发啦 哈哈 [鼓掌] [哈哈]
1,风扇 惊梦更夫 抓狂 赢钱云泉 邓洪成 我们知道有八千万 茶道 高手 不是一般的保守。 哈哈 幸运的罗老师 赢钱云泉 史雷鸣的野蛮派对 房产建筑矿产洗浴夜总会太多了 蔡睬爱猜猜 我都咖啡色了 我是欧志敏 保守估计，我国涉黑人员将近 万人 [风扇] [抓狂] [哈哈]
1,鼓掌 牛牛摄影师 韩家英 红星社映画 遇见经典 期待 韩家英 老师 镜像 下一站 上海外滩美术馆 见证非凡 [鼓掌]
1,这样刷墙是不是很方便？ 太开心 可爱 [太开心] [可爱]
1,总结这部电影就用俩字就行了：大 哈哈 挂钩是我发现的哟 得意地笑 [哈哈] [得意地笑]
1,吃好喝好，养足精神好好听课 嘻嘻 [嘻嘻]
1,汗 汗 汗 汗 汗 金 无缺 岁免费逛窑子 大项的天 岁。。。还以为是玩笑话，原来是真的啊 袁 先生 回复 秦永民律师 哈哈 秦永民律师 这算是中国特色的社会福利制度吗？ [汗] [汗] [汗] [汗] [汗] [哈哈]
1,明年的高考生注意了：请密切关注吴老师的文章、访谈 一切的一切 你们懂的 哈哈 吴晓波 呵，好像是的。我不是故意的。 晕 [哈哈] [晕]
1,鼓掌 杨深明 贵州省旅游局 旅评网 宾麒麟 海蓝 温暖从江贾家国 湖上淡云飘 童童小鱼 川川 浅笑盈盈中 杨深明 弱冠年华 谢大官人之我仲要 漫步人生 达微世界 英雄的 紫雨风暴 洋光摄客 [鼓掌]
1,聊旅行时，我的眼前都是美丽的画面 谷声啊类 老师还是那么帅气 嘻嘻 谷声图书 真心感动！ 爱你 [嘻嘻] [爱你]
1,我眼前立刻就浮现出沐总和赵总了。 风雪乐天 哈哈哈哈哈 唐 依依 最后那只裸男是小黑！！ 杜拉稀 拉妹这事搁我就不能忍，为卖萌无下限啊 哈哈 黑色微笑 最后一张亮瞎了。。。。 [哈哈]
1,早客有礼奥 爱你 欧式西餐厅 早客有礼的星期五来了！ 嘻嘻 [爱你] [嘻嘻]
1,来梨子家吃饭必点的呢 太开心 [太开心]
1,谢谢边老师的赞扬！一定继续努力 边疆边吃边说 回复 光头陈庆 那牛排绝了！ 光头陈庆 到位漂亮国际范 赞 赞 牛 边疆边吃边说 不像大不列颠风格了。 嘻嘻 [赞] [赞] [嘻嘻]
1,真快呀。欢迎欢迎，嘿嘿 鼓掌 吃不了逗着走 爱摄影 石梅湾艾美度假酒店 到了，入住鸟 花心 [鼓掌] [花心]
1,三黎鱼三兄弟。也叫鲥鱼。广东有句话： 春鳊 秋鲤 夏三黎 。三黎鱼肉细嫩，脂肪厚，脂肪中有一层不饱和脂肪酸，在蒸熟的时候有一种独特的香味。鱼味鲜肉细，营养价值极高，它富含不饱和脂肪酸，具有降低胆固醇的作用，对防止血管硬化、高血压和冠心病等大有益处。 馋嘴 爱你 [馋嘴] [爱你]
1,好深呀 偷笑 李天时 最神评论：你和她妈妈都因为爱情了，他敢不记得？！ 哈哈 [偷笑] [哈哈]
1,嘻嘻 这个好 我喜欢的都在一起 有点疯 滑单板的严冰 爱摩托 看来他们不仅会玩摩托，跟自由相关的，他们都喜欢玩或者会享受运动的乐趣。。。来看看吧 [嘻嘻]
1,太给力了！ 哈哈 哈哈 哈哈 唐心宏 成精了，它会自己擦 么？ 梓璇 猫女仆宠物饰品定制 求 喵咪晶晶 杰克就是杰克 极品老泡 [哈哈] [哈哈] [哈哈]
1,侯宁 哈哈 李大霄 不是还有 点么 侯宁 你真油菜 梦回 的我 专家到了中国股市，谁也不好使 赵笑云进去，赵光腚出来 股神林园进去，骨灰陵园出来；叶荣添进去，赔翻天出来；叶檀进去，吐痰出来；牛刀进去，熊刀出来 李大霄进去 挨顿削出来 老沙进去，被杀出来 韩志国进去 韩砸锅出来 [哈哈]
1,开长途，喝红牛 哈哈 你懂得 杨小 坝上小湖会所菁菁 红牛 [哈哈]
1,回复 烟罡罡 肯定有吧，俺还仔细找了，但没找到。要是能拍到一张神农架白蛇，我会幸福昏过去的。 烟罡罡 现在山里有蛇吗？ 空游无依 哈哈，是，负氧离子超标几百倍。猴子呀，萌得人心都化掉的猴子在后来的行程里才会出现。 太开心 天涯袖舞 负离子严重超标，没看到猴子啊？ [太开心]
1,树心旁烘焙课堂甜品品鉴会 下午和小伙伴们在 树心旁烘焙课堂 参加这里的甜品品鉴会，进到这个小小温馨的烘焙店，一下子被这里的各种甜品陶醉了，接下来五位大厨将会一一展示他们的主题烘焙作品，先放几张馋馋你们吧！ 哈哈 [哈哈]
1,。 爱你 [爱你]
1,日月穿梭催人老！哈哈哈！！ 青曲社王声 哈哈 喷了 北冥乘海生 哈哈 [哈哈] [哈哈]
1,回复 莎莎 争你们个人的自由，便是为国家争自由，当年胡适说，今日我在做。 哈哈 莎莎 这微博写得很有意思，正如我现在坐在家靠窗的沙发上饭后端着杯咖啡读你文字突然有种飞上头顶上的雀跃感觉 嘻嘻 [哈哈] [嘻嘻]
1,衰 王佳庆 衰 精品传媒 美彤 天哪！ 絮子 我的神仙奶奶呀，太立志啦啦啦，好吧，明天减肥 衰 馋嘴 哈哈 姚又琳 爱你 爱你 夏天的素描 太励志了！！！ [衰] [衰] [衰] [馋嘴] [哈哈] [爱你] [爱你]
1,贺萍 小贝 减肥的人要忍住 聪明的兔兔 最近海鲜过敏能吃伐？ 兔子 哈哈 上海沃画报 台商庙会又来啦 ！！ 月 日 日在上海展览中心 延安中路 号 举办，不知道这次会不会比上次的好点？吃货走起啊 [兔子] [哈哈]
1,音乐第一咖 直播间：男女大 之 男主外，女主内，你怎么想？ 纸条平台 微博留言，我们一起聊聊 走着！ 哈哈 [哈哈]
1,哈哈 第一张趴着的狗狗是小黄，游客中心游荡的小吃货。 挤眼 [哈哈] [挤眼]
1,馋嘴 馋嘴 馋嘴 下午茶 多谢紫芬的推荐 爱你 兔子 兔子 现在快递不收件了，我在过年期间还会研发新口味，谁愿意做小白鼠的话，记得留意围脖，有免费试吃哦 爱你 爱你 [馋嘴] [馋嘴] [馋嘴] [爱你] [兔子] [兔子] [爱你] [爱你]
1,在京城的宫殿与红墙之下，有一个流浪猫之家，这无疑给庄严肃穆的皇家宫殿添上了一股暖色。 可爱 [可爱]
1,鼓掌 时光第九章 南宁站 音乐先锋榜 年度颁奖典礼 转发 转起来 桂林站 时光第九章 小峻 [鼓掌] [good] [转发]
1,回复 麦太摩妈绘粢王 名额有限，电话联络，看是否有机会吧！ 麦太摩妈绘粢王 我有！可惜不会打 哈哈 梁锦江 回复 玛洁阿米 你当啦啦队吧，可以争取名额让你参加。 玛洁阿米 我有通行证可惜我不会打篮球 偷笑 梁锦江 回复 何铭 先生 谢谢关注，有朋友想去玩玩吗？ [哈哈] [偷笑]
1,回复 楚人怀玉 汗 楚人怀玉 嘻嘻 下个月初在 的演出求转发，第一次求人这么干，额 谢谢啦： [汗] [嘻嘻]
1,哈哈 尚书堂 叫兽 沧桑 周 中国的沧井桑 中国的好 [哈哈]
1,倩宇要加油哦，转起来！ 威武 威武 倩宇 雁过留声 桑田 愿天下情人皆失散多年亲兄妹 嘉瑜 在生长 李悦要清醒一点 大家帮忙顶一下啦，谢谢 爱你 爱你 爱你 [威武] [威武] [爱你] [爱你] [爱你]
1,儿子太有才了 哈哈 哈哈 哈哈 [哈哈] [哈哈] [哈哈]
1,喵个哩个咚！ 爱你 鲜花 琢磨先生 这家伙 年离家出走的，只为了一个简单的理由，去看一眼未知的世界。有些人一辈子卷缩在一个小角落里，连窗外都不敢望一眼。 [爱你] [鲜花] [good]
1,贵体欠安 哈哈 [哈哈]
1,梁 琪 得天天要 情保 喔 爱你 [爱你]
1,嘻嘻 微博搞笑排行榜： 哈哈 哈哈 [嘻嘻] [哈哈] [哈哈]
1,早安交警！ 赞 心 微风 城阳交警机动中队 水墨婺源 谢谢，早安！ 心 寒雨 好文好景好图，文化底蕴深厚！ 赞啊 给力 太开心 [赞] [心] [微风] [心] [赞啊] [给力] [太开心]
1,带着所有的美好继续上路吧，保有那份理想，我始终相信所有真诚付出的努力都是值得的，感谢所有的兄弟姐妹们，爱你们啊！ 可爱 [可爱]
1,这是全身心的交流啊 哈哈 哈哈 完美假妻 小编看的很过瘾 爱你 爱你 [哈哈] [哈哈] [爱你] [爱你]
1,越王尝胆前世 石下顽草 世 嘻嘻 穷僧富方丈。 历史作家金满楼 盛世拍案惊奇。 [嘻嘻]
1,裤子湿透了，还兴奋不已 哈哈 [哈哈]
1,团了世贸天阶烹饪大师， 的餐 国贸的老汤餐品，期待美食中 除了 都是双人餐，期待一起美食啦 嘻嘻 嘴 [嘻嘻] [?嘴]
1,太美了吧！这是哪个大明星！我要签名！ 谢谢阿。你是最棒的！！ 爱你 爱你 爱你 [爱你] [爱你] [爱你]
1,真快啊！都 年了！现在旁边那个金蛋可以使用了呢 嘻嘻 嘻嘻 [嘻嘻] [嘻嘻]
1,天天向上 录制直播 ！提前祝圣诞快乐！！现场温暖的气息， 和你的朋友 、 喜欢吗？ 爱你 爱你 [录制直播] [爱你] [爱你]
1,安全感匮乏孤独症患者 送给你的礼物，恭喜你出柜！ 鼓掌 [鼓掌]
1,三十 生日真心愉快 嘻嘻 蛋糕 [嘻嘻] [蛋糕]
1,回复 珍尼 去啊，看时间有时间就去 哈哈 珍尼 以后你都不去丰台文艺苑了吧？ [哈哈]
1,回复 幸福摩天轮 握手 幸福摩天轮 嘻嘻 围观 梁锦江 张仁瀚 呵呵 呵呵 我还是相信这照片是真的 从来都不相信中国政府发布的数据 葛洛 大实话 丁道勤 太坏了 梁锦江 张仁瀚 呵呵 呵呵，我还是相信这照片是真的 从来都不相信中国政府发布的数据 [握手] [嘻嘻] [围观] [呵呵] [呵呵]
1,也算为民除害了 哈哈 秦洲同 你能闲的没事儿顺手把门口那几个停车场非法收费员揍一顿吗？ [哈哈]
1,偷笑 厦门晚报美食周刊 佛跳墙怎么办？ 嘻嘻 [偷笑] [嘻嘻]
1,我要越狱去！不止一次的 爱你 爱你 [爱你] [爱你]
1,回复 小葛同学爱广告 在外面混成啥样了？ 阴险 小葛同学爱广告 没办法，想到济宁，我就想到曾经的乐馨茶轩，这是我高中时最喜欢的节目，它和周杰伦的歌一起伴随了我高中的生活，现在已经工作了，还是那么怀念。 爱你 乐馨 汗 [阴险] [爱你] [汗]
1,嘻嘻 爱林芝，也爱帮助别人！ [嘻嘻]
1,博文更新： 三亚 海棠湾 高端海景周末玩全攻略 这里是个被大自然宠坏了的地方。这里是中国唯一的热带海滨，国人避寒冬定要首选的地方，奔着人少、水好、私密、高质量全方位享受去的，一定来看看此文 哈哈 喜欢请扩散。 新浪旅游 [哈哈]
1,嘻嘻 董芮睿 张泉灵 哈哈 [嘻嘻] [哈哈]
1,恍惚间以为是北海道 王佳庆 爱你 [爱你]
1,浪漫 情人节 的颁奖时间终于到啦！感谢加粉们的热情参与 恭喜 钢铁侠安东尼 获得情人节大奖 加州限量版情侣卫衣一套！请将你的联系方式私信过来，我们将尽快寄礼物给你。期待你们穿上情侣装，一起来加州享受甜蜜时光！ 爱你 [爱你]
1,幸福桃小猫 看见民艺 回复 石 大 宇 爱你 石 大 宇 ，此 忘 茶具，是特 看 民 所精心 作。所 的泥料 台 陶作坊所 的 老岩泥 ，十分 合岩茶、 、普洱、 茶！你能喜 ，我好 心！ 看见民艺 [爱你]
1,小时候的零食 水果。 爱你 [爱你]
1,时尚节目带 彩色的房间 嘻嘻 更多精彩内容欢迎关注我们的官方微信，扫一扫下图中的二维码，或搜微信号 ，快来加入我们吧 [嘻嘻]
1,什么词牌？高呀。 张敬东 这不是写给 丝看的。 猫猫 卖萌无罪 看不懂这种中文 四乃 还重奋起呢 要人命啊 小四爱世博 还拽呢 别挨骂了 哈哈 好古不作 此文可称 聂芒种 就是。鸭子楼，那儿拽去 [哈哈]
1,欢迎来加拿大！看着这段视频，不知道为什么想起一句话： 我们喜欢这里，希望您也喜欢！ 大蒙特利尔旅游天地 谢谢亲，身临其境啊 爱你 [爱你]
1,据说：双鱼和巨蟹是我最配的星座 爱你 可爱 馋嘴 小暖暖 太对了 [爱你] [可爱] [馋嘴]
1,丝讲故事 哈哈 哈哈 哈哈 笑死了，就是一淫才 [哈哈] [哈哈] [哈哈]
1,哈哈谢谢师姐！！ 牛萌萌 上联：乃天灰常加油！ 下联：师姐无限挺你！ 横批：看好必须滴 哈哈 ！ [哈哈]
1,再过几分钟， 就要过去。过去的一年，有失，也有得。失去了什么，我都不在意，因为我收获了最值得我一生珍爱的至宝，那就是你。新的一年即将来临，愿你，我，和我们的亲人，都平安健康，事事如意，天天开心，所有的烦恼都离我们远去。最重要的，是我们相扶相伴，幸福快乐地在一起。我爱你 爱你 [爱你]
1,鼓掌 [鼓掌]
1,欢迎光临我们酒店 祝您吃的开心玩的开心住的更开心 嘻嘻 嘻嘻 [嘻嘻] [嘻嘻]
1,我们的生活比蜜甜，在希望的田野上朝着光明大道，青松岭上前进 嘻嘻 [嘻嘻]
1,老朋友递来的圣诞礼物，太可爱了，舍不得咬啊 哈哈 [哈哈]
1,一百名哦 当当数字馆 就是今天哦，走过路过不要错过！ 哈哈 [哈哈]
1,约 会 日 可爱 [可爱]
1,就是这样的，就是这样的 太开心 太开心 [太开心] [太开心]
1,投票支持各位狼人！ 嘻嘻 我投谁了你知道么 赵小牛 行者橙子 野千寻 [嘻嘻]
1,好久没动笔画画 打算恢复一下 小吉手绘 白描耶路撒冷 希望大家还喜欢 嘻嘻 嘻嘻 [嘻嘻] [嘻嘻]
1,赶了 里路，解解乏呗 哈哈 我在 [哈哈]
1,终于收到大礼包了 哈哈 哈哈 这对花牛来之不易，以后要珍惜和用心烹饪美食。感谢 新浪美食 欣和食与家 [哈哈] [哈哈]
1,哈哈 哈哈 哇塞 睡不醒的粒粒 哈哈哈哈哈哈，笑疯了我要 白花花的妹纸 还有聚贤庄杯第一届也是最后一届掐架冠军 [哈哈] [哈哈]
1,哈哈 清华南都 吐 吐 四叶海星 干下去就真的一肚子苦水啊。。 海棠说 水又清 干了这碗恒河水 我会告诉你我看肠子看很久了么 [哈哈] [吐] [吐]
1,看到明杰、聪慧，小源还有方平 爱你 爱你 爱你 儿童希望张雯 年复一年，真爱永远 带孩子们致谢我们的真诚的好朋友 祝福 [爱你] [爱你] [爱你]
1,关门时间完赛的老太太 抱抱 [抱抱]
1,转起 期待哈 说不定高兴了就定下集体活动的时间地点，一般人我不告诉他 哈哈 嘘 嘻嘻 [哈哈] [嘘] [嘻嘻]
1,那是我二舅和二叔 爱睡觉 猫 辣椒我 对你失望了都 这是大叔啊 变态辣椒 嘻嘻 嘻嘻 嘻嘻 [嘻嘻] [嘻嘻] [嘻嘻]
1,我是不是也该拍这么一个？ 魏星瓷 围脖经典语录：我难受，你也会疼！ 嘻嘻 [嘻嘻]
1,嘻嘻 谢谢点评 [嘻嘻]
1,重庆朱胖子烂火锅 嘻嘻 。 赞 赞 赞 [嘻嘻] [赞] [赞] [赞]
1,鼓掌 泉州女一号 回复 龙啸六天 鲜花 鲜花红似海，香味满天来；霞雾无神彩，玫瑰白上台。 音乐 龙啸六天 泉州女一号 伶牙小雪 胡萝卜的姐姐 很有感觉喔 女王兔兔 五肆先生 顽钰 京泽宝贝 [鼓掌] [good] [good] [鲜花] [音乐]
1,晚点晚点晚点！我了个去啊！我得几点到昆明啊。。。 晕 晕 晕 夜黑风高，机场卖萌姐妹花 嘻嘻 嘻嘻 嘻嘻 有没有人玩杀人啊 哈哈 哈哈 哈哈 哈哈 [晕] [晕] [晕] [嘻嘻] [嘻嘻] [嘻嘻] [哈哈] [哈哈] [哈哈] [哈哈]
1,捧花得主！下一个结婚滴人！ 凡不凡 爱你 爱你 爱你 [爱你] [爱你] [爱你]
1,这个可以试试 葡萄酒小美 相信这是女士们的最爱哦！！！分享给大家。 嘻嘻 [嘻嘻]
1,哇塞 真的是很自嗨呀 嘻嘻 飞天肥兔 抄送： 谨 蓝灵 大创艺才子 苗苗她亲妈 皮皮兔 说 我字不帅 芝麻 糖醋鱼刺 红烧肉传奇 雨亭 杂货铺 坠落千年的梦 艾 小妖 婷婷 夏天的粽子 叨叨奇 [嘻嘻]
1,希望您在绅公馆过的愉快，谢谢光临 可爱 [可爱]
1,这作业太棒了，完全不像第一次做啊，赞 鼓掌 [鼓掌]
1,那个咱这算赤裸裸的调戏么？ 嘻嘻 嘻嘻 莹莹 松鼠 哇咔咔瓦们三个态度空前一致有木有 嘻嘻 嘻嘻 嘻嘻 恩有感脚帅估计她自拍照会灰常好看 [嘻嘻] [嘻嘻] [嘻嘻] [嘻嘻] [嘻嘻]
1,你快回来，我一人做不出来 泪 白玛云丹 你终于发这条了 亲亲 谢谢你，亲 [泪] [亲亲]
1,嘻嘻 张小砚台 非常荣幸参加 去野活动，感谢奥美团队、陆川导演，以及片中演绎张小砚的演员，你们辛苦了！ [嘻嘻]
1,格子 哈哈 [哈哈]
1,鼓掌 胡立峰 转！ [鼓掌]
1,可爱 老街兔 偶见的餐厅也能带来惊喜！大麻鱼呀 冒菜呀 兔头啊 盐府大刀白肉啊 都是我家的招牌大菜呢！可是美味杠杠滴 哈哈 [可爱] [哈哈]
1,感谢肯定 爱你 祝您探索愉快 有艾琳的日子 要你的肯定真心不易！赞它一个 噢耶 [爱你] [噢耶]
1,这么萌的猫爪，你忍心吃掉它吗？ 抱抱 [抱抱]
1,女子应有自己独特的魅力 内在的涵养比外在华丽的外表更重要 当然合适的装扮自己 悦人悦己 鼓掌 [鼓掌]
1,到底是张导下皮诬陷那姐 哈哈 还是真有其事呢？ 吃惊 本周六晚答案揭晓！！！ [哈哈] [吃惊]
1,哈哈 难怪我总喜欢新钱啊！ 花心 花心 花心 周欣悦 中大心理系 谢谢捧场！其中有一个实验是在菜市场做的，我个人的 [哈哈] [花心] [花心] [花心]
1,这个好像也可以进点货 鼓掌 丽小徐 小 酱 酱酱酱 要对症下药，哈哈哈 [鼓掌]
1,在网上聊的很疯的人，见了面通常不怎么说话。而在生活中经常一起疯的人，在网上基本不说话 可爱 巨蟹座的小呆妈妈 容 剪影 [可爱]
1,为了能 懒 必须去思考 鼓掌 客服 黄记煌 黄记煌 黄耕 懒人推动世界的发展与进步，一切发明创造的源动力都是因为懒 鼓掌 [鼓掌] [鼓掌]
1,一大早马尔代夫就上排行榜， 遨游网 遨游网微攻略 抬 看不 天 遨游知道 要好好利用，多给大家介绍马尔代夫 海天小胖 这练手的地方八错，我恐机。 嘻嘻 哈哈 花心 花心 花心 叶 一定要和他去 花心 茵弄 鼓掌 马尔代夫，最向往的地方 花心 [嘻嘻] [哈哈] [花心] [花心] [花心] [花心] [鼓掌] [花心]
1,看图不说话 毛毛妈：我和我老公看这张图片时的评论是： ，国安局都用的是 ，而且已经是 年前的款了； ，这么重要的事竟然也没订到会议室 哈哈 ； ：评论挺逗 苦瓜 别老成天说什么道德，道德的 [哈哈]
1,孩子们的千手观音！ 爱你 鼓掌 亲亲 心 心 心 [爱你] [鼓掌] [亲亲] [心] [心] [心]
1,掌握好方法很简单滴，一根筷子足已 嘻嘻 馋嘴胖妈咪 哇！剥一只得多长时间啊？ 天使 魔鬼 豆包 这个太难了！ [嘻嘻]
1,有选择性障碍的同学伤不起啊 偷笑 马尔代夫偶这周又回来了 鼓掌 [偷笑] [鼓掌]
1,呵呵！终于找到一个了。 小强 嘻嘻 衰 今晚有个演出我差点给忘了。。。 [嘻嘻] [衰]
1,最近要拔的草 懂行的亲，麻烦给个建议吧 亲亲 亲亲 亲亲 [亲亲] [亲亲] [亲亲]
1,上海见！ 鼓掌 湛庐文化 湛庐文化 上海活动 鼓掌 [鼓掌] [鼓掌]
1,嘉美猫 收到 了，一起想想怎么拍才能冲出重围。 百加得 哈哈 [哈哈]
1,我刚更新了 微盘 客户端 版，微博用户现在可以一键登录微盘，切换账号更方便，微博控们速速来升级吧！ 鼓掌 更新地址： 蛋糕 微盘 岁啦 活动正在火热进行中，万元好礼等你来拿 [鼓掌] [蛋糕]
1,去年的 没错过 今年的 很期待 可爱 可爱 可爱 [可爱] [可爱] [可爱]
1,大赞紫阳花。 鼓掌 [鼓掌]
1,后面两位可以裁去了 嘻嘻 翌 哈哈哈哈哈 萧普贤女 牵机 苏璃漠 顾公子高瞻远瞩 且不说时时处处都有串错了剧组的各色熟人 就这看谁谁姓顾的本事也得心悦诚服的跪一个 [嘻嘻]
1,可爱 可爱 之 宝贝跟屁熊 吴小楠同学的围脖 楼小生活儿 海兰兰的天气 麻花家的小一一 优优妈小莉 [可爱] [可爱]
1,当之无愧 依兰 哈哈，今晚唯一的女骑士！ 果粒橙 恭祝奥迪英杰汇进取先锋，奥迪品牌形象大使 朱哲琴 获得 时代骑士 殊荣 鼓掌 关太家的关兜兜 奥迪英杰汇 果粒橙 [good] [鼓掌]
1,赞 鼓掌 是从南迦巴瓦出来快到丹娘沙丘之前的那一段吗？好象不是 远处的南迦巴瓦、白云蓝天，脚下峡谷中似青似绿？的江水缓缓流淌，眼前一簇簇一片片？粉的红的桃花灿烂地开，江对岸村庄寺庙的诵经声在峡谷中回荡。那天的我，无比的幸福！ [赞] [鼓掌]
1,鼓掌 鼓掌 心 亲亲们要求补的鞋子来咯！很时尚滴！嘻嘻、、、 做鬼脸 做鬼脸 补款到货哦！ 陕南鞋店 预订电话 [鼓掌] [鼓掌] [心] [做鬼脸] [做鬼脸]
1,福利又来啦 花心 转起来！ 鼓掌 一丸丸丸丸丸 朱浩 蔡佳臣不加 [花心] [鼓掌]
1,阿玮 啊，超级期待！ 爱你 花心 美丽沙巴 沙巴美景 来沙巴亲子游是再好不过了，东菇海洋公园的海岛只需十几分钟的船程，对小朋友们来说非常轻松，而各个海岛上的游玩项目也非常丰富。其实对小朋友们来说，有沙有水就是好地方。 乐翻婆罗洲 [爱你] [花心]
1,录完咱俩 嘻哈当家主持小宝 演的 嗜血 就分手了 那我算不算解救了一个唐僧啊 鼓掌 [鼓掌]
1,收茶去 ！ 哈哈 [哈哈]
1,回复 大名叫周颖 记住别用手打，那样你的手会疼！找个酒瓶子或者棍子砖头之类的 哈哈 哈哈 陈耘康康 大名叫周颖 回复 我是徐峥 哈哈 明白！他要是臭美半天才出门我一定揍他 大名叫周颖 终于要吃鱼去了！咱们这个约已经延期一个月啦 晚上见唷！ [哈哈] [哈哈]
1,新青年 朱亚文 杀青了 鼓掌 哥三又集体亮相，期待新青年们精彩的表演 顺便说声： 朱亚文 现在开始算应该是三部电视剧加一部电影 待上映 威武 ，赶脚有盼头 嘻嘻 [鼓掌] [威武] [嘻嘻]
1,感谢签到，这俩人都很眼熟 嘻嘻 [嘻嘻]
1,回复 王于京 的确吸引！ 哈哈 馋嘴 王于京 诱导小偷想去偷东西吃 偷笑 梁锦江 回复 王于京 哈哈 这么健康的食品，何罪之也？ 馋嘴 握手 王于京 梁总，您这不是诱导犯罪吗 偷笑 梁锦江 这。。。太吸引了！ 馋嘴 [哈哈] [馋嘴] [偷笑] [哈哈] [馋嘴] [握手] [偷笑] [馋嘴]
1,何兵 崔小平律师 朱光荣律师 央媒新闻评论 一盘菜 哈哈 [哈哈]
1,回复 末就是末 亲亲 末就是末 现在女孩都喜欢大叔型 哈哈 [亲亲] [哈哈]
1,哈哈 哈哈 新年快乐 马年大吉！ 相声演员郭威 祝所有的朋友，马上有一切 超级笑星官博 程柯深 相声演员郭威 用爆笑的婚礼主持 给大伙拜年咯！ 爱你 [哈哈] [哈哈] [爱你]
1,回复 八月八日 哈哈 都是业余的，打发时间。 八月八日 高手！ 鼓掌 [哈哈] [鼓掌]
1,朋友的店， 支持一下。 不知道送妈啥的可以看看 哈哈 小广告 [哈哈]
1,小飞象。。。恒友。。。还有粥。。。。其他的问小 ，她比我在行 嘻嘻 [嘻嘻]
1,赞 五妹很给力！ 嘻嘻 别穿西装在晨这勾对 五悦景区连锁酒店 远丽 船长魏盟 [赞] [嘻嘻]
1,美的嘞 鼓掌 鼓掌 [鼓掌] [鼓掌]
1,哈哈哈哈哈 美慧子 十月 哈哈哈哈之前看觉得没啥 现在再看真的觉得好像 真羡慕一下就生两个出来的 这几天累的要死 照片都没咋发 抽空补上 嘻嘻 孙嘉乐 十月 像不像有两个小妞 笑哈哈 [嘻嘻] [笑哈哈]
1,我已经晒黑了 匪类也柔情 相比较，你太白嫩了！ 哈哈 [哈哈]
1,鼓掌 我要感谢 袁已丁 的邀请，也感谢 刘洋 邀请丁丁 哈哈哈 [鼓掌]
1,在家带娃好累，急需水疗 可爱 偷笑 ，来个排毒香薰吧！ 北京菠菜 紫色透明 潇潇的简约厨房 [可爱] [偷笑]
1,假期要来啦，放风啦 哈哈 太阳 干杯 毛豆卡卡家 阎安妮 [哈哈] [太阳] [干杯]
1,回复 壹荷独秀 生病 不要哪 壹荷独秀 回复 挚爱净土 故乡 嘻嘻 还想等着众人齐呼 万岁 啊？ 挚爱净土 故乡 我想说，对我身边的人来说，那个朋友其实就是我。 悲伤 航旅纵横 偷笑 爆笑耶！你们身边是否有那么一个朋友，总是让你为他 她的智商捉急？ [生病] [嘻嘻] [悲伤] [偷笑]
1,早起的人儿真辛苦！希望今天一切顺利！ 太开心 鼓掌 [太开心] [鼓掌]
1,北京下雪 可爱的懒羊羊乐意 您的双馍收到了嘛 嘻嘻 嘻嘻 星星果果 我在 [嘻嘻] [嘻嘻]
1,亲们：你们到底经历了怎样的风车故事呢？ 做鬼脸 艾暖暖 艾 娜 哈哈 风车后遗症！ 在路上 康志 风车是我们尾队伤心的地儿，走了一小时回头一看只过了一个风车。已是晚上六点 李洁 让我最难忘的就是六工城和风车营地的晨曦和傍晚 董狼的世界 永远的记忆 小镇俊峰 戈壁之眼 [做鬼脸] [哈哈]
1,欢迎你 爱你 [爱你]
1,我最爱的大毛豆！天使和魔鬼的化身呐！ 哈哈 哈哈 谢谢孩儿他娘啊！ [哈哈] [哈哈]
1,为了 好品山东 哈哈 [哈哈]
1,哈哈 不闹腾不舒服斯密达 哈哈哈哈 [哈哈]
1,星座时尚坊 千万不要爱上我哦。 哈哈 [哈哈]
1,就等著你 人 兔子 的 新年大 哈 哈哈 多收 包 年 得 心些咯 拜年 包 有 孩子 [兔子] [哈哈] [xyj拜年] [xyj?包]
1,哈哈 果子狸在 花兄却另辟一种滑头加老实，圣人是没份了，所以可称为人圣！！ 鄢雨的微博 颖儿 哈戳戳 京都花魁 转发微博 [哈哈]
1,老朋友，什么都不用多说，已是万语千言 爱你 [爱你]
1,来北京吧，三部戏，从梦想启程，探讨当下，解读爱情！ 可爱 [可爱]
1,周末和一神秘美女共进晚餐 开心中 勿扰！哈哈 可爱 [可爱]
1,这才是地道吃货美食家啊 鼓掌 老街兔 兔爷家的菜被亲点评得相当到位，兔爷觉得好感动啊，会继续努力做出好菜让大家满意的！ 哈哈 [鼓掌] [哈哈]
1,来 吃烤鸭吧，这里不分四季，一样美味，适宜。 鼓掌 [鼓掌]
1,邱老师津巴布韦游记分享，照片很棒 赞 爱你 [赞] [爱你]
1,摄影师火牛 看了组图，瞬间明白了你说的方法，下手很轻的试了一下，这么液果然是快捷高效，而且很少的破坏环境，真是好洋气好高端啊 鼓掌 鼓掌 鼓掌 [鼓掌] [鼓掌] [鼓掌]
1,鼓掌 墙根网户外摄影俱乐部 鼓掌 鼓掌 [鼓掌] [鼓掌] [鼓掌]
1,鼓掌 鼓掌 鼓掌 云南创网科技有限公司 所有参会客户，转发微博原文，凭借邀请函，到答谢会现场微博区领取。 大元昌茶业官方微博 普洱网 云南滇吉会议服务有限公司 云游旅行网 昆明好人缘家政 昆明苏菲雅婚纱时尚摄影 品摄影梦工厂 丫丫手机网 海马汽车昆明合达 店 [鼓掌] [鼓掌] [鼓掌]
1,你真的进步很大 。做娘的为了娃都沦陷了 鼓掌 [good] [鼓掌]
1,丽莎 嘻嘻 [嘻嘻]
1,我是粼粼 爱你 熊猫 [爱你] [熊猫]
1,各国人民都伤不起 萌宠集中营 笑喷了！！！真逗啊 太开心 [太开心]
1,他长得真熊。。。 度半角仰望天空 哈哈 表示很乐观 朱威廉 我对你丫的长相也表示非常乐观 [哈哈]
1,吃元宵 、巧克力 冰棍 、玫瑰花 玫瑰 ，一 都不能少 做鬼脸 ，祝大家 快 、幸福甜蜜！ 哈哈 [吃元宵] [冰棍] [玫瑰] [做鬼脸] [哈哈]
1,让警察看见得乐了 五木 难道他开在路上，看见 就没有察觉到什么吗？很费解啊 五木 哈哈，你懂的！ 一麻一辣冯岩 哈哈 [哈哈]
1,体育锻炼比打鸡血好用！ 嘻嘻 [嘻嘻]
1,很白很天真 哈哈 雪人 羊子手稿 很黄很暴力！ 哈哈 酷 [哈哈] [雪人] [哈哈] [酷]
1,目前为止听到的最好的声音 啾啾 太感动了 宇宙好声音 泪 姚晨 亲，我在你的歌声里哭了 白旗 俞白眉 正宗好凉茶正宗好声音。加油，你是最棒的！！ 赵赵 好听 爱你 乔小 太好 了，想起了太多往事。 白洱 听哭了 [good] [泪] [din白旗] [爱你]
1,经证实，显示照片，但是，工作人员并不会认证核实验证照片。 张欧亚 呵呵 王凯 回复 沈阳老陶 今天搭飞机时穿行测试一下，扫登机牌是否会显示照片，有没有控制缺陷 嘻嘻 沈阳老陶 登机时，扫描登机牌会显示办手续时拍的相片的。 王凯 确实有这种可能 静娅 [嘻嘻]
1,原来到拉萨的火车票也不难买 偷笑 好吧，明年抽空计划下吧 太开心 [偷笑] [太开心]
1,雨枫直播 沈书枝 的梦里江南 八九十枝花 赏鉴会。 鼓掌 读者提问 怎样让自己的文字扎实、打动人 回答 写日记 偷笑 师素珍 心 雨枫书馆 儒意欣欣图书 我在 [鼓掌] [偷笑] [心]
1,其实是看手相的 嘻嘻 修侃 功夫大 高晓攀 [嘻嘻]
1,久负盛名的藏书羊肉汤营养丰富，并能提高机体免疫力。来咖啡厅品尝一碗鲜美的羊肉汤，在愈加寒冷的季节，让融融暖意满溢全身。 抱抱 [抱抱]
1,大师威武 鼓掌 一只不会开花的兔 大师威武 李败山 阴险 大师威武 空游无依 大师威武 威武 围观 嘻嘻 [鼓掌] [阴险] [威武] [围观] [嘻嘻]
1,难道，你想留在天堂 嘻嘻 [嘻嘻]
1,哈哈 买年票，必须的 [哈哈]
1,哈哈 奇迹之钟傲娇受 哈哈哈哈哈哈哈 关爱智障儿童成长 你认错人了我不是你找的那个。。 ！！ 边走边射 你伤害了我 [哈哈]
1,一年级的时候两同学打架 一猛女同学把块头最大的男同学脸上抓破了 后来家长都来了 男生的老妈对着女孩大吼 我儿子要是破相了以后找不到老婆就找你 再酷一点 哈哈 [哈哈]
1,拉仇恨的 哈哈 柳霁芸 人品爆发，自信心膨胀中 ！！得瑟 [哈哈]
1,自制辣椒酱，味道极好，实属上品 哈哈 [哈哈] [good]
1,看到 黄 泥 的新简介，热泪和着鼻涕流满我的脸！ 哈哈 挖鼻屎 孙恒海 [哈哈] [挖鼻屎]
1,爱你 爱你 爱你 赏味传播 [爱你] [爱你] [爱你]
1,最近大家都迷恋上了邮轮上的帅哥 美女船员！还有爆照的吗？ 哈哈 [哈哈]
1,个人感觉金志文比丁丁唱的好 可爱 [可爱]
1,刘月月 包青天 哈哈哈哈 笑死我了 哈哈 哈哈 哈哈 [哈哈] [哈哈] [哈哈]
1,中午小憩，做了个美梦 嘻嘻 [嘻嘻]
1,艾丽华意大利美食节 美食分享 萨拉米批萨 嘻嘻 江南 [嘻嘻] [江南style]
1,亲，睡得真晚啊，下次再和我们去 爱你 张嘉佳 [爱你]
1,可爱 感谢您对酒店的认可。 害羞 你们满意是给我们最大的鼓励。期待再次为您提供满意的服务 [可爱] [害羞]
1,你有心爱的人了 我不能再陪在你身边了。但请记得 我温暖不了你的身，但却能温暖你的心 亲亲 挖鼻屎 亲亲 压路机小提琴 胸怀大志济天下 [亲亲] [挖鼻屎] [亲亲]
1,跟着熊猫游迪拜 行李托运完毕，阿联酋航空，希望迪拜行一切顺利 可爱 可爱 我在这里 广州市 白云区 [可爱] [可爱]
1,美女毛球又要火啊 哈哈 哈哈 威武 威武 我和女儿游世界 海洋国旅总社 另一双眼带你看世界 毛里求斯官方微博 毛里求斯夏季亲子游 兔子 周卉 我开始想念毛里求斯了 心 [哈哈] [哈哈] [威武] [威武] [兔子] [心]
1,横又横回来了！ 偷笑 横在天涯 张小云 回复 龙衣日月 童适很合适 哈哈 龙衣日月 童适们好 哈哈 [偷笑] [哈哈] [哈哈]
1,呵呵，已经煮好了水，等着了 摄影师山寺 回复 夜小黑 你那张照片 夜小黑 哇喔 总有好吃好喝哒 可爱 [可爱]
1,太开心 拍的真好看，美女哦。 爱你 爱你 [太开心] [爱你] [爱你]
1,年夜饭 两个人的海鲜锅。下班后速度买菜回家，熬好一锅鸡汤做汤底，准备了虾、蟹、香菇、平菇、蘑菇、萝卜、豆腐、年糕、粉丝、西兰花 热气腾腾迎新年。。。夜宵是桂花醪糟汤圆，要赶场的童鞋抓紧时间哦 哈哈 干杯 。 [哈哈] [干杯]
1,宜家 爱你 [爱你]
1,花好月圆，相约首都 小编只想说一句。小丑哥太搞笑了。笑点颇多，亮点无数。丢篮球太逗了。引得台下大人小孩儿一起乐 偷笑 偷笑 偷笑 哈哈 哈哈 哈哈 哈哈 我在 [偷笑] [偷笑] [偷笑] [哈哈] [哈哈] [哈哈] [哈哈]
1,可以再温习一下一、二 嘻嘻 [嘻嘻]
1,回复 龙行天下 龙哥 一定肯定以及确定？！ 太开心 龙行天下 龙哥 为我创一角色 偷笑 五月 已经启动，剧本正在进行中 滇雄 我期待运作策划呢！ 五月 万阅读人次：总有一天，我可以回报你们，回报您 五月 已经启动，剧本正在进行中 [ok] [太开心] [偷笑]
1,谢谢推荐 鼓掌 鼓掌 鼓掌 杨迪的甜筒乐园 乐儿餐厅 胃怀天下 [good] [鼓掌] [鼓掌] [鼓掌]
1,喜欢就好。我们还有更多商品陆续推出，多关注哦。 涂书网 喜欢不？众多美女在一起很养眼哦 ！ 可爱 [可爱]
1,回复 高婵淡定 你快着点 别忘记发微博传图片并且 我！ 哈哈 哈哈 哈哈 高婵淡定 回复 闫茵 我真是要剖腹自杀了！！！！！！！！！！！！ 闫茵 让我怎么个冲锋陷阵法，这死女人直接当我不存在，你说说，我很受伤！ 钱多多 那你就早早冲锋陷阵啊 别老让我党发言人！累，又没钱 [哈哈] [哈哈] [哈哈]
1,刚看到群里发的 兔兔， 你快从树上下来。。 真是新年新气象！ 哈哈 [哈哈]
1,用橄榄油多刷很重要，几个夏天即可 哈哈 胖肥斌斌 怎么盘的啊？求教 赞 [哈哈] [赞]
1,哈哈 想拍两下 [哈哈]
1,神舟国际酒店 哈哈 符梅梅 西瓜 冰棍 一起吃啊 李家大小姐 玫瑰 符梅梅 玫瑰 李家大小姐 生根的风 跨越了历史的良知考验 李家大小姐 太极阴阳五行 转发微博 [哈哈] [西瓜] [冰棍] [玫瑰] [玫瑰] [good]
1,是啊，调皮嘛。 海口巴布甜品 会革以前是不是经常被老爸打屁股啊 那么顽皮 哈哈 李会革 我表示我玩过，还被咬过！ 泪 子夏爸 椰岛刘燕飞 海口巴布甜品 [哈哈] [泪]
1,哈哈 发现美女啦 围观 [哈哈]
1,阿里班班和四十大泡 哈哈哈班主任！！我们来拉！ 嘻嘻 [嘻嘻]
1,太敢整了！ 哈哈 哈哈 哈哈 喵喵 千年树桩 哈哈 穷开心的老男孩 无 [哈哈] [哈哈] [哈哈]
1,补一张上条微博说的被我 了个 的，一键拍灭的路灯 奥特曼 嘻嘻 前后相差 秒吃惊时间 [奥特曼] [嘻嘻]
1,干嘛呀干嘛呀 亲亲 我在 [亲亲]
1,真的耶，我也是打小儿看你的节目 吓大的 鼓掌 文怡 回复 灬 我就。。。。。。怒摔 怒 怒 怒 怒 灬 关注那么久，看了这张图才知道你就是我小时候看做菜的主持人，我了个去，小时候就想吃你做的菜 [鼓掌] [怒] [怒] [怒] [怒]
1,通少爷的新发型 偷笑 ，眼睛也开始消肿了 鼓掌 ，这下满足你们要求了，观后感观后感哦 哈哈 [偷笑] [鼓掌] [哈哈]
1,今天天气挺热，看看南极的冰山消消暑吧 太开心 蔡景晖 旅人林建勋 苏莱曼 灰灰 [太开心]
1,辣妈 可儿 的白色清新搭配，你也喜欢白色不妨参考一下吧 衬衫： ；短裙： ；鞋： ；眼镜： 爱你 私享穿衣顾问微信： [爱你]
1,想看到这一幕，我承认我是唯恐天下不乱，呵呵 大仙 希望莫言像萨特那样，拒绝领奖！ 静娅 哈哈 [哈哈]
1,回复 设计创意工场 心旷神怡 哈哈 设计创意工场 好灿烂的阳光 胡同印 我，真的是。 [哈哈]
1,这个必须转起 嘻嘻 威武 威武 [嘻嘻] [威武] [威武]
1,哈哈，下次再来个巧合 爱你 [爱你]
1,我可没他这么奔放，和他一比，我太保守了 哈哈 。 大脑门小英子 哇哇哇，我确实是见到不少光膀子跑步的哥们儿，但这种尺度的还真是没遇到 偷笑 问问彬哥有没偶遇 嘻嘻 我是董彬 赵 你没遇到这个么？ 偷笑 大脑门小英子 滴老 笑哈哈 尤悠 麻杆 [哈哈] [偷笑] [嘻嘻] [偷笑] [笑哈哈]
1,多谢大家支持，我会继续加油努力！ 嘻嘻 [嘻嘻]
1,劳动光荣 赞 鼓掌 大家辛苦啦，一会儿宵夜去！ [赞] [鼓掌]
1,这些辅菜当中，我最爱的就是折耳根！吃了一盘又一盘！本山大叔说了，卤不要钱！ 嘻嘻 嘻嘻 哈哈 [嘻嘻] [嘻嘻] [哈哈]
1,回复 经典 女人 一个人 经典 女人 回复 杨亚天 上联：经典 女人，下联：知心 姐姐。求横批 阴险 经典 女人 回复 杨亚天 必须叫哈 偷笑 杨亚天 回复 知心 姐姐 哈哈 明知不该叫姐姐，那是叫呢还是不叫呢 [阴险] [偷笑] [哈哈]
1,亲亲 亲亲 亲亲 可爱吗 [亲亲] [亲亲] [亲亲]
1,哈哈 哈哈 胡同印的胡爷 下列人员绝对有创意，汤圆 游局网 游局网 游局网 胡同印的胡爷 回复 虾米樱桃 他们把黑芝麻和到面里，里头再包黑芝麻馅儿；白的是肉馅儿，第一次吃，特好吃 馋嘴 虾米樱桃 黑芝麻的把陷包外头了？ 吃惊 白的大小个是什么？ [哈哈] [哈哈] [馋嘴] [吃惊]
1,鼓掌 一起过圣诞节吧 [鼓掌]
1,女人好厉害！ 全球创意搜罗： 哈哈 好主意！ [哈哈]
1,你猜到了吗？春卷，粥，浓汤，面包，咸菜，鸡蛋。好心情，从这一刻开始！ 哈哈 我在 小米手机随手拍 [哈哈]
1,棋极臭瘾还大 本手 哈哈 哈哈 哈哈 上市公司圈 一个问题看出中国四大商学院北大、清华、中欧、长江的区别 哈哈 长江真是特别能搞阿 [哈哈] [哈哈] [哈哈] [哈哈]
1,应用 平台 操作系统 硬件，都是拥挤的 曾振宇 嘻嘻 ，经常听创业者讲我们是 唯一 一家，一般不信，不过也没想到竞争已经激烈到这样的程度。 张自权 还真是 疯狂的 真长见识，我不知道有那么多 肖楠 真多啊！红海！ 王道平 [嘻嘻]
1,高级定制 定制手镯系列 今日立秋超级凉快！！眼前一抹红金搭配怎么样啊？嘻嘻 超级亮眼 调皮 鼓掌 鼓掌 鼓掌 [调皮] [鼓掌] [鼓掌] [鼓掌]
1,可以当练车？？？呵呵呵 企鹅北漂族 列队欢迎。 嘻嘻 嘻嘻 王旭 美食影像 一起来 涅磐 钟 推荐 掌趣 吕小四 企鹅北漂族 现在天气暖和了，随时可以来，电话我就行哈。。 嘻嘻 涅磐 钟 想去 企鹅北漂族 嘻嘻 这个视频拍得给力啊！！！ 鼓掌 鼓掌 鼓掌 [嘻嘻] [嘻嘻] [嘻嘻] [嘻嘻] [鼓掌] [鼓掌] [鼓掌]
1,反正他煮好味就是了！ 同意 嘻嘻 之前小店他也是自己煮，反正他煮好味就是了！ 香港美食 伊比 傅不 食客自己煮的哈哈 信不 他人呀！ 哈哈 困 偷笑 ：他之前在 到做，有 食 ？ [嘻嘻] [哈哈] [困] [偷笑]
1,回复 诗韵梦寻 恭喜恭喜 鼓掌 鼓掌 诗韵梦寻 幸福，是平淡日子中收集起来的小感动，就是爱的宽容和被爱的滋养。深谙药膳养生之道的女人，会尽情享受药膳给予的每一份幸福，为自己和家人创造无数温馨的关怀 感谢 康源瑞廷酒店 丰厚的除夕礼物 祝 康源瑞廷酒店 以及所有参加这次活动的朋友们心想 [鼓掌] [鼓掌]
1,夜间雾气缭绕并转阵雨 明天雨转薄云迎佳节 日 时北京气象信息：今夜雾气缭绕京城，最低气温 ，后半夜到明天上午有阵雨，雨量不大，午后转多云，最高气温 。明天是中国的传统节日中秋佳节，雨雾会对明天上午的交通带来不利影响，注意出行安全；预计明夜多云转晴，适宜人们户外赏月。 鼓掌 [鼓掌]
1,这个星期特有成就感，不仅计划的工作全部完成了，而且很多额外的工作也及时解决了 可爱 特开心 吼吼 还有一个任务就等着周一大老板来了确认下，这个周末，可以爽爽的玩了 哈哈 哈哈 [可爱] [哈哈]
1,多吃点 抱抱 [抱抱]
1,回复 张老弛 然后。。。我真不知道谁给谁买单去了 哈哈 张老弛 然后呢？ [哈哈]
1,很有兴趣！！！ 水泊村夫 是的。武老师有兴趣？ 武旭峰 这是丹灶吗？ 水泊村夫 回复 南海丹灶人微博 要联系联系 嘻嘻 英雄 回复 南海丹灶人微博 好野！前背！村夫，呢个要奖励先得！ 南海丹灶人微博 其实我早就拍摄过了，是丹灶镇西城伏水村啊！哈哈！ [嘻嘻]
1,回复 雷成林 害羞 哈哈，多些夸奖，雷总监啥时候来咱西江家尝尝江西菜呀？欢迎欢迎哦，嘻嘻 鼓掌 鼓掌 雷成林 是不错。 [害羞] [鼓掌] [鼓掌]
1,回复 刘是成 太开心 刘是成 回复 五月 围观 各位老师 礼物 鲜花 节日快乐 刘是成 哈哈 哈哈 哈哈 取了这个名想了老半天 嘻嘻 我还有朋友名好像是 这名总没有人取吧 取这个名想了老半天 傅继英 转发： 勤者勤而成其智，逸者逸而就其庸。 刘是成 五月 美 [太开心] [围观] [礼物] [鲜花] [哈哈] [哈哈] [哈哈] [嘻嘻]
1,超级笑星 精彩剧照 超级笑星 第五期还有不到两个小时就要开 始 啦 ！ 哈哈 小伙伴们都准备好了没 得意地笑 记得今晚一定要锁定 安徽卫视 ，忘记一天的劳累，和家人一起分享 超级笑星 ，笑到嗨不停哦 抱抱 [哈哈] [得意地笑] [抱抱]
1,右边同学应该考虑给每个警察蜀黍装上高德地图和高德导航 嘻嘻 高德地图 警察蜀黍你试试小德的 快捷导航版 呦，秒杀一切迅雷不及掩耳盗铃儿响叮铛之势。 这条 ： 发，不是广告，木有赞助 [嘻嘻]
1,还有红色的彩椒，在包装车间拍的，也没化妆，凑合看 哈哈 [哈哈]
1,吃过，很不错 桂汉峰 慈善 改天把敏姐喊到一起来细品 可爱 [可爱]
1,欧阳智薇 刚看到 新年快乐哦 哈哈 爱你 新一年 一起加油吧！另外，经典台词：黑夜给了我们黑色的眼圈，就是用来寻找光明滴 嘻嘻 嘻嘻 [ok] [哈哈] [爱你] [嘻嘻] [嘻嘻]
1,好辣 嘻嘻 哈哈 哈哈 哈哈 京 银狐 鼓掌 鼓掌 赞 准备微笑的海燕 霍新华 京 银狐 准备微笑的海景 机场大郭 茗茶坊美妇 嗜吃慧 武鑫 创业家店小二 大家觉得呢？ 嘻嘻 嘻嘻 嘻嘻 [嘻嘻] [哈哈] [哈哈] [哈哈] [鼓掌] [鼓掌] [赞] [嘻嘻] [嘻嘻] [嘻嘻]
1,经过寿星小淘气和小朋友的折腾，家里乱得跟花果山似的 汗 泪 。收拾收拾，就这么地吧。强迫症是做不了父母的 嘻嘻 嘻嘻 。画张小画休息一下 馋嘴 [汗] [泪] [嘻嘻] [嘻嘻] [馋嘴]
1,艾也巫格 求表扬！ 嘻嘻 [嘻嘻]
1,这种无常真的好有爱 鼓掌 [鼓掌]
1,我好凌乱啊！观看要有一定的心理承受能力！ ：右边的那个兄弟，我越看越像 不是说舞姿，仅仅是那 没大脑 的表情。哈哈，你们说呢？ 安妮 方方土 弓长氵羊 铭洋 嘻嘻 [嘻嘻]
1,又是旅行技巧哦 非常非常非常实用！英文不好的同学们，注意啦 嘻嘻 [嘻嘻]
1,哇 太怀念了。。去年过年去泡温泉了呢 抱抱 夏蒙 谢阮虹 陈忠义 这里留下多少回忆？ [抱抱]
1,哈哈 嘻嘻 曹志刚 轮子象 欧阳梦粥 那个什么 湿了紧了 的打车软件公司应该好好看看，什么是真正的文案。 强尼走着 五角场将进酒 范文欣 嘻嘻 软实力。 银心砚 虽然之前看过，还是要转，可爱的罗马尼亚人民！ [哈哈] [嘻嘻] [嘻嘻]
1,哈哈 都是起哄架秧子的 [哈哈]
1,终于毛爷爷来了 泪 车上一共三位美女，毛爷爷这下高富帅了 哈哈 [泪] [哈哈]
1,羚羊谷，最好要参加摄影团。正如我们导游说的，一定会有人问你们怎样才能拍到没有人的羚羊谷？是的，摄影团导游会帮忙清场。可这种团一般要提前预订，七月询问就说最早一天有空位的团是 月 ，不过不要放弃，提前几天不停询问，总会有人退定的，镜头前的羚羊谷是怎样的？晚上上图， 哈哈 [哈哈]
1,金蛇狂舞，好运连连。。。 鼓掌 [鼓掌]
1,顶！最好是茶话会的形式 嘻嘻 [嘻嘻]
1,哈哈 孙大一 真 像 张欣 哈哈，太象 罗了！新疆的！！ 新浪体育 罗这是参加新疆电视台开年大戏 吐鲁番乡村爱情故事 的拍摄吗？ 哈哈 皇马新闻 我勒个去！建议召入国足敲山震虎。 [哈哈] [哈哈]
1,回复 微一个小博 我没有直接给我朋友，我打开看的时候发现的， 个桃子就四个是好的。 微一个小博 回复 锦儿贝贝 下次小心咯，还好这次不会被误会！这，是考验真朋友的一次很好机会！ 鼓掌 罪恶罪恶 不该这样说 [鼓掌]
1,哈哈 哈哈 伟大的安妮 哈哈 叫兽易小星 哈哈 李 有鸭梨 哈哈 哈哈 哈哈 哈哈 哈哈 哈哈 [哈哈] [哈哈] [哈哈] [哈哈] [哈哈] [哈哈] [哈哈] [哈哈] [哈哈] [哈哈]
1,伦敦奥运闭幕式的音乐全集已经可以在 下载啦 亲亲 [亲亲]
1,哎哟，沉寂许久的我，终于要爆发我的小宇宙了！酒店体验师，走起 哈哈 嘻嘻 酷讯酒店 鼓掌 恭喜 冰沁于心 获得豪华客房 含双早 免费入住的机会，没有中奖的同学们也不要灰心，免费房的福利会持续送出哦，敬请期待更多免费酒店体验吧 拍手 带着微博去旅行 详情查看 [哈哈] [嘻嘻] [鼓掌] [拍手] [带着微博去旅行]
1,谢谢哈哈！ 高中同班好同学，加油加油，大家都看看吧！！！ 鼓掌 鼓掌 鼓掌 恒星 北漂 晚 文 筱楠是骆夫人 婷婷 [鼓掌] [鼓掌] [鼓掌]
1,薄饼我喜欢 是新疆人开的吗？ 妞妞 猪猴滨 位于湖里区嘉禾路 近厦门三中 。据说是地道西北味哦。牛羊肉味道不错，肉食爱好者们来尝试下吧 嘻嘻 [嘻嘻]
1,巨蟹的快来报到，我等着呢 哈哈 [哈哈]
1,天地间美景下畅快淋漓的青春！ 爱你 [爱你]
1,在乌镇 乌镇步步莲花 这年头叉烧都有假期了，在桥上只有大龙在职守 哈哈 孤独的守着美景 我在这里 [哈哈]
1,还是你了解我 亲亲 亲亲 亲亲 亲亲 诗懿 默默 哥也不总是坏脾气阿，也有温柔的时候啦！ 陈曦 我觉得我是第三种 薛蛮子 转发微博 [亲亲] [亲亲] [亲亲] [亲亲]
1,感谢 爱你 ，借此机会祝所有粉丝和同行们新春快乐，蛇年大吉 福到啦 祝 北京丽晶酒店 北京国贸饭店 北京 万豪酒店 北京香格里拉饭店 北京金融街洲际酒店 北京华彬费尔蒙酒店 生意兴隆！财源滚滚！ [爱你] [福到啦]
1,美食信息导航 东海明珠酒店 老店，客不错，好久没来了，突然感觉味道好了很多。本意是朋友一起吃个午饭，不知怎么就上了啤酒 哈哈 哈哈 大头宝好吃，熏脊骨下酒好菜，金针肥牛适合我，微酸、小辣，口味恰到好处 民主广场文林街，日航酒店附近。感谢 私厨美馔 分享 [哈哈] [哈哈]
1,哈哈 铁路民警李淑华 偷笑 [哈哈] [偷笑]
1,回覆 子非鱼 那就将我的作品送给她吧。 子非鱼 这几天正在教女儿认识石榴，就在学校的小菜园那里 阳光和天地 子非鱼 生活如此灿烂 鼓掌 [鼓掌]
1,清凉爽口的荸荠被我做成了重口味辣子鸡丁。 可爱 [可爱]
1,呆会 去 肥蟹很 谢谢各位关注 爱你 六翼魔法师 回复 雪莉巷 耶 你还不也一起来 雪莉巷 我有朋友在这做编辑 肥蟹很 哈哈 [爱你] [耶] [哈哈]
1,人间指南杂志 哈哈 哈哈 哈哈 哈哈 哈哈 李 有鸭梨 [哈哈] [哈哈] [哈哈] [哈哈] [哈哈]
1,情满自溢。 切总 哎呦我去！这莫不是山东及时雨宋江宋公明宋哥哥？ 嘻嘻 夏商 楼主是好人。 雪域竹音 您太仗义了！ [嘻嘻]
1,哈哈 罗兵 我去！ 大幕拉起葛亮 大公司，大气派！哈哈 [哈哈]
1,万丽美食课堂 马上就要开课啦 太开心 太开心 太开心 有请今天的烹饪老师 鼓掌 鼓掌 鼓掌 今天他会教我们做什么呢 疑问 疑问 疑问 我在这里 [太开心] [太开心] [太开心] [鼓掌] [鼓掌] [鼓掌] [疑问] [疑问] [疑问]
1,宣德炉 从明清就有大批的仿造。现在所谓的宣德炉都很存疑。现在宣德炉是明朝一大段时期的统称，真正宣德年间制造的，考证还没有一个非常准确的标准。 童钢 谁也 有 因为北京故 有位专门研究宣德炉的专家 阅宣德款香炉无数 近二十佘年未认 一个 哈哈 收藏家地盘 谁有真正的宣德炉图片？ [哈哈]
1,回复 血慈悲 哈哈 转播也成 乐此不疲啊 血慈悲 山区信号不好，不是现场直播，是实况转播。 [哈哈]
1,海航小贴士 乘坐小海北京出港的亲们注意啦，由于北京早晨出港航班较为密集，排队办理乘机手续的旅客人数较多，为了不耽误您的行程，我们建议您提前 小时到达机场办理乘机手续。关注海南航空官方 账号 ，密切关注您的航班动态。 嘻嘻 [嘻嘻]
1,张译 不靠谱的演员都爱说如果 沈阳站 小太爷真帅，姑娘也很漂亮 爱你 [爱你]
1,虾酱菜团子怎么做的呢 疑问 ，姐想吃 花心 海参 哥 山东省旅游局官方微博 可爱 [疑问] [花心] [可爱]
1,哈哈哈哈哈哈 丹娜徐 西西佳 笑喷了 亮行非洲 右边亮了 积木之家 智商 哈哈 凹马尼马尼沟埋洪 张大王 笑裂了 饭爱豆神马的搭进搭出 笑尿了 豆芽菜喵 笑哈哈 [右边亮了] [哈哈] [笑哈哈]
1,恭喜 淘淘 希望今天会有幸抽中我们酒店的粉丝哦 嘻嘻 假日酒店 分享假日体验 赢悠闲假日 恭喜今日中奖者 淘淘 ，你将获得北京区 假日酒店 双人自助餐体验券 张，请开放私信功能，以方便小编和你联系。谢谢你的体验分享 [嘻嘻]
1,米娃今天十个月了，日子真快！现在特别喜欢镜子里的自己，若让她亲亲，她就会凑上前去用小嘴在上面盖个小嘴印儿。若说：亲亲妈妈。便会扭过头来在你脸上嘟上一个口水印儿 爱你 鼓掌 亲亲 每天都有新的变化，每一个变化都让会我甜到心里 心 [爱你] [鼓掌] [亲亲] [心]
1,没问题，来时记得带着 拜师礼 哈哈 没名字 卤煮鲍鱼 四岁的儿子，给你当徒弟吧 [哈哈]
1,早安 清晨睁开双眼的一刹那，有没有觉得小肚微空，好饿哦 浮云 早起的鸟儿有蛋吃 爱你 亲们，起床喽 早安，城市，又是美好的一天 兔子 [浮云] [爱你] [兔子]
1,能否成立南雨北调办公室 哈哈 唐人默客 耶 微风 乒乓阎桂丽 这是好主意，据说北京今天也有雨，现在还没下 [哈哈] [耶] [微风]
1,维他命探访 周年图片精粹展 ，从布展到内容都很有看头哦！玻璃房很好玩，虽然不太明了原先的用意，但特派员是用来拍照了 哈哈 地点：北京朝阳区银泰中心 时间： 月 日 月 日 服饰与美容 更多图片： [哈哈]
1,超级限量版，暂时保密啊。嘿嘿。 出版人南北 回复 蓝蛇 不行，必须等到它该出现的那一天。 嘻嘻 蓝蛇 在哪儿在哪儿？？能秀出来给我们看看不？？？ 花心 [嘻嘻] [花心]
1,我也爱襄阳 鼓掌 风飞筝 这就是我的家乡 襄阳。 爱面吧 襄阳 一个有故事的古城 简白 襄阳故事多！！！ 鼓掌 鼓掌 [鼓掌] [鼓掌] [鼓掌]
1,鼓掌 鼓掌 鼓掌 围观 上海打折优惠 抱抱 和 月 日手牵手来了 [鼓掌] [鼓掌] [鼓掌] [围观] [抱抱]
1,抬头也不行，还有 行者肖 这年头能让人不用看手机的演出 比赛 会议 饭局才算精彩！上座率已经不足以说明问题，应该引进抬头率指标。 维莱金晶 有点意思！ 哈哈 [哈哈]
1,湖州贝塔咖啡馆 爱你 [爱你]
1,很有意思，在各大五星级酒店中，香格里拉的中餐一直表现突出，为什么？ 名厨 酒香不怕巷子深，名厨不怕居山林。 赞 苏州香格里拉大酒店 徐大厨越来越有名了，帝都都发来报道了 鼓掌 太开心 [赞] [鼓掌] [太开心]
1,抓狂 抓狂 嘻嘻 嘻嘻 嘻嘻 嘻嘻 哈哈 哈哈 哈哈 哈哈 陈玉霞博斐秀禾 开心 刻 杨那夫大厨 转发微博 [抓狂] [抓狂] [嘻嘻] [嘻嘻] [嘻嘻] [嘻嘻] [哈哈] [哈哈] [哈哈] [哈哈] [good]
1,还是那时候得好吃，质量还好 嘻嘻 格格巫肯定爱死了 偷笑 [嘻嘻] [偷笑]
1,司新颖 哈哈 [哈哈]
1,学亮雇你来的？ 爱旅游爱生活的小童鞋 梦想成真了！ 哈哈 崔学亮 王晟 散蝶 傻纸 我在做梦！！ [哈哈]
1,终于看到浴袍照 活三 回家丢脸去了 厦门航空 偶们又来了 戈娅 重庆的六个神经病已经享誉天津了，这是要红向全国的节奏啊！ 天津光合谷天沐温泉度假酒店 温泉很美好，谢谢 爱你 天津旅游 百名达人游津城 [爱你]
1,相见不如怀念，老街坊 哈哈 曹随风 嘻嘻 范冰冰工作室 巩叔，我们对门咋没见过你 疑问 [哈哈] [嘻嘻] [疑问]
1,第一站白河峡谷， 点起床 点东直门乘 快车出发。这里有蓝天，有羊群，有鹅，有冰河 爱你 远方网 生于 年的一只微笑猪 天高云淡路长 小莫在远方 [爱你]
1,马权飞 不管是做网店，还是弄网站这个收入特别正常 中视天阔王学庆 吹牛逼谁不会啊。淘宝店根本不好做。 哈哈 成建勇 泪 泪 泪 马权飞 啥都不说了 颜乔 委屈 抓狂 [哈哈] [泪] [泪] [泪] [委屈] [抓狂]
1,中国经贸出版社总编辑 周因茵同学 我去当这里的阿姨好了。。 我有好多小梦想 圆滚滚圆滚滚 神马 肝颤了！ 卡李 阿毛打酱油 幼儿园缺啥职位不？ 中国经贸出版社总编辑 嘻嘻 蓝海菲 哇 熊猫宝宝也上幼儿园了咧 好可爱，我想去当老师 世界旅游协会 最好玩的幼儿园 [嘻嘻]
1,害羞 谢谢 同学的指正，大马去年已经取消落地签了，但是可以办免费的过境签。准备去大马的朋友注意喔 太开心 [害羞] [太开心]
1,下次去！ 昊枫林 好诗。 月 日后来吧，另一波最靓丽的粉红色樱花等着您 江南 水云 仙子 哈哈 致苏珊 新丰樱花好，春来花满枝。赏花须趁早，莫待无花时。 武旭峰 回复 苏珊 你怎么不去？ 苏珊 不得了！什么时候我也能跟大队去观看樱花飘舞？ [江南style] [哈哈]
1,好注意喽 爱你 多栖主持人荆小纳 姐们儿你天天都在忙 悠着点儿嘞 别太累了 爱你 爱你 爱你 [爱你] [爱你] [爱你] [爱你]
1,在母亲节送给妈妈一份甜蜜的祝福吧 爱你 [爱你]
1,这是我们和 联合发起的喊出 爱的宣言 情人节永生玫瑰花盒幸福馈赠活动 鲜花 鲜花 想要得到由 推出的全国独一无二永生花盒的朋友就赶快抓紧时间参与吧， 月 日大年初五就要截至咯 爱你 爱你 [鲜花] [鲜花] [爱你] [爱你]
1,回复 肚肚 哈哈 哈哈 太开心 太开心 谢谢您的鼓励 肚肚 回复 马尔代夫美佳航空 恩美佳航空很棒服务很好 鼓掌 鼓掌 鼓掌 很喜欢马代 [哈哈] [哈哈] [太开心] [太开心] [鼓掌] [鼓掌] [鼓掌]
1,爸爸妈妈，七夕快乐！我爱你们！ 爱你 爱你 爱你 我想我大概就是 年前的今天来的吧 偷笑 视野 手留余香 [爱你] [爱你] [爱你] [偷笑]
1,早安 不敢去跑的人，无法赢得比赛。 佚名 可爱 [可爱]
1,谁说财务木有幽默细胞 哈哈哈 马靖昊说会计 笑抽了不能怪我，朋友们，晚安！ 远征的孤独者 哈哈 再见工程，最后没忍住，彻底笑抽我了 [哈哈]
1,哈哈 小惠惠的小月月 我擦。。。。 [哈哈]
1,哎呀，围观美国厅局级干部。。。。 嘻嘻 黄锦波 回复 吴克清 在中国天下第一的东西多了！下次你卖门票与天下第一人我一起吃饭？每年一个人与 布非特吃午餐要捐二百多万美元呢？哈哈 吴克清 哈哈。想起第一次见面黄大哥就请我在天下第一城吃饭，吃人的嘴短啊，所以你的分数最高啦 ！ [嘻嘻]
1,看到希腊神庙第一反应就是圣斗士， 哈哈 威武 [哈哈] [威武]
1,看完 ，很 地发现孙红雷哥哥说这么雷的广告语 叫你亲不如质量精 。够坏的 可爱 释迦比尔 叫你亲不如质量精，谁知不仅质量不精，连亲都不叫一声。 [可爱]
1,试用活动马上结束了哦，想得到这份福利的果子们赶紧去申请哟 哈哈 [哈哈]
1,回复 王阿婷婷婷 喜欢就来一花一叶咖餐厅品鉴吧！ 鼓掌 建国门店、五彩城店、爱琴海店和西单旗舰店，欢迎您的光临！ 王阿婷婷婷 回复 齐健红 我以为是肉 看得好香 [鼓掌] [good]
1,看到！ 爱你 李安安 回复 猫舍 我这样回复，在同时转发到微博，应该有了吧 晕 猫舍 发微博 了你们不下十次，但是微博就显示不出来，为什么呢这是，评论 你们看的到吗，看到回我一个。 蓝某人曾经也叫蓝天 [爱你] [晕]
1,好期待纳帕海御庭项目 鼓掌 ，祥和宁静的纳帕海犹如人间仙境，世外桃园，世人洗涤心情、放空心灵又一佳地 爱你 杜琳 御庭酒店集团 云南香格里拉纳帕海真的是出摄影作品的地方。御庭的下个开业项目 [鼓掌] [爱你]
1,！期待影片上映！ 鼓掌 野树林花 奥迪汇 [鼓掌]
1,哈哈 宏昆陈芳 赞 潘石屹 有力度。与年初政府工作报告目标相比，不是一个数量级。我每天转发 的微博，从今天开始停止了。 [哈哈] [赞]
1,还有隐情吧 吴佩 嘻嘻 感性的蛮子 掷地有声 偷笑 罗斯里 冰糖杨梅 吴佩 袁启聪 加文刘 车主之友杂志 中国汽车画报齐宇 颜宇鹏 新车评 宋海涛 汽车与你 海兰 名车志刘杰 动感驾驭刘宇 何毅与超级马力 汽车族孙刚 王尧 吴道予 [嘻嘻] [偷笑]
1,早安、沃阁 目前全市多云，西南风 级，气温 。预计未来三小时多云，西南风 级左右，气温将上升 。气温骤升也就算了，还这么闷！出门防晒装置要折腾好哇！ 爱你 爱你 [爱你] [爱你]
1,心 浮光掠影地把 看了一圈，对陈卓的画印象颇深 鼓掌 鼓掌 鼓掌 王东被抢注 点点网 阎玉婷 李博的水面 胖兔子熙 祝贺 中艺博成功召开 [心] [鼓掌] [鼓掌] [鼓掌]
1,这次没去成太遗憾了 你们又玩 了 鼓掌 [鼓掌]
1,都是牛人 哈哈 号青啤王总也来三亚考察我们三亚机场 威武 王凯 杨浪 [哈哈] [威武]
1,感谢 穿越 写的关于 印度餐厅的介绍哦 哈哈 [哈哈]
1,完全都没拍到 蔚 爱你 [爱你]
1,影评 笔仙 观后感：与其说观后感，不如说听后感。我胆儿小，全程闭眼听下来的。之前看过一点儿影评，有的给吓哭了，有的说不可怕，我采取保守态度，是正确的。音效震撼很多很棒。闭眼都很吓人。情结类似孤堡惊情，但没有那个灵异，要是再神秘一些，不是实际就好了 万达电影生活 电影 笔仙 爱你 [爱你]
1,哈哈 珍宝贝 哇！大片级的杂志！必须顶！ 鼓掌 鼓掌 [鼓掌] [鼓掌]
1,祝永远幸福！！！ 鼓掌 [鼓掌]
1,我发一条微博会有多少人回复呢。。。 哈哈 刚学了个词叫做微博互动指数 [哈哈]
1,文盲编辑 团结新人小李 嘻嘻 [嘻嘻]
1,布告：从明日起 月 日乐儿餐厅 恢复白天营业 时间为 ： 至凌晨 欢迎各位朋友光临 切克闹 我们的新招牌 嘻嘻 [lt切克闹] [嘻嘻]
1,感谢支持！ 太开心 一花一叶咖餐厅在期盼你超级非常异常珍贵的一票哦！ 鼓掌 同时可获得餐厅点心一份！一花一叶就在这里 赶快去投票咯！ [太开心] [鼓掌] [good]
1,玩转水世界 暑期大放价 龙熙有惊喜 亲！ 月 日 月 日，凡购买双人套票，持套票客人凭房卡可免费赠送高尔夫练习场打位一个。 礼物 让您在享受高尚运动的同时，感受龙熙给予您的绿色和宁静。 太开心 [礼物] [太开心]
1,零度下的肥皂泡竟可以这么美，北方的同学可以试试 嘻嘻 [嘻嘻]
1,围观 王小兔 芳草地商贸 哈哈 社科院汪向东 先送厂里加工一下 榴莲爱芒果 下次堵个好吃点的吧 偷笑 哥本树根 一顿吃不完吧？ 任涛 就点儿水 司徒朔 早饭不缺了。 浪子回头的郎朗 中山牛牛 吃了吗 哈哈 魏礼军 修相科 哎呀！ 谭中军 [围观] [哈哈] [偷笑] [哈哈]
1,云南是把胖纸变成黑胖纸的地方。。。最后一场结束 晚上回家鸟 鼓掌 [鼓掌]
1,有意思 哈哈 哈哈 不能让玛玛发现 [哈哈] [哈哈]
1,亲，好久不出场，一来带来这么多咖啡？ 爱你 馋嘴 [爱你] [馋嘴]
1,照片中这些家具是传说中只有古代皇家才能用的珍贵木材做的，叫金丝楠木。本来已经绝迹了，为什么我们又能得以见到？照片中这位穿西服的颜先生因为很偶然的特殊机缘，很多沉睡在河床、山川的这些楠木辗转到了他手里，得以呈现在眼前。俺们也坐那儿 瑟一下 嘻嘻 我在这里 [嘻嘻]
1,在一起吧！绝配！ 哈哈 我的朋友是个呆 论学好语文的重要性 然后下面就没了 哈哈哈哈 我们不是说好做彼此断裂的 吗 请文明食用食物 青少年心理健康指导专家 灿烈 哈哈哈哈哈哈哈哈哈哈哈哈哈哈哈 [哈哈]
1,爱你 爱你 爱你 清 安乐自在往生 南无阿弥陀佛！ 墨剑草堂 素食婚宴，使大量动物免遭屠杀，为新人带来吉祥福报；随喜赞叹！南无阿弥陀佛！ 卡珊德娜 微博素食 素美好 恭喜一对新人，江苏宜兴大觉寺内举办的佛化婚礼、素食婚宴！ [爱你] [爱你] [爱你]
1,政法大学的小咖啡馆，喝喝茶看看书上上网，旁边一对对的聊天内容都好好玩 哈哈 如果我哪天消失了你会疯了一样找我吗 十年后我们再在这见面吧 同学们果真是各种清新天真无邪啊 我在这里 [哈哈]
1,厦门某商场的泰迪熊金字塔，猜猜有多少只？ 嘻嘻 [嘻嘻]
1,。。。比喻 比喻 积木 李敖比起国内的作家叫兽那是真敢说！ 火山丶 转头 宣礼海 转了 哈哈 笑屎我了 环球时尚精选 赞 [lxhx转头] [哈哈] [赞]
1,是挺酷的、、、 哈哈 哈哈 巴迪妈 实用手册 萌翻了 得意地笑 [哈哈] [哈哈] [得意地笑]
1,最高纪录一次可以吃几个？ 馋嘴 超级无敌傻嘟嘴大怪兽 超 傻扁嘴小狗狗 我最爱的早茶点心是蛋挞 哈哈 深圳香格里拉大酒店 免费体验 深圳娱乐频道食客准备 推荐的点心呦！ [馋嘴] [哈哈]
1,要是天天有这些肉肉吃，那就真心满足了，哈哈！！！ 哈哈 [哈哈]
1,哈哈 雅 宝 萝卜 冬天 ： 桃 哈哈 [哈哈]
1,我的长假很开心？ 嘻嘻 我的长假不尽兴？ 抓狂 不管你是哪样，周六来看大本营，让陈奕迅为你的长假收个好尾吧！ 哈哈 [嘻嘻] [抓狂] [哈哈]
1,要被吹跑了啦啦啦 哈哈 柳小 最爱柳小盒 转基因向日葵 [哈哈]
1,霾都欢迎你再来。。。。。。 嘻嘻 [嘻嘻]
1,回复 阳静宜 还没，刷微博玩耍呀，朋友 嘻嘻 阳静宜 哇咔咔，光明正大滴，不怕不怕，哈哈 夜猫子，你也还没睡呢？ 胃怀天下 举报，介是谈情说爱，打情骂俏 阳静宜 贱才 于我们，这是一首写满故事的曲子 抱抱 [嘻嘻] [抱抱]
1,嘻嘻 全世界最纯净的虾，绝对没有之一！ 威武 虾肉好吃到难以用语言来形容！ 阴险 全新主食 冰火岛 深海龙虾手擀凉面 每天各店限量发售，且只卖 天哦 千万别留遗憾，错过就太可惜啦！！ [嘻嘻] [威武] [阴险]
1,虽然有的亲人还在忙活，还是转出来吧 偷笑 亲人就得转发 琳琳达达 来吃嘛？ 嘻嘻 哈哈 馋嘴 裘书书 管家的日子 李思哲 沈涛 瓶子咖灰馆 [偷笑] [嘻嘻] [哈哈] [馋嘴]
1,虾皮士。。。。 潮游天下 嘻嘻 [嘻嘻]
1,在大巴上忽然听到柬埔寨版 北京一夜 ，实在太有喜感了 哈哈 忍不住要分享。 [哈哈]
1,共勉共勉！！！ 围观 拿来作为人生目标！ 太开心 [围观] [太开心]
1,默默的说一句 安庆没有青年餐厅的分店哟 大家擦亮眼睛哈 山寨货 霹雳 西瓜 菇凉 哈哈哈。我爱北京大克 馋嘴 馋嘴 下次带我去吃吧。 爱你 柚子 先森 看看看看，人家这才叫青年餐厅，安庆那个根本就是中年饭馆。 [霹雳] [馋嘴] [馋嘴] [爱你]
1,期待看到更多的西沙美图。 般若心 回复 西子湖畔的夏雨荷 感谢主编邀请！希望有机会合作 挤眼 西子湖畔的夏雨荷 约图哦，采用后付稿费寄样刊。 可爱 [挤眼] [可爱]
1,感谢您对酒店的认可。驱蚊水必须有，您现在在哪里，马上送到！ 可爱 [可爱]
1,复古骑行，有范儿。 煤窑王子 喜琳 你俩可以参与一把了。。。 嘻嘻 [嘻嘻]
1,哈哈哈哈和老哥配合滴相当默契，想起表大爷 质量报戴占军 的 啊 这水好甜啊！笑场 哈哈 [哈哈]
1,不是她的对手？ 汗 侯宁 乒乓冠军都打不过？ 乒乓阎桂丽 我看像超级打手 哈哈 侯宁 超级打滚机？ 晕 北大总裁班商学网 中国网友吐槽 超级打捆机 居然只有 多万美元 。实际上是对美国竞选筹款最基本的规定也不了解的反应 [汗] [哈哈] [晕]
1,爱你 龙熙瓦德拉玛庄园 太美了，祝福两位新人，场地选的真好。 龙熙温泉度假酒店 呵呵 [爱你] [呵呵]
1,折好赞！还有我家的玛克丽！堂主特别喜欢在中午时分给大家送上福利，嘿嘿嘿 嘻嘻 [嘻嘻]
1,森林大火可能因为好心人而燃烧 泪 泪 泪 在山林中遇到这样的场景 千万不要过去试图扑灭浮火 它下面是空的 在地下燃烧 没空气就自然熄灭 人过去脚踩个窟窿 火会迅速着起来 泪 泪 泪 俺和朋友就碰上啦 这里多半地区手机是无法使用的 撒丫子跑吧 哈哈 哈哈 哈哈 [泪] [泪] [泪] [泪] [泪] [泪] [哈哈] [哈哈] [哈哈]
1,就一个人的景区真嗨皮 嘻嘻 我在 灵溪风景区 [嘻嘻]
1,哈哈，最爱看节目里 大喊一声：你就是我们寻找的 中国梦之声 中国梦之声 高端洋气的 李玟 爱你 [爱你]
1,哈哈 神秘振振 辛 哈哈哈确实笑到了 大头 哈哈 哈哈 [哈哈] [哈哈] [哈哈]
1,回复 耳朵的盛宴 已经漫游至港澳台及东南亚及赤道几内亚刚果赞比亚南非阿布扎比一带 哈哈 耳朵的盛宴 大陆第一潇洒哥 [哈哈]
1,中青旅爱游会第四期 花甲背包客 每次都会带来最亲切有趣的故事和经验 哈哈 中青旅 埃及旅游驻华使馆旅游处 [哈哈]
1,那我就 吧 汽车旅行 高云鹏 回复 张细细 汽车旅行 比你大方点，我捐 嘻嘻 张细细 汽车旅行 唉！除了带公款平常估计您钱包里都不超一千 这华丽丽的非挑钱多的时候丢 还不如请我们吃吃喝喝呢，还有人情在 除了同情，我正式宣布：编辑部帮 募捐开始，我带头捐 元，后头请跟上 [嘻嘻]
1,不管怎样，都要撑过去 爱你 [爱你]
1,做 的姑娘，都是细心，耐得住时间的好姑娘，特别是广院哒 鼓掌 期待 [鼓掌]
1,回复 凯文阿公 同意！ 鼓掌 凯文阿公 武夷山三姑度假区完全可以申报！条件已基本符合，有些地方稍加改善，人员素质加以提高，就可以申请了！ [鼓掌]
1,回复 陈勋奇 谢谢 陈勋奇 晚安。 映霓 说的太好了 学习了 与亲们分享 晚安 好梦 可爱 [可爱]
1,五折烤鸭优惠券等您来拿！ 礼物 现在通过淘点点手机 预订一花一叶咖餐厅堂食座位，可免费领取一花一叶五折烤鸭兑换券，立省 元起。粉粉们，快来一花一叶淘点点手机餐厅抢吧！ 鼓掌 [礼物] [鼓掌]
1,冰雪飞舞化成水 鼓掌 赞啊 赞 行者绿豆 好啊 嘻嘻 [鼓掌] [赞啊] [赞] [嘻嘻]
1,哇 看着好好吃。 潘 嘻嘻 好书吧 老板的娘 哈哈 差不多，孝感隔壁嗒。 握手 [嘻嘻] [哈哈] [握手]
1,吉言吉言 鼓掌 多谢兄弟吉言 睡不醒 祥 榴莲芝士！目测会大卖啊！ 给力 [鼓掌] [good] [给力]
1,回复 佛前的那只妖 呵呵 长安城没有春天，当然 也不会有秋天 秋老虎 度，阳光下的车里 秋天的留坝，会留给你的 不仅仅是温度 佛前的那只妖 哈哈，去年都秋天了，对外的广告还是寻找 度夏天，被骂美了 哈哈 [哈哈]
1,回复 姝晴 新闻已多次提到我们，我们也要向广大观众朋友们报平安呀 嘻嘻 姝晴 你干嘛艾特小宣。。。。雷到我了 [嘻嘻]
1,新年快乐，心想事成！ 哈哈 嘻嘻 酷 爱心传递 干杯 [哈哈] [嘻嘻] [酷] [爱心传递] [干杯]
1,沃的新年梦想 见到刘亦菲本人 新疆故事广播阳阳 我比你白啊！哈哈 嘻嘻 [嘻嘻]
1,恭喜恭喜，求签名版滴 鼓掌 [鼓掌]
1,很好看，小编建议大家都来看哇！ 哈哈 哈哈 [哈哈] [哈哈]
1,围观 鼓掌 鼓掌 鼓掌 张明健演员 回复 演员黄河 握手 握手 呵呵 演员黄河 恭喜明键！ 太阳 张明健演员 回复 张梓沐 握手 咖啡 呵呵 张梓沐 很喜欢。 爱你 爱你 张明健演员 好！ 鼓掌 鼓掌 鼓掌 哈哈 本 李 戏肯定火！ 酷 [围观] [鼓掌] [鼓掌] [鼓掌] [握手] [握手] [呵呵] [太阳] [握手] [咖啡] [呵呵] [爱你] [爱你] [鼓掌] [鼓掌] [鼓掌] [哈哈] [酷]
1,感谢 好运福气豆 墨小盒 梦里星云 琰棱 庄楚虹 老鼠皇帝首席村妇 干小鱼儿 提供境内外春节活动情报，快发私信来要奖品吧，先到先到先得哦！送奖活动还会继续一个月，欢迎提供春节活动情报，特别是海外目的地针对中国游客的活动哦 嘻嘻 [嘻嘻]
1,最喜欢嘉里滴泳池！ 亲亲 [亲亲]
1,粤珍轩的点心赞噢！ 鼓掌 馋嘴 上海金茂君悦大酒店 [鼓掌] [馋嘴]
1,胖妞。 亲亲 [亲亲]
1,这舞太适合你跳了 哈哈 等学会了让我们一饱眼福啊 哈哈 姜撞奶 哈哈哈，我一定得把这段舞蹈学会 奥特曼 [哈哈] [哈哈] [奥特曼]
1,做一回重庆人 饭上了，中午在重庆老牌翠云水煮鱼，话说这水煮鱼，厦门人都不陌生，要说厦门大街小巷都能找到一家水煮鱼店一点也不为过，今天我替厦门爷们儿姐们儿们尝尝正宗重庆水煮鱼哈 哈哈 哈哈 新浪重庆 厦门美食 渝小新 重庆嘿好吃 重庆旅游 新浪美食 [哈哈] [哈哈]
1,城市之音四川台 城市之音 校园迎新 巡回晚会第十二站之明星音乐教室。快来合照上找找自己洁白的门牙吧！ 哈哈 哈哈 哈哈 你挤进 弦子 张萱妍 的镜头了吗？ 四川工商职业技术学院 请大家期待晚上的精彩演出吧！ [哈哈] [哈哈] [哈哈]
1,丝芙兰秋冬媒体开放日 试用了下丝芙兰 月才上市的小胖盈密睫毛膏，外观让人印象深刻，三重刷头能刷出假睫毛一样的效果，秋冬要备一只先 太开心 太开心 太开心 太开心 丝芙兰 [太开心] [太开心] [太开心] [太开心]
1,我差不多有一年多没去他家了。江湖上的后浪太多，我快不记得还有这款不咋样的前浪了。 功夫熊猴 西湖春天根本不是港式菜，又贵又不好吃 如果不是就脚根本不会考虑，情愿去金牛坊吃牛什河，炸大肠也不会去西湖春天。 嘻嘻 [嘻嘻]
1,暴风雪在美国东部，大西洋气候蹂躏着冬天的人们。而我们在西部，享受着太平洋温暖的气候，白天短 ，晚上抓绒衣。美国之大，甚于中国，如同东北再冷，海南热死！ 嘻嘻 靠谱青年小 没有暴风雪！ 爱你 [嘻嘻] [爱你]
1,鼓掌 治愈系心理学 妈妈做的菜是世界上最好吃的菜，有家的味道 [鼓掌]
1,抽空休息一下吧，新春快乐！ 武鑫 爱你 准备微笑的海燕 期待期待 [爱你]
1,只求有缘人 倒不是钱的事 不然看着它这么放着也不舒服 北寒中国游 本想给你出 元的，怕你哭了，于是翻 倍。 哈哈 如果你觉的少，那就 元的 倍， 毛的 倍， 分的 倍，心理就感受了。 [哈哈]
1,美丽的 ，很高兴再次见到你们！ 爱你 [爱你]
1,你更狠 赞 吊儿郎当刘大少爷 不是新来个 号吗，那就照 个进 哈哈 一一零号院的拿大爷 个 随缘 个 [赞] [哈哈]
1,在山上，发现野猪夹没抓住野猪，偷了鸟蛋，结果小鸟就愤怒的追出去了。 哈哈 [哈哈]
1,哥，你一点儿不老，在我眼中你就是一帅小伙儿 嘻嘻 [嘻嘻]
1,星尚 绯闻女孩迷 有福啦！自从剧集播完后， 们都朝思暮想两位女主角的时尚造型到不行。最近 为 杂志拍摄了一组时尚特辑，示范了多套最新秋冬造型。型格魅力的她仿佛 教主 上身一 ，重拾剧中的迷人风采！ 亲亲 关注时尚生活，关注 [亲亲]
1,激动 ，常来小金家做客哦 鼓掌 [鼓掌]
1,雕粉年终答谢会 嘻嘻 接待工作准备完毕，此刻我们的 顶级大厨 团队已经开始为了中午的 未上市新品试吃 做准备！ 可爱 各位来参加的幸运雕粉，你们在哪？ 酷 感谢 雕粉年终答谢会 甜品赞助 皮娜鲍什下午茶 我在这里 [嘻嘻] [可爱] [酷]
1,新西兰 爱你 爱你 爱你 叮叮带你玩转新西兰 天气不错哦 [爱你] [爱你] [爱你]
1,可可物语 早晚温差很大嘛，从麻麻的着装就能看出来了。春暖花开就可以多在户外活动了，好喜欢唉 哈哈 [哈哈]
1,我说了，要发 卢 的 艳 照。好吧，为了弥补我晚发照片，那就把 飞鸟与鱼 为我和她所拍的双人 艳 照发上来吧。这狼毒，够艳了吧？ 嘻嘻 [嘻嘻]
1,哇塞，马一个！ 嘻嘻 [嘻嘻]
1,赚碎滴钱 哈哈 [哈哈]
1,恭喜恭喜。唐老师辛苦，王大摄影师要更加努力，最近奶粉又涨价啦。 嘻嘻 [嘻嘻]
1,应该改进，我们的官员已经不想住美国了。 嘻嘻 美 港 事 最好能有英文版，以利改 ！ 赞！权威揭批美帝！！ 美国驻华大使馆 美 港 事 作家岳南 把你们的老婆、二奶、小三加一群兔崽子弄回大陆，就不用再费力叫骂了。 兔子 薛纪天 又见高级黑。 [嘻嘻] [兔子]
1,拍了拍了 雪 雪 嘻嘻 微博 客户端 一场大雪点燃帝都热情 你那里有没有下雪呢？ 江南 拍个雪景、发条微博，一起来享受冬天的冻 之美吧！ [雪] [雪] [嘻嘻] [江南style]
1,嘿嘿 我正找案例呢 这个很巧 正合适呢 嘻嘻 无腿的小鸟有大脚 拉黑算了，没必要和这种人浪费时间。 生涯小厨大曾 回复 午马卯兔 的奇趣世界 赵思宇 李美玲 伙计们快来看啊 酷 有来踢场子的啦 偷笑 [嘻嘻] [酷] [偷笑]
1,哈哈 中国老陌 大爷很生气 吃惊 [哈哈] [吃惊]
1,郭培 这是个外蒙模特，功底不错，很努力！ 爱你 除了童梦奇缘外，龙的故事被整场再现！图为 龙的故事中 宫花嫁衣。 郭培 玫瑰坊高级定制 张舰 星美概念 [爱你]
1,热烈欢迎！ 哈哈 这是在周庄吧 [哈哈]
1,回复 悠哉海盗 这就是西藏，一个来了就不想走的地方！就算你走了，早晚还是会回来的地方！ 哈哈 哈哈 哈哈 悠哉海盗 去年去骑的 不过以后有机会 还回去 [哈哈] [哈哈] [哈哈]
1,羡慕死我啦。 喻小 昨晚我做了四道菜，小龙虾是大家用青蛙钓来的，煮出来的汤水竟然是淡虾黄色， 臻臻小厨娘 孙孙是吃货 知道上海的小龙虾我现场啤酒煮出来是黑色的。估计这个品种的小龙虾可以推广药膳两吃了。。 嘻嘻 嘻嘻 另外茄子，青椒，樱桃萝卜我都是用自然的方法烹饪。。 [嘻嘻] [嘻嘻]
1,期待，想 吃 这块冰激凌三明治 哈哈 [哈哈]
1,爽脆 甜！很不 。 戴踏踏 求打赏一只！ 抓狂 花心 鼓掌 [抓狂] [花心] [鼓掌]
1,云南小伙你太哏儿了 哈哈 [哈哈]
1,真的呀 哈哈 哈哈 [哈哈] [哈哈]
1,前两天陶醉在你节目当中听着 的音乐，今天就了场欢乐的合作，好奇妙的感觉，优雅活泼的 人很 ，俺妈咪也叫 ，更有好感 爱你 [爱你]
1,支持支持！！！！ 伊能 做是人的事，结果是神的事。将一切交给信仰和信任，对一切有信心。我还是很乐观，相信十万个孩子都能累积出美好结果 爱你 [爱你]
1,我忽然萌生了一 邪 的想法！ 看下 ！ 哈哈 嘻嘻 嘻嘻 我在这里 抚顺市区 [哈哈] [嘻嘻] [嘻嘻]
1,长江文艺出版社尹志勇 黄马褂看过来 嘻嘻 章雪峰 威武 那个穿黄马褂的我好象很熟 偷笑 [嘻嘻] [威武] [偷笑]
1,一起来看看我们今天拍卖的这幅画作吧。 粉红伊斯坦布尔 。献上大师与他的作品的合影。 爱你 超级美！ [爱你]
1,山盛第一波，中场休息 哈哈 酷 给力 [哈哈] [酷] [给力]
1,夏日。 可爱 [可爱]
1,从你说健身就觉得，嘿嘿！恭喜小家伙！幸福幸福！ 大家闺秀 爱你 [爱你]
1,太可爱啦 抓狂 抓狂 抓狂 抓狂 抓狂 抓狂 史俊 浮萍 兰色叶子 血型 星座 微笑天使！ 爱你 [抓狂] [抓狂] [抓狂] [抓狂] [抓狂] [抓狂] [爱你]
1,陈睿祺 传奇 看了，不错。 鼓掌 晓磊相声 转发微博 [鼓掌]
1,回复 陈怡杉 必须的！ 陈怡杉 拍得真美 可爱 [可爱] [good]
1,瞧小熊这韩国思密达的范儿啊 亲是想跟着歌诗达去韩国游了吧 哈哈 哈哈 [哈哈] [哈哈]
1,太有才了！ 鼓掌 鼓掌 美女小 棒及了 [鼓掌] [鼓掌]
1,臻秀家族 我家是比较传统的家庭，爸爸是家里的主心骨哟 因为我的爸爸很爱这个价家，也为佳付出了很多呢 爱你 兔子 齐齐妞儿 洲海鱼橘子 [爱你] [兔子]
1,好哇， 个月的等待，终于。。。 哈哈 我还以为你收到埃及的呢。 [哈哈]
1,这鸡翅，真特么辣！真特么香！当餐馆老板，不就这点好嘛 想吃啥随时有人伺候着 嘻嘻 嘻嘻 嘻嘻 [嘻嘻] [嘻嘻] [嘻嘻]
1,衰 年愚人节 我堂哥跟我说他媳妇跟人跑了 害我安慰他半天 新鲜旅厦门 谁的青春不愚人？扒一扒那些年你的 愚人节 事 ，让 门浪乐呵乐呵！ 哈哈 [衰] [哈哈]
1,又在你的诗里看到我曾用过的另一个网名，好嘛，我也转一个 嘻嘻 。 李元胜 好嘛，我也转一个。 [嘻嘻]
1,哈哈 葛绿克 嘿粉内 那桑喃动盈 英语围脖 好幸福的一对 [哈哈]
1,虚荣的需要。。不过对建筑师是件好事 哈哈 [哈哈]
1,鼓掌 格玛苜蓿 鼓掌 蔡景晖 这， 也太美了。。。潜水去水底看照片，应该是编导的主意吧？ 挖鼻屎 [鼓掌] [鼓掌] [挖鼻屎]
1,： ，快了半个身位 嘻嘻 宋兆桓 [嘻嘻]
1,林诗人，怪不得五毛啊！若非对薄王有偏爱，对南方系有偏见，何至于轻信如此拙劣的谣言？顺白：在下对南方系死挺某天才亦不齿，但其对薄王的揭露，犹待深入。 林岳芳 回复 郎志海 现在那些人，习惯谣言倒逼真相，我很生气！ 悲伤 郎志海 林老师很生气，后果很严重 嘻嘻 [悲伤] [嘻嘻]
1,点 吃春饼 新浪财经 亲们， 春捂秋冻 ，注意保暖，穿得可别太少！ 嘻嘻 [嘻嘻]
1,好玩意儿！ 锐子 鼓掌 鼓掌 哆啦男 头猫玉头咪 如果是你我便爱你 [鼓掌] [鼓掌]
1,哈哈 哈哈 哈哈 哈哈 哈哈 哈哈 青春等成鱼尾纹 允许我笑十分钟 嘻嘻 [哈哈] [哈哈] [哈哈] [哈哈] [哈哈] [哈哈] [嘻嘻]
1,前几天在济南的这家店吃过 赞 薰衣如梦 陈美环 厚切 馋嘴 馋嘴 馋嘴 馋嘴 爱你 [赞] [馋嘴] [馋嘴] [馋嘴] [馋嘴] [爱你]
1,中央六台地小鱼吃大鱼好搞笑 哈哈 [哈哈]
1,这个笑 ！两边都觉得很冤 哈哈 广西师大稍有点盛气凌人了，读者不懂可解释嘛！中国最美怎么了丶专家特制又怎么了，让消费者误会就应总结网销到底哪没做到位 谁家红袖凭江楼 广西师大出版社 如评论里读者还没下手切平书边，还是建议让这本 中国最美图书保持原貌 吧。这是 随园书坊 特别设计毛边 [哈哈]
1,美莱台湾行 捷运 搭捷运也不能 欢型 不知道是 住姐上身还是杰克逊上身 鼓掌 当外景主持真不容易 唱完还要跳 樊明玉 四川美莱美容医院 成都电视台都市生活频道 [鼓掌]
1,好萌 哈哈 彼尔德 老爹是笨蛋阿后 [哈哈]
1,立个志：如果买了这台机器，就说明我体重 以下了 爱你 [爱你]
1,陈智勇 孝心不只重阳节，每天关爱多一些 适合爷爷的健康糖 太开心 [太开心]
1,总规？总归。 哈哈 哈哈 哈哈 [哈哈] [哈哈] [哈哈]
1,胡同串子 我们去伐 可爱 穷游网 还有穷游 坐过更有特色的飞机么？ [可爱]
1,我去 你们究竟准备了几把？大麦好有钱哇 鼓掌 孤岛 赞 人品爆发了！ 吉他中国 雅特乐器 郭志凯 杜磊有约 李宏杰 [鼓掌] [赞]
1,转给泰星迷 兔子 微信泰国 日北京时间 ： ： 开放泰国九星对聊 加微信帐户 参与 爱你 [兔子] [爱你]
1,哈哈 描述很生动，不骗你。 彼得潘有点胖 编片儿的现在不是笑得肚子疼，就是在恨得直抽自己嘴巴 哈哈 中国之声 王健 哈哈 小冰 哈哈 好诚实的阿姨 林阿昏 [哈哈] [哈哈] [哈哈]
1,哈哈 新东方英语杂志 这就是传说中的死洋洋？ 哈哈 [哈哈]
1,回覆 蔡志耀 拍下来了吗朋友？ 蔡志耀 石家庄的天空也晴朗呀！感兴趣的可以一观 哈哈 [哈哈]
1,流金岁月，滚石三十年特辑，欢迎收听。 话筒 贵州旅游广播 微电台同步收听。 嘻嘻 [话筒] [嘻嘻]
1,情人节来故宫，别有一番情调，感谢栗公陪伴 太开心 太开心 [太开心] [太开心]
1,敦 家法 餐 水 很高，又是要一 月前 位。 餐之前，桌上 放了番茄和 檬， 客人自己切了番茄，加 檬汁，加橄 油，加 加黑胡椒，做 美味的番茄前菜。怎 做？另上 介 嘻嘻 [嘻嘻]
1,嘻嘻 中枪的有几个？ [嘻嘻]
1,学起来 丸子妞子都是我 倚侦 周末试试 星座爱情 自制冰欺凌 有兴趣的试试 鼓掌 教您学做私房菜 [鼓掌]
1,嚎你个头，还好你在里头，要不老子只好回车里头。 哈哈 [哈哈]
1,大家看了别胡思乱想、站在高度上来解读那，这是 艺术 。 哈哈 怎么那花让我想起新浪、、 [哈哈]
1,哈哈，这事还真遇到过。装酷的餐具啊。 哈哈 [哈哈]
1,新解啊 杜敏霞： 嘻嘻 [嘻嘻]
1,终于体会到边洗碗边喝啤酒的快乐 嘻嘻 洗，就要这样洗！ [嘻嘻]
1,我怎么觉得那么基情 酷 洋小楠 哈哈 ，敢光头的能不帅嘛。。。刘老师更是领头人物啊 小胖 怎么都是光头。。。。我还以为是刘老师的兄弟呢，哈哈 [酷] [哈哈]
1,哈哈 哈哈 兔子 兔子 婷婷虞 北纬 度的姑娘们来围观帅哥呀！ 三色花 老鼠嚼大米 九江旅游杜少华 您把两个九江都宣传了！ 陈荣彪 杜局过谦了。在你的推动下，九江已是名扬九州！ 陈荣彪 期亲听杜局娓娓道来！ 九江旅游杜少华 神奇的北纬 度。 陈荣彪 交叉点，显魅力！ [哈哈] [哈哈] [兔子] [兔子]
1,听说你周末又要来收租子了？ 多玩关勇 这个 刘波 用得上 嘻嘻 创意工坊 不可不知的 道解酒招。 [嘻嘻]
1,我的农场，地都整好了；就等种萝卜、胡萝卜、白菜；也打算种点心里美，王教授想来点嘛！免费 王敬刮痧 回复 飘荡摇摆的独木桥 北京人叫这种萝卜叫心里美 嘻嘻 因为里面是红的 飘荡摇摆的独木桥 回复 王敬刮痧 王敬老 很幽默嘛！ 飘荡摇摆的独木桥 不是 吧？？？是夏天吃的甜瓜 [嘻嘻]
1,不客气！节日快乐！大家一起过大年！ 嘻嘻 [嘻嘻]
1,哈 ？那是我妹。 哈哈 鼓掌 太开心 的雨琪 日土活也配和女神比！ 哈 哈戳戳 你妹！ 明它它 像你妹 李一樊 我日哦，现在啥子土贼都敢装女神。 侯大东 像你妹 沈娜 像你妹 黎姿含 像你妹 姨妈教主 像你妹 窝瑟 小宁 像你妹 [哈哈] [鼓掌] [太开心]
1,每天早上看着爷爷把 宝接走，我回屋再睡个回笼觉，感觉爆好！ 每天早上看到奶奶喂赖床的儿子吃早饭，感觉暴差 怒 哈哈 [怒] [哈哈]
1,星星的余博文 摄影师 回复 奥里维亚 蕊 奥里维亚 蕊 不错哦 大家一起来看看帮转 嘻嘻 澳中之国 很开心 抖 大颜控 繁 鸪鸪小神 霜霜小资女 星星的余博文 摄影师 [good] [嘻嘻]
1,我是粼粼 嘻嘻 馋嘴 带着微博去旅行 [嘻嘻] [馋嘴] [带着微博去旅行]
1,嗯嗯嗯，这句话亮了！ 哈哈 邓莎： 华敏 外号小甜瓜，邓莎外号嘻唰唰 [哈哈]
1,没看文章，但很赞同这句话 鼓掌 鼓掌 很赞的文章 阳小草 今天唯一静下来看完的一篇文章 [鼓掌] [鼓掌]
1,康源瑞廷酒店第二届员工拔河比赛圆满结束，经过激烈的角逐，餐饮一队获得第一名 威武 前厅部获第二名 鼓掌 管家部和工程部分获第三名 我在这里 [威武] [鼓掌] [good]
1,最乖乖的就是这个宝贝了 哈哈 爱你 爱你 爱你 ，大热天卖萌，不容易啊亲 熊猫 熊猫 熊猫 太阳 心 萌 [哈哈] [爱你] [爱你] [爱你] [熊猫] [熊猫] [熊猫] [太阳] [心] [萌]
1,牛扒工厂 工厂香煎墨西哥牛肉 这个简直了！！！不吃是你的损失！！！我一个人把这一大盘都吃光了！！！ 花心 快来试试吧！另外这里的工厂柠檬茶也很好喝哦 太开心 地 址：东方新天地 分享来自好豆网资深吃货： [花心] [太开心]
1,回复 米斯嘉儿 哈哈 哈哈 哈哈 哈哈 哈哈 你乖点！广西省花儿！淑女点！ 米斯嘉儿 黄小蕾！你偷笑个屁啊！ 挖鼻屎 [哈哈] [哈哈] [哈哈] [哈哈] [哈哈] [挖鼻屎]
1,名人与动画的神吻合 哈哈 哈哈 哈哈 [哈哈] [哈哈] [哈哈]
1,欢迎您来到千岛湖希尔顿度假！祝您有个愉快的周末。 可爱 [可爱]
1,味蕾之旅 广州 主题西餐厅绝对是一个令人去过以后就没有办法忘记的餐厅。在充满了奇趣童话和重彩奢华的梦幻环境中用餐，仿佛掉进了仙境，保证让你的嘴巴在忙着品尝美食的时候，眼睛也停不下来，四处欣赏艺术品一样的装饰！下了班不如去亲身体验一下吧！ 可爱 [可爱]
1,世界上最美味的早餐 我家楼下的鸡蛋灌饼配的竟然是土豆丝炒胡萝卜丝，而不是生菜！惊喜一下！ 哈哈 [哈哈]
1,程丹 在吃饭的店里看到这本书，想起有期罗丹是据此改编的 哈哈 [哈哈]
1,达人晒奖品 昨晚达人之夜偶用 多积分换来 张兑换卡 哈哈 得到我想要的玩偶啦 酷 可是明明咱是要的两个雷锋浪的 思考 怎么全成了小浪 委屈 达人 达人特权 [哈哈] [酷] [思考] [委屈]
1,信任是可以传递的 百炼青铜 我们都是有病的人 其实人性之美，原始社会也有！比三个代表无关！ 哈哈 下午茶 人与人之间的信任，原来是如此的美好。 我们都是有病的人 李银河 某普通公民 难得的是发生在今日之天朝 感动一 [哈哈]
1,耶 鼓掌 犀利妹的 哇噻！！！ 花心 花心 大师级 都出马了！大家还 得住吗！？早听说他是甜品届的宗师了呢！ 曾有幸尝过他秘制配方的甜点，真不愧是名副其实的宗师阿！！！ 太开心 可爱 可爱 心 [耶] [鼓掌] [花心] [花心] [good] [太开心] [可爱] [可爱] [good] [good] [心] [good]
1,块 还能能干这么多事 可以省钱准备去旅行啦 太开心 [太开心]
1,赞 心 寻梦婺源 婺源人民欢迎您 水墨婺源 热烈欢迎叶导一行来婺源观光考察！ 鼓掌 婺源篁岭景区 叶强导演 赞 画入心境！ 水墨婺源 早上好！ 太阳 微风 咖啡 不如 兮 梦雨札记 水墨婺源 春天的婺源，美得令人陶醉，美得令人窒息！好景致就该大家来分享！ 赞 微风 微风 [赞] [心] [鼓掌] [赞] [太阳] [微风] [咖啡] [赞] [微风] [微风]
1,夜的法 蔡 不 。 嘻嘻 [嘻嘻]
1,江南 想吃红烧肉的童鞋注意啦。。想吃传奇红烧肉的童鞋们注意啦。。你们在哪里？ 抱抱 [江南style] [抱抱]
1,好朋友明天飞回格拉斯哥了，祝她旅途一帆风顺！我这才恍然大悟呀，格拉斯哥和格罗宁根，都是格村呀！ 哈哈 哈哈 荷兰，苏格兰，爱尔兰，波兰 都是兰呀 我这是命中注定搭牢这些地方！ [哈哈] [哈哈]
1,张张都精彩 菜菜的食摄空间 京菜，京菜 鼓掌 鼓掌 鼓掌 [鼓掌] [鼓掌] [鼓掌]
1,神笔记 哈哈 哈哈 [哈哈] [哈哈]
1,旅游攻略 环青海湖骑行全攻略 每年的 、 月都是环湖骑行的绝好时节，气温舒适，风吹草长，风景怡人，果断收下攻略去湖边撒野吧！ 太开心 百度旅游 [太开心]
1,嗯嗯。这次奥运会的解说确实不错。欢迎您光临龙熙，好好享受下龙熙的温泉吧 哈哈 [哈哈]
1,比亚迪，这种品牌，追求这种事情，有什么意义呢？ 贾国清 看到这个牌子，每次都能想到一个英文单词 衰 汽车杂志 上面有一个土豪说： 就是一个跑得很快的塑料盒子。塑料盒子又怎么样，关键是它跑得快啊。 嘻嘻 南国早报汽车周刊 即便能达到，但有何意义？ [衰] [嘻嘻]
1,什么叫坑爹！ 哈哈 哈哈 ！ [哈哈] [哈哈]
1,回复 第一团队拓展部 哈哈 真是 今天是个好日子！天气虽然冷 但是要开僧哦！ 江南 第一团队拓展部 今天也是我的生日哦， 不过我还米奔三 哈哈 首都大酒店官方微博 同祝今日奔三！ 北京新侨饭店 生日快乐啊。 [江南style] [哈哈]
1,好民国风！ 鼓掌 鼓掌 鼓掌 [鼓掌] [鼓掌] [鼓掌]
1,这个像考拉不？ 嘻嘻 湘房网 官方 江清风 悲催 [嘻嘻]
1,准猫妈咪宝 嘻嘻 周庄花间堂季香 [嘻嘻]
1,定会大火！恭喜！ 威武 给力 张萌杰 恭喜！ 徽州小生 祝贺！越来越好！越来越火！ 太开心 侯林林微博 张萌杰 朱 江宏 [威武] [给力] [太开心] [good]
1,一直有同学咨询，问报满的课程能不能多加一个名额，这个确实不能加！课堂每期限制人数，是为了同学们的学习质量，请大家谅解！ 爱你 报满的课程是可以选择登记候补的，谢谢大家 爱你 [爱你] [爱你]
1,奥特曼 ，等你来哦。老相识。 抱抱 珊 哇噻，终于不用去百子湾了，大赞 给力 风林火山私家牛板筋火锅 [奥特曼] [抱抱] [给力]
1,爱佑 一汽 大众奥迪上海宝贝之家开放日 ，超酷安安，超酷驾驶员 哈哈 腿部残疾也阻挡不了孩子的童心， 陈数 快转给赵爸爸看看 给力 爱佑 奥迪上海宝贝之家 奥迪英杰汇 董芳 汇英杰 [哈哈] [给力]
1,好久没下厨了，水平还是可以的 嘻嘻 [嘻嘻]
1,食尚小米慢游泰国 登游艇畅游湄南河、飞快的两岸风光和疾驰而过的尖头船 嘻嘻 我爱泰国的椰子 馋嘴 汁甜！劈开肉更好吃！两个美妞刚把吸完汁的椰子扔了、看见我把自己的椰子让果摊老板劈开拿小勺挖椰肉 馋嘴 她俩馋啦 害羞 还有谁吃椰子没吃果肉？都给我别扔啦 花心 花心 花心 [嘻嘻] [馋嘴] [馋嘴] [害羞] [花心] [花心] [花心]
1,嘻嘻 最近圈儿里姓郎的帅哥们似乎都有点儿悸动，今天下午看见 郎振 这厮也在闹腾 大概也念叨着嫦娥 牛颖惠：哈哈，送个嫦娥，你真是想得美哩 [嘻嘻]
1,馋嘴 发红包 发红包 脆果儿英美代购 要代购的亲们详见 亲亲 [馋嘴] [发红包] [发红包] [亲亲]
1,饭后动动脑 答案揭晓 昆仑饭店 大堂西侧 易舍鲁菜餐厅的一角 喜欢的请举手 鼓掌 [鼓掌]
1,红陪绿 哈哈 [哈哈]
1,日本宅人 米雪 你们拍的云海照片拿出来晒晒 嘻嘻 。 星野集团 北海道旅游达人 连续 天云海 浮云 浮云 浮云 ，上海北京的媒体旅行社好幸运，在云海概率 的情况，早起 点看到了云海 鼓掌 鼓掌 鼓掌 [嘻嘻] [浮云] [浮云] [浮云] [鼓掌] [鼓掌] [鼓掌]
1,鼓掌 外交学院吾心社 威武 给力 [鼓掌] [威武] [给力]
1,神算子 偷笑 折花哥 回复 郭大逛逛 本相基本代表了正确方向。 嘻嘻 郭大逛逛 折花哥 如何评价？ [偷笑] [嘻嘻]
1,我好奇问问，大家家里瞄星人也是这副德性的吗？这蛋蛋这货昨夜是像图三哪样腿儿悬空睡了半小时，然后像图六哪样手悬空继续睡 汗 桌子，柜子够不着第一选择就会站起来。猫这样正常吗？ 汗 晕 嘻嘻 哈哈 围观 [汗] [汗] [晕] [嘻嘻] [哈哈] [围观]
1,鼓掌 张爽小美子 擦！去这还得化装！要不咋照相！哈哈鸭梨！ 大 榨 菜 彬彬 年轻人泡妞首选 樱桃 欢欢 知道了，走起来 小姐超 樱桃 欢欢 姐！！ [鼓掌]
1,乐居 赵京 因为我没洗手 哈哈 [哈哈]
1,恭候大驾。 爱你 爱你 爱你 爱你 美酷宝宝美国月子生活馆 出柜了。 萨姐 我很快就 啦！童鞋 看我！ 美酷宝宝美国月子生活馆 月子渡假馆的外观， [爱你] [爱你] [爱你] [爱你]
1,行啊，够硬的！原来是左青龙右白虎，中间是皮皮虾玩球，现在改经文了。幸好是南派小乘的佛教，不限吃喝玩乐，否则对不起师傅的功夫了 偷笑 ！另外别搓澡的时候把皮搓掉了，过两天我去拓本！ 嘻嘻 [偷笑] [嘻嘻]
1,没吃羊肉串呀？ 块一串呗香。。 哈哈 [哈哈]
1,太开心 品味生活 转发微博 [太开心]
1,超级笑星 微直播 最终 在 小弟王晶 导演小心肝都要跳出来的情况下 两位评委老师选择了 演员孙仲秋 迟永志 晋级全国 强 哈哈 阿毛你已经把欢笑送给了大伙 不管是否能再次回到这个舞台 你都是 超级笑星 ！ 给力 [哈哈] [给力]
1,这个必须转 太开心 李佳格格 哈都不说转了 曲向东 艾米涂 开心地游走 李洁 鼠小邱 [太开心]
1,谁还没睡哦？过来冒个泡 哈哈 [哈哈]
1,鼓掌 到家美食惠 要注意了！ 边疆边吃边说 赞 围观 [鼓掌] [赞] [围观]
1,哈哈 芙蓉馆馆主 那就搞曲艺吧！让曲艺搞搞你！ [哈哈]
1,我们酒店大堂的地毯换新了 鼓掌 ，橙红的地毯衬托得整个大堂更加富丽堂皇。来我们的大堂吧坐坐，体验一下吧。 [鼓掌]
1,太搞了 哈哈 优活女人 哈哈 [哈哈]
1,太开心 哇喔 紫禁城杂志 书生一世 推荐 赞 [太开心] [赞]
1,逍遥独酌哥 年年有鱼 马到成功 个性云南 汉气唐风 鼓掌 无论燃烧的是荆棘或是栋梁 赞 火焰里迸得出同样的光辉！ 马到成功 马到成功 [xyj年年有鱼] [马到成功] [鼓掌] [赞] [马到成功] [马到成功]
1,威武 威武 围观 给力 陆小凤与花满楼 陆小凤与花满楼 小花花，你在我小凤凤心中是极好的！！ 小花花：好好说话！ 老稀罕你了 爱你 张晓龙 林 吧 林峰星闻 林峰资讯台 迷会 张晓龙资讯站 [威武] [威武] [围观] [给力] [爱你]
1,鼓掌 鼓掌 鼓掌 亲亲 亲亲 亲亲 [鼓掌] [鼓掌] [鼓掌] [亲亲] [亲亲] [亲亲]
1,我在这里 嘻嘻 [嘻嘻]
1,找到了，就好！ 嘻嘻 柏小白 失主已找到 万能的微博啊 扩散 [嘻嘻]
1,你们一直追着看，我们就一直拍下去 亲亲 翡 可以告诉亲一个真相吗，我的弟弟妹妹都是你们的粉丝 看了几年照样追 许愿 万 好长气 嘻嘻 南方台陈星 转眼就是十季、一千多集了啊。第九季的播出就快近尾声，接下来南方卫视会有更精彩的节目，请大家多多支持啊 [亲亲] [许愿] [good] [嘻嘻]
1,太开心 如果把人看作商品，我觉得我卖得特别值！我觉得好开心啊！ 抓狂 ：你有没有想过买家的感受啊！！！能不能退货啊！ [太开心] [抓狂]
1,呃，你弃番了么，虽然现在制作组的原创令人发指，但我还是觉得它的剧本相当不错 魅力的 好久没看青驱了，最近都只顾三国杀了 嘻嘻 [嘻嘻]
1,嘻嘻 嘻嘻 英语情诗表白 星座谁天生最有霸气 爱你 [嘻嘻] [嘻嘻] [爱你]
1,就差香芋派了 满座网杭州站 哈哈 满座 哈哈 苏 证人到齐了 香芋派 虽然我不是肯德基的人，可是我也能证明！ 土豆泥 我也能证明！ 原味鸡 我能证明！ 方舟子 你说他在肯德基写的，谁证明？原味鸡能证明吗？土豆泥能证明吗？香芋派能证明吗？ [哈哈] [哈哈]
1,小时候 赵雅芝 是我心中的女神，我觉得她就是传说的天仙 美莹 百看不厌的经典！记得初中那会儿整日都在幻想自己变成蛇精，为了搜集两张白娘子的画片节衣缩食长途跋涉视为珍宝。那时还非常喜欢表演片中的剧情，我演小青 哈哈 哈哈 哈哈 [哈哈] [哈哈] [哈哈]
1,撷芳主人 一不足 有了吃来缺少衣 二不足 有衣又见房屋低 三不足 高楼又少美貌妻 四不足 堂前无子少闺女 五不足 买仆又少骏马骑 六不足 有钱无官被人欺 七不足 小官又被大官欺 八不足 一品不面南登基 九不足 登基要与仙下棋 十不足 心想玉皇做亲戚 哈哈 [哈哈]
1,操！在我家门口还不叫我！ 赤兔马 杨颢 回复 羊娃赵扬 今晚人比较齐， 北京沧桑 就少你阿？ 羊娃赵扬 好像从我这过去不远啊，是惠新西街那？ 赤兔马 杨颢 我走着去啊，现在出发！ 哈哈 [哈哈]
1,刘瑶 天呢，这条微博居然有这么多评论。意外，这是别人那看到的，觉得这些话写到俺心坎了，就转发了。生活的意义时常懂时常不懂。尤其夜深，就不由的开始思考与反思，我越发觉得自己大概是完美主义者，力求做到最好，很累。总之，谢谢所有留言支持的朋友们。路很长，我们一起走 爱你 周末快乐！ [爱你]
1,得民心者得天下 鼓掌 [鼓掌]
1,中凯豪生酒店 鼓掌 鼓掌 鼓掌 [鼓掌] [鼓掌] [鼓掌]
1,只缺钱不缺爱。那我的爱呐？！ 两汤 面 太假了 不缺钱又不缺啊 乐乐儿 只缺爱！ 不是采臣 小倩 缺钱缺钱 哈哈 [哈哈]
1,航班晚点两个小时 泪 ，如果现实是无法扭转的，那，那我得尽量让自己高兴点儿等待！ 嘻嘻 [泪] [嘻嘻]
1,像个小人了 爱你 [爱你]
1,回复 炒面章鱼烧 因为几经拆迁，目前也不确定搬到哪里了，大家正在讨论 炒面章鱼烧 恩，得看里面是什么馅儿的，韭菜鸡蛋那种就叫菜盒子，肉多的就叫肉盒子 嘻嘻 不过没北京的个儿大，话说这个没写地址呀？在哪儿呢？ 墙根网 蜗牛 肉盒子 炒面章鱼烧 这东西在天津貌似叫菜盒子 [嘻嘻]
1,白酒呀，不敢挑战，我可以看你们喝 嘻嘻 [嘻嘻]
1,嘉里健身和嘉味也在现场哦，欢迎各位童鞋去一试身手 鼓掌 中国 谢谢志愿者和工作人员的辛勤准备工作，今天将在京西学校为大家奉献一场美味橄榄球大餐！ 主题公园北京站 [鼓掌]
1,早安东北 哈哈 [哈哈]
1,若问此缘深浅，坐下静心三、五好友饮茶！上茶！ 茶语新人 回复 煲陶网知茶馆 有空了！坐下静心三、五好友饮杯 茶皆缘！ 呵呵 请！ 煲陶网知茶馆 哈哈 哈哈 缘生缘灭皆是喜乐 茶语见解可敬 茶 茶语新人 回复 一斗自然全 一梦醒来亦是镜花水月！空念缘灭！灯蕊尽！ 呵呵 握手 围脖 [呵呵] [哈哈] [哈哈] [茶] [呵呵] [握手] [围脖]
1,味道工坊陈乐乐 荷粥粥 菲报道 做不了主的小鱼 寒烟咖啡馆 小米粥 鱼乐 萌到晕了 收藏。 在风中吟唱 抱抱 笑破你的肚 产自澳大利亚的短尾矮袋鼠，这货果真是世界上最开心的动物啊 [抱抱]
1,开车出行的亲们一定要看仔细咯！ 爱你 [爱你]
1,大家买鹅喽 全图解 扩散 央广雅萍 我们有乡村之声，可以艾特一下他们试试。 中央人民广播电台 新疆美食发现 话筒 新疆美食雷将 一位锡伯族的学生妹，家里需要寻找买鹅的客户，请大家帮着传播一下吧 爱你 新疆老肖 易会林 新疆千年胡杨 新疆民宗 新疆美食发现 [话筒] [爱你]
1,厦门踏青季 清明去哪儿？厦门周边十大好去处 爱你 [爱你]
1,看来吃高兴了，这笑的 偷笑 穿浴服也那么帅 爱你 爱你 爱你 史俊 [偷笑] [爱你] [爱你] [爱你]
1,上大片喽 鼓掌 鼓掌 鼓掌 [鼓掌] [鼓掌] [鼓掌]
1,国庆在维景！！ 苏州阳澄湖维景国际度假酒店 欢庆 个国假 哈哈 南京维景国际大酒店 杭州维景国际大酒店 苏州维景国际大酒店 苏州阳澄湖维景国际度假酒店 天枰王 常州维景国际大酒店 扬州维景酒店 京华大酒店 [哈哈]
1,嘻嘻 赞 有一种关系叫发小；有一种朋友叫瓷器；有一种车叫 大梁；有一种建筑叫胡同儿；有一种美食叫豆汁儿；有一种夏天叫光膀子；有一种生气叫搓火；有一种奔跑叫撒丫子；有一种不顺叫点儿背；有一种爱称叫你丫挺；有一种我叫自己 儿；有一种爱叫家乡；有一种家乡叫北京 [嘻嘻] [赞]
1,有请 韩国小姐 中国赛区的 位候选人出场 哈哈 严彦子 我了个去！表情都是一样的。我要置办新衣服鸟 [哈哈]
1,好主意 大 星 人 小 巴佬 嘻嘻 嘻嘻 嘻嘻 [嘻嘻] [嘻嘻] [嘻嘻]
1,奋壹 有道理。 哈哈 [哈哈]
1,新功能预告 鼓掌 千呼万唤始出来 [鼓掌]
1,最美三样菜！ 偷笑 鼓掌 璇雅小微 三样菜 [偷笑] [鼓掌]
1,吃货时间 四个女生直铲黄沙买海鲜 咩 哇 小鹅 元宝宝吞吞 大雯 ！ 你几时到？ 你系伦敦围观啦 嘻嘻 等位加工海鲜啊，有排等 [嘻嘻]
1,可以买 哈哈 [哈哈]
1,嘻嘻 有都去过的吗？ [嘻嘻]
1,另一种生活 ： 哈哈 云泉微博： ： 汗 [哈哈] [汗]
1,那些天天在一起的日子里无论如何也想不到长大是这样的 爱你 晚安少女们 [爱你]
1,杜兄弟 威武 赞 草民杜伟 我明天演出时在舞台上跟观众介绍一下这个货！ 可爱 天道酬勤 冀 最烦这种贱人了，国家有难时也不见丫哼几声。这封个号，就像死了亲爹似的。 草民杜伟 天道酬勤 冀 这个被日翻了的贱女，就别回中国了，留在那拍 抗议吧。操你大爷的，小鬼子像你亲爹呵 [威武] [赞] [可爱] [good]
1,经常被投食 太开心 太开心 太开心 太开心 太开心 青梅时节 不仅仅想到自己，还想到。。。。 天堂尘爱 哈哈 [太开心] [太开心] [太开心] [太开心] [太开心] [哈哈]
1,哈哈 瓜皮的 酱 。。。。。。 [哈哈]
1,北京首都国际机场宾馆 少年 哈哈 中国酒店官微运营交流联盟 梁起 少年派的奇幻漂流，哈哈 酒店精品杂志 起飞吧 哈哈 [哈哈] [哈哈]
1,王紫微 嘻嘻 嘻嘻 嘻嘻 广告也震惊 啥生肖是你财运贵人 [嘻嘻] [嘻嘻] [嘻嘻]
1,哈哈 奥利奥一百岁啦，你也做个生日蛋糕味哒吧！ [哈哈]
1,哈哈 晚报美食单衍春：吃完后噎着了，半夜老醒 [哈哈]
1,建设淫行 孔牧牧：绝了 建设和谐社会 嘻嘻 嘻嘻 圆儿爱吃红豆冰 鼓掌 冷溪近卫团 ：再加一句，一切为了民生！ 前前的 介广告语 哈哈 孔牧牧 [嘻嘻] [嘻嘻] [鼓掌] [哈哈]
1,我的天，好黑的天，一场暴雨就要来了，赶快回家收衣服 哈哈 跑快点。 [哈哈]
1,大家到时候见 ： 这几天可多注意休息 天生异狐 太阳 晓凡 幽灵 紫笛依扬 号晚 点， 道见哦 鼓掌 鼓掌 鼓掌 [鼓掌] [鼓掌] [鼓掌]
1,我的洛神花，有点儿要冬眠的节奏 是时候摘下来煲汤啦 哈哈 [哈哈]
1,你若安好 哈哈 哈哈 哈哈 [哈哈] [哈哈] [哈哈]
1,黑线 黑线 不了不了了 我觉得，还是 天 吧 嘻嘻 [黑线] [黑线] [嘻嘻]
1,回覆 米奥歌 谢谢朋友理解支持 抱抱 米奥歌 付出辛苦得一杯清茶，足以。 [抱抱] [good]
1,笑一笑， 哈哈 好睡觉 [哈哈]
1,哈哈哈哈 嘻嘻 真的很爱这部片 我要养猫猫猫猫猫 哈哈哈贝拉笑的好邪恶 [嘻嘻]
1,简单说是肚子里需要多灌点坏水儿 哈哈 毕胜 璇刘氏 [哈哈] [ok] [good]
1,隆重出场啊！ 哈哈 霍雪岭 梅华周 快乐鸿宇 劲松侯老师 胡滨微博 韩姐教你下厨房 陈倩冰 德才兼废的牧民 冯雪 马姐的马姐 琴颐 派奢的围脖 勤劳的工作狂 食全食美老倪 西贝白丽 夏柠儿 现代可汗 闫先生 中移刘洋 [哈哈]
1,抱抱 抱抱 抱抱 张梦晗 转起 [抱抱] [抱抱] [抱抱]
1,深夜发吃报复社会 俺今晚做的是红烧鸭，用了两只鸭腿，一个洋葱，一个青椒，少许的老抽，生抽，料酒，大蒜，小葱，再加入点火锅底料提鲜，嗨 这个味道，不摆了 哈哈 哈哈 哈哈 [哈哈] [哈哈] [哈哈]
1,头脑清醒滴女生被安排在洞外拿着镰刀在田地里栽禾苗干粗活。所以现在管嫁不出去的女人叫做剩女 开会网的熊 创业的创就是用一把锋利的刀切开仓库找宝藏？ 哈哈 查立 求证。 偷笑 乾景创业 衰 衰 衰 [哈哈] [偷笑] [衰] [衰] [衰]
1,话筒 泰旅 本博小编已深入泰国境内 嘻嘻 准备发来第一手报道 分享旅程 希望大家持续关注 围观 围观 围观 [话筒] [嘻嘻] [good] [围观] [围观] [围观]
1,多么贴切的评述呀 鼓掌 [鼓掌]
1,公洗公洗 鼓掌 向 南方电视台 官方微信发送 南方礼 ，正确回答两个问题，就有机会获得各种好礼啦 本期南方礼奖品：先锋遥控落地扇、优莱、乳胶粒子枕、苏泊尔电压力锅、韩国 乐 迷你卷发器等 礼物 [鼓掌] [礼物]
1,自制奶茶 嘻嘻 喜欢冬天可以胡折腾 [嘻嘻]
1,回复 大米的记忆 大米，建议你每天完成两个任务，一是配合治疗，二是每天都写点幽默的段子，逗我们开心 哈哈 对病人要求不能低 大米的记忆 回复 啊苏丹 呵呵 呵呵 大米的记忆 不良生活方式就别学我了 我的片在微博相册我都做了分类了，随便学 [哈哈] [呵呵]
1,一家之岩 全球热门排行榜 很经典的相声，相信大家一定很有共鸣！ 哈哈 [哈哈]
1,这一幕全世界光棍团结起来互助互爱的场景太感人了！ 林木英子 回复 蒋宗羽 好 蒋宗羽 我也帮你招 哈哈 林木英子 回复 蒋宗羽 你姐妹我都单身哦 泪 泪 泪 蒋宗羽 哈哈，好，有哦感谢你一辈子 嘻嘻 嘻嘻 嘻嘻 林木英子 我帮你招聘，有女子请自动报名 [哈哈] [泪] [泪] [泪] [嘻嘻] [嘻嘻] [嘻嘻]
1,土豪级的理想，吃货级的理想 哈哈 重庆商报 点赞！ [哈哈] [good]
1,那改一下，四川广播电视台内四星级咖啡厅 是 嘘 嘘 我给这里评四颗星 许刚 无声年代 四川广播电视台内豪华舒适的咖啡厅，是所有节目组在此商议阴谋诡计的地方 哈哈 [嘘] [嘘] [哈哈]
1,围观 围观 王志安 方舟子一句 不怕查 ，这要害死多少人呐。我感谢老方为我的调查提供这么多详实的素材。 嘻嘻 [围观] [嘻嘻]
1,看了 德乐梦香槟 发布的投票，突然觉得我们家特别适合拍赫本照 嘻嘻 ， 陈乐博士 您看要不要找几套服装来拍上个几组 可爱 [嘻嘻] [可爱]
1,活动室里还可以看电影 哈哈 [哈哈]
1,回复 易到用车网 恭喜手机号 的酒店达人用户，获得 月 日 易到用车网 送出的 元代金券！ 鼓掌 鼓掌 请于 月 日前登陆易到用车官方网站注册使用： 活动火热进行中 阳光 [鼓掌] [鼓掌] [阳光]
1,回复 九年陈皮 好的 九年陈皮 成，我提前给你电话 广播人沈雷 回复 九年陈皮 好吧，为了这盆处女面，我等了，你说日子 九年陈皮 回复 广播人沈雷 广播人沈雷 你简直就是起哄架秧子 嘻嘻 [嘻嘻]
1,谢咯 做做 胖纸 笑年的永远 岁阿 蛋糕 蛋糕 哈哈 [蛋糕] [蛋糕] [哈哈]
1,洗澡美容多少银两？ 加速梦想韦嘉诚 好友店铺开张，希望大家多多捧场 嘻嘻 [嘻嘻]
1,念了啊！人家备不住有真正的爱情！ 任卫新 回复 毛威 腥门瓢把子嗨捏。 哈哈 毛威 求证？求证！ [哈哈]
1,哈哈 校方这是多希望江南和 今何在 复合啊，你们感受一下 爱你 [哈哈] [爱你]
1,回复 风之曲帆船 紫陌 我也去过啦！想你了 爱你 爱你 爱你 风之曲帆船 紫陌 我去过啦，不等你啦 快乐小猪乐开怀 美 赞 赞 赞 中国新疆 杨沐春涓 那拉提，那拉提，何时到你的怀抱里？ 伊犁政府网 那拉提草原 天山深处一道宛如立体画卷般的风景长廊 赞 [爱你] [爱你] [爱你] [赞] [赞] [赞] [赞]
1,谢谢帮忙转发 哈哈 补充 ：性别不限，有三年以上女性类、时尚类网站或广告公司相关工作经历者优先，如具广告策划能力更佳。就职公司为传媒集团背景，待遇福利佳。同时 招聘资深市场推广 一名。 老张的笔记 好工作，帮转！ 刘三金 眼尖啊！ 偷笑 马大奇 好工作，帮转。 [哈哈] [偷笑]
1,不是不鸟有时是来不及鸟，请多包涵。 江苏商报 回复 夏夜静海 美女小编们有时候太忙，可能没有注意，您可以再次呼叫哦！欢迎打扰！ 爱你 夏夜静海 我在微信上呼叫犀牛鸟，没人鸟我嘛！ 江苏商报 美陪聊！ 挤眼 土做朋！ 酷 傻多速！ 阴险 快来犀牛鸟，和我们一起玩创业！ 话筒 嘻嘻 [爱你] [挤眼] [酷] [阴险] [话筒] [嘻嘻]
1,回复 词 小海 嘻嘻 最近深潜，重温老电影依然感动，所以偶尔去海底找找 夹克和肉丝 的合影去了 偷笑 词 小海 姐 来了啊 鼓掌 [嘻嘻] [偷笑] [鼓掌]
1,虚位以待！ 哈哈 哈哈 [哈哈] [哈哈]
1,这个饺子记账了啊！ 嘻嘻 [嘻嘻]
1,年 月 日，母亲节，我爱我妈 害羞 爱你 本周末共计出门两次，第一次是星期六出门吃饭，第二次是星期天出门买菜 猪头 [害羞] [爱你] [猪头]
1,羡慕！！！我不吃都胖 温洪武的 吃啥都不胖 哈哈 哈哈 [哈哈] [哈哈] [good]
1,嘘 让 多睡会儿 太开心 [嘘] [太开心]
1,我成背景了，还是背景的背景 嘻嘻 [嘻嘻]
1,龙门 三八 组合 吃惊 偷笑 嘻嘻 嘻嘻 图图他爸胡英俊 龙门镖局 同意同意同意 超级爱陆三金！支持三八！我是三八党！ 宁财神 电视剧龙门镖局 详情 [吃惊] [偷笑] [嘻嘻] [嘻嘻]
1,风雨无阻 鼓掌 [鼓掌]
1,鼓掌 围观 韩小洁大模王 给力 噢咿噢唱歌岛 感谢漫话大师的鼓励和支持！我们会继续加油的！ 大模王动漫 韩小洁大模王 [鼓掌] [围观] [给力]
1,越发喜欢全麦的面包，只是做的时候稍微有点小累。据说 国明姐 的瘦身秘籍，就是夏天，在不开空调的屋子里，揉面团！ 嘻嘻 [嘻嘻]
1,年轻的时候，我们放弃的，以为只是 一个人 或 一段感情 。后来，才知道，那是我们的一生。 懒懒 小狮子 虽然我知道你不懂的 偷笑 窦薇 爱你 各种想你们！ [偷笑] [爱你]
1,欢迎皇上！ 鼓掌 [鼓掌]
1,哈哈 美图美图！统统收进偶们的新书 爱你 李莹肖 [爱你]
1,连续几天听到别人说自己瘦了！心情自然是相当的好 抱抱 又觉得自己暑假在家狂补了 月 结果在法国呆了不到 周 就给消耗殆尽了！ 伤不起啊伤不起 讨厌法餐 想念家乡的美食 想吃月饼 月饼 [抱抱] [月饼]
1,喝得很好 林道群 好像都 在途中 王为松 会师了？ 俞晓群 回复 张清专栏 嘻嘻 张清专栏 瞧 名便知作者是好酒之徒。 俞晓群 林道群 上海陈子善 胡洪侠 刘忆斯 北京杨小洲 王为松 张清专栏 海豚出版李忠孝 海豚书馆郝付云 海豚出版社 李清扬 北京 [嘻嘻]
1,不剩饭的孩子是好孩子，小时候老人说碗里剩米粒的人脸上张麻子，你一定面若桃花美人儿一个 爱你 [爱你]
1,大清早看到这事儿真乐呵！谁能告诉我。。。隔叽。。。是怎么个说法？ 傅宇权 其实是是团购网站分享出去的，怪腾讯！ 哈哈 [哈哈]
1,大胖儿一路顺风，期待下次相见 夕汐 的，其 也就是 可以忽略 泡泡 了是不哈哈 我走啦， ！ 爱你 爱你 有 爱茜茜里 二虎和二兔 李想想 北京打工吴鸿亮 大家，北京有你 特 暖！ 可爱 可爱 [爱你] [爱你] [可爱] [可爱]
1,欢迎常回家看看 嘻嘻 [嘻嘻]
1,我在雅加达，明天凌晨到北京！祈福！明天见！ 爱你 爱你 爱你 我在 [爱你] [爱你] [爱你]
1,到到网 潘晓 周茜茜 蛋蛋 克拉 涛涛 我的小伙伴们都忙 疯 啦，好开心客情可以如此 疯 太开心 太开心 期待天天忙 疯 掉 偷笑 偷笑 加油！ [太开心] [太开心] [偷笑] [偷笑]
1,北京阳光天鼎高尔夫 忘记给耐心的帅哥教练来一张 晓声畅谈 嘻嘻 [good] [嘻嘻]
1,今晚直播，我们一起来听 改变的歌 。 贵州旅游广播 欢迎收听。欢迎为爱改变。 爱你 [爱你]
1,最神奇的视频 推荐大家都看看！更多精彩稍后 最神奇的视频 将继续为大家献上，欢迎继续关注！ 太开心 [太开心]
1,求包养 嘻嘻 [嘻嘻]
1,节过滴好啊！ 嘻嘻 嘻嘻 今天穿越了四个门，事事如意 [嘻嘻] [嘻嘻]
1,我们的呢？我们的呢？ 嘻嘻 嘻嘻 嘻嘻 [嘻嘻] [嘻嘻] [嘻嘻]
1,瞎几把剪吧！！活的都能剪成死的 感 甜小能 呦呦呦 我 我今年有三 三十二场 演唱会 哈哈 神剪超赞 赞 [?感] [哈哈] [赞]
1,好鸟八哥 因为像，所以不是。 嘻嘻 酿字坊 生命就像一种回音。 [嘻嘻]
1,不搀和，转发 广而告之 鼓掌 [鼓掌]
1,吃虾容易，虾大少见，肉满稀少，黄多难遇，三者皆具，唯 可可蒸虾，且吃且珍惜 哈哈 威武 马到成功 [哈哈] [威武] [马到成功]
1,好几年前就听过，也见过图片，可惜至今依然无法亲眼一见。 路小得 同样的活动我没看到的风景，有遗憾啊 哈哈 贝姨 盛京狐狸 靖 路小得 江户川 姐 芒果小奶昔 朗姆八喜 田薇 小鱼水中游的爸爸 梦里星云 大飞 尼薇诺卡 洋光摄客 看看瓷房子 [哈哈]
1,我 哈哈 [哈哈]
1,行家刘国斌 是一家值得 行家旅游杂志 重点推荐的餐厅！ 杨忠明 哈哈 李波 上海人 琉璃日料店 在上海体育场里，地铁 、 、 号线直达，菜肴品种很多，味道真不错，也可以吃上中餐，这是琉璃的特色，喜欢美食的朋友可以去尝尝，是沪上性价比很高的餐厅。 [哈哈]
1,速来报到，一定支持！ 腾冲和顺五阿哥私家客栈 我是吃货我参加 太开心 馋嘴 黎子虫 吃货们的福音，摄影爱好者的平台，我的亲们，给有来试试？ 嘻嘻 嘻嘻 [太开心] [馋嘴] [嘻嘻] [嘻嘻]
1,下次照照的时候手机拿远点，这样显得脑袋小，哈哈 哈哈 朱诗悦 回复 黄晓阳微博 哈哈，谢黄首长夸奖 黄晓阳微博 迷死啦鸟。 [哈哈]
1,原来不是我一个人这样啊 嘻嘻 [嘻嘻]
1,好活动，大家快来参加 太开心 [太开心]
1,开场啦。。。 威武 半个世纪的的场馆，五年的相声团体。携手为您带来一场相声的视听盛宴 太开心 我在 [威武] [太开心]
1,嘻嘻 难得这两天晴空万里无云呐！ [嘻嘻]
1,鼓掌 宁清平律师 鼓掌 宁向尚 鼓掌 红岛渔民 咱们老宁家的骄傲 宁文彤 宁广隆律师 宁国强 宁海强 宁稼雨 宁清平律师 宁向尚 宁延明 宁洋 宁振 宁振宇 义工宁芝 [鼓掌] [鼓掌] [鼓掌]
1,回复 金 悲 这个要向朱老师请教一下了 朱哲琴 呵呵 金 悲 朱哲琴与藏传佛教渊源很深，她是以音乐弘扬佛教者。 杨明洁 回复 朱哲琴 祝朱老师春节快乐 哈哈 [呵呵] [哈哈]
1,老孟生日快乐！ 蛋糕 蛋糕 干杯 干杯 来天津请你吃饭！ 孟然 记得你带钱来天津！要不你回不去 哈哈 [蛋糕] [蛋糕] [干杯] [干杯] [哈哈]
1,大家早安。送上一张新加坡的鱼尾狮，伴随着东方的泛红，预示着美好一天的开始。 我的人品极好，去新加坡之前的二周，那里天天下雨，我去了之后的几天，都是好天气，早晨有朝霞，傍晚有夕阳 嘻嘻 [嘻嘻]
1,明天下载激活，后天抢购，收藏起来吧。 哈哈 [哈哈]
1,上街乐迷和雅迷们注意啦！看到他们熟悉吗？兴奋吗！ 嘻嘻 燃烧乐队来雅乐轩喽！具体详情继续关注哦！ [嘻嘻]
1,还想再去一次 檬女孩 嘻嘻 [嘻嘻]
1,爱你 爱你 爱你 沙 康 我 一起搞一套吧哈哈 [爱你] [爱你] [爱你]
1,万圣节，外甥女哭后 泪 咱们笑了 嘻嘻 [泪] [嘻嘻]
1,其实我自己都受不鸟了，不知到那里有没有卖帝王蟹的，下月搞定他哈哈 哈哈 哈哈 微美食客户端 每日美食 瞬间 不住啦！有木有 微美食客户端带您寻觅身边的每日美食 花心 大早上的发美食，你是闹哪样 馋嘴 馋嘴 偷笑 [哈哈] [哈哈] [花心] [馋嘴] [馋嘴] [偷笑]
1,鼓掌 小姐和她的单车 [鼓掌]
1,谢谢光顾 爱你 [爱你]
1,百搭单品 牛仔短裤 露腿的季节该到了 爱你 私享穿衣顾问微信： [爱你]
1,多谢推荐！希望这本书能帮助更多爱西藏的朋友们！ 爱你 [爱你]
1,回复 王诗涵 嘿嘿，后面我们还有许多活动，希望亲多多参加哦 王诗涵 回复 奔腾爱厨房 一如既往支持亲 亲亲 [亲亲]
1,叫板批萨在自然大学的垃圾减量分享记录新鲜出炉了！ 太开心 [太开心]
1,幸福幸福前所未有的幸福 太开心 感谢这么多好朋友帮我见证这次回归原创的全新开始！ 胡海泉 王学好 阿丘 肖央 口琴小彭 小黑 老蒋 黄鸥 小强 也感谢我最辛苦最亲爱的工作团队 抱抱 我会加油！！！ 可爱 耶 [太开心] [抱抱] [可爱] [耶]
1,啊哈哈哈 好玩的狗狗 科力狮 哈哈 氵羊大人 每日上海 哈哈 哈哈 颜夕 ：狗似主人形 挖鼻屎 [哈哈] [哈哈] [哈哈] [挖鼻屎]
1,太酷了！！ 莫鸠鸠 ： 哈哈 潘大 插画师 莫鸠鸠 操刀 馋嘴 这个我也要积极响应下哈哈哈 [哈哈] [馋嘴]
1,哈哈 三秋悬铃木小小小 [哈哈]
1,早安，又见周五，愉快的一天到来了。 嘻嘻 嘻嘻 嘻嘻 [嘻嘻] [嘻嘻] [嘻嘻]
1,可爱 鼓掌 鼓掌 [可爱] [鼓掌] [鼓掌]
1,小编是个乐观的人啊！ 温都水城官方围脖 乐观面对 哈哈 [哈哈]
1,一上来就看见这么激动人心的消息， ，还让不让人睡觉 哈哈哈，我太开心了，已经语无伦次 太开心 涵谷语 这么给力的时间啊，开年啊 谢谢谢谢！ [太开心]
1,回复 李素欣 我还挺紧张，不过我还挺想看看爱情是怎样产生的呢 鼓掌 李素欣 哈哈 是呀 终于播了 可爱 [鼓掌] [可爱]
1,个人感觉，大面积气势磅礴的花海我投票给云南罗平；小桥流水人家型的投票给江西婺源。 哈哈 嘻嘻 爱你 感谢 云南旅游 推荐我的图片。 [哈哈] [嘻嘻] [爱你]
1,威武 威武 冯佳慧 恭喜！ 哈哈 麦浪 豆芽 大型国际 加速赛事拉开序幕！ [威武] [威武] [哈哈]
1,回复 二伟在北漂 哎呦，哎呦，帅 嘻嘻 二伟在北漂 哎呦 西服领带呢 [嘻嘻]
1,是呢，那你为啥要来北京？ 可爱 [可爱]
1,来了 好激动 一起去看看吧 太开心 裸足女神 洛岑安 洛城 涅磐重生 洛林高地 洛洛 洛洛洛 正当桃李年华 洛洛洛洛川宁 洛萁 洛神虹茶 洛水萧然 洛小陌 洛蕴琪 骆欢不是马各又欠 骆文菁 愤怒的霸王小太郎 骆新雨 骆迎华 还有好多事没做完 [好激动] [太开心]
1,完全可行 农大朱毅 这能否成为我的南都专栏的一个题材呢？ 嘻嘻 王志安 要是能教会小猪练瑜伽，我估计价格会更高。 笑哈哈 [嘻嘻] [笑哈哈]
1,寻找同人！ 新派白领公寓 该房间现有新派公民寻求合租：单身女性，非常喜欢新派，现寻觅共同合租开间的女性！有意者请私信或拨打电话与新派联系： 、 ！ 鼓掌 太开心 王戈宏 赛富阎焱 李坚 [鼓掌] [太开心]
1,黑色 香如故 鼓掌 谢友赏 微风 茶 海安的男人 一日朝阳一日星，梦里梦外人人行。人生谁能不坎坷？醒睡之间但得静 一枝梅 早安 香如故 害羞 不闻阡陌唱诗谣 一枝梅 转发微博 [鼓掌] [微风] [茶] [害羞]
1,臭不要脸的！ 演员杨洁 应该不疼吧？我这么琢磨着 嘻嘻 偷笑 哈哈 [嘻嘻] [偷笑] [哈哈]
1,回复 咸蛋超人 不过这样倒是让我感到很欣慰啊 嘻嘻 咸蛋超人 对的 完全没有腰线诶，好奇怪 这。。。还是穿上衣服比较有范，为啥这么瘦还是直筒腰 可怜 [嘻嘻] [可怜]
1,好主意 鼓掌 看来等我女儿长大了也送套厨房算了，房价实在太高了 偷笑 偷笑 永远的协和 哈哈！ 嘻嘻 林忆莲 偷笑 [鼓掌] [偷笑] [偷笑] [嘻嘻] [偷笑]
1,慧眼的 品位都市丽人 发现我今天的头饰。 嘻嘻 辛苦帮我做背景板的 言无序 偷笑 爱你 [嘻嘻] [偷笑] [爱你]
1,进口羊排超级赞，七成熟的口感掌握的很好，而且羊肉的鲜味呈现得淋漓尽致 哈哈 哈哈 我在 [哈哈] [哈哈]
1,哎哟 亲亲 看我多认真啊 姿势还行哈 哈哈 奥利奥 我也想，趴上去。 [亲亲] [哈哈]
1,哈哈 控烟集结号 [哈哈]
1,刘丽杰 嘻嘻 那张一天到晚贫个没完没了的嘴哈哈太对了！！ [嘻嘻]
1,有才得不得鸟啊。发到香港去闹一闹吧。 ：我们家成都真是太 啦。 大 钟情 成都 还真温柔 可爱 呢 咕咕咕咕咕 [可爱]
1,好科谱 尤其是对人科动物的辨识 哈哈 梁智勇 中国国家地理 还有，那两个戴帽子的是人 博物杂志 鳅，又叫鬼头刀，就是被少年派抓住后迅速褪色的那个。那个脑袋是海狮科的，那个鸟是鹈鹕 不管怎样糟糕菌还是会爱着你们的 博物杂志 博物君这是啥鱼长得好扁哈哈哈 [哈哈]
1,蹲着摘月亮 杨院长是全球第一个拥有全球最后纸质版 新格罗夫音乐与音乐家辞典 的音乐界人士啊 鼓掌 湖南文艺出版社孙佳 哈哈，谢谢杨院长！ 湖南文艺出版社孙佳 刚出版的 元 [鼓掌]
1,给力 盐府逸栈 周二至周五盐府逸栈大望路店精彩演出不间断！ 盐府逸栈 川剧变脸真是难得的近距离一见啊！ 嘻嘻 围观 威武 给力 [给力] [嘻嘻] [围观] [威武] [给力]
1,哈哈 游走的胖纸 你懂的！ [哈哈]
1,海南热带植物 三 鼓掌 [鼓掌]
1,多好啊。要不然。我孤鸟单飞的。这样能一起飞嘛。 嘻嘻 泡鱼儿 从南飞到北，再从北飞到南的行程开始。 阴险 白丁公子 这么早啊？我们晚上帝都见 一路顺风 嘻嘻 [嘻嘻] [阴险] [嘻嘻]
1,回复 杜杨的洋 得嘞，水木随时恭候您的光临！对于餐厅食材品质 是根本，咱家每天都会根据预订量现订食材，不存货！来咱家就餐的老顾客居多，不敢有半点马虎！ 可爱 [good] [可爱]
1,呵呵！幸福快乐就好啦！ 嘻嘻 嘻嘻 楼楼 三样菜帮主 [嘻嘻] [嘻嘻]
1,举手 鼓掌 [鼓掌]
1,好吧。 微博搞笑排行榜 清明节表白才是王道 哈哈 [哈哈]
1,回复 八脚鱼的这片海 哈哈 都他妈的可怜的鲁妈吃完了！ 八脚鱼的这片海 俺付出了劳动但是没吃上火腿 [哈哈] [?] [?]
1,此处乐，不思蜀！ 嘻嘻 [嘻嘻]
1,热电影 等价交换，我的人生给你一半，你的人生也给我一半吧！ 哈哈 [哈哈]
1,哈哈我觉得我长得挺像个厨师的哈哈 哈哈 哈哈 [哈哈] [哈哈]
1,这才是我亲嫂子 嘻嘻 [嘻嘻]
1,彩虹很漂亮，湖水很清透 抱抱 喀纳斯景区管委会 喀纳斯户外俱乐部 崇安武谷 新疆喀纳斯旅游网 博驴网 崇安武谷 新疆喀纳斯旅游官方网 旅行微吧 旅途直播网 喀纳斯长青 [抱抱]
1,看来兴趣第一啊！ 哈哈 东光分公司罗焕焕 转发微博 [哈哈]
1,还有我们，都在一起！只是你要谁的吻？ 超级访问艳艳 这就是友情 太开心 让他们在一起一辈子吧 鼓掌 苏威 这样的吻；我也要 花心 [太开心] [鼓掌] [花心]
1,我也爱看 北京青年 如果有可能我希望重走青春路 鼓掌 张萌萌 赞 鼓掌 鼓掌 鼓掌 黄总的成长路线让我想到了最近播出的 北京青年 ，从走青春路，他大胆，他敏锐，他奋斗，他坚持，他三十年前就开始走我们今天年青人的路，我们的榜样！ [北京青年] [鼓掌] [赞] [鼓掌] [鼓掌] [鼓掌]
1,鼓掌 赶紧申请版权专利，否则棒子们又说是他们的 [鼓掌]
1,大冷天，吃饱了不想家 可爱 [可爱]
1,真有爱滴粑粑 全球风流时尚 爸爸就是世界上最帅的男人！！ 爱你 全球爱美时尚 [爱你]
1,好吧 分不清楚 懒人业余餐厅郎园店 和 懒人业余餐厅安贞店 的 大众点评网 北京美食 不是好 饭本 哈哈 哈哈 哈哈 懒人业余餐厅厦门店 懒人业余餐厅南京店 [哈哈] [哈哈] [哈哈]
1,于洲 重赏之下，必有勇妇！这个可以有 哈哈 臻曦 中情局这个太给力了，但怕那些情妇多数终归是害羞的。或者每揭发一个，所贪之 归情妇。重赏之下，必有勇妇。 呵呵 [哈哈] [呵呵]
1,月 号来摩登音乐节看这首歌的 现场吧 可爱 [可爱]
1,馋嘴 馋嘴 馋嘴 馋嘴 法国人朱力安 每次带中国朋友在巴黎各种吃，这是最受欢迎的一顿 今晚我在，可以跟感兴趣的朋友讲讲这个源自北非的文化 来 太开心 [馋嘴] [馋嘴] [馋嘴] [馋嘴] [来] [太开心]
1,回复 推理世界莫莫酱 你不在推理世界供职啊。。。。 推理世界莫莫酱 回复 周飞 就在底楼怎么破 周飞 妹纸的生活怎么能离得开这三样东西呢，打底裤，超短裙和 镜子 哈哈 真 河狸 抬头一看，发现是自己在照镜子 [哈哈]
1,这个 野心优雅 的男人 哈哈 [哈哈]
1,喜欢你的喜欢！ 鼓掌 [鼓掌]
1,回复 小企鹅才仁卓玛 小企鹅和麻麻也端午快乐哦 小企鹅才仁卓玛 回复 我是徐峥 太开心 小佳 端午快 喔 [太开心]
1,黄山今年活动一定会很多， 嘻嘻 我要去黄山啦 [嘻嘻]
1,唯美的蕾丝婚纱细节 爱你 私享穿衣顾问微信： [爱你]
1,还是你懂我们的节目呀毕老爷 嘻嘻 是的， 周末驾到 半岁生日宴，真情回馈广大新老听友，欢迎有识之士以及有时之士前来参加 鼓掌 爱车环球自驾 毕东旭 昨天提了一辆 上海大众斯柯达 晶锐，回来路上听电台王先森 王小宁 和 晶晶小普 侃的很热闹啊 [嘻嘻] [鼓掌]
1,外媒曝光 新闻联播 新演播室 央视新闻频道将搬新址启用新演播室，由为 设计演播室的美国公司操刀， 新闻联播 演播室会采用最新超高分辨率 技术，仅有 毫米像素点的高分辨率屏幕将会是一大亮点 嘻嘻 专家说：目前美国新闻演播室技术都没有达到这个水准 [嘻嘻]
1,整来试试 嘻嘻 今天兰会所活动扎堆儿了 等会你俩能见到 贺兰 嘻嘻 元元溪 哦？！ 柳小小 子辰 关注 [嘻嘻] [嘻嘻]
1,鼓掌 菁制美食 偷笑 [鼓掌] [偷笑]
1,跳绳大赛 我们酒店的众多女子体育健将今日参与了北辰集团组织的庆三八女子跳绳大赛，以两分钟跳了 下的优异成绩名列前三以外，虽败犹荣 各位美女辛苦了 鼓掌 鼓掌 我在这里 [鼓掌] [鼓掌]
1,介么美的路口咋还想走 哈哈 [哈哈]
1,沐童 咱们去吃吧，你出钱，我出工牌 任文 我们可以再去吃一次 狐钰钰 还提供按摩服务！这真是太棒了！重大利好奔走相告啊 嘻嘻 嘻嘻 嘻嘻 另外，我处提供出租工牌服务 [嘻嘻] [嘻嘻] [嘻嘻]
1,很美好的文案 没车不能活 大北子 我也找他拍！ 张漪然 筱白 矮油，看完这个我不知道该怎么拍车了！ 馋嘴 无以言表 鼓掌 [馋嘴] [鼓掌]
1,突然发现 我的眼影用到了这个形状 好有爱呀 爱你 爱你 爱你 爱心传递 爱心传递 花心 花心 亲亲 亲亲 亲亲 [爱你] [爱你] [爱你] [爱心传递] [爱心传递] [花心] [花心] [亲亲] [亲亲] [亲亲]
1,这里的黎明静悄悄，鸟儿叫。穿着冲锋衣还冷飕飕啊！据说广州很热？无法想像 哈哈 [哈哈]
1,宝马文化之旅 高考题：简单的历史题目，他是？？后面有提示哦。。 可爱 [可爱]
1,欢迎欢迎 爱你 鼓掌 ！ 曹 婷 给力 威武 鼓掌 我要在河南先报个名 爱你 [爱你] [鼓掌] [给力] [威武] [鼓掌] [爱你]
1,回复 投行建国 谢谢 可爱 投行建国 支持你！日中友好不再战！ [可爱]
1,更爱他了。从不在微博显摆工作。很适合演灾难片，完全看不出皮肤咋样。 害羞 凌乱姐 中央 ，快看！走心的表演！ 太开心 [害羞] [太开心]
1,天籁之声太好听了！这孩子有巨星的潜质！ 丹 那些什么好声音和什么最强音都弱暴了 嘻嘻 [good] [嘻嘻]
1,恭喜哥们儿发片！专辑大卖哟 花 杜侑澎 谢谢兔拉拉 得意地笑 郭志凯 明日正式上线！ 偷笑 兔拉拉 力挺哥们儿哇！正听着呐，好听呢 声音好美滴 偷 杜侑澎 嘻嘻 [?花] [得意地笑] [偷笑] [偷?] [嘻嘻]
1,新欢新疆的美景，喜欢新疆菜 爱你 红烧肉 最爱丹丹妈 大咪宝儿 [爱你]
1,丫又来了！ 八爪吃火锅 。。。。加上 不着边际的姑娘 ，我们仨在说 走西藏的女人 的坏话！好痛快！ 哈哈 哈哈 哈哈 我在 芝士青年 [哈哈] [哈哈] [哈哈]
1,吃货眼中的世界！ 嘻嘻 [嘻嘻]
1,为了我们的健康，学习 个神奇的 分钟 太开心 [太开心]
1,偶素阵雨 抽奖咯！ 长安山叟 建阳慢生活咖啡馆 简餐吧 言午许宝盖宏 长安茶社 抱抱 抱抱 [good] [抱抱] [抱抱]
1,回复 毛二哥 主席说：德质体全面发展 ！而且老纸是课余时间 挖鼻屎 毛二哥 据说富顺二中的娃儿都很爱学习 挖鼻屎 嘻嘻 黄天 吃惊 没这么高 要不也没那么胆大！ 挖鼻屎 挖鼻屎 [挖鼻屎] [挖鼻屎] [嘻嘻] [吃惊] [挖鼻屎] [挖鼻屎]
1,婚礼策划师李欣芸：大爱 罗懵懵 徐瑞 这张太有感觉了！ 婚纱织造馆 每日海报 的意思就是一天都不能落 嘻嘻 婚礼策划师李欣芸 柴利增 徐瑞 [嘻嘻]
1,杨鹤通 队长，桌子上是有蚊子么？看你一上来就拿扇子拍了半天了！拍死了吗？ 偷笑 德云社李云天 李老师唱的沙家浜不错！ 鼓掌 [偷笑] [鼓掌]
1,抽奖大队已经排了 米了，祝大家 啦 哈哈 [哈哈]
1,回复 大董陈丹 爱你 爱你 爱你 实至名归 大董陈丹 李小妮 [爱你] [爱你] [爱你]
1,中测企业集团苏季梁 哈哈 哈哈 哈哈 [哈哈] [哈哈] [哈哈]
1,我是特意挑了 第二排正中看的 幸福的眩晕感 哈哈 [哈哈]
1,果断扩散！！！ 汤凯伦 乐宇略 胸口有颗痣 酒店 张与墨 佳佳 李佳 庄菁 刘明莹 终于台湾之旅报导出刊了感谢各位 鼓掌 泪 [鼓掌] [泪]
1,好清凉！ 太开心 小伙伴们，你们的男神女神们，到底谁湿身啦？ 可爱 花心 [太开心] [可爱] [花心]
1,李静 这个必须要转 嘻嘻 [嘻嘻]
1,贝勒 董洪波 楠心 楠意 那敢情好了 你们的最爱来了 哈哈 小聪明 回复 原麦山丘 偷笑 好吧，我又相信爱情了 哈哈 原麦山丘 回复 小聪明 咱家的新店开幕信息，之所以在愚人节发布，原因是让大家在众多的谣言中，看到一个真实的信息。 哈哈 哈哈 哈哈 哈哈 [哈哈] [偷笑] [哈哈] [哈哈] [哈哈] [哈哈]
1,和，不能在童话世界里呆久了，总归要回到现实，回去一起麻将 偷笑 佩佩 蛋蛋小屋 赶紧哒先回来 等有空了再一起去吧，那里没人陪你麻将 哈哈 嘻嘻 [偷笑] [嘻嘻]
1,哈哈 淑君 偷笑 放开那只猪 哈哈 宋英杰 哦 杨柳 哈哈 真逗！ 张鸿 转！！ 哈哈 老徐时评 哈哈 幽壹 北京晚报被新浪微博鉴定为造谣。。 哈哈 刘力博士 哈哈 噗 微博反击了 北京晚报这条是谣言 [哈哈] [偷笑] [哈哈] [哈哈] [哈哈] [哈哈] [哈哈] [哈哈]
1,有点有面哇！ 照相机 哈哈 围观 酷 可怜 [照相机] [哈哈] [围观] [酷] [可怜]
1,有奖转发 文莱欢度春节浪漫之旅 活动截止了，恭喜吴尊的天使 唯爱吴尊 洁 获奖，也感谢所有参与本次活动的天使们 鼓掌 文莱皇家航空 文莱旅游局官方微博 心在旅途高高 唯爱吴尊 洁 文莱现在去不了！我想要飞机模型！！ [鼓掌]
1,恐怖 田 来中国试试，毒死它 黄承富 回复 葛校长 哈哈 葛校长 是指人吧 偷笑 葛校长 是指人吧 偷笑 黄承富 我曾被黑寡妇骚扰过 向日葵 吃惊 千万要小心啊！ 黄承富 回复 蔡 避的早，不如避的巧 蔡 避 哈哈 蔡 避 哈哈 [哈哈] [偷笑] [偷笑] [吃惊] [哈哈] [哈哈]
1,鼓掌 鼓掌 鼓掌 热烈庆祝金门湾团支部荣获 年度 厦门航空五四红旗团支部 总支 荣誉称号 厦航共青团 厦航金雁酒店 [鼓掌] [鼓掌] [鼓掌]
1,这是天朝的口吻啊 丁辰灵 演讲的真给力啊。 哈哈 哈哈 哈哈 我要坐旁 肯定抓狂 经纬张颖 这大姐，不做个厅级以上的官真是太可惜了。人才啊！ [哈哈] [哈哈] [哈哈]
1,难道嫩是选错专业了？ 嘻嘻 石丫炉炉 [嘻嘻]
1,鼓掌 鼓掌 麻麻辣辣，美味鲜香 [鼓掌] [鼓掌]
1,六一快乐！ 简白 感谢联盟编辑推荐！节日快乐！！ 嘻嘻 中国摄影师联盟 联盟推荐 太平店老街 摄影师：简白 湖北 襄阳 [嘻嘻]
1,今晚吃得很满足！光芒果冰我就喝了俩！ 鼓掌 鼓掌 鼓掌 [鼓掌] [鼓掌] [鼓掌]
1,自驾中国 第 天，陕西华阴。今天的早餐：羊肉泡， 元一份，全是大块的羊腿肉！前天啃了猪蹄 宾馆左手边 ，所以昨天我们才一口气能爬了 个小时，这爬完了自然吃羊腿 宾馆右手边 了，吃啥补啥嘛！想想这两家饭店还挺配！ 嘻嘻 [嘻嘻]
1,生命是如此的精彩 嘻嘻 [嘻嘻]
1,右边是在说我吗？ 嘻嘻 袁全 从工业界诸多成功经历来看，一流的工程能力 扎实的算法基础 快速学习能力，是三要素！ 还是地雷 招人招人，工程和算法双修，实习生和正式员工均可，赶快私信给我简历！ 淘宝介然 总结的非常好。 工程实现能力与算法研究能力同等重要 [嘻嘻]
1,白云机场啦。 吧官方微博：小 现场的图片 纠正下前面一条微博的可能机场是蛮大的 但是等候的地方不是很大 爱你 [爱你]
1,原来五棵松体育馆的包厢票是这么近那么远 汗 ， 沈丹扬环球音乐 哥你就安心地坐在第一排吧，哈哈哈 哈哈 ！ [汗] [哈哈]
1,一不小心成了乐途旅游网首页 行者 哈哈 ，本期推荐目的地 新西兰，纯净又神秘的东土世界！ 新西兰旅程 [哈哈]
1,清晨，回到办公室，见到 好酒好蔡 兄发来的自制茶叶，瞬间回到了去年与蔡兄与眉毛兄 王介眉 到茶山去的美好情景。野橄榄，农家菜，片片皆辛苦的新茶采摘加工，还有浓浓的人情味儿。谢谢蔡兄！ 围观 馋嘴 嘻嘻 [围观] [馋嘴] [嘻嘻]
1,鼓掌 沉箱木 好的好的。等等我。。。 小乔子的马甲 小蟹童靴 [鼓掌]
1,土豪金到手！烫啊！ 嘻嘻 嘻嘻 嘻嘻 我在 [嘻嘻] [嘻嘻] [嘻嘻]
1,虽然起床的时候很不情愿，很费劲，但是现在醒过来了，我还是很开心滴 啦啦啦啦啦啦 哈哈 [哈哈]
1,下班欢乐多 儿子的面具还能这样用 转 嘻嘻 [嘻嘻]
1,哈哈哈哈哈 我们爱讲冷笑话 哈哈 [哈哈]
1,三刀流。。可惜没拿到路飞，，娜美，乔巴 嘻嘻 海王套餐 我在这里 [嘻嘻]
1,梦想有多大，它就有多大！ 哈哈 不知道 以后会不会这么大 [哈哈]
1,真 啊？ 还是谈天气吧！安全 绫 哈哈 小柒 哼 邱国鹭 哈哈 [哈哈] [哼] [哈哈]
1,鼓掌 鼓掌 鼓掌 宗介 鼓掌 黑摄会被抢注 喵小北 梦想旅行家手边巴黎 哈索尔 啊啊啊啊啊！！这是真的吗？？？？ 多皮皮 张小红 宗介 我想要一个这个 [鼓掌] [鼓掌] [鼓掌] [鼓掌]
1,可爱 时尚的小魔女 南瓜粥 也是下午茶呀，简约的味道，什么时候欢迎来尝尝马勒的英伦下午茶 时尚的小魔女 想吃 蔡嘉法式甜品 今天 末比 忙， 您 著毯子喝下午茶 支持我 害羞 希望蛋糕 您 意。 [可爱] [害羞]
1,牌气太大，况且明显是个臭球 北京吕世双 哈哈 哈哈 哈哈 哈哈 大长江柒号 转发微博 [哈哈] [哈哈] [哈哈] [哈哈]
1,天时地暖宋伟 哈哈 靠谱！ [哈哈]
1,我在万达影城看了这部电影，搞笑台词太多了，虽然我是 后，但发现 后其实过的也很压抑 哈哈 老大的小跟屁虫 蜂蜜 小宝 [哈哈]
1,兔子 兔子 你是妞儿。。不是女人 小向日葵 爱你 是我么 [兔子] [兔子] [爱你]
1,热情布蕾卡布奇诺 不同咖啡味道，品味不同人生。 嘻嘻 早安，朋友 [嘻嘻]
1,韩玉 我想大黄了，我们给小佳宝养匹小马吧 嘻嘻 嘻嘻 嘻嘻 [嘻嘻] [嘻嘻] [嘻嘻]
1,小白入手，明天骑车上班去 周末求活动 嘻嘻 嘻嘻 嘻嘻 [嘻嘻] [嘻嘻] [嘻嘻]
1,江西首席旅游体验师 多多宣传江西旅游风景那是必须滴，印象深刻的景点太多了，但我还是更喜欢三清山和武功山。好吃的菜实在太多了，我喜欢这里的竹荪和四星望月。 爱你 [爱你]
1,国际援助 尼泊尔的姑娘婚后两年未孕，经我调理，治疗，今天怀孕啦。 我用了三根试条，都是两条线。我已经告诉了我的爸爸妈妈，，，，，。 她用不太顺畅的汉语和我交流。谢谢，谢谢，，，，，。 给力 爱你 玫瑰 [给力] [爱你] [玫瑰]
1,早起的鸟儿有食吃，果然不假。 ： 起床， 小时内改完了所有稿件，效率超高 给力 新一周开始，分享一张昨天主持活动，与美女 肖雨雨 的合影，祝大家好心情 亲亲 [给力] [亲亲]
1,在高铁上还能看到活雷锋，感人 太开心 太开心 赞 赞 [太开心] [太开心] [赞] [赞]
1,鸡西的暴风雨性格不错，说来就来，这会儿已经破涕为笑鸟 嘻嘻 [嘻嘻]
1,欢迎来 嘻嘻 深雪心是孤独的猫手 最近红墙花园套餐在你们那好火！听到你们说了 次了 韩洽哩 芝麻开门 [嘻嘻]
1,哪个说这个是假唱我跟他急！！我的女神声音又回来了 泪 鼓掌 赞 [泪] [鼓掌] [赞]
1,嘻嘻 我把地球笑圆 思考 [嘻嘻] [思考]
1,围观 给力 鼓掌 龙啸七天 满目沧桑一荷塘，莲蓬皆垂倍凄凉，相忆往日繁华季，今非昔比败清池。 泪 兵心永恒 胡萝卜的姐姐 阿掖山布衣 伶牙小雪 女王兔兔 围观 [围观] [给力] [鼓掌] [泪] [围观]
1,今天，准确地说是昨天，和我亲爱的 袁已丁 观看了由人艺 刘洋 制作的 第一次亲密接触 话剧第一次的亲密接触 ，不论是演员的表演还是台词都很棒！ 赞 我最喜欢痞子蔡的扮演者刘鑫的表演，用句歌词表达我的喜爱：说不出哪里好，就是谁都替代不了。呵呵。 嘻嘻 [赞] [嘻嘻]
1,借图一用，每个子公司的外包装还不一样 哈哈 [哈哈]
1,甜蜜蜜 爱你 [爱你]
1,爱减肥的棉花糖 哈哈 哈哈 溪客居 转发微博 [哈哈] [哈哈]
1,笑哈哈 笑哈哈 笑哈哈 日照之行，难忘之旅 爱你 任何华丽的词藻都是虚夸，唯有亲身体验，身临其境，才会让日照这份美，升华 甩甩手 蓝天、白云、大海，沙滩，美女，翩翩起舞，这！才！是！生！活！ 羞嗒嗒 你们还有理由不来吗？ [笑哈哈] [笑哈哈] [笑哈哈] [爱你] [甩甩手] [羞嗒嗒]
1,你真够能说的！我一定多来拍拍你 嘻嘻 [嘻嘻]
1,每次看到法师的微博，都会情不自禁用绳命的井彩那个调调念一遍 哈哈 [哈哈]
1,王以超 下次我请楼主， 嘻嘻 [嘻嘻]
1,兔子 李峥嵘 看看我们的优秀选手多才华横溢 嘻嘻 [兔子] [嘻嘻]
1,哈哈 陈晓卿 传说中的仰望星空。。。 [哈哈]
1,你不知道的谢霆锋 鼓掌 鑫鑫的 小冉 白素贞丶 张晔 [鼓掌]
1,天天都是纸尿裤，小宝石有点红 了 姥姥立刻拿旧 恤给做了布尿布，再用松紧带绑上，小牛仔立刻变身日本小相扑 哈哈哈 嘻嘻 嘻嘻 偷笑 [嘻嘻] [嘻嘻] [偷笑]
1,经历了长达 组的漫长拍摄，太极三部曲 太极之从零开始 ， 太极之英雄崛起 终于在 年 月 日早上 点杀青了！大家辛苦了！ 嘻嘻 [嘻嘻]
1,不得不转发 这才是真正的黑暗料理 大家都来学学什么叫创意好么！ 哈哈 [哈哈]
1,今年的西方情人节和中国农历元宵节同一天，据说这样的巧合 年以后才能再碰到哦 嘻嘻 嘻嘻 双节同庆，节目自然更加精彩。奥克伍德推出客房包价，有吃有住才叫过节么 给力 给力 给力 我在这里 [嘻嘻] [嘻嘻] [给力] [给力] [给力]
1,焦作影视城美女演唱！瞧那二个摄货！ 哈哈 马上有对象 马到成功 发红包 [哈哈] [马上有对象] [马到成功] [发红包]
1,期待亲的到来哦 嘻嘻 嘻嘻 小小小女王 好想去 花心 [嘻嘻] [嘻嘻] [花心]
1,北京欢迎老师！ 鼓掌 邱 伶 北京 可爱 [鼓掌] [可爱]
1,你们俩何止亲密啊，能不含蓄嘛 哈哈 常静 鉴于咱俩的亲密关系，我顶你！ [哈哈]
1,晕 老刀 展会从妹纸展变成基友展了 哈哈 [晕] [哈哈]
1,都来了呵呵 都去厦门了啊！祝推介会圆满成功。 鼓掌 [鼓掌] [good]
1,还挺有技术含量的呢 图精选 哈哈 [哈哈]
1,呵呵，还是大龙虾好吃吧！ 嘻嘻 哈哈 贾妍 上周吃了五种做法的小龙虾，这周吃了五种做法的大龙虾 真欠抽啊。。。 [嘻嘻] [哈哈]
1,哈哈哈哈！ 楼仲平 几年后。。。 哈哈 [哈哈]
1,啦啦啦 今天北京这小天儿阳光内个灿烂啊 俺们的新剧顺利开机！爱情面前谁怕谁啦！ 鼓掌 鼓掌 [鼓掌] [鼓掌]
1,哈哈哈 关东散人 哈哈 哈哈 哈哈 泪 [哈哈] [哈哈] [哈哈] [泪]
1,陇海线 ，你不在京的日子，我戒赌了！ 哈哈 哈哈 哈哈 [哈哈] [哈哈] [哈哈]
1,行 亲亲 [亲亲]
1,爱你 亲们，我刚刚发表了一篇文章，有图有真相，速来围观！ 围观 蚂蜂窝游记 狼行天下澳新篇 追寻狼的足迹 ，查看更多精彩 分享自 蚂蜂窝旅游攻略 [爱你] [围观]
1,赞 赞 赞 爱心传递 爱心传递 爱心传递 爱你 爱你 爱你 爱心传递 [good] [赞] [赞] [赞] [爱心传递] [爱心传递] [爱心传递] [爱你] [爱你] [爱你] [爱心传递]
1,赞 村里养牛的 相当有意义的尝试，相当有调调的册子 于英钊 也得感谢你们这么靠谱的合作伙伴啊 嘻嘻 。在此，也感谢选题组的各位同志 湘人彭二 圆圈儿优品 浮生 记，旅途奔波外加海量采访，大家的工作使这本围绕设计的别册，没有一篇，甚至是一段文字是来自于品牌软文或者公关稿。 [赞] [嘻嘻]
1,好吧，我转 杰子爱乐乐 转了 靳小 嘻嘻 [嘻嘻]
1,以后到深圳一定去拜访郭哥！ 老兵郭志国 没有去见证这一刻，遗憾啊 哈哈 丁来峰 谢总，哪儿凉快哪儿呆着去！ 陈华涛新媒体 哈哈，这照片因为谢总而变得十分诡异。 [哈哈]
1,月 日 账号迁移晒截图中奖名单 哈哈 恭喜以下 位中奖童鞋 第七自由 撒伊 绿豆 沙冰 黑面典 鑫 白菜米虫 康丁 萌小为是不晚睡会死星人 广京京 每人获得 小米记事本 个，请私信小编领取奖品哦！ [哈哈]
1,当你走在路上，看到一个心仪的对象，你会如何勇敢的上前表达自己呢？ 城市有你真好 ， 小 本尊 和你分享搭讪绝招喽！ 嘻嘻 周六 四川 ，山东 ，其他城市的听众可以通过手机客户端 蜻蜓 收听哦！ [嘻嘻]
1,爱 儿童摄影 作品分享 自己挑选的裙子和帽子，效果很好 鼓掌 。真心喜欢 秋冬季的新款配色 赞 [爱] [鼓掌] [赞]
1,高级定制 定制系列 太阳花大号全钻钥匙 美不美 闪不闪你说了算 哈哈 爱你 爱你 现在全面接受预定啦 酷 话筒 话筒 话筒 [哈哈] [爱你] [爱你] [酷] [话筒] [话筒] [话筒]
1,哇哇好棒啊 鼓掌 上海小南国 今天的获奖名单： 小可疼 恭喜恭喜！将获得由小南国提供的 元体验券一张。说出你最喜欢的小南国招牌菜及理由即有机会获得，我们将每天抽取一名获奖者。 [鼓掌]
1,大理欢迎你 嘻嘻 [嘻嘻]
1,亲们，你们都去接亲了吗？！我去拍电影了，不陪你们啦 嘻嘻 奥特曼 威武 围观 [嘻嘻] [奥特曼] [威武] [围观]
1,开车犯困，听歌精神，一起哼唱更 鼓掌 [鼓掌]
1,这台历做的能再 点吗。 偷笑 哈哈 挖鼻屎 静 戴政 [偷笑] [哈哈] [挖鼻屎]
1,给力 哈哈 中国广播影视 中国作协巨帆影视陈酉正 中音老陈 中影张强 周谷 [给力] [哈哈]
1,来吧来吧 身随心动 万玲 回复 花间堂官方微博 他一个 的美图介绍，让大家身未动，心已远 呵呵 结伴去花间堂吧？ 抱抱 花间堂官方微博 点到过来回应一声 [呵呵] [抱抱]
1,贾斯汀吃完赶紧干活！搞死 哈哈 海底捞？ 双子座购物狂 贾斯汀你个吃货，撑死你 干嗓子 [哈哈]
1,哈哈 哈哈 晓雨闻铃 哈哈 童华安 哈哈 杜芝富 开心 哈哈 [哈哈] [哈哈] [哈哈] [哈哈] [cai开心] [哈哈]
1,专用啃 飞个吻 哈哈 上官梦落 回复 作家心香一瓣 爱你 花心 作家心香一瓣 玫瑰 爱你 作家心香一瓣 微博益起来 亲们快来，打开网址 收藏评论猜对结尾有神秘礼物相送哈 玫瑰 [飞个吻] [哈哈] [爱你] [花心] [玫瑰] [爱你] [微博益起来] [玫瑰]
1,早，蒙城今早酷似冰场，出行前请先热身 哈哈 [哈哈]
1,这个太经验了！绝对比魔女赞多了 吴奇隆 究 是曝光了 嘻嘻 道真就 一起到白 了 ？卓一航是生是死、是黑 或白 ，都在各位看倌一念之 。告 湖南卫视 你 的 吧！ 一周 得及剪 哈哈 孩子 力 吧 [嘻嘻] [哈哈]
1,天津喜来登大酒店 俱乐部 告诉我你平时吃什么 哈哈 [哈哈]
1,鼓掌 鼓掌 潘潘猫 这算是躺着被夸吗？还被夸得那么开心 [鼓掌] [鼓掌]
1,同求，酒吞再走一个？顺便给我们拍点相亲照呗 可爱 小柔大肉 炫富帖，见者有份，求请客，求蹭饭 作瓜 安拉安奇 [可爱]
1,回复 小小 口袋 介个头像不系你吧 疑问 小小 口袋 自信，你有的！ 哈哈 用飘柔，就是这么自信。。。 这个广告真的把我笑死了！ [疑问] [哈哈]
1,酷爱！ 嘻嘻 那木错 世界上只有两种人，爱吃折耳根和恨吃折二根的。没有其他。。。。 贵州美食家 你不懂的美食，你笑难吃，我只笑你苦苦等待好吃的美食。 [嘻嘻]
1,夏鹏太不厚道了 吃惊 ，竞争对手尽然都给冻鱼 偷笑 ，不过女生们也不要高兴的太早 阴险 活鱼宰杀也是个问题 哈哈 [吃惊] [偷笑] [阴险] [哈哈]
1,回复 噶玛美多 可爱 噶玛美多 我全在 小蕙的厨房 那里学的。 嘻嘻 你去她那里看吧。各种美食，好吃易做简单。特别不错。 [可爱] [嘻嘻]
1,我想买一双烧麦褶黑色的休闲鞋 一到两千的价位 嘻嘻 谁能给点建议呢 鼓掌 鼓掌 鼓掌 [嘻嘻] [鼓掌] [鼓掌] [鼓掌]
1,时尚盛宴 好美的刺绣啊 谁学会了，送俺一个呗 嘻嘻 ：站酷 [嘻嘻]
1,难得入春，各种太阳控户外控都出马了，下回还是得早点哦 抱抱 [抱抱]
1,十八大前减十八公斤，并以此向十八大献礼。 哈哈 [哈哈]
1,亲情与爱无处不在 太开心 太开心 太开心 西行驿站 阿涛发呆 无光无影 和谐一家 [太开心] [太开心] [太开心]
1,依波啊！！希月 ！！ 哇哇哇，真好看啊，好看啊 爱你 忆 求 图打包 爱你 四次元老板娘果酱小姐 做的真好看啊 月月 想飞去哪里 一波 [爱你] [爱你]
1,祝贺 小宇 爱美食 成为 朴家紫菜包饭 第 组神秘顾客，请大家在转发时注意语言，误导小编是要被拉入黑名单的奥 嘻嘻 小宇 爱美食 体验试吃招募 点评名字和微博名字一样，体验可以和 铃铛儿 一起呢 小宇 爱美食，点评五星，符合条件 [嘻嘻]
1,赞哦 鼓掌 [鼓掌]
1,晚上都跟你在一起 很令人浮想联翩嘛 嘻嘻 [嘻嘻]
1,酒被喝了，人也被八了 老贫头 呀 ！一不小心，被扒卦咧噎 ！ 月份的愣说成是 年的，高人就是高人 嘻嘻 [嘻嘻]
1,大喜欢。精美的礼物！我心花怒放啦都！ 爱你 芳芳 姐姐你来瞧。 [爱你]
1,年建立的因斯布鲁克是奥地利蒂罗尔州的首府，坐落阿尔卑斯山谷之中，意为 茵河 上的桥。小城保持着中世纪城市的容貌，狭窄小街上哥特风格的楼房鳞次栉比，展现出古城的风貌。著名的滑雪胜地， 年和 年两次举办冬季奥林匹克运动会。 鼓掌 小丸表示夏天在茵河边远眺雪山吃冰淇淋超惬意的！ [鼓掌]
1,悦游 杂志 月刊， 全球热门新餐厅 谢谢亲 天线 的信号站 爱你 爱你 爱你 [爱你] [爱你] [爱你]
1,哈哈 爱你 唯一哥 南芳 [哈哈] [爱你]
1,好声音英雄谱明早重磅上线喽 围观 鼓掌 当家花旦是大美妞主持人 刘倩 哟 花心 好声音英雄谱 哇哦 终于要和大家见面啦！！等的好捉急 哈哈 威武 ，哈林老师接招喽！ [围观] [鼓掌] [花心] [哈哈] [威武] [good]
1,回复 月影 星稀 目前没有，我们 月会开，庆祝我们另一家新店的开张，两家店一起，这样可以更方便大家进行选择了 月影 星稀 就是没找到你家朝北店的围脖，所以没 上，你们有围脖吗 马超 悦府 回复 月影 星稀 谢谢捧场 月影 星稀 回复 马超 悦府 马总，这就是在朝北大悦城便宜坊吃的 哈哈 [哈哈]
1,不做大哥好多年 嘻嘻 何巨 天使投资人 老大不容易做啊 [嘻嘻]
1,哈哈 王为松：北京骚死南京难。 王子乔和：地大物博 黄昱宁：同膜拜。横贯古今，才气斐然。 邓鲜鲜 膜拜右边 温少 ：君登殿时我偏安，秦淮歌罢舞天坛，只恨同生不同命，北京骚死南京难。 [哈哈]
1,今晚 圣诞星缘 的 幕嘉 之一： ！ 高清版 嘻嘻 [嘻嘻]
1,微风 健身运动第 天， 公路我回来了。越来越轻松的拿下。体重 公斤啦！仿佛已经看到了未来的样子 哈哈 [微风] [哈哈]
1,报社旁边的小商品市场还是有不少好东东的。比如小兔子拖鞋还有小熊充电暖水袋 太开心 话说这个小熊暖水袋很给力，虽说充电时间要近 分钟，比我其他的暖水袋充电时间要长一倍还要多，但从下午 点冲完后到现在还有余热 威武 [太开心] [威武]
1,嘻嘻 太阳 干杯 赞 握手 心 礼物 风扇 微风 喜 玫瑰 音乐 耶 干杯 太阳 太开心 哈哈 奥特曼 [嘻嘻] [太阳] [干杯] [赞] [握手] [心] [礼物] [风扇] [微风] [喜] [玫瑰] [音乐] [耶] [干杯] [太阳] [太开心] [哈哈] [奥特曼]
1,张译 张译官网官方资讯 果子联盟 鼓掌 哪怕小小的一步，也是进步 [鼓掌]
1,哈哈 干脆面干啥呢 抱抱 抱抱 抱抱 [抱抱] [抱抱] [抱抱]
1,这个比 新浪吉林旅游 转的专业 哈哈 张君雅小妹妹 存 太详细了！ [哈哈]
1,新年快乐。 北川维斯特温泉度假酒店 新年快乐！ 鼓掌 阿福游天下 新年快乐！纳吉纳禄！ 爱你 [鼓掌] [爱你]
1,这么大的疯狂小鸟，哈哈 哈哈 和 放一起就知道有多大啦 哈哈 [哈哈] [哈哈]
1,哈哈 牛腩君说不是的 雕粉们觉得呐？ [哈哈]
1,带着微博去贵州 早听说凯里酸汤鱼最有名。 月 号到达凯里就先尝尝酸汤粉。酸汤是贵州一宝，不仅仅只有酸汤鱼，还有酸汤排骨、酸汤猪蹄、酸辣烫锅。在贵州流传一句民谚： 三天不吃酸，走路打窜窜 。 爱你 回到厦门又怀念那个酸汤了，咋办？ [爱你]
1,补充说明一下 图片来自好豆网资深吃货 小可疼 ！感谢小可疼经常为我们提供这么精美的图片！ 爱你 [爱你]
1,三清驴友 巨蟒出山那张有点白娘子即将幻化成人形那时的感觉 哈哈 [哈哈]
1,建议上春晚！ 吴伟 哈哈 话筒 程鹤麟 妹长着坑爹的大白腿啊，妹穿着齐 的小短裙啊。狼哥你别学那朝鲜发火箭啊，吃不饱果然就射不远啊 刘春 孔二狗 你看看 共和国裁缝 最奇怪的是活了四十多岁的喜欢三俗的 刘春 春台竟然没转，所以转发上不去。。 [哈哈] [话筒]
1,卉小宝 馋烤茄子了，要有肉那种，我们也爱点的。 食色云南 赞 小小喔 香茅草烤鱼 馋嘴 必点 食色云南 很想去尝尝！ 一坐一忘景宏 非常有特色的菜，很受欢迎。菠萝饭、黑三剁、腊排骨、茉莉花炒蛋更受欢迎 可爱 [赞] [馋嘴] [可爱]
1,王岩 把我大大的事情都吹进风里 爱你 娃娃在北京 清晨有爱的歌！早安！新的一天！ 子瀚小盆友 好爱！ [爱你]
1,小浪 哈哈 曹增辉 哈哈 [哈哈] [哈哈]
1,来一对！ 哈哈 嘻嘻 水瓶座的太阳花儿 收录唯美图片 每 女生都应该拥有一对 心 美饰公主 [哈哈] [嘻嘻] [心]
1,太古汇的迪士尼展，每天上下班都可以看到，却一直没找时间去仔细逛逛 等到米奇这一期快结束了才回过神来，上周四特意带了相机，吃过午饭就跑去拍了 抱抱 各种米奇，各种欢乐 哈哈 [抱抱] [哈哈]
1,嘻哈包袱铺刘星 花心 嘻哈包袱铺官方微博 感谢耗子老师的高度评价 抱抱 [花心] [抱抱]
1,美人！法国一切顺利！！！ 爱你 爱你 爱你 [爱你] [爱你] [爱你]
1,今天是三十。收到大家的祝福了，就不一一回复啦。现在说一声新年快乐，心想事成哈。附上早晨二伯大棚里刚摘的新鲜草莓，你觉得咋样哈？ 哈哈 我在 [哈哈]
1,特色盐 鱼 嘻嘻 [嘻嘻]
1,万人民币的百达翡丽表，竟然这么简洁？是专门为中国 表叔 设计的吗？巴塞尔，你什么时候也学会 含蓄 啦？ 哈哈 [哈哈]
1,每天早上 都在和温暖的被窝上演一场生死恋 可怜 终于熬到周五了 嘻嘻 [可怜] [嘻嘻]
1,宝宝五岁了，孩子的爸爸，妈妈仍然心存感激，从广东发来照片给我，共享欢乐。我的医疗成果，爱你们。这，就是我的工作动力。 爱你 爱你 爱你 心 心 心 哈哈 哈哈 哈哈 [爱你] [爱你] [爱你] [心] [心] [心] [哈哈] [哈哈] [哈哈]
1,我说我的眼里一直有你 嘻嘻 哈哈 [嘻嘻] [哈哈]
1,可 可 可 可 瘦瘦 有朋克范。谢谢 钟懿 刘冉 罗嘉良苏岩官方影迷会 好美！ 爱你 惊奇的发现耳环和项坠是一套哦！ 豹纹小姐心雅 笑颜如花 苏岩 瘦瘦 罗嘉良苏岩官方影迷会 高晶东田造型 苏岩 姐收图了 呵呵 ， 星月时尚夜 后台偷拍 豹纹小姐心雅 [可?] [可?] [可?] [可?] [爱你] [呵呵]
1,高谒舒 嘻嘻 我爱淘原单 天涯超火 祛痘神方 试试啦 爱美丽爱国货，就关注 我们都是国货护肤控 [嘻嘻]
1,泉州 海的史诗 泉州 公里自驾游巡礼活动之崇武古城 给力 太开心 [给力] [太开心]
1,时光飞逝，结婚这都一年了 悲伤 纪念日媳妇儿从早上 点忙活到晚上弄了这一大桌子菜，道道可圈可点，大厨辛了个苦 泪 魔王 爱老虎油 爱你 [悲伤] [泪] [爱你]
1,悦旅关注 苏梅岛康莱德度假酒店，于去年 月开业，距离机场 公里，交通便利；并且是苏梅岛上唯一朝向西面的豪华度假村。 爱你 至 月 日， 希尔顿荣誉客会 在 大品牌酒店及度假村推出 更多积分 的活动。到达一定积分可兑换房间。 希尔顿酒店及度假村 [爱你]
1,三 人 面 有哥 哈哈 [哈哈]
1,小三真是反腐好工具 嗨查理 嘻嘻 任卫新 这又是小三儿举报么？ 酷 [嘻嘻] [酷]
1,谢谢帮俺做广告 哈哈 [哈哈]
1,求活动链接 北京黑松白鹿餐饮管理有限公司 黑松白鹿 美食美客 清酒后劲十足，适可而止，还是多吃点菜吧 哈哈 喜欢黑松白鹿的亲们，现在到 惠刷网 下载优惠券就能享受最高立减 元的优惠 给力 等你来呦 鼓掌 [哈哈] [给力] [鼓掌]
1,亲爱滴，有点像手表广告，不过脸很美。。 赵薇 偷笑 鼓掌 [偷笑] [鼓掌]
1,美丽的师宗，你来过吗？ 可爱 [可爱]
1,嘻嘻 哈哈哈哈哈！ 马云路 ：转发微博。 [嘻嘻]
1,有情人终成眷属 今日是大年初五，俗称 破五 ，同时又是西方的情人节，在这里，小编祝愿全天下有情人终成眷属！各位沉浸在爱情中的童鞋们，不妨来说说你们都收到什么礼物啦？ 嘻嘻 [嘻嘻]
1,生日快乐 亲亲 [亲亲]
1,回复 南国都市报韩潮光 握手 很有道理！ 哈哈 南国都市报韩潮光 莫问政治，该吃饭了，美食来了 梁锦江 馋嘴 梁锦江 馋嘴 [握手] [哈哈] [馋嘴] [馋嘴]
1,我桌上的草怎么还不开花呢？ 可爱 [可爱]
1,爱你 太开心 转发微博 [爱你] [太开心]
1,回复 杜子建 已经是今天了，呵呵，终于见成了哈 哈哈 杜子建 是明天见么？ 中国之翼扣子 我算个有点实在的人吧？ 酷 [哈哈] [酷]
1,很赞的活动 鼓掌 鼓掌 鼓掌 [鼓掌] [鼓掌] [鼓掌]
1,卫甜 哈哈 哈哈 直男共同的梦想 艾格吃饱了 我怎么碰不到这么有钱的邻居瓦！ [哈哈] [哈哈]
1,啊哟喂 太萌了 辣椒炒肉蟹 你能别这样萌嘛？ 哈哈 可爱宠物中心 来，卖个萌！ [哈哈]
1,快来抽奖 鼓掌 [鼓掌]
1,材料准备好了，明天的早餐：腊肉枯炒豆丝 鼓掌 风飞 潇潇的简约厨房 晋一 [鼓掌]
1,抢零点福来到 ，迎接挑战，开年大吉，为自己加油，为明天而努力！ 爱你 爱你 爱你 [爱你] [爱你] [爱你]
1,倒数 分钟前，娃开始伸脚顶我肚子，和我们一起迎新年 ！ 爱你 偶知道偶知道，你一定是听到爆竹声声响了？ 手套 [爱你] [手套]
1,特别乖巧的小侄子：逛街要帮妈妈提包，吃小吃的时候要分给妈妈，最后一个煎饺一定要给妈妈留着。不挑食，炒菜里面的葱都吃掉。各种乖巧！各种懂事！各种可爱！小肉脸上有酒窝。 爱你 爱你 爱你 [爱你] [爱你] [爱你]
1,也玩微博啦？！酷 嘻嘻 [嘻嘻]
1,赞耶， 下 鼓掌 [鼓掌]
1,果然有的是热闹看了 鼓掌 不睡了。 [鼓掌]
1,回复 工作室 真是好消息啊 鼓掌 。。。预祝沙龙活动举办成功 围观 工作室 杨舜 格列高里张 西班牙华人街 西班牙欧华报 西班牙华新报 西班牙语新闻 若水 [鼓掌] [围观]
1,鼓掌 方家美食工作室 [鼓掌]
1,女水手 来自广州的张洁自称曾参加一个考试，并从 多人中脱颖而，最后作为水手成功乘上哥德堡号，完成环球旅行 ！现场，她还教大家一个很实用的技能 打结，这种节特别适用登山和潜水！亲们， 成功了么？ 嘻嘻 [good] [嘻嘻]
1,恭喜获奖的童鞋 鼓掌 鼓掌 ，酒店即将开业，期待您的光临！ 凯莱酒店集团 正确的答案是 三亚海棠湾 号！ 三亚海棠湾 号 [鼓掌] [鼓掌]
1,惯性思维以及无法急拐弯的资源、储备短缺，市场认知盲点 都决定了转型的艰难 汤汤 臻言 郑景枫 春哥怎么看？ 哈哈 春文福州 [哈哈]
1,美温润 亲您是说羊肉汤还是和田玉呢？ 哈哈 哈哈 哈哈 懒人业余餐厅安贞店 [哈哈] [哈哈] [哈哈]
1,回复 中国旅游报 谢谢咱们旅游人娘家的报纸强力支持！ 中国旅游报 我们也有记者去，还夸您微博营销做得好 鼓掌 已经约一组九江美景了 九江旅游杜少华 此次 跟着课本游九江 活动反响巨大，微博微信转发量超多！ 哈哈 哈哈 江西风景独好 [鼓掌] [哈哈] [哈哈]
1,这位宝妈太可爱了 哈哈 臭一妈咪 黑摄会被抢注 我太 爱 你啦，尽然把我拍瘦了。太喜欢全家那张，这种调调就我想要的，绝对符合我这闷骚女的口味！故宫之约别忘啦！各种礼服道具已经走起，娜姐去不去无所哈！ 偷笑 [哈哈] [偷笑]
1,会去的 哈哈 哈哈 [哈哈] [哈哈]
1,哈哈 哈哈 围观 围观 坐等调查 王东驰 举棋不定 范炜 假如郭美美再次掀翻红会，大家会认为她是英雄吗？只是假如啊 [哈哈] [哈哈] [围观] [围观]
1,哈，人生不能长期保持快乐，涂一时快乐也行阿 嘻嘻 韩旭 悠着点 呵呵 [嘻嘻] [呵呵]
1,喝茶，走起 太开心 [太开心]
1,逛超市 ，哎嘛，我咋感觉我被憋了好久好久，一进超市就疯了的感觉 鼓掌 鼓掌 鼓掌 [鼓掌] [鼓掌] [鼓掌]
1,哈哈 我发现了一篇关于 马尔代夫 的 蚂蜂窝游记 马尔代夫 阿联酋蜜月游记 卓美亚德瓦拉富仕 岛 阿提哈德航空 ， 人 喜欢 。听作者讲故事，看美图赏风光，速来围观 围观 分享自 蚂蜂窝旅游攻略 [哈哈] [围观]
1,回复 蝶儿的背囊 谢谢 嘻嘻 蝶儿的背囊 好看。 画家刘勇 谢谢 握手 马丁 阿根廷律师 郑协民 转发微博 画家刘勇 谢谢 握手 马丁 阿根廷律师 郑协民 转发微博 [嘻嘻] [握手] [握手]
1,蓝双 据说王导一年前就准备来钻墙啦 真是好事多磨现在才看到您矫捷的身手 拿着超级大南瓜，王导选择主动出击，不料墙洞坚实有力，等再晃过神来，只听王导一句： 我的瓜呢？ 晕 哈哈 最神奇的是谢映玲，眼看下一秒就要落水，硬是 到最后誓死不从！ 王为念微博 滴玲玲玲 正大综艺微直播 [晕] [哈哈]
1,哈哈 给力 刘朝贵 ：有一种奇怪的会叫红黑会，有一种奇怪的兽叫浪叫兽，有一种奇怪的美叫郭美美，有一种奇怪的股叫炒屁股！ [哈哈] [给力]
1,宿醉 第二季！ 鼓掌 [鼓掌]
1,泪 热泪祝贺曾经和我学过短短几个月作曲的学生 晨光 获得第十五届斯克里亚宾国际钢琴大赛第一名 赞 鼓掌 中央音乐学院李昕 徐之彤 徐惟恩 邹航音乐 叶小钢 关峡 风吹的彩虹 向民 倒影与回声 乔乔 冀瑞铠 吉炜古筝 京城之纳 胡咏言 黄亚蒙 [泪] [赞] [鼓掌]
1,品味山东 第一站，章丘吃大葱。 哈哈 这里的葱是真正的高啊！都快超过我了。 黑线 最高的居然有 米。章丘大葱的特点 高大翠白甜。 花心 我在这里 [哈哈] [黑线] [花心]
1,爸爸去哪儿威海站 爸爸去哪儿 还珠格格版 继 爸爸去哪儿 洪楼梦版后，网友 珊珊 创作还珠格格版。 孩儿们要被玩坏了！ 偷笑 村长，村长，你怎么了！！！ 哈哈 哈哈 哈哈 [偷笑] [哈哈] [哈哈] [哈哈]
1,嘻嘻 嘻嘻 好使哟 [嘻嘻] [嘻嘻]
1,回复 穆熙妍 开心 妍粉至上 赞 心 花心 握手 穆熙妍 的 爱你 爱你 先和你 新年快 [good] [赞] [心] [花心] [握手] [爱你] [爱你]
1,对，轻敲三声稍歇再三声，屋里的同志听到后就会迅速 推翻窗台儿上花盆儿给屋外儿来接头的筒子报信儿 鼓掌 [鼓掌]
1,莱芜三哥 威武 哈哈 哈哈 哈哈 哈哈 哈哈 哈哈 哈哈 [威武] [哈哈] [哈哈] [哈哈] [哈哈] [哈哈] [哈哈] [哈哈]
1,好声音预录，帮忙对个光 书呆子 还有，帮忙试个音的 嘻嘻 [书呆子] [嘻嘻]
1,酒店特意在房内布置了两条可爱的小鲸鱼，可惜入住的是两个纯爷们 嘻嘻 [嘻嘻]
1,相约 新疆 交通广播 与 电台航志 哥给听众朋友们带来一个难忘的周末之夜 哈哈 嘻嘻 [哈哈] [嘻嘻]
1,今晚，这一幕特别的 回家 音乐 主题曲再度响起来！！！为所有爱执著的痛，为所有恨执著的伤。。。 哈哈 [音乐] [哈哈]
1,：展览不需门票，免费对公众开放！ 抱抱 [抱抱]
1,回复 黄小小钰 哈，咱们两个换着玩 可爱 黄小小钰 这攻略写完，我就可以去了 [可爱]
1,现在去小区 米游泳池，一定煮饺子了！ 围观 想去个大池子！郊区住着伤不起！ 嘻嘻 [围观] [嘻嘻]
1,带着微博去郴州 雾失楼台，月迷津渡，桃源望断无寻处 嘻嘻 [嘻嘻]
1,看来大哥喜欢女人依附男人哦。好女人可以没有事业，但不能没有工作或收入。好女人也是男人的左右膀。 杨凯 兰会所 好女人可以没有事业！ 哈哈 哈哈 [哈哈]
1,刷碗 哈哈 哈哈 哈哈 [哈哈] [哈哈] [哈哈]
1,嘻嘻 嘻嘻 玄磊 糖哥你别这样说啦 做鬼脸 糖哥 咖啡大佬老冯 嘻嘻 嘻嘻 ，有潜质的 玄磊 其实那天也有点小紧张啦 偷笑 [嘻嘻] [嘻嘻] [做鬼脸] [嘻嘻] [嘻嘻] [偷笑]
1,大戏马上开始！好热闹的气氛！ 鼓掌 [鼓掌]
1,温嘟嘟的椰子味 兔子 好可爱的描述， 哈哈 谢谢推荐！ [兔子] [哈哈]
1,梁静茹，可惜不是你 哈哈 哈哈 哈哈 哈哈 哈哈 哈哈 哈哈 [哈哈] [哈哈] [哈哈] [哈哈] [哈哈] [哈哈] [哈哈]
1,童鞋们！本周日父亲节哦！ 亲亲 [亲亲]
1,这也能找到啊 闪闪紫 杨兆昆 哥我上过你们河北台的节目 杨宝昆 回复 周思超 哈哈 回头要喝认亲酒 杨兆昆 周思超 在茫茫微博中兄弟相认，甚是感人！ 泪 杨宝昆 哈哈 兄弟啊 杨兆昆 宝我是兆 [闪闪紫] [哈哈] [泪] [哈哈]
1,晚夏 升级版 呜里吗里 给力转！ 找自己 哈哈 ： 阿巴辣子 ：瀑布汗。。。 ： 。。。 顾晨 ：怒顶 [哈哈]
1,嘻嘻 来瑶里避世吧。哈哈 [嘻嘻]
1,回复 胖星儿 哈哈 绝对暧昧！ 胖星儿 呼吁弄个女员工休息室吧！衣服还不是大问题，但那个电动美德乐的动静太暧昧了 衰 [哈哈] [衰]
1,嘻嘻 唱歌实用技巧 终于发现一个每天分享无节操笑话微薄了，太喜 欢了 [嘻嘻]
1,好消息，好消息，封闭了许久的东线高速公路海棠湾路段通车了哦，现在来 海棠湾 再也不用从旧路上慢慢过来了 但领略不到乡村旧路的曼妙风情确实有点可惜呢 太开心 [太开心]
1,演出完毕，吃饭去喽，好圆的 ！ 爱你 爱你 爱你 嘻嘻 嘻嘻 哈哈 哈哈 [爱你] [爱你] [爱你] [嘻嘻] [嘻嘻] [哈哈] [哈哈]
1,这是寻死的节奏 哈哈 [哈哈]
1,餐后甜点来了，精致得舍不得开动 爱你 个个我都爱 我在 [爱你]
1,都说意大利人是天生的卖萌高手，本来主页君还不信，当看到这张图时，我信了，我真的信了！ 哈哈 这是去打仗还是去卖萌？图为二战时期意大利卡普罗尼试验机，这要飞出去打仗，让敌军大叔们情何以堪。 偷笑 偷笑 偷笑 [哈哈] [偷笑] [偷笑] [偷笑]
1,！！ 鼓掌 爱你 爱你 [鼓掌] [爱你] [爱你]
1,当然。 蠹 我 一 城市的最好 法，是去看看他 吃些什 。 嘻嘻 [嘻嘻]
1,有点意思 ！ 哈哈 [哈哈]
1,啊哦哦现在开始吧，理想丰满 哼 哼 哈哈 爱你 [哼] [哼] [哈哈] [爱你]
1,意思是我今年该有动静了 菜小灿 不得，我陪你一起 爱你 ，不过还是要加紧步伐找 戴晓雅 我只能目送你们走向幸福自己才可以安心的找幸福对不？ 菜小灿 呆呆的练小宝 皮皮小 凌 创意精选 星座单身率： 水瓶 单身到 [爱你]
1,吃货需留意。。。 广西旅游局 山竹的屁屁上的星星有几个角，里面的果肉就有几瓣！喜欢吃山竹的朋友要记住这个诀窍了 嘻嘻 [嘻嘻]
1,耶 建屋豪生全套房酒店：谢谢大家的关注，我们会继续努力的！ 曰 ：祝贺 圣卡洛琳： 鼓掌 鼓掌 鼓掌 [耶] [鼓掌] [鼓掌] [鼓掌]
1,一指老师给我也留一本，可以么？ 可爱 明伦书院魏东林 人生何处不相逢！昨晚在深圳某会所，恰逢一指老师在深圳清华研究生院讲学，偶遇，得赠此书惠我，幸也！ 明伦书院郭修竹 明伦书院施文忠 一座恭王府，过客走马灯。不解兴亡象，中有风水魂。 莲花池 赏读老师著作，了解到风水原 [可爱]
1,常被骗，易感动！只是不想拆穿哈哈！ 啥叫老二哲学 冷笑话精选 信奉老二哲学，低调！ 嘻嘻 [嘻嘻]
1,摩羯玛丽 美，还有态度！ 嘻嘻 [嘻嘻]
1,龙享长白 一日工作结束 入住，回来路上可以看到整个度假区的夜景 外面很冷屋里却很温暖，洗澡休息，明天一早前往长白山 哈哈 [哈哈]
1,中国宜昌网 柴埠溪大峡谷景区 宜昌市旅游局官方微博 听听观众、游客的声音 爱你 [爱你]
1,好专注呢 可 可 可 可 女人泪电视剧 女人泪 程程是在看什么呢？ 偷笑 陈威翰大陆粉丝网 爱你 爱你 爱你 [可?] [可?] [可?] [可?] [偷笑] [爱你] [爱你] [爱你]
1,哈哈哈 红尘依旧笑春风 赞 小惠子轩： 微博春生： 偷笑 约瀚越深：艺术源于生活！ 千里兵锋 螺蛳 顽石盐： 哈哈 哈哈，好看，好看，很生活所以很艺术。 [赞] [偷笑] [哈哈]
1,转 朱海燕加油 哈哈 [哈哈]
1,回复 嘻嘻 赞 [嘻嘻] [赞]
1,哈哈 哈哈 哈哈 茉莉口十 。。。点开来看看吧，不会后悔的 太开心 太开心 太开心 [哈哈] [哈哈] [哈哈] [太开心] [太开心] [太开心]
1,之前是满三天才免费接，现在是住一天也免费接 纤手人生张明 不是一直都有的吗 哈哈 哈哈 [哈哈] [哈哈]
1,刚刚从英国归来的花子，此次以购物作伦敦行的串联 女人啊 ，伦敦奥运比赛正酣，抵达伦敦的您除了赛场激情一番，场下去哪里血拼呢？听今天的节目就没错啦 哈哈 [哈哈]
1,多谢 小鹏子 老师发明的少男的祈祷，还是很有用的 嘻嘻 机长 单曲循环直到你回来 泪 [嘻嘻] [泪]
1,感谢您的光顾和肯定。比萨 是我们特别为了满足国内客人的需要而推出的比萨自选制作 非常受宾客欢迎 可爱 [可爱]
1,哈哈，黑龙江的天堂 嘻嘻 民华游艇 海南是东北人的天堂，特别是三亚尤其是黑龙江人的天下，谁敢歧视东北人？不可能呀，人们都戏称三亚应划归 黑龙江省三亚市 [嘻嘻]
1,今晚我煮饭，想吃的来梅花园吧。 哈哈 蒜蓉炒柬埔寨国菜，五花肉炒葛薯，水果是当季的三华李！ 威武 威武 [哈哈] [威武] [威武]
1,我是来粉华健的，但我能说阿岳也很帅吗 嘻嘻 [嘻嘻]
1,哈哈 偶也经常这样蹂躏我家狗狗哈 食尚小米：这脸蛋子谁不想捏两把！谁让你这么可耐滴！ [哈哈]
1,我回京去取 嘻嘻 让他们看看就得了 [嘻嘻]
1,回复 绚丽女人花 周心怡 阅读着文字，遐想着画面都过瘾啊 馋嘴 ，其实我很喜欢研究美食的！好吃！好学！就是我啦！ 偷笑 嘻嘻 绚丽女人花 周心怡 回复 映霓 在台湾的时候，冬天到了我常去养生中心，做完按摩舒筋活血，再吃上一碗热腾腾的麻油鸡面线，很过瘾的！ 哈哈 [馋嘴] [偷笑] [嘻嘻] [哈哈]
1,哈哈 ：想起大学英语考试篇篇在外教眼里阵亡的作文 [哈哈]
1,降！ 嘻嘻 嘻嘻哈哈 年老天空降给我一个男朋友吧 [嘻嘻]
1,休闲一刻 传说中的活章鱼火锅，简直无法直视。快下班了，今日雾霾严重，各位亲谨慎慢行，一路小心，晚上吃啥好吃的，记得 燕赵美食 哟 可爱 [可爱]
1,生快！美女！我家 陈博博 。著名的小美女，号称幂姐哦，想认识的，就加她微博祝她生日快乐吧！呵呵 蛋糕 哈哈 [蛋糕] [哈哈]
1,这个不容易被踢下床 微博搞笑排行榜 肯定很舒服，我想要一个！ 太开心 [太开心]
1,嘻嘻 顾思宇 汗 这些话都是木有长途旅行过的人说的 [嘻嘻] [汗]
1,安懂 哈哈 [哈哈]
1,呵呵！感觉很不错嘛！ 鼓掌 [鼓掌]
1,哈哈 长得很奇怪 [哈哈]
1,回复 智 谢谢 智 导演！先让她们吃！回来再看一次电影，原后写观影感和尝味感！ 哈哈 [哈哈]
1,爱你 我最爱的金毛！！！ 王雅萌 俺家最最可爱的干儿子啊，只有你不嫌弃俺脸大，当然还有跟俺一样脸大的男朋友 啊暴 ，二妈马上就冒着瓢泼大雨来看你啦，到时候陪你玩玩娃娃 [爱你]
1,只有我的午餐一半的分量 黑线 鱼菲 回复 老波头 吃不饱，怎么有力气健身 嘻嘻 老波头 豪华！！ [黑线] [嘻嘻]
1,卡拉 里我最爱唱她的歌，你们知道的 吴曼临 小灰灰是大明星 颦颦有礼 徐莉 优品 陈军君 慢慢清 黑云都 ，西西 黑云都 好样的，期待 茹芸 特 影 平 猫 酱 李 子 ！ 爱你 爱你 爱你 大家都辛苦了 可爱 茹芸 害羞 害羞 大家都希望拍出 的成品 [good] [爱你] [爱你] [爱你] [可爱] [害羞] [害羞]
1,太开心 微博搞笑排行榜 表哥" "表叔"都是浮云，国表才是真王道！ [太开心]
1,爱你 张浅潜 难为苍水半欲仙 [爱你]
1,祝我妹生意兴隆，财源广进！ 鼓掌 [鼓掌]
1,回复 杏眼圆睁 扬州的朋友们已经开始行动了，谢谢大家了 给力 鼓掌 杏眼圆睁 得！有扬州的吃货们呼应，估计这事很快就能解决了 微博的再次胜利 一麻一辣冯岩 回复 熊猫小姐爱美食 好的，放心，一定。。。 熊猫小姐爱美食 回覆 一麻一辣冯岩 老板，速度，扬州的吃货们迫不及待 [给力] [鼓掌]
1,尚雯婕恩赐之地 私享会，给大家带来更多的惊喜。感谢黑叔的贡献，感动 ！ 爱你 [爱你]
1,元宵节撞上情人节 陪家人 陪爱人 可怜 当情人节撞上元宵节，是手拉手过情人节，还是回家陪家人过元宵节，又或者是手拉手回家陪家人过元宵节？随着 的逼近，网友们纷纷在网上发帖感叹， 这 汤圆 遇上 玫瑰 ，真是让人难以抉择。明天就是双节咯 你会怎么过呢？ 嘻嘻 [可怜] [嘻嘻]
1,哈！我拍过不知道是啥，原来是茴香呀 嘻嘻 [嘻嘻]
1,第一次起床做早餐吃，感觉不错哟 ！ 嘻嘻 [嘻嘻]
1,你哭着对我说，童话里都是骗人的。 全球顶尖摄影 童话是美好的，现实是残酷的 哈哈 各种毁坏就在 黑童话集 [哈哈]
1,女汉子。。。哈哈哈 哈哈 哈哈 [哈哈] [哈哈]
1,坚持到老 鼓掌 幸福的西西米 这个事情我们每年都做。 双子蝴蝶 谭小娇女士 于沛辰 全球时尚 有意思 [鼓掌]
1,徒弟，你这背心好漂亮啊，以前咋没见你穿过？哈哈！ 哈哈 [哈哈]
1,互粉 天天向上 五周年：我们在等你 爱你 想家林志 ！晚上见！ 围观 [互粉] [爱你] [围观]
1,淡淡的声音 喜欢 宗介 鼓掌 太好了 [鼓掌]
1,豆子真乖！ 爱你 爱你 爱你 [爱你] [爱你] [爱你]
1,事搜一搜 哈哈 [哈哈]
1,哇，胃口大开！祝您用餐愉快 哈哈 [哈哈]
1,哈哈 哈哈 哈哈 幸好我不看 [哈哈] [哈哈] [哈哈]
1,英雄，就是这样炼成的。 鼓掌 [鼓掌]
1,鼓掌 鼓掌 鼓掌 大家好 ！ 起床困难儿童 上海新发展亚太万豪 [鼓掌] [鼓掌] [鼓掌]
1,北京 毕业生 设计师叶谦的独立时装品牌 首个男装系列上市啦！ 鼓掌 衩姐已经穿上了，你呢？ 挤眼 偷笑 叶谦 得到衩姐的认同不容易！毒舌也有温情天 哈哈 [鼓掌] [挤眼] [偷笑] [哈哈]
1,天天向上 ： 播出进行时 替刘雯提前预约下，建议做刘雯专场，全场男嘉宾都是为她而来的，行吗？ 爱你 我们约会吧 刚看了 刘雯 这期天天，可爱又有气质的湖南妹子，是我们湖南人的骄傲 你 听闻雯雯父母是 我们约会吧 脑残粉，雯雯想找对象可以来上约会 偷笑 刘雯 求小板凳，啤酒炸鸡 [爱你] [?你] [偷笑]
1,七夕见 哈哈 珊珊婚纱礼服高级定制 感谢小编编推荐 抱抱 ，我们七夕见 心 心 心 像一样一样 不就是个名儿么 闹小糕 [哈哈] [抱抱] [心] [心] [心]
1,太可爱了 全球奇闻趣事 笑喷了！ 哈哈 [哈哈]
1,必须转！！ 鼓掌 鼓掌 奥迪汇 奥迪体育 作为国际马术联合会与中国马术协会等机构联合主办的国内高级别马术赛事，本次联赛吸引了劳力士、一汽 大众奥迪和 等高端品牌的积极响应和参与。 [鼓掌] [鼓掌]
1,收着钱的 嘻嘻 [嘻嘻]
1,有沟必火 哈哈 哈哈 哈哈 哈哈 爱你 爱你 爱你 沫小豆攒人品跟雅思分手 回复 茉莉仙草 这张拍完我顺着小推车就冲出去了。。。。。 茉莉仙草 好可爱哦 [哈哈] [哈哈] [哈哈] [哈哈] [爱你] [爱你] [爱你]
1,啦啦啦啦啦 最后一句亮了有木有？！！ 哈哈 哈哈 [哈哈] [哈哈]
1,现在的网购真是方便啊，在家一坐，货就送来了，我就想相声能不能也开放搞活一下，观众在家坐着，演员上门给各位说？那我先点一段谁的好呢？ 嘻嘻 [嘻嘻]
1,吃惊 和家人喝多了，没算过来。 徐子崴 八首好吗！ 害羞 害羞 害羞 吴柯 好词好词，二位已有七首作品登上央视春节期间晚会，恭喜！ 徐子崴 元宵佳节闹元宵！ 大好河山 有多娇！！ 嫦娥 飞出 中国范儿 ！范儿范儿范儿范儿 吴国之城 鼓掌 鼓掌 就等这一刻！ [吃惊] [害羞] [害羞] [害羞] [鼓掌] [鼓掌]
1,儿时才会有的接连几天的阴雨，恍惚记起无聊的趴在窗台看雨的时刻和雨后小河暴涨浑水摸鱼的快乐 嘻嘻 [嘻嘻]
1,第三杯下午茶咖啡，是要把未来 年的见面也预先喝掉吗？ 哈哈 哈哈 咖啡 [哈哈] [哈哈] [咖啡]
1,其他都不会的话，至少会嫖娼吧？ 嘻嘻 红色猎隼 太坏了 [嘻嘻]
1,戴艺 你喜欢的哦 鼓掌 鼓掌 [鼓掌] [鼓掌]
1,北京康源瑞廷酒店 年员工新春联欢会开始啦，开场舞 开门红 ，由酒店舞蹈队表演 鼓掌 [鼓掌]
1,不村儿，不村儿，挺潮的！制服系 诶呦喂 咱初中的校服是好几件套的 跟服务生似的 哈哈 你是说我长得村儿么？ 嘻哈包袱铺高凤鸾 你穿校服挺好看的 详情参见初中毕业照。 诶呦喂 虽然那时候特讨厌穿校服，但现在真怀念！我前几天看见有学生把校服裤子口改了，包腿儿，跟哈伦裤似的，还挺帅 [哈哈]
1,这次都是专柜买的哦 很划算 哈哈 样子也好 [哈哈]
1,哇！还有这个！ 耶 莫人出品人 可爱 可爱 可爱 [耶] [可爱] [可爱] [可爱]
1,土耳其的花花草草好香啊！谢谢 爱你 海淀猪宝宝 [爱你]
1,现在这个季节的菜并不代表 诺亚有机 的水平，因为昼夜温差小所以味道不如其他季节 嘻嘻 。但不管怎样，绝对安全地说！ [嘻嘻]
1,回复 在路上 汗 汗 全是明白银呐 鼓掌 鼓掌 在路上 原麦或者大麦磨成粉都可以吧，我们老家那叫 第一声 子粥 做鬼脸 [汗] [汗] [鼓掌] [鼓掌] [做鬼脸]
1,太有爱 心 汪汪喵呜孤儿院 爱你 [心] [爱你]
1,小编传送门 今天必须要转的！ 爱你 [爱你]
1,本人没胖！ 耶 赵金 减肥成功 嘻嘻 [耶] [嘻嘻]
1,坐着火车吃着火锅唱着歌去武汉看 江一燕 老头夜话：报名！！ 一票通创始 ： 江一燕：八月十三，十四 七月与安生 武汉之夜 鼓掌 武汉剧院 订票： 、 [鼓掌]
1,有人刷牙还在用这种瓷杯嘛？ 嘻嘻 这个瓷杯陪爸爸几年部队生活后又陪了我这么多年！掐指一算，它竟然 岁了 吃惊 我在这里 [嘻嘻] [吃惊]
1,这个蛙好像一只小恐龙 哈哈 [哈哈]
1,某知名风投合伙人微博中提到员工数百收入千万级可称优质互联网公司。俺心里默默念叨 "优质可期优质可期，加油加油。不过，员工数百会不会有点人力成本太高，俺们估计可以控制在数十 嘻嘻 " [嘻嘻]
1,这回没问题了 哈哈 卧松观海 冯总可以考虑来个店中宽带覆盖，以后去一麻一辣发微博更方便了 一麻一辣冯岩 北京联通宣布全网宽带 月 日免费提速，原 升为 ， 升为 ， 升为 ， 客户升为 。由铜缆接入的 及 以上用户需在客户侧完成光纤入户改造后才能享受到 以上宽带速率。 [哈哈] [good]
1,陈总支持 事半功倍 哈哈 陈业文新大都 给力 哈哈 鼓掌 郭月晨 明确目标 坚定信念 前进 风光王健 近期为了企业的发展有些纠结，中午和千禧大酒店的高管探讨如何营销，晚上和 郭月晨 取经，晚间又和知己聊人生聊发展，受益非浅，在此深表感谢！ [给力] [哈哈] [鼓掌]
1,可爱 谢谢亲的光临哟。 心 [可爱] [心]
1,值得一试。不需要部首法查字典了。 芦 转银行机场快递移动电信联通有关工作人员及转载我刊文章打出芦土土土芦三土芦方框芦然后就没有了的编辑们阅 嘻嘻 麦晓纹 作会议记录时也深受这个字之害，哈哈 芦 呆二 芦 望东方周刊 飞个吻 [嘻嘻] [飞个吻]
1,一个朋友说：他要在 年 月 日领证。我问为啥？他说那是个好日子！你们知道是什么日子吗？？？ 哈哈 [哈哈]
1,纯白可爱多 可爱 [可爱]
1,有着 年历史的 ，曾经是奥运大街角落里的小酒吧，如今已经成为洛杉矶最受欢迎的餐馆之一， 嘻嘻 吃货游踪 [嘻嘻]
1,啊啊啊限免啦，终于等到这一天了 嘻嘻 嘻嘻 嘻嘻 郭小懒 大家赶紧戳啊！戳戳！ [嘻嘻] [嘻嘻] [嘻嘻]
1,攀丝 太开心 [太开心]
1,早安 愚巷 求解套 卢九评 哈哈 [哈哈]
1,酷游世界 天悠游台湾 面对美食， 的赠品扇子就被偶无情的抛弃了 嘻嘻 人家手不够用嘛 委屈 北京有个老顽童 台湾自由行 海峡零距离 酷讯旅游 酷讯旅游体验师 悠游台湾个人游 [嘻嘻] [委屈]
1,鼓掌 回复 宁静致远 峰 你不要那么激动哎 宁静致远 峰 热也热死烈！ 汗 汗 汗 真露脸！归归！ [鼓掌] [汗] [汗] [汗]
1,八天终结 连上八天的班，终于要在今天跟大家说再见了 这是一个举国欢腾的好消息哦 鼓掌 鼓掌 预祝各位周末愉快，吃喝开心哦 鼓掌 鼓掌 [鼓掌] [鼓掌] [鼓掌] [鼓掌]
1,看卡卡卡卡卡卡 嘻嘻 嘻嘻 嘻嘻 走过大地 看我看我看我！ 柳絮同学 心 心 心 走过大地 的生活书 一柄锈剑 托斯卡纳 璐小璐 邵 夏小青 昆哥 [嘻嘻] [嘻嘻] [嘻嘻] [心] [心] [心]
1,嘿嘿 感谢您的欢喜！ 太开心 心 周末再聚餐一定要早点到哦 这样会很快滴 嘻嘻 莉莉 啊哈 难得小聚， 青年餐厅 味道不错 [太开心] [心] [嘻嘻]
1,了 嗯 还年轻 哈哈 [哈哈]
1,嘻嘻 一会儿见，一会儿见，好好做啊，我饿着肚子等着呢 [嘻嘻]
1,年前因为工作忙加之美发厅的人特多，所以没有前去凑热闹。今天下班后看到楼下的美发厅开始营业了，而且没人光顾，哈，还是老传统正月不理发吧？我本来也没舅舅便无所顾及，便便利用人少的机会去染一下头发，真是贵宾待遇，三个人为我一个人服务，真难得呀 嘻嘻 日尧由 [嘻嘻]
1,，新年新气象，新年新开始，加油加油！ 嘻嘻 哈哈 哈哈 哈哈 哈哈 爱你 哈哈 哈哈 哈哈 哈哈 [嘻嘻] [哈哈] [哈哈] [哈哈] [哈哈] [爱你] [哈哈] [哈哈] [哈哈] [哈哈]
1,赞气质书女！转整理书评 鼓掌 普华文化 雨枫书馆 人民邮电出版社 [鼓掌]
1,剧情梗概 哈哈 纤尘不染 方舟子 率领千万大军坐阵搜狐疯咬北大才子 王牧笛 反被王小胖剥皮，方又气急败坏找小胖母亲、女友、领导及合作伙伴，见无人理睬，便满地打滚至满盘皆输，方骗只落得威风扫地，体无完肤。而今，小胖不理方骗了，他居然虚张声势嚷嚷要去衙门告状呢。 右哼哼 [哈哈] [右哼哼]
1,两点出发，西站接妈，一路畅通，怒放心花！ 哈哈 北京西站好地方，睡觉宽敞又凉爽，东西南北任意躺，还有武警来站岗 威武 给力 哈哈 北京西站官方微博 平安北京 北京交通广播 [哈哈] [威武] [给力] [哈哈]
1,活着真好。 哈哈 [哈哈]
1,饺子就酒越吃越有！ 哈哈 [哈哈]
1,感谢歌迷会转发！ 哈哈 斯琴格日乐歌迷会 的 刘庆雪 小猴子 刘灿 乐姐 太开心 小白 痞痞的豆子 斯琴塔娜 小猴子 刘灿 斯琴格日乐歌迷会 斯琴格日乐 此乐乐 黑川 子 [哈哈] [太开心] [good]
1,生个闺女爸爸下午陪着午睡同事来电问你做啥啦？陪别人的老婆睡觉呢 霍霍要加油 可爱 小树妖 恩 对的 我在我爸眼里就一个字：完美 高跟世家 世界上最爱你的那个人，已经娶了你妈妈 [可爱]
1,路见美食一声吼 抓狂 该拍照时就拍照 偷笑 风风火火去旅游 嘻嘻 轰轰烈烈吃大餐 哈哈 干干脆脆按个赞 赞 [抓狂] [偷笑] [嘻嘻] [哈哈] [赞]
1,哈哈哈木啊 看到难得发长微博的人给我发了个长微博，真好 爱你 爱你 爱你 爱你 爱你 爱你 [爱你] [爱你] [爱你] [爱你] [爱你] [爱你]
1,旅游资讯 中国国际旅游交易会宁夏展位，支持水洞沟景区！ 鼓掌 [鼓掌]
1,来了 好激动 ，一起去看看吧！ 太开心 马叉虫又鸟又鸟的潘潘潘 马大颖 马丹微 马道郑云龙 马灯灯 马丁龙猪 马 要奔跑 马海芸 马华悦 马慧晗 马火火 马佳宏 马佳颖 马夹袋 马君芳 小姐 [好激动] [太开心]
1,偷笑 精彩电影 胡子真的很重要 哈哈 [偷笑] [哈哈]
1,偷笑 宝宝 偷笑 这事不能细说 小猪妹精灵 笑抽了！ 余生 嘻嘻 小糨糊妍妍 所以韩书记面带微笑 哈哈 小郭变老郭 这个，我真的笑了。。。 鼓掌 萝卜卿卿 阿拉懂额 偷笑 第 次格式化 偷笑 夜访西血鬼 偷笑 肉肉 哈哈 好含蓄 [偷笑] [偷笑] [嘻嘻] [哈哈] [鼓掌] [偷笑] [偷笑] [偷笑] [哈哈]
1,正在重播中，对！就现在！多首脍炙人口的好歌！早起的鸟儿有虫儿吃，晚睡的人儿有歌儿听 嘻嘻 鼓掌 太开心 任泉 不好意思，唱歌了 害羞 [嘻嘻] [鼓掌] [太开心] [害羞]
1,爱佑播报 今天下午，美国威斯康星州东南部脑瘫联合协会 执行主任 和资深咨询师 登门拜访爱佑，与爱佑针对国内外脑瘫现状、教学理念及方式方法进行深入沟通与交流，双方约定进一步互通资源，友好合作。 可爱 [可爱]
1,一定要推荐 哈哈 傻妮儿在北京 杭州酒店资深玩家推荐。我也来荐一个柳浪闻莺对面的桔子水晶。旅游季节来啦 [哈哈]
1,转发 床前明月光，想喝民间瓦罐汤。人比黄花瘦，因为没赣乡地皮菇。小荷才露尖尖角，红米饭来配南瓜汤。月落乌啼霜满天，江西名菜无敌鲜。春风又绿江南岸，石磨凤爪不怕烫。君问归期未有期，品一口凤爪笑眯眯。我劝天公从抖擞，桂鱼煮粉少不了。在天愿作比翼鸟，南昌炒粉可以有！ 太开心 太开心 [转发] [太开心] [太开心]
1,哈哈哈 得瑟一下 祝丹 哎哟喂 必须转 好久没见人自恋了 咔咔 哈哈 [哈哈]
1,哈哈 猫猫奕 无 [哈哈]
1,第四波活动已经发出！！ 嘻嘻 江小爬 杜子建 狐狸猫 单车旅行的肥猫 林小喵 阿 娘子 [嘻嘻]
1,太开心 好香的薰衣草 太开心 好美的红花 太开心 好纯正的精油 做鬼脸 哈用薰衣草和红花泡澡 精油红油护肤 太开心 让我的皮肤吸收下养份美美睡上一觉、今晚养足精神、明天录制新歌曲噢 嘻嘻 情歌怎么唱 情歌怎么唱 情歌怎么唱 睡觉 情歌怎么唱 呢 睡觉 我在 [太开心] [太开心] [太开心] [做鬼脸] [太开心] [嘻嘻] [睡觉] [睡觉]
1,美女相聚，生日快乐！ 爱你 蛋糕 [爱你] [蛋糕]
1,龙门镖局 酒窝很一致，介是糊哥的 正牌亲爹 的节奏么 嘻嘻 哈哈 偷笑 [嘻嘻] [哈哈] [偷笑]
1,北京天津一卡通 为啥我觉得应该是全国一卡通？ 哈哈 详情 [哈哈]
1,感受江湖的火辣与激情！谢谢大家的支持与喜爱！周末愉快啦！ 可爱 三样菜排队中 [可爱]
1,构图没学好，重要的要框进画面来 偷笑 石家大小姐 保密！ 爱你 黄晶 哈哈 我也要看事业线 忧郁的石头 妹子麻烦镜头再往下拉一点 馋嘴 [偷笑] [爱你] [哈哈] [馋嘴]
1,哈兔有了哈迪小妹妹和哈雷小兄弟后成老大了 哈哈 [哈哈]
1,回复 兰兰的兰兰 小编我连喝豆汁都修炼出来了！ 偷乐 兰兰的兰兰 回复 北京姚记炒肝店 官方 哈哈 之前真心不喜欢吃，但是这次吃了大大一碗 [偷乐] [哈哈]
1,巴神绝对神，劲爆的两个进球 嘻嘻 [嘻嘻]
1,昆航随时欢迎您，乘机前三天来昆航微博留下出行信息还会有"微 "惊喜哦！若是有缘人，定会常相见，期待与您在 航班上相遇！ 可爱 [可爱]
1,清明节的纪念，以后烧纸就对着它们吧！ 哈哈 小兔 [哈哈]
1,挖鼻屎 无聊 味道工坊陈乐乐 越看越爱 球球 发胖 味道工坊小笨鸟圆子 方臣一品 哈哈！ 这个玩样好。 嘻嘻 嘻嘻 求链接！ 味道工坊陈乐乐 链接呢 盒子世界 好想买一个，轻轻松解闷之用 [挖鼻屎] [嘻嘻] [嘻嘻]
1,爱你 爱你 热短发 有个哥哥真好 可怜 [爱你] [爱你] [可怜]
1,大侄儿！ 爱你 [爱你]
1,实话实说 衰 林晖 上海 固体、液体、气体都是毒，幸福感由然而生 哈哈 北山骑象人 老钟好人，肺腑之言！鸡的屁和收入倍增都是政客的游戏！ [衰] [哈哈]
1,转发！！我要啊我要啊！！！ 哈哈 [哈哈]
1,那是拌拉皮 有皱纹的可以来一份。 蜜兔 左下是拌粉皮么？暑假来啦，我开足马力来了， 害羞 鼓掌 鼓掌 [害羞] [鼓掌] [鼓掌]
1,行动派啊，太给力了。 艳子 海带 哈哈 ，馋得我的哈喇子啊 [哈哈]
1,支持！南区操场上的爱心。 爱你 馨悦的大公主 贵州大学也即将会在新浪微博上成立 关注黔金丝猴小队 ，最后获胜的小分队还会获得环保证书并且免费游梵净山的机会哦，同学们快快参与吧！ 贵州省旅游局 贵州大学学生之家 关爱世界独生子，黔金丝猴 [爱你]
1,美图好诗！ 鼓掌 言家楼 回复 俺叫老鬼 七律。感时 叶随风舞身何处， 鸟逆风行觅树梢。 岁月风来无退路， 激流风助有波涛。 寒微风动曾言志， 富贵风骚似不牢。 雪竹风梅诗未尽， 休云风雨剪春刀。 鸢肩格：藏珠 风 。 [鼓掌]
1,帅哥方丈的好东西！我就秀秀！不是我的！他不卖！ 哈哈 哈哈 哈哈 [哈哈] [哈哈] [哈哈]
1,回复 陶真 谢谢支持！ 威武 围观 哈哈 陶真 你俩演的真有意思！ 围观 喜剧男人组合 不知道我们的节目能去吗？ 害羞 威武 少枫 恭喜幽默组合 喜剧男人组合 登陆中央电视台 我爱满堂彩 节目，已经播出，希望大家多多关注支持哦！视频地址： [威武] [围观] [哈哈] [围观] [害羞] [威武]
1,回复 一麻一辣冯岩 期待更多的新品带给消费者，让夏季过得跟缤纷一些！ 一麻一辣冯岩 回复 侯莉梅 名厨 哈哈 谢谢 [good] [哈哈]
1,下午出去开着小白和老哥得瑟了一把 哈哈 尽管俺的小白价格只有他大哈一个零头，尽管一路所有的目光都被哈雷夺走。但，咱很省油，咱也是京 ，咱很安静，咱是北京第一辆 嘻嘻 低调的美，顺便鄙视一下京承高速到五环一下并三条线到出口以及东风北桥出口辅路行驶不知道让主路的无良司机 哼 哈哈 [哈哈] [嘻嘻] [哼] [哈哈]
1,鼓掌 鼓掌 感谢推荐！配图为 星野梦缘 石之教堂 位于 日本 轻井泽 非常震撼！ [鼓掌] [鼓掌]
1,我每天都是周五周六的表情啊 小辛辛 嘻嘻 [嘻嘻]
1,中国风的早餐喜欢吗？ 爱你 [爱你]
1,画的不太和比例，应该给日本画小点 白菜帮 大盔 哈哈 会画画真好 呜呜 [哈哈] [km呜呜1]
1,说谁哪？吃喝玩乐大搜索第一淑女，在下祝所有看到此微博的朋友们、同学们、同志们 就是单纯的革命关系的那种 ，吃嘛嘛香，身体倍儿棒！ 鼓掌 鼓掌 鼓掌 [鼓掌] [鼓掌] [鼓掌]
1,太开心 完全木有问题啊 金三胖 是不是不会英语在这也能生存 哈哈 加拿大里士满微博 呵呵 至少空气好，不是么 [太开心] [哈哈] [呵呵]
1,啊一整天 花痴中。。。 鼓掌 喵儿呜 这个可以看 分钟 全球热门排行榜 ：来吧 看这里看这里！ [鼓掌]
1,本期节目真是看点多多啊，搞笑也从小朋友开始了吗？ 黄河大合唱 看起来如此激昂，这现场又是怎么了？期待本周日晚 点 分，再次笑声来袭！ 哈哈 [哈哈]
1,咋滴？又装冤枉装无辜装可怜了呗？ 昆哥 我敢叫哥在里面演的挺好啊 嘻嘻 按照 的 来说，本官可以断定这案子绝对是 昆哥 是罪魁祸首！牛头 李 的猜想 马面 把他抓起来。 [嘻嘻]
1,回复 快乐三石微博 不 我是最左边抱着包的那位 偷笑 快乐三石微博 一看就是那个穿兰衬衣的帅哥 可爱 鼓掌 [偷笑] [可爱] [鼓掌]
1,回复 麒麟伟骏 旅行的乐趣在于旅行路上收获自由自在的好心情。 耶 麒麟伟骏 鼓掌 谢谢！ 咖啡 握手 太开心 永平府 有哲理 麒麟伟骏 踏浪心语 [耶] [ok] [鼓掌] [咖啡] [握手] [太开心]
1,回复 甜朵钱艳 木有银丝，有比银丝粗一点点滴 哈哈 甜朵钱艳 这面唯一的缺陷好像没有像银丝面那种细度 偷笑 偷笑 ，江浙沪人民爱吃细的 [哈哈] [偷笑] [偷笑]
1,我逛累了，堵车堵的饭点回不去家了，上菜了，我睡会吧！ 汗 打哈气 打哈气 护照拿去弄签证了，月底灰了 万圣节去国外过啦。 太开心 嘻嘻 偷笑 [汗] [打哈气] [打哈气] [太开心] [嘻嘻] [偷笑]
1,月 今儿心情极好，大清早的把琴给练了 爱你 因为有阳光，因为开放日，更因为裙子 [爱你]
1,老天让我中五百万吧 嘻嘻 嘻嘻 小宇宙萌 你俩说说想什么呢？ 哈哈 [嘻嘻] [嘻嘻] [哈哈]
1,封新城 吁。。。 字的力量 快告诉我如今咱们国家还允许讽刺什么？ 哈哈 郭德纲 哦： [哈哈]
1,中国好老婆 这是一位网民整理出的他太太烹饪的早餐，他说： 每每吃到它 总让我倍感 暖和幸福！ 一个做饭，一个用相机记录，幸福感瞬间爆棚啊！！！看着好美味！羡慕啊！！ 花心 人生得此老婆足矣！！你想 你的老婆吗 哈哈 哈哈 [花心] [哈哈] [哈哈]
1,吾酷小宝 太受欢迎有人抢了宝贝 鼓手余伟民 一丈魔 王乱子 一弛 孟陌陌 哈哈 那、、我可就先、、不客气了！ [哈哈]
1,周末愉快 爱你 [爱你]
1,妈妈 爱你 打酱油 熊猫 心 [爱你] [心]
1,回复 鬼鬼打桌球 快过年了，马上要脱离苦海了 嘻嘻 鬼鬼打桌球 小姐姐，你每天发这些，真是诱惑我们这种处在水深火热的啊 [嘻嘻]
1,我爱满堂彩 快乐微直播 看惯了喜剧小品的朋友 今天有福了 赞 赞 新手影小品 新农村喜事多 定会让您狂呼过瘾的 新婚夫妻突然变成了枝头鸟雀，叽叽喳喳地叫嚷出幸福的新生活 耶 只是 过儿啊 能不能送只大雕来 把这不识趣的司仪叼走吧 哈哈 大厂歌舞团安国良 [赞] [赞] [耶] [哈哈]
1,回复 是滴 回复 高球行者 不了，找教练 刘强高尔夫 学习去这个比较重要 可爱 教练的时间比较宝贵，特别是高级教练 部落格咖啡会所 南熹有空可以一起哦 回复 鹏哥飞翔 我是懒洋洋哦，所以头上要有一坨棉花糖 转 [可爱] [ali转]
1,哈哈 握手 没有蛀牙的 回复 七洲网浪侠 老朋友相见，亲切又温馨 呵呵 七洲网浪侠 今天七洲网办公室将迎接来自斐济的朋友，告诉你斐济有多美！ 没有蛀牙的 七洲游侠 转发微博 [哈哈] [握手] [呵呵]
1,遮住是为了掩饰对你的冒犯，可还是挡不住要看 嘻嘻 [嘻嘻]
1,，爱你一生。祝大家新一年快快乐乐！ 爱你 [爱你]
1,真心昨天晚上那款蛋糕很喜欢，谢谢亲的分享 哈哈 [哈哈]
1,多么欢乐的聚会！ 鼓掌 鼓掌，撒花 赞啊 推荐 玫瑰 雨枫书馆 雨枫崇文馆 左象彭彭 [鼓掌] [赞啊] [推荐] [玫瑰]
1,老长老长的，有时翻到中间也没个回顶部之类的提示，不知所措很多次啊 爷爷的咖啡磨 哈哈 [哈哈]
1,客气客气，比较专注，过新年了，呵呵呵 我不是你认识的大大大大羽 谢谢！今天小年啊？哈哈 我都不知道！普天同庆 ！ 哈哈 哈哈 旅游探路者之追寻 小年快乐，祝快乐啊 我不是你认识的大大大大羽 去去去！！！ 带着微博去旅行 [哈哈] [哈哈] [带着微博去旅行]
1,支持优秀的艺术创作！ 河东狮文化 很黄婆卖瓜地通知，大家最新一期 新望 第 期庄臣明星饭堂详细介绍了河东狮文化 月 日愚人节最新爆笑混酱剧 暗恋有毒 ，各大便利店及报摊有售，敬请各位老友转告各位老友让更多老友捧捧场。 导演思诺 鼓掌 庄臣微博 何东 [鼓掌]
1,一局，我也期待！ 是我非常期待的 心 局 鼓掌 鼓掌 鼓掌 给力 的 局 味 是的 我 包 晚 行 局 品 道水 的海 和 薄 [鼓掌] [鼓掌] [鼓掌] [给力]
1,一会开始，黄金周出游和美食攻略，很实用滴！ 卞洛磊 貌似还有人是第一次上镜 鼓掌 鼓掌 鼓掌 鼓掌 裴虹猪鼓励 [鼓掌] [鼓掌] [鼓掌] [鼓掌]
1,哈哈 让人欢喜让人恨的豆汁啊！好吧 不多说啦！ [哈哈]
1,吃好吃的什么时候都不晚 嘻嘻 嘻嘻 [嘻嘻] [嘻嘻]
1,抱抱 坚持做做： 桦桦 ： 葛芳 时尚瘦身 坚持。。。身体好生活才会更好 [抱抱]
1,哈，熟悉的帅哥。。。还在想清明假期要不要去海南岛。貌似三四天不够 刚峰看世界 下次可跟上 行者谭迁 骑惠州绕大亚湾一圈 嘻嘻 最美惠州 [嘻嘻]
1,全民运动，光是看看就觉得好欢乐 哈哈 重庆人民的热情就是这么体现的！ 偷笑 兔子 围观 真懂 众里寻你千百度，却还是没发现你。。。 晕 衰 失望 [哈哈] [偷笑] [兔子] [围观] [晕] [衰] [失望]
1,向海底捞学习 可爱 梁爽 要求给解释时服务员告诉说：餐饮企业出现这类现象是正常的！ 林友炜 尹峰 黄记煌 黄耕 王星餐饮品牌策划人 [可爱]
1,报告，植物园这边虽然刮风但感觉不到什么沙尘啊！不想呛，多种树 嘻嘻 [嘻嘻]
1,美洲杯帆船赛 哈哈 受不了了 昔 人 介是大话西游吗 [哈哈]
1,够自由的了 可以自由的翻墙 灰色 思考 脸字都不知道怎么写了 闪 说的好 我们最开放了 偷笑 咪亚咪亚 文怡 耶 耶 ，好幸壶 鼓掌 [思考] [偷笑] [耶] [鼓掌]
1,韩健刚 不做自己控制不了的事，这是对自己对社会负责的人生观！ 赞 赞 赞 很久以前一位大哥对我说：做兄弟可以拍肩膀称兄道弟，但不能乱拍胸口轻易许诺！乱忽悠已是这个社会的恶疾， 坚决反对！ 头等舱俱乐部 联合传播老鹰 鼓掌 鼓掌 [赞] [赞] [赞] [鼓掌] [鼓掌]
1,郑路一软件园 鼓掌 [鼓掌]
1,敬请期待！请支持民族电影 月亮之上 支持这个外表倔强内心温柔的好菇凉 小 乌兰 ，她还是单身呢！欧耶！ 嘻嘻 [嘻嘻]
1,趁活动结束前赶紧又囤了四盒，提拉紧致款好好用 这表明我已经老了么 泪 妈咪爱商城 谢谢小礼物，小册子好贴心 爱你 你的面膜到货啦，速来认领吧！ [泪] [爱你]
1,鼓掌 岳富涛 我是刘佳 一财欢迎你！ [鼓掌]
1,记得来吃圣诞套餐哦 哈哈 关注星期五餐厅微信留手机号 得一张鸡柳棒的免费券哦 爱你 天方白小俊 嘻嘻 [哈哈] [爱你] [嘻嘻]
1,荷兰建筑 总是能让人带来惊奇！你觉得是惊呀 疑问 ，还是惊喜呢 鼓掌 ？ [疑问] [鼓掌]
1,吃出小时候的味道 嘻嘻 干净！ 我在这里 [嘻嘻]
1,漫游厦门 厦门演武大桥 厦门有那么多美丽的桥，你走过其中几座？ 爱你 ：星光 [爱你]
1,得意地笑 掌柜的小娜，处女航哦，不知道从掌柜这里拿到船票的情侣现在是不是也在船上！ 爱你 [得意地笑] [爱你]
1,世上本没有什么大不了的事情，结束意味着开始，风雨意味着彩虹 我要去住 鼓掌 [鼓掌]
1,月饼 今天下午三点钟，我们的活动准时开始了 鼓掌 小伙伴们快来看，这几位紧跟我们节目并且 时刻准备着 的观众已经摩拳擦掌跃跃欲试了！今天学会做月饼以后，这个中秋是不是又能省下一笔不大不小的花销呢？ 得意地笑 一起来期待最终的结果吧 [鼓掌] [得意地笑]
1,京必 嘻嘻 京城文人 [嘻嘻]
1,鼓掌 明年预定 枚樱桃 [鼓掌]
1,最近好人品爆发啊 爱你 谢谢 携程旅游 携程旅游 达人 数万大奖今日送出 今日奖品第一波：恭喜 若琳琳就是喵 程诗然 各获得 包包一个，请 小时内私信小编你的寄送地址和联系方式。下午 点送出第二波： 个 包包！！！下午 点送出免费夏威夷双飞名额！快快参加吧 [爱你]
1,回复 迷糊清醒纪 只有十几天，我刚才算错了，这样想来，又开心不少 哈哈 哈哈 哈哈 迷糊清醒纪 嗯，值得期待！这也是我接下来俩礼拜工作的最大动力呀！ 若水 接下来要努力奋战二十多天，所以期待着圣诞及新年的好友聚会 鼓掌 鼓掌 鼓掌 太开心 太开心 太开心 [哈哈] [哈哈] [哈哈] [鼓掌] [鼓掌] [鼓掌] [太开心] [太开心] [太开心]
1,我连名字都没排上！ 哈哈 劳毅波广州大波波 我敬老 哈哈 武旭峰 排名不分先后。虽然波波牛 。 广东阿茂 这排名是否是官本位 怎么波叔排得这么后 武旭峰 标准粤粗粗！ 广东阿茂 牛叉叉 系吾系粤粗吖！？ 劳毅波广州大波波 你牛叉叉，我们现在才喝上一杯热茶 晕 泪 [哈哈] [哈哈] [晕] [泪]
1,鼓掌 鼓掌 太开心 太开心 蕾女心经 鼓掌 鼓掌 鼓掌 鼓掌 鼓掌 黄小闪闪闪 [鼓掌] [鼓掌] [太开心] [太开心] [鼓掌] [鼓掌] [鼓掌] [鼓掌] [鼓掌]
1,我们公司一点都不奥拓太 给力 了大家支持起来 围观 鼓掌 鼓掌 [给力] [围观] [鼓掌] [鼓掌]
1,可爱 可爱的姜饼屋与麋鹿 [可爱]
1,我也爱你们 哈哈 武圣教主 那是那是！ 五岳论坛 那是那是！ 龙泽古今磊 那是那是 郑忠阳 那是那是！ 全图解 是吃水不忘挖井人 郑忠阳 还是要感谢 新浪龙江旅游 的牵线，希望下次新浪的朋友不要集体缺席！ 哈 尔 滨 有朋自远方来，不亦乐乎 太阳 [哈哈] [太阳]
1,朋友间最美妙的发现，莫过于成长道路不同却并未滋生隔阂。早安 太阳 微风 ，我的朋友，爱你们 爱你 爱你 爱你 ！ [太阳] [微风] [爱你] [爱你] [爱你]
1,知乎的 如何正确地吐槽 成了我每日必看栏目。这条吐槽我真的跟着做了。 哈哈 [哈哈]
1,你送我呗。别砸了，破坏东西不好。 哈哈 叶航 据说上海也是啊 可是 我开始有些讨厌苹果了 哪天把我的苹果全部砸烂 有响应的我们一起砸啊 依珂 谁能告诉我一下，苹果到底有多好？ 可乐好 至于么？ 徐腾飞 畸形的社会，为了部电话都疯了，不可理喻！ [哈哈]
1,超梦幻超酷 鼓掌 [good] [鼓掌]
1,哈哈 台湾老街 哦哦 连零食都要成双成对！知道了 为了不让人说偏心 小 以后买张君雅小妹妹的时候也会记得张君宝小弟弟的 [哈哈]
1,氏 爸爸妈妈 兔拉拉 和你给大家来个新年伊始第一秀 拳头 幸福安康，如意吉祥。顺顺利利，甜甜蜜蜜 嘻嘻 新年快乐 赞 [拳头] [嘻嘻] [赞]
1,发财树半米高！ 可爱 种植小能手 [可爱]
1,嘻嘻，，谢谢大家捧场啦 嘻嘻 围观 围观 围观 好多银儿 何瑾 祝贺祝贺 鼓掌 鼓掌 鼓掌 鸣乐汇先锋相声 鸣乐汇先锋相声 高朋满座 鼓掌 鼓掌 威武 威武 [嘻嘻] [围观] [围观] [围观] [鼓掌] [鼓掌] [鼓掌] [鼓掌] [鼓掌] [威武] [威武]
1,这啥情况？老胡也被黑吃黑了？ 哈哈 [哈哈]
1,跨国气业小饭桌 好久不开张的小饭桌 爱你 [爱你]
1,生活是我在这个世界上最敬重的美德。一加缪。大假过了一半，生活家们正在世界的各个角落享受精彩的人生吧！ 亲亲 [亲亲]
1,青年欢乐多！ 哈哈 哈哈 干啥都特别有喜感！ [哈哈] [哈哈]
1,一切命中注定！！！周五！ 鼓掌 [鼓掌]
1,货真价实的扁食嫂，童叟无欺。除了扁食，拌面也是绝品 厦门美食 这家拌面独一无二，厦门小吃三巨头中，老大姐的店子 老字号赖厝埕扁食 赞 鼓掌 [赞] [鼓掌]
1,能认识大家开心极了，特别是李爽 嘻嘻 天生异狐 难忘之旅 [嘻嘻]
1,基本没用 哈哈 [哈哈]
1,来来来，推荐三部塔图姆的电影给你们 偷笑 分手信 舞出我人生 誓约 暴力狗 兔子佳佳 ，看完之后就明白了 爱你 [偷笑] [爱你]
1,早安 人的一生注定会遇到两个人，一个惊艳了时光，一个温柔了岁月。 可爱 你遇到了吗？ [可爱]
1,中国传媒大学 广告学院同学会 ， 会所 抱抱 王皓 张山山 一方乐土 [抱抱]
1,我都被感动了 爱你 冯雪 别有创意，感动，感谢，珍藏！ 爱你 爱你 爱你 爱你 霍雪岭 劲松侯老师 韩姐教你下厨房 王星餐饮品牌策划人 胡滨微博 热点红姨 梅华周 夏柠儿 现代可汗 三摩地帮主 侯新庆 王玮 李牧哥 [爱你] [爱你] [爱你] [爱你] [爱你]
1,涨姿势了 哈哈 [哈哈]
1,宜家买的 珊瑚台灯刚刚被我装好啦，随便凹造型就很好看啦，开心哦 爱你 [爱你]
1,哈哈，这个可以有！ 月份我计划环一下洱海 英伦西德的老道 回来组建个骑行队 韦道甫 骑完腾冲之后，现在骑个二几十公里跟玩似的 哈哈 哈哈 [哈哈] [哈哈]
1,哈哈 好可爱的猪猪哦！里面是包什么材料呢？ [哈哈]
1,可爱 可爱 耍开心哦，小伙伴们 [可爱] [可爱]
1,这个酒店，看着眼熟 哈哈 哈哈 [哈哈] [哈哈]
1,寻个泰国妞才是主要目的吧？ 嘻嘻 [嘻嘻]
1,我做绿 客 周三不开车 ，换种出行方式，说不定会看到沿途不一样的景致 耶 生活的美在于发现，环境的美在于大家的坚持 围观 这周已经过半，可以开始周末倒计时啦 哈哈 关注 北京国贸饭店，参与投票就有机会获得周末两晚豪华客房住宿体验券或餐饮用餐券，快来参加吧 心 投票地址 [耶] [围观] [哈哈] [心]
1,跟阴险狡诈外加脸皮厚的人谈话真能学到很多很多的东西。 哈哈 哈哈 要脸的人不成功，成功的人都不要脸。我真得好好学学了，不然怎么在这个社会上混。 [哈哈] [哈哈]
1,回复 晕晕和豆豆 宵夜也不错 嘻嘻 嘻嘻 晕晕和豆豆 不靠谱的 小侗 整点来做早餐吧！哈哈 [嘻嘻] [嘻嘻]
1,演出结束喽辛苦了妞 爱你 太开心 鼓掌 [爱你] [太开心] [鼓掌]
1,冷笑话精选 神器！ 哈哈 [哈哈]
1,很不错得内 鼓掌 璨 刘莎莎是个好同志 丽江勇哥 录音师秦洋 吕一品 杨亚音乐教室 张倩 璨 重庆的味道 飞哥 重庆 民乐指导 冯博 混音指导 丁小奈 七见的影像厅 给力的彩蛋 璨乐团成员 伍先生 倾情演绎 璨音文化 荣誉出品！ [鼓掌]
1,可可物语 笑不露齿，嘻嘻，吼吼，哈哈，我压根就没长牙 哈哈 麻麻谎报军情，大夫说我木有出牙迹象 偷笑 [哈哈] [偷笑]
1,有点儿意思 鼓掌 ：这是个很好玩的 可爱 叶军啊 敏敏 杨雯 北京瑞吉酒店 北京编辑记者联盟 [鼓掌] [可爱]
1,回复 潘梓含 应该妹子多少斤，就送多少斤百元钞 哈哈 哈哈 哈哈 神马 浮云 潘梓含 害羞 害羞 因为山东妹子旺夫、所以多收点儿 嘻嘻 马剑是谁 还是山东人霸气 偷笑 潘梓含 三斤百元纸币是什么概念啊？ [哈哈] [哈哈] [哈哈] [神马] [浮云] [害羞] [害羞] [嘻嘻] [偷笑]
1,哈哈哈哈哈哈哈哈哈哈哈哈哈哈哈哈哈 我之前就说过， 来自于 是个很重要的社会化标签，一是代表族群身份，二是潜移默化的无成本传播方式。 来自于安卓手机 和来自于 魅族 给自己和别人的感觉完全是不同的。 正能量猥琐男 有没有妹纸也是这个心态？ 哈哈 [哈哈]
1,福寿全的温暖、酥皮虾的甜蜜、麻豆腐的鲜美、金包咖喱鸡的包容、豌豆黄的久远、自制豆腐的热烈，这是什么地方 哈哈 [哈哈]
1,好吧哈哈哈 算你一个 胡子拉碴的胡子 我也 奥利奥 妲小妲 老毒 高璐 张菱轩 冯大小姐 奥利奥 哈哈 [哈哈]
1,拖肥 ：我是不是也像假的？ 嘻嘻 [嘻嘻]
1,明天 ： ，我们再相见 可爱 可爱 [可爱] [可爱]
1,哦懂了，心脏是长在右边 乐淘陈虎 他是认真的 返利网朱 ： 哈哈 。。。当我傻子啊 打哈气 麦包包邱玉栋 不管你信不信，我反正信了！ 张自权 这真是一个奇迹。。 [哈哈] [打哈气]
1,这个周末希热布画展不休馆哦，欢迎大家前来欣赏 敖包会鄂尔多斯文化蒙餐 还有 天结束哦，还没有来得及瞻仰大师风采的朋友抓紧时间啊 可爱 敖包会鄂尔多斯文化蒙餐 拥抱吉祥 国家级非物质文化遗产 希热布 大师唐卡画展，在北京中华世纪坛展出中。 [可爱]
1,幸福是门课，给嘉美轩的同事们第一次培训幸福的方法，大家听的认真，也分享了好多感人的点滴，其乐融融的氛围真好，第一堂幸福课，成功！ 鼓掌 嘉美轩精细潮州菜 [鼓掌]
1,可爱 郑忠阳 鼓掌 [可爱] [鼓掌]
1,怕怕爆奶茶，哇咔咔 嘻嘻 鼓浪屿怕怕 我在 [嘻嘻]
1,我也这么觉得！哈哈哈 婉兮清扬婀娜馨香 亲爱的，你小时候真漂亮 嘻嘻 [嘻嘻]
1,汪汪爱美食 江南做法 油焖笋 太开心 [太开心]
1,还是现在精神 黄记煌 黄耕 这是十年前的我 那时还很年轻 鼓掌 [鼓掌]
1,六个核桃 太开心 太开心 太开心 河北音乐台心迪 分享好音乐！支持！ [太开心] [太开心] [太开心]
1,求扩散 老 瑞尔齿科官方微博 上海瑞尔齿科官方微博 哈哈 [哈哈]
1,好幸福 花心 姑娘 哇，你无 我，差点错过左添 嘻嘻 ，多谢你的祝福哦，也祝你们新婚快乐 可爱 [花心] [嘻嘻] [可爱]
1,美丽宁夏 非常棒的图，小编收藏啦 哈哈 慕容楠枫 宁夏旅游 老牛游记 [哈哈]
1,郭沫若故居，中国作家杂志社、中央人民广播电台、郭沫若纪念馆主办 端午诗会 。左边蓝色衣服的背影是谁，猜出有奖。 哈哈 [哈哈]
1,已经去过的 元：杭州西湖； 元：桂林山水； 元：人民大会堂。。。还差 元：泰山日出； 元：长江三峡； 元：布达拉宫 太开心 [太开心]
1,嘻嘻 [嘻嘻]
1,昨晚健一集团年会帅哥美女主持人 哈哈 爱你 健一公馆 健壹集团年会即将拉开帷幕！ [哈哈] [爱你]
1,赶紧的，过时不候， 嘻嘻 小马宋 各位童鞋，求转发 朱红同学 焓 荒野部落 春水堂蔺德刚 卢希 山水网李峰 丨 丶泡 丽 随心微博 广告门 宋寒问暖 闪电猫 [嘻嘻]
1,哈哈，视频很帅 ：幕后人员客串，很不专业，请观众海涵 嘻嘻 。那一身衣服都是王总的，太小了，哈哈 原来这是你们拍的哈 [嘻嘻]
1,嘻嘻 谢谢夸奖 [嘻嘻]
1,继续排队 刘忙 小哀 小灵仙 夏崇彦 徐畅 嘻嘻 [嘻嘻]
1,餐饮、最包容的行业。 哈哈 哈哈 哈哈 [哈哈] [哈哈] [哈哈]
1,呵呵呵 雪莉酒 点赞。 蔡老板 哈哈哈哈哈，你又说了次实话！！！！你好贱好贱 爱你 [good] [good] [爱你]
1,回复 胡传雨 不是我啊！我没留脚印！ 泪 胡传雨 帆姐火爆 张帆 回复 我才是镇长 你未婚啊！ 哈哈 我才是镇长 帆姐 这是什么节奏 张帆 我是用手的！ 思考 思考 杜子建 单身的这么多？ 分钟 多人！ 吃惊 [泪] [哈哈] [思考] [思考] [吃惊]
1,素卷，不爱荤的咱有素的！ 哈哈 [哈哈]
1,有爱，有希望。 上海世茂佘山艾美酒店 裴老师，你们才是最可爱的人。 鼓掌 徐汇 感谢艾美对启光的支持 [鼓掌]
1,夜里看球，陪伴我三年的 不慎掉进马桶，连矿工模式也进不去了，终告寿终正寝，早上和死党聊情人节怎么过，他说准备买几朵百合给老婆，我问为啥不买玫瑰，他说房子刚装修完，百合可以闻味儿，快凋了还能炒菜熬粥 果然婚后爱情就便实用主义了啊 严重鄙视 哈哈 [哈哈]
1,豁然开朗了 ： 亲亲 [亲亲]
1,今晚吃 桥底辣蟹 ， 小时等车， 小时等位，值了！ 太开心 [太开心]
1,美食美景，惬意假期，期待您的下次光临 爱你 [爱你]
1,呵呵，是吗。过去的已过去，往前看啦！ 李佳念 龚颖 姐，普及率真是太高了！多少人跟我说看到了！我现在最期待的就是新电影的上映啦！ 爱你 [爱你]
1,气质美女尹峰！听您说话似乎有湖南口音？不敢确认。但如果我年轻二十岁，可能会加盟您的公司。知性美的老板，工作环境和氛围应该不错， 嘻嘻 赞一个！ [嘻嘻]
1,飞机赶上了新年快乐你们 周杰 海口，我们来啦！ 飞机 飞机 鼓掌 [飞机] [飞机] [鼓掌]
1,千里兵锋 文摘精选 笑死我了 哈哈 ，给生活加点料，每天看一看让你笑到便秘 哈哈 [哈哈] [哈哈]
1,看看这么有聪明智慧得纪总 送得礼物！！ 哈哈 [哈哈]
1,哈哈 武旭峰 诗三百，节三万，一言以蔽之：让节庆活动回归民间。 [哈哈]
1,吃 要很小心，因 有高 肉汁爆出 嘻嘻 [嘻嘻]
1,偷笑 好人一头 高度啊！ 李正 哈哈 晗薇 哈哈 五月的双楠 越发期待了，回头一定看！ [偷笑] [哈哈]
1,是我想要的撒 如果能抱走，最好是可以折叠的，不然上飞机不是还要给他买张票？ 台 假期 回复 王璐琪 你 台北 ，直接到 抱走得了！ 哈哈 哈哈 王璐琪 试试淘宝吧 作家社 田小爽 回复 王璐琪 谁能告诉我 柏霖 大仁哥这个人形招牌哪里有的卖啊？！ 王璐琪 蛋糕 [哈哈] [哈哈] [蛋糕]
1,回复 马 峥 修改很多次了，这版 杀熟 基本定稿了。 马 峥 鼓掌 这 杀熟 是再版的吧，哈哈。 相声演员康松广 转发微博 [鼓掌]
1,青龙峡好几年都没去过啦 哈哈！来郊区吃农家菜，一定不能错过虹鳟还有金鳟 馋嘴 馋嘴 哈哈 还偶遇超大的贵宾犬，艾玛，太大个了！ 偷笑 下午还玩了真人 ， ，满场的跑啊 来一个灭一个，来两个灭一双！咦 拍照片的功夫，人呢？都跑哪去了 晕 抓狂 抓狂 [馋嘴] [馋嘴] [哈哈] [偷笑] [晕] [抓狂] [抓狂]
1,艾米厨房 粉嘟嘟 花猫喵喵 真希望好运降临 嘻嘻 嘻嘻 沛锦妈妈 邓嫣看海 童 燃烧的雪 嘟嘟小花牛 阳阳灿烂 一起来转发，等着做美味肉香的红烧肉吧！ [嘻嘻] [嘻嘻]
1,睡前必须公布个消息，不然憋得我睡不着了，内什么，明儿一早咱们新的粉丝福利又来了，这次比较丰富，有锅、有餐具、还有好吃哒，都是你们在我这里觊觎很久的 啧啧，好了，就公布到这里，都洗洗碎吧 鼓掌 鼓掌 鼓掌 [鼓掌] [鼓掌] [鼓掌]
1,放假没事做，一定要组团到这农庄走走， 覆盖，农庄主人三妻四妾出来侍候，机会难得。谁报名？手快有手慢无，免费的哦，记得要单身来哦！ 嘻嘻 等叔 红花油 劳毅波广州大波波 佬 子千 雷神 梁志光 [嘻嘻]
1,大口大口次 面。。。。 嘻嘻 嘻嘻 [嘻嘻] [嘻嘻]
1,在米国，公众人物就是滩狗屎，必须曝光在大庭广众之下，天天被媒体拍砖；明显的弱势群体 残疾，儿童，孕妇 如果被谁欺负，就会被狗屎拍死 嘻嘻 ：转发微博。 [嘻嘻]
1,鼓掌 鼓掌 赞 赞 [鼓掌] [鼓掌] [赞] [赞]
1,哈哈 被占了 回复 马德龙 那活跃度还真是不低 小时，收到的简历数超过了其它招聘平台 并且质量不错。 [哈哈]
1,艺术人文频道 月 日 ： 新青年 沪上搜店 ，猜猜看是新元素哪家店噢，视频链接 分 秒开始亮点 可爱 [可爱]
1,有啥要求提出就好 嘻嘻 嘻嘻 [嘻嘻] [嘻嘻]
1,赛，水水的，爱死鸟 爱你 [爱你]
1,北纬 度 格陵兰岛 格陵兰岛的土著，是什么？当然是我北极熊了，今天天气真好，去巡视一下我的格陵兰岛。 哈哈 [哈哈]
1,祝各位新老同事、同学、火伴、兄弟姐妹春节快乐，就不一一点名啦，自己对号入座 哈哈 饺子煮起来 [哈哈]
1,滚蛋，这尼玛也没我啥事，再艾特我就举报你，再不行就拉黑 抓狂 董董 屈斌 冷漠 嘻嘻 [抓狂] [嘻嘻]
1,我承认我笑点低 哈哈 哈哈 南都周刊 最右 蜡烛 壹读 最右 江宁公安在线 。。。注定孤独一生 不 。。。 [哈哈] [哈哈] [蜡烛] [lm不]
1,视频秀 周师傅要火了 哈哈 哈哈 懒人业余餐厅 [哈哈] [哈哈]
1,安贞袁超 灰 崇峰 康达 嘻嘻 [嘻嘻]
1,我们在岛中央，台风吹来的是暑期以来第一个安静的夜，舒畅地呆在 捞海屋 做最后的收尾工作，设计师小丰细长腿与他的船木桌一样逗 嘻嘻 [嘻嘻]
1,！ 嘻嘻 [嘻嘻]
1,谢谢喽 北京 橙色咖啡 转发确认！想去非洲旅行的就找他 哈哈 [哈哈]
1,回复 符慧 自己走过的，自然清楚啊。 符慧 多谢！回答得好详细呀！ 嘻嘻 环球深度旅行中的南开狮兄巴塔哥 回复 符慧 圣托里尼是个火山岛，可以游泳的地方很少，更多的人是在岛上的几个小镇里流连。在圣托里尼的对面内阿卡梅尼岛，可以下海游泳，因为那里有温泉。 [嘻嘻]
1,年的今天，弗朗西斯 奇切斯特爵士成功完成单人环球航海凯旋回到英国。 鼓掌 年的今天，美国女商人琳达 芬奇驾机成功绕地球飞行的壮举。 吃惊 有时候梦想就是驱使你旅行的原动力。 [鼓掌] [吃惊] [good]
1,成心吧你们！ 冥思者 私人微博 哈哈 我的 从偏房生的崽子突然升为正室的庶出了 哈哈 二胖高 千算万算也算不到是曾经每天咒骂一遍的 难道当初的诅咒变成今天的祝福？ 泪 讨厌 抓狂 [哈哈] [泪] [抓狂]
1,鼓掌 鼓掌 鼓掌 创意真不错，合理利用社会资源。 [鼓掌] [鼓掌] [鼓掌]
1,美女蛋糕师好可爱，现实版破产姐妹哇。 哈哈 哈哈 哈哈 [哈哈] [哈哈] [哈哈]
1,嘻嘻 威武 霸气！ 芭比多多妹 北京满福楼涮肉 我敢为这 块 从上海往返北京 叫玛雅的 亲 你作证 我肯定去找你搓一顿 羊尾油上次没吃够 但最爱的还是涮肚儿 抓狂 [嘻嘻] [威武] [抓狂]
1,回复 象风一样自由呵 再版改？ 象风一样自由呵 俞总您说呢？ 俞晓群 吃惊 蔡渊迪 性 五章 的 名，封面 是一 裸女子。可 男 不在。 世界根本上 是男人的。激烈的女 主 者 估 要去砸 俞晓群 老 的 了 哈哈 [吃惊] [哈哈]
1,话筒 话筒 开奖啦！恭喜 小神 幸运粉丝获得朗吧吸血鬼之夜特调酒畅饮，若携带四个以内的朋友同来庆祝，您的朋友还可享受半价畅饮特调酒哦 鼓掌 ，我们将私信和您取得联系。吸血鬼之夜就在明后天晚上的朗吧，欢迎大家都来感受鬼魅气氛！ [话筒] [话筒] [鼓掌]
1,维景荣誉 近日，酒店受邀参加三亚市旅游协会举办的 三亚市旅游协会 年年会暨 年新春联谊会 ，并一举连续荣获 三亚市旅游协会优秀会员单位 、 三亚市旅游协会执行会长单位 、 三亚十佳旅游公关 三项荣誉。 鼓掌 鼓掌 [鼓掌] [鼓掌]
1,回复 央吉择一 看起来天气确定很凉爽，还很写意的感觉。。比上张好看一百倍。。 偷笑 后海 时光 央吉择一 回复 天堂尘爱 肯定的，外加我的技术和手机还都不错 哈哈 哈哈 [偷笑] [哈哈] [哈哈]
1,今天，又一位好姊妹过生日！多少年的不离不弃，多少年的相互鼓励，我看到你变得越来越美丽，永远散发着智慧，神最宝贵的女儿，生日快乐 爱你 蛋糕 心 太阳 福杯满溢 稳行高处！ [爱你] [蛋糕] [心] [太阳]
1,哈哈 凡由心生 对号入座 [哈哈]
1,布吉必 三 哈哈 [哈哈]
1,沃阁分享 和和美美，快快乐乐！感谢各位参加我们的情人节 活动！同时也恭喜 童鞋！沃阁哥不经意间见证了你们幸福的爱情时光 特此奖励 沃阁恋馆 私密浪漫汽车旅馆 精美礼品一份！请留下联系电话与地址，沃阁哥要发奖品咯！！ 太开心 太开心 太开心 [太开心] [太开心] [太开心]
1,小鱼把鸭子带上了武当上，说要来武当山游泳 哈哈 雨桐吾爱 甘雨桐 襄樊咩咩羊 孙悦 我在这里 [哈哈]
1,每天都加班 一天工作十小时不完 还有要带回家做的 但我似乎做的瞒开心的 嘻嘻 每天无数个会导致我 都不怎么用更没时间淘宝了 生活无趣但体会到了工作的快乐 哈哈 [嘻嘻] [哈哈]
1,回复 潘梓含 削肉 潘梓含 谁削？ 马剑是谁 你小心点，以后交了朋友天天挨削 偷笑 偷笑 小咔 嘻嘻 潘梓含 那我得多吃 哈哈 马剑是谁 回复 潘梓含 应该妹子多少斤，就送多少斤百元钞 哈哈 哈哈 哈哈 神马 浮云 [偷笑] [偷笑] [嘻嘻] [哈哈] [哈哈] [哈哈] [哈哈] [神马] [浮云]
1,回复 你可以直接到我们学校购买，或者来北京农展馆 北京国际咖啡博览会 ， 的展位上有卖哦！明后两天来还可以围观 世界虹吸壶中国赛区 北京赛！ 来 嘻嘻 喜问：欢杯子怎么办？ [来] [嘻嘻]
1,鼓掌 如果是蝎子 宗介 [鼓掌] [good]
1,林俊杰国际歌友会 林俊杰吧官方微博 美禄中国 亲亲 也喜欢美禄 鼓掌 [亲亲] [鼓掌]
1,值得等待 可爱 [可爱]
1,吃惊 最后一张 神了！！这是要闹哪样？ 嘻嘻 [吃惊] [嘻嘻]
1,好鞋不少 嘻嘻 嘻嘻 嘻嘻 李小猫 子心 妞儿 某人的围巾 [嘻嘻] [嘻嘻] [嘻嘻]
1,阿胶浆 赞 适合男生 哈哈 尤其是海龙胶 木卡西小姐 那必须的，也不看谁给的。复方阿胶浆好东东呢。 莫氏情歌 倔强的坚强天使 [赞] [哈哈]
1,很中国的一家悉尼中餐店 不得不承认我们有时候去某家餐厅吃饭不单单是为了能吃上可口的饭菜，而是因为这家餐厅的用餐环境使他的饭菜似乎更加可口。我想西餐既然可以做的那么情调而富有地域文化，中餐就更有的一做了，来自中国的黄先生在悉尼就开了这么一家，这家餐厅的前身是家热闹的夜总会。 爱你 [爱你]
1,这里游客不多 鼓掌 吉小娜小姐：穿着 在 的巷子里拍了好多照片呀。安安静静的小岛，因为太远的关系吧，游客也没那么多。 [鼓掌]
1,各位好友，都来关注我们 拍够 官方微薄吧，客户端即将节后邀请粉丝有奖测试，各种礼物机票赠送，敬请留意 爱你 [爱你]
1,哇，好大了哦，时间过得真快，长得好帅 大董陈丹 哇！终于见着了！真可爱！ 太开心 太开心 [太开心] [太开心]
1,当作者总被拖欠，发现北京早点盲点市场，卖胡辣汤，大家觉得怎么样 哈哈 [哈哈]
1,终于又一次见到传说中的 宁宁白宝 啦 都激动成撒了！ 嘻嘻 哈哈 [嘻嘻] [哈哈]
1,幸福的小娇日记 幸福的小娇日记 小组两朵美丽的绿花花 嘻嘻 [嘻嘻]
1,这书叫我读的都散架了，是我最喜爱的美食书籍之一，之二是下册，没有之三之四之 哈哈 推荐大家关注 穷游网 吃货必备的一本好书 你读过了么？ [哈哈]
1,亲爱的回家 剧联盟 土地公土地婆 人间处处有真情， 一方有难八方支援 偷笑 更何况还有一个善良得没底线的土地公和一个刀子嘴豆腐心得土地婆，他们看到村民有难，一定会出手相救的 哈哈 挤眼 兔子 山神石神又来搞破坏，这对活宝会如意吗 偷笑 嘻嘻 今晚 分锁定 深圳卫视 [偷笑] [哈哈] [挤眼] [兔子] [偷笑] [嘻嘻]
1,哈哈 李力持 演 回复 米粒爱幻想 米粒爱幻想 演，我可以 你 私信 ？ 李力持 演 回复 米粒爱幻想 前拍 好多， 在最新是江南四大才子 米粒爱幻想 今年 拍新 ？ 影？李 ，你拍 ？ 李力持 演 回复 宇众不同 不要 [哈哈] [ok] [不要]
1,哈哈 星座宝典：里面是猪肉的么？ [哈哈]
1,昨晚在星爷西游的陪伴下提前过了情人节。虽然片段有点像恐怖片，但 儿歌 首 到佛经的过度蛮自然的；女爱得炽热男依旧闷骚；笑到飙泪却另有回味。为星爷鼓掌！ 鼓掌 [鼓掌]
1,没错，品牌满足渴望！ 陈大钢 回复 俞文辉 大多数人渴望被认同 所以在乎自己的粉丝数量 ，渴望被找到 所以热衷于自我标签 ，品牌恰恰是帮助满足这些渴望的。 俞文辉 回复 陈大钢 难得引起陈导思考人生啊 嘻嘻 俞文辉 高论，有同感，必须转！ [嘻嘻]
1,呵呵！你真的是准备得很细心啊！其实等演唱会完了就可以到我们三样菜用餐啦！来感受江湖的火辣与激情！方便美味实惠！而且晚上十点后啤酒免费！还有四川地道的大冒江湖赠送品味呢！相信绝对让你在快乐演唱会后又一个开心的时刻！ 嘻嘻 嘻嘻 [嘻嘻] [嘻嘻]
1,回复 午马卯兔 你分析的不对 哈哈 现在更加证实了我的分析 你已经被我激怒了 嘻嘻 被我说到痛处了 所以接下来挺想知道你会怎么继续回复我呢 思考 [哈哈] [嘻嘻] [思考]
1,哈哈 这个可以有。。。 [哈哈]
1,还是客串模特的美女给力！ 嘻嘻 慢摄人 赞 原来白红配也这样迷人 王 刚 不要迷恋哥，严哥是传说！ 嘻嘻 老头夜话 回复 夏希 好啊好啊，正迷恋这个呢！！ 夏希 原来严哥也喜欢摄影呀 握手 下次我们做新品婚纱推广时，邀请哥哥一起呀 呵呵 [嘻嘻] [赞] [嘻嘻] [握手] [呵呵]
1,明天再给你烧壶开水，泡茶哈 哈哈 [哈哈]
1,坐沙发 哈哈 [哈哈]
1,自由犬义 云海偶遇 很壮观呀 气势之磅礴的黄果树瀑布 鼓掌 赞 欢迎爱旅游的朋友加入中华旅游军团 新浪微群 [鼓掌] [赞]
1,嗯嗯，没错，那两本是最新的 鼓掌 中尉画外音 还有 长兵器 、 短兵器 耶 [鼓掌]
1,谢谢 欢迎常来哈 鼓掌 [鼓掌]
1,嘻哈包袱铺 封箱大典 嘻哈包袱铺冯凤禹 张伯鑫 一段原创相声 疯狂新与旧 ，一首 爸爸去哪儿 串烧了 首 后成长回忆组曲 哈哈 我在这里 [哈哈]
1,相知无远近 万里尚为邻。亲们 晚安 好梦。 爱你 爱你 爱你 [爱你] [爱你] [爱你]
1,简直好看死了 等着我 有空就去收一个 上次没试 我太喜欢这包子了 活跃的氧气 走这 悦悦妹妹 今天又有第二个明星，拿了我们 凯诗罗德 包包做街拍，超高兴！ 鼓掌 鼓掌 鼓掌 不败不行的 [鼓掌] [鼓掌] [鼓掌]
1,走一个 水煮吴先生 果断报名参加啊 哈哈 有想去的么？ [哈哈]
1,每当心情郁闷的时候 我就看这群欢乐多的儿童 然后神马都烟消云散了 哈哈 [哈哈]
1,文旅一家 筑成世方 鼓掌 全经联执行主席兼秘书长 杨乐渝 先生、全经联副主席 朱大鸣 先生、全经联文旅委顾问刘锋先生 刘锋 旅游智业 、全经联文旅委顾问 李国平 先生、全经联文旅委主任卢强先生 德懋堂卢强 、全经联文旅委副主任刘少军先生 皇家驿栈刘少军 等出席了本次会议。 [鼓掌]
1,高创的地铁作家 鼓掌 八通线上有写作灵感啊 [鼓掌]
1,然后，王小胖和唐小兔就开始唱歌了，一首接一首，都是凤凰传奇的。 哈哈 [哈哈]
1,回复 小钟 据说，每个被选中的 朵享大使 都是转发多次滴。。。那啥，我再转，再转，再转再转！并且。。。还要在内心用意念转发 万次，我心中全部的转发能绕地球 周。。。 爱你 。。。 小钟 朵唯 号约定 我都有点佩服我自己了。这一整天忙得都恨不得要去借两只手来用了，还惦记着 [爱你]
1,挖哈哈，身材好好。。年轻就是本钱啊。。 勤快 这小子脱衣狂，哈哈 噢咔咔 资讯台 发礼物 发礼物 圣诞节礼物吗 嘻嘻 [发礼物] [发礼物] [嘻嘻]
1,回复 猛刚丝 热烈欢迎！是不是我失散多年的兄弟！ 猛刚丝 像我一哥们，哪天叫他一起去看你 哈哈 演员金钊 我差点也吐了！自己都觉得难看！ [哈哈]
1,小岳同学喜欢拼乐高玩具，这是他独立设计并独立完成的作品。其实就是把好多不搭界的零件拼在一起，之前我没想到他居然真的能拼成这样，孩子的想象力还真是无穷啊 嘻嘻 嘻嘻 [嘻嘻] [嘻嘻]
1,如果上海往返西雅图只要 元起，北京往返芝加哥只要 元起，还有什么理由不走起！ 哈哈 [哈哈]
1,比如唠叨与琐碎 你给的大桶巧克力快吃完啦 不过柚子茶刚开封哦 太开心 嘻嘻 如果你对自己也这么好就更好啦 昨晚不到十点就睡啦 我很乖吧！ 兔子 昨天收到了 薇琪 送的爱心围巾舒服又好看 听说今天还能收到 偶系小娜 的蜜月旅行带回来的礼物！ 太开心 现在 我感觉很幸福 有你们真好 [太开心] [兔子] [太开心]
1,新龟兔赛跑 嘻嘻 [嘻嘻]
1,今天意外收获了 月 号邮寄过来的明信片，觉得意外又开心 心 这是 年 月 日我和虾一在上海七星古镇寄给未来的我们的 哈哈 两年后的 月 日如期而至了 太开心 鼓掌 史俊 冬冬是个调皮鬼 你收到写给自己的明信片了吗 ： 月 日是结婚纪念日哦 爱你 爱你 爱你 [心] [哈哈] [太开心] [鼓掌] [爱你] [爱你] [爱你]
1,选 号涵宝贝 哈哈 [哈哈]
1,大娟儿诚意推荐，果冻冰箱里冻一个小时以后再吃，人生就从此没了遗憾 可爱 鼓掌 [可爱] [鼓掌]
1,我们是姑娘中的大侠！ 哈哈 嘻嘻 硕硕哟 哎妈呀，这厮是个姑娘么？ [哈哈] [嘻嘻]
1,虽然日常生活中感觉不到，但是找到了还是很幸福的 可爱 亓闻 转发微博 [可爱]
1,海之南 金水门下午茶 呲牙 谢谢本地土豪 晋察冀杨掌柜 热情款待 嘻嘻 我在这里 [呲牙] [嘻嘻]
1,公交出行，如果能直达，特别开心，不仅因为省钱，还省心。如果能赶上有大座，那简直是种享受 鼓掌 鼓掌 [鼓掌] [鼓掌]
1,原本想着白色情人节给你一个惊喜的，没想到尼玛的 打假节收到了。这意味着，咱俩的基情真的不怕打假么？嘿嘿 你喜欢就好！ 爱你 [爱你]
1,泡完澡乖乖地看电视 嘻嘻 [嘻嘻]
1,没挤过地铁就不算来过北京。广告时间：考拉君在地铁二号线积水潭站，一点不挤，赶紧来。 嘻嘻 [嘻嘻]
1,嘻嘻 嘻嘻 怒放，青葱。不老秘籍 哈哈 哈哈 [嘻嘻] [嘻嘻] [哈哈] [哈哈]
1,面对这种男人，我随时受不了 蓝楹飞雨 妞儿们，找个这样的老公嫁了吧 哈哈 倔强四格格 雪落如霜 淡淡的茉莉花微博 阿玉 真妮花的 整合营销传播推动者 丁丁 北京 朱云侠 [哈哈]
1,礼物 优悦会很给力 优悦会的官方微博更给力哦 官网预订还有额外积分相赠 别忘了提前注册哦 可爱 [礼物] [可爱]
1,鼓掌 俺也转 阎品红 冲这这张照片，大策，转了 做鬼脸 [鼓掌] [做鬼脸]
1,哈哈 周五快乐 小鬼 快快期待我做滴沙巴饮 偷笑 [哈哈] [偷笑]
1,马 小川 爱你 辣妈专属 转发微博 [爱你]
1,已经有网友实验，效果不错 哈哈 [哈哈]
1,太空的党支部，空发四声 吃货观察员大熊 哈哈 哈哈 [哈哈] [哈哈]
1,饭后与宝妞玩积木，妈妈：你在给谁盖房子呢？宝妞：我在给大小姐盖个漂亮的房子。大小姐？？妈妈：谁家的大小姐？老曲家呀 哈哈 哈哈 不愧是我闺女 鼓掌 茗月 晓音不晓音 谢云 宋佳 超级无敌奥特慢 [哈哈] [哈哈] [鼓掌]
1,明晚 鼓掌 西子 转发微博。 [鼓掌]
1,正宗的费列罗哦，屈臣氏买的。放心吃！ 哈哈 [哈哈]
1,早上好，乌旅人和乌米童鞋们 哈哈 [哈哈]
1,闭嘴 闭嘴 闭嘴 李白 奶奶喊你回家磨豆浆 说的好 是不是去东莞被抓了？ 嘻嘻 嘻嘻 嘻嘻 张帆 回复 微米 方便把快递单号发给我吗？严重怀疑快递 外出旅游了！出国游也该回来呢！ [闭嘴] [闭嘴] [闭嘴] [嘻嘻] [嘻嘻] [嘻嘻]
1,爱你 刘洋 我都看哭了，虽然没去 抓狂 [爱你] [抓狂]
1,我在凤凰汇，人很少，美女很多！ 嘻嘻 我在 [嘻嘻]
1,反正不能亏着自己 偷笑 嘻嘻 日光子 感觉小时候不能逆反的孩子，会延迟到成人后客观条件独立下的时候再弥补这段逆反期 [偷笑] [嘻嘻]
1,本周六晚，黑衣人首次以嘉宾身份集体登台哦！ 抱抱 到底私底下的黑衣叫兽们都是怎样的呢？ 花心 右边的本尊们别紧张好吗？ 这是什么节奏？瞬间压力好大！！！可以让时间停止吗？ 大本营小白 别把我写太好！我师傅没教我瞬间移动！唉！ [抱抱] [花心]
1,一定要吃的，有时间有时间还会去湖边吃，还有螺蛳，喝着黄酒 ，再欣赏着湖景， 高建文茅台 心 博斐秀禾 又快到了大闸蟹上市的时候啦。。。美味肥厚的大闸蟹啊 花心 哈哈 。。您们会不会吃呢 陈玉霞博斐秀禾 彭涌 爱美食 杨代胜 高建文茅台 美食微吧 [心] [花心] [哈哈]
1,我属于第二种。 嘻嘻 [嘻嘻]
1,酷 社会版 搜来的结果才叫用户真切的体验，百度案例有趣的创新案例很多，百度知道搜变形金刚， 春节搜红包，快速从互动获得新的注册用户，个性化贴近用户个人习惯，再测试更多的产品创新贴近更快捷的实际应用。 嘻嘻 百度 招聘 用户体验 百度经验 百度知道 百度质量部 [酷] [嘻嘻]
1,我们也爱你 亲亲 [亲亲]
1,哈哈 我们读书吧 生活大爆炸 众主演与观众玩快闪 [哈哈]
1,楼主好人一生平安 特别喜欢中大如此包容 哈哈 廖杞南 以人为本 中山大学珠海团工委 珠海校区团工委表示，此类申请理由，一律批准，请知会各位团干。 [哈哈]
1,嘻嘻 童尧 天天快乐 [嘻嘻]
1,汽修工的脱裤技巧！！！ 哈哈 [哈哈]
1,关键是你邪恶了。 哈哈 [哈哈]
1,以前我也一直纳闷 神通广大 学习了 穷游网 不同航空联盟飞机座位排序的规则不同。例如星空联盟按 的顺序，而天合联盟以最大的飞机一排 个位子编号， 这样来排序。如果是单通道飞机，就去掉中间 个字母。关注 穷游问答，长知识！ 嘻嘻 更多专业解答： [嘻嘻]
1,随机函数可以帮助你实现家庭和谐。 程序的大概意思为 设置四句要说的话，用 指令让他们无限循环随机回答。 嘻嘻 [嘻嘻]
1,回覆 李坤益 呜哇 命苦呀！ 姐又抑郁了。 李坤益 转发此微博 姐，这也太痴情了点吧？！ 抓狂 汗 嘻嘻 泪 兔子 李丹 太悲催了 蓝淇 ：也太背了 李丹 太悲催了 蓝淇：也太背了 [抓狂] [汗] [嘻嘻] [泪] [兔子] [?] [?]
1,参加完东丽运动和南楼会议后现在要奔王串场赴宴了 嘻嘻 我在 [嘻嘻]
1,回复 黄小陆 嘿嘿，好不好耍你都懂噻 嘻嘻 黄小陆 好耍哈 [嘻嘻]
1,越来越爱 了，尤其是微信推送，每天期待。 哈哈 [哈哈]
1,握手 姚理文 回复 阳光和天地 笑哈哈 给力 阳光和天地 是呀，被您点明了 嘻嘻 姚理文 蜗牛！ 耶 阳光和天地 细看到二个小触角，形象到一只小昆虫 俞林 转发微博 姚理文 蜗牛！ 耶 阳光和天地 细看到二个小触角，形象到一只小昆虫 俞林 转发微博 [握手] [笑哈哈] [给力] [嘻嘻] [耶] [good] [耶] [good]
1,我的美丽伴娘们， 何小剪 艳 小礼服试起来，最终觉得简简单单的最美！！ 半牙 就差你了哦！呵呵 爱你 爱你 爱你 爱你 爱你 [爱你] [爱你] [爱你] [爱你] [爱你]
1,快来雅乐轩帐篷与雅乐轩女孩互动，免费玩游戏，还有礼品赠送！ 鼓掌 [鼓掌]
1,下午东方宾馆见！ 哈哈 乐游广东 带着微博去厦门 月 号和 号广州、深圳推介会上小伙伴们可提前体验厦门博饼民俗哦！转评本博，分享这个消息，还有机会抽取 一台！ 嘻嘻 我们来了！ [哈哈] [嘻嘻]
1,去青岛生活吧 嘻嘻 [嘻嘻]
1,微博甘肃 张掖联通汇丰营业厅 张掖户外网 旅游甘肃 张掖户外网 金张掖旅游 中侨旅游张掖分社 张掖同城会 张掖人网 金张掖在线资讯 甘州发布 人文甘肃 甘肃共青团 微博甘肃 爱你 爱你 爱你 爱你 [爱你] [爱你] [爱你] [爱你]
1,民生 鼓掌 鼓掌 极边诱惑 鼓掌。腾冲明天更美好。 [鼓掌] [鼓掌]
1,本周五，眉州东坡 沁夏新品品鉴会暨 美食速递启动仪式 即将举行，欲了解沁夏新菜品介绍，可关注我们的微博哦。 可爱 [可爱]
1,回复 大尉 中午好！也代问小吉好！ 哈哈 [哈哈]
1,有美食，鲜花，悠扬的背景音乐，美女，好心情的 下午茶 可爱 加油 [可爱] [加油]
1,图中的小正太是我弟弟，会所有流派的演唱方式，会所有流派的舞蹈方法，能写国际项目的文化评论，善良，细心，工作努力，执着梦想！他的处女专辑即将面世，我的内心，感慨，感动，感恩！ 刘森迪 美女赛赛，辛苦了 今晚拍摄很成功 鼓掌 鼓掌 [鼓掌] [鼓掌]
1,我们终于有生之年狭路相逢了 爱你 爱你 ，在网上购买书的朋友，也可以私信地址给我寄明信片！ [爱你] [爱你]
1,如果你是这样的一个人，如果你喜欢我们的工作环境和氛围，就请尽快联系我们吧 鼓掌 鼓掌 [鼓掌] [鼓掌]
1,最近好累噢 一个月没歇着了。从郴州坐高铁去长沙，晚上的飞机回北京 这些时间做什么啊 泪 泪 好无聊，亲们求陪聊 爱你 爱你 有没有长沙的，求偶遇 泪 浮云 我在 [泪] [泪] [爱你] [爱你] [泪] [浮云]
1,傅蓉 很形象 嘻嘻 [嘻嘻]
1,天下美食出四川啊 哈哈 口水 馋嘴 开吃！就这家了 熊猫 [哈哈] [馋嘴] [熊猫]
1,酱紫啊 周艺文 嘻嘻 摄氏 公里 亮亮 哈哈 微博热点 原来如此 搜逗死乃 [嘻嘻] [哈哈]
1,楼下又开了一家联华 嘻嘻 小哲别 [嘻嘻]
1,！照了！ 给力 威武 张迪 这是我看到的最贴切的解释了，赶紧，让你们也照照镜子。 太开心 张怡 都是妖蛾子 雪 董佳丽 江湖人称海总 蓝色豹纹 杨小晔晔 吉良先生 [给力] [威武] [太开心]
1,是滴欢迎有空来看看 鼓掌 鼓掌 鼓掌 鼓掌 罗晓燕 哇，玖食龙虾开新店咯，好吃的大龙虾 花心 花心 鼓掌 鼓掌 太开心 太开心 [鼓掌] [鼓掌] [鼓掌] [鼓掌] [花心] [花心] [鼓掌] [鼓掌] [太开心] [太开心]
1,回复 米途方敏 等你看了新版本，你就明白了；至少我得超越曾经的自己吧，哈哈；你老兄还挺敏感的啊； 米途方敏 回复 同程和平 老吴同志的微博总共提了携程、艺龙、米途、去哪儿这几个应用，你有信心超越两个，是哪两个呀？ 嘻嘻 哈哈 [嘻嘻] [哈哈]
1,牛 吧 嘻嘻 [嘻嘻]
1,可可成长 在送老爸回平潭的路上，可可想留在外公外婆家，说我们可以自己回来，她在外婆家过寒假。这孩子还真是只要有玩伴就可以不要父母了呀。 晕 哼 图片是上次小雨上来，两孩子一起做 拉比盒子 的手工，小雨的愿望 想要月亮。 哈哈 辣妈手记 [晕] [哼] [哈哈]
1,宝宝开心，您放心 嘻嘻 嘉乐会月嫂 感谢您对阿姨和我们的认可，我们会继续努力的！ 爱你 [嘻嘻] [爱你]
1,还有美吕 嘻嘻 快乐的老毕在杭州 勾起了对三亚无穷回忆，水平，椰风，海滩，天涯海角，南山。。。。 [嘻嘻]
1,和器材合个影 亲亲 微摄友 [亲亲]
1,俄罗斯莫斯科沙皇庄园外的桥梁上有不少许愿锁，不过这里许愿可是与世不同，是许愿一定要离婚的！ 嘻嘻 嘻嘻 嘻嘻 嘻嘻 莫斯科百分之九十的离婚率就是证据！看来俄罗斯人的愿望实现了！ [嘻嘻] [嘻嘻] [嘻嘻] [嘻嘻]
1,这次是真的吗，那些参与者 偷蜜的大熊 操作手法虽不新鲜但管用 喵猫 姚晨 百度一下，就知真相。 哈哈 新民周刊杨江 新民周刊 黄健翔 说了次真话。 [哈哈]
1,莞城图书馆 号下午的设计家论坛， 岁高龄的张慈中先生也将现身论坛，与大家分享他传奇的书籍设计生涯！敬请期待！ 太开心 文化莞城 韩湛宁 深圳尚书吧 东莞日报 东莞时报 南都东莞 广州日报东莞新闻 东莞理工学院莞城校区图书馆 东莞民间文化青年学会 方所文化 中国书籍设计网 [太开心]
1,哈哈 希望开心和欢乐伴随大伙 哦！ 偷笑 每周四晚锁定 安徽卫视 超级笑星 把快乐送给大家 围观 [哈哈] [偷笑] [围观]
1,回复 陈雯 嘘 小声点儿。 陈雯 荣总有绯闻啦 可爱 荣雪斌 哈哈 我还没注意 是挺衬的 荣雪斌 回复 吴千语 香港模特 电影主演 领带颜色和裙子好衬啊 何方美女？ 荣雪斌 闭嘴 别瞎说 该有绯闻了 小水一方 结婚照？ [嘘] [可爱] [哈哈] [闭嘴]
1,爱你 细节中求浪漫，快看链接 心 心 [爱你] [心] [心]
1,昨夜在北海道小樽又见证了一把专注的魅力。在一个 平米不到的居酒屋空间，厨师长兼老板把调酒烹饪陪客收银全包了，而且做的井井有条。烤 是我至今为主吃过最细致的，刀功行云流水，潇洒得像表演一般。最最有型的，是把 用来垫锅了 围观 哈哈 馋嘴 嘻嘻 [围观] [哈哈] [馋嘴] [嘻嘻]
1,嘻嘻 [嘻嘻]
1,嘻嘻 有时间一定请 戴旭涛 戴总和您喝酒 赞 王 [嘻嘻] [赞]
1,这个太有爱了。 王鹏 哈哈 王彼得 一搅又是 基 转发微博 [哈哈]
1,回复 朱小烁 呵呵 这里有更多美图美文哈 朱小烁 鼓掌 大爱大爱！好美好美！ [呵呵] [鼓掌]
1,又败了，今天肯定心情很好 鼓掌 大白 踢不烂的羽绒服到手，我爪子快，爪子快，剁不到呀剁不到，耶耶耶 江南 [鼓掌] [江南style]
1,蔡小岑 包子哥哥生日快乐，我故意过了 点给你祝福，你懂得。你又老了一岁，要好好珍惜每一秒知道不！ 哈哈 [哈哈]
1,走很多地方，去很多国家，把各式各样的印章收集起来，配上拍过的风景，制作一本旅行日记，留着回味。 嘻嘻 [嘻嘻]
1,膜拜 狐 凯郦 哈哈 巨像越狱兔里的人妖鸡 刁 脸变型了 小 舒 好像贾虫。 琳 哈哈 哈哈 粉肠 哈哈哈哈 君 无盐以对 难以形容 [哈哈] [哈哈]
1,哈哈 龙哥这身行头 时尚达人 [哈哈]
1,微游南京 魅力南师 找个晴天，头顶蓝蓝的天儿，沐浴着温暖的冬日阳光，逛一逛南师大随园校区，来感受东方最美校园的魅力吧。 心 可惜最近都是大雾，难得看到这样的美景啊！！ 委屈 小伙伴们快来一饱眼福！！ 嘻嘻 [心] [委屈] [嘻嘻]
1,大光圈就是好看，用这张图给大家说晚安，狗狗想说：希望将来的主人 能爱我一辈子，我也会爱你一辈子！！ 爱你 [爱你]
1,成都活动大奖韩国巴诺巴奇整形美容医院价值四千元的瘦脸针微整形术一次，韩国专家亲自来蓉。精彩互动活动，晚宴席位有限，报名从速 可爱 [可爱]
1,小鱼鱼 这款白葡萄酒会有微醺，柔柔绵绵，清清爽爽的口感，鲜果粒的添加既保留了水果的原香，又有一点点点点的醉意哦 可爱 挤眼 馋嘴 梧桐 哈哈， 梧桐夏日新品哦 白葡萄酒水果酿 馋嘴 喜欢白葡萄酒的可以试试哦 挤眼 酷 彼何邪 小鱼鱼 李洁是大神 匪光光 [可爱] [挤眼] [馋嘴] [馋嘴] [挤眼] [酷]
1,月 日就可以在云南华侨城 温泉水公园泡到星空浴咯 鼓掌 幸福的小笨蛋 没见过，也没泡过，什么时候也来泡一泡 嘻嘻 [鼓掌] [嘻嘻]
1,呃，弄了点爆米花配着绿茶填肚子。为了少洗个盘子，直接大锅子伺侯了， 哈哈 哈哈 。。。爆米花的做法，以前博客里写过，看这里： [哈哈] [哈哈]
1,味功能太强大，会不会把爷们的男人味也祛除了？ 哈哈 [哈哈]
1,主题微电影 贝之恋 非常撑得住场！ 鼓掌 [鼓掌]
1,北大新媒体 笑哈哈 报 命题，果真出手不凡！ 李开复 这一次能得多少分？ 哈哈 [笑哈哈] [哈哈]
1,哇，听说各位好友都在积极运动哦， 路仁娜芝 你每天跑 公里吗？太厉害啦，向你学习啊。我每天跑 公里努力，今天开始吧。 太开心 [太开心]
1,嘻嘻 嘻哈包袱铺官方微博 你真是一活宝！今晚去西直门的观众有福利了，小宝晚上会有六一版 可爱颂 兔子 [嘻嘻] [兔子]
1,哦，卖糕的 筱古 丸子 断翅的魔鬼 又推我的谱子，必须得转啊 哈哈 [哈哈]
1,鼓掌 阿掖山布衣 话筒 布衣诗集 阿掖山下青鸾湖，秋日残荷踏归途，明年夏季重生日，风华正茂世界殊 耶 赵家小怪 十月玫瑰花 龙腾诸天 音乐飞蛾 围观 [鼓掌] [good] [good] [话筒] [耶] [围观]
1,回复 花花虫二 鼓掌 南岛 姓王名巍 花花虫二 从清光绪年间出现" 钱地下猫"的二厘馆丶茶居到 咸同年间出现的"有钱楼上楼"的茶楼丶茶室再到如分，广东早茶点心体现的是一种独特的分享饮食文化，并无约定俗成的奇偶数目。鸡球大包是奇数，猪润烧卖丶棉花扎是偶数 。点心 [鼓掌]
1,准备开始加班写稿。。。以此展望 。。。穷忙不可怕，可怕的是忙忘了自己。。。 一念之间，全在心态。。。我要各种哈皮 嘻嘻 [22] [00] [1] [2] [嘻嘻]
1,姥爷大笑 嘻嘻 哈哈 呵呵 嘻嘻 哈哈 呵呵 [嘻嘻] [哈哈] [呵呵] [嘻嘻] [哈哈] [呵呵]
1,平生第一次玩麻将，广式打法，感觉还挺有意思的 嘻嘻 [嘻嘻]
1,那个谁。 哈哈 哈哈 [哈哈] [哈哈]
1,嘻嘻 嘻嘻 [嘻嘻] [嘻嘻]
1,我居然不脑残 ！！！ 冷笑话精选 残残更健康。。。 哈哈 [哈哈]
1,佳妞儿们今儿都 飞机 归，小卓上海电影节参加的咋样 馋嘴 ？娜二姆英国服装代言得如何 嘻嘻 ？嘎头马尔康采风，新歌等你 爱你 我坚守革命最前线，所以礼物必须拿来 哈哈 哈哈 哈哈 青年盛典， 阿佳组合 阿佳组合娜姆 阿佳卓玛 阿佳卓嘎 同在清华，不见不散！加分儿们，走起 [飞机] [馋嘴] [嘻嘻] [爱你] [哈哈] [哈哈] [哈哈]
1,回复 霍恩布洛尔 大姐啥风格？ 嘻嘻 霍恩布洛尔 冯总，这期杂志，序言写的有点意思，看着挺过瘾的，应该是大姐的风格 中国之翼扣子 在神奇的日月潭相遇，是怎么修来的缘分？ [嘻嘻]
1,明天还有谁来啊 古着复然 梅华俊 明天继续失败 嘻嘻 睿咖啡 你怎么老来？ 偷笑 吃过我东西的人，永远不会记得减肥是干嘛的 嘻嘻 嘻嘻 哈哈 哈哈 奥特曼 奥特曼 [嘻嘻] [偷笑] [嘻嘻] [嘻嘻] [哈哈] [哈哈] [奥特曼] [奥特曼]
1,耕耘、希望、收获、喜悦！ 太开心 [太开心]
1,欢迎关注 风尚志 官方微信平台 张壬泰宇 威武 风尚志 漫画荣誉出品，玩点不一样的，不走寻常路！ 鼓掌 风尚无边 王琳 [威武] [鼓掌]
1,末日走你 如果明天就要分别，请允许我小小炫耀一下，我收到了朋友们送的 份礼物。据说收到礼物的人可以躲过末日，快来我的个人主页围观吧 嘻嘻 [嘻嘻]
1,期待分享你们的旅行照片哦！ 哈哈 大宝的幸福生活 哈哈，一路很顺利，在郑州因为天气闷热和生病就在酒店里待着，哪都没去 泪 到山东后玩得很 ， 在日照和海阳每天海边疯玩好几次，回来一身的咸鱼味 哈哈 [哈哈] [泪] [哈哈]
1,鼓掌 如果方向没有走错的话 郭启煜 有耐心的人，看到更美的风景。 [鼓掌]
1,天下熙熙，皆为利来，天下攘攘，皆为利往。 荆和平 猫步走人生 西山书客谭旭东 先收着。 范泽木 我已经看过了。 陈文明 转后留看 抱抱 范泽木 [抱抱]
1,天气确实变幻莫测，现在已经全部淹没在云雾里了 幸好早起拍到了日出 哈哈 马来西亚旅游局 仿佛来自云端的早安问候！ 云顶高原 是位于彭亨州西南吉保山脉中段东坡，吉隆坡东北约 公里处。这里山峦重叠，林木苍翠，可以饱览云海变幻莫测的奇观哦。 [哈哈]
1,回复 黄若菲 谢谢亲 亲亲 早上温度太高，吃了退烧药，现在好多了 呵呵 黄若菲 宝贝快点好起来，六一节快乐！ [亲亲] [呵呵]
1,要怎样完美的脖颈才震得住这条项链阿？ 爱你 爱你 爱你 [爱你] [爱你] [爱你]
1,飙泪推荐，又有当年的感觉了！ 破逼名字真他妈难起 快乐的小八 公关策划姜中强 神威 太开心 期待一年的广播剧第三季终于出来了，戴上耳朵去聆听 后孤单的小时光吧 不乖的洋娃娃 出版人沈晓辉 亲爱的你一直很孤单吧 [太开心]
1,粉红长款皮夹，色彩、皮质、功能、价格 有不入的理由吗？加拿大包邮直发到你手中，点这里就搞定了 太开心 号航班 十字纹皮女式长款钱包 春季粉红新色彩 [太开心]
1,你写的真是太好了。我喜欢。。 三亚喜来登度假酒店 一号厨师为我们的行政主厨，来自马来西亚的 先生，为大家献上巨富喜感的 与鱼同乐 ；二号厨师为我们的副主厨，同样来自马来西亚， 陶醉的东哥 ，三号厨师为西餐主厨，杀手级的帅哥，三亚喜来登的 刀锋战士 ！ 哈哈 [哈哈]
1,高级定制 定制手镯系列 全钻 黑玛瑙 帅气吗？哈哈哈 搭配起来异常的范儿哦 男童鞋也可以佩戴的一款！适合帅气的小伙本儿们 叠带效果更佳！！果断自留一个 偷笑 偷笑 偷笑 之前一直缺材料，最近终于恢复接单了 要的赶快哦 色 鼓掌 [偷笑] [偷笑] [偷笑] [色] [鼓掌]
1,还行 煨桑 对，是，满意了嘛 挖鼻屎 李千岁 这就是我们群里只会哈哈哈哈的 桑吗 北京 小猫 你跟 没钱的 学点好。。 煨桑 斑秃儿了都！ 北京 小猫 装外地人老掉粉。头疼疼的。 煨桑 因为白头发多 哈哈 胡胡胡胡胡胡小蹦儿乐哈哈 为什么染黑头发啊 [挖鼻屎] [哈哈]
1,吴宇森来啦！章子怡来啦！只为助阵黑龙江卫视大型项目 全民电影 可以让怀揣电影梦的你参与其中！从编剧、导演、演员、甚至到海报设计、为电影起名 由东方风行承制的大型季播节目 一拍成名 就是你梦想开始的地方！ 鼓掌 鼓掌 鼓掌 [鼓掌] [鼓掌] [鼓掌]
1,哈哈哈，山东同学，这角度拍的，冒佛光了不是？ 哈哈 兔子 偷笑 太开心 干杯 [哈哈] [兔子] [偷笑] [太开心] [干杯]
1,品好牛肉，就到赤坂亭 懿 用担架会好点 哈哈 哈哈 哈哈 赤坂亭餐饮 兔子 扶墙进扶墙出 [哈哈] [哈哈] [哈哈] [兔子]
1,月 日！？有名古屋童鞋见到吗？这消息应该早报道的，还能跟着萌一下 嘻嘻 [嘻嘻]
1,看旅游报，读旅游法。不明白的就联系名片上的人！ 哈哈 哈哈 哈哈 中国旅游出版社 [哈哈] [哈哈] [哈哈]
1,瑞可爷爷在成都 现在你也有机会获得我们的蛋糕啦！有木有一点小激动？ 嘻嘻 嘻嘻 嘻嘻 忻 回复 瑞可爷爷在成都 嗯嗯 嘻嘻 嘻嘻 嘻嘻 爱你 爱你 爱你 瑞可爷爷在成都 被抽取到的幸运伙伴名单将在 号公布！希望所有的伙伴们都是幸运儿转 [嘻嘻] [嘻嘻] [嘻嘻] [嘻嘻] [嘻嘻] [嘻嘻] [爱你] [爱你] [爱你]
1,心 梁 琪 非常期待 鼓掌 [心] [鼓掌]
1,哇，水煮汤圆 芝哚 原来小时候的熊猫这么可爱 亲亲 太开心 萌 [亲亲] [太开心] [萌]
1,全中 委屈 委屈 委屈 咱们一起去旅行 处女座的童鞋你中了几枪？ 嘻嘻 [委屈] [委屈] [委屈] [嘻嘻]
1,呢外套 单肩包 牛仔裤 爱你 [爱你]
1,回复 国安国米 铁板和料理都有一款打折，打折之后铁板 元，料理打折之后是 元。 国安国米 还打折吗？ 嘻嘻 [嘻嘻]
1,鼓掌 鼓掌 鼓掌 王加林 威武 威武 威武 许健铁刨花儿 每周日的精彩 走起 围观 鼓掌 谦祥益 奏耐天津 天津文艺广播 摄影师奕柯 每日相声 王帅 小帅帅 周 小尖果儿 陈树桐说相声的 杨长在 相声演员刘兰亭 好友帮转，谢谢啦！ [鼓掌] [鼓掌] [鼓掌] [威武] [威武] [威武] [围观] [鼓掌]
1,波波夫 生日快乐。我们都要听小曲儿 偷笑 蓝色小时 周周生日快乐！ 嘻嘻 我们都爱你哦 爱你 是吧，各位亲 云在青天 刘薯米 蔡蔡 澡澡 [偷笑] [嘻嘻] [爱你]
1,我觉得也不错 恩 不过要是有个女的这么跟我聊天，我会觉得有点儿可怕。 有个女的晚上 点半跟你共处一室你还有心情跟她聊台湾问题么？ 嘻嘻 [嘻嘻]
1,昨天吃的很长知识！ 摄影师姜平 回复 心泉之家 谢谢你的美食和食文化。 心泉之家 姜老师，是葛仙米。谢谢您送我回家 可爱 [可爱]
1,围观 全球顶尖摄影 鼓掌 女巫哦，好神奇！ [围观] [鼓掌]
1,忙碌的一天开始了，也是 的最后一天 ，把所有的不愉快都留下，带着好运迎接新年 哈哈 我在 [哈哈]
1,原来我是冠军 可爱 美食零食控 最记得别人对他好的星座排行 呵呵 星座很准很神奇，强烈推荐喜欢星座的童鞋关注 星座爱情 [可爱] [呵呵]
1,我在 万怡轩 。安海菜果：外表金黄，内部绵软，外，古法秘制 鼓掌 来自 微美食客户端 [鼓掌]
1,与飞行有关的那些事儿 十一长假闲在家，让小海来教你们画飞机吧 哈哈 [哈哈]
1,爱油 不错哦 雅芳 宝贝 林琨智 朵朵的快乐时光 加油 爱你 鼓掌 鼓掌 鼓掌 厦门安贝儿 雅琼爱美食 说 狼屁屁 顿悟 宏越 去流浪 不拎兔 霏凡喵的呐喊 澎澎 哒 [爱你] [鼓掌] [鼓掌] [鼓掌]
1,哈哈 你爹的！ [哈哈]
1,县长带你游光泽 梨花如雪，廊桥如梦，这个春天，去光泽吧！ 哈哈 推撞 丽美 不捉老鼠的懒猫 小布行路上 [哈哈] [din推撞]
1,呵呵！ 可爱 阳光下的大格格 害羞 害羞 鼓掌鼓掌，回答正确 鼓掌 三样菜帮主 呵呵！是佳佳吗？ 可爱 阳光下的大格格 哇哦哦，苏帮主又上朝廷台了哈哈哈。你猜你猜我是谁，我猜你猜不对哈哈哈 三样菜帮主 呵呵！看到我啦！元旦快乐哦 爱你 [可爱] [害羞] [害羞] [鼓掌] [可爱] [爱你]
1,同性！必须滴 王轶鸣： 哈哈 财经网 你的选择呢？ [哈哈]
1,管他 、 还是 ，该来的总是好日子 不解释，懂者自懂 嘻嘻 [嘻嘻]
1,倪倪 收到了！跟炸药包一样！前台姑娘手快断了。顺便问一下，介是故意的不是？ 哈哈 [哈哈]
1,真酸 嘻嘻 [嘻嘻]
1,鹅蛋祯的由来。 哈哈 晓朴 顶下。 摄影师火牛 回复 魏祯 完美的鹅蛋你好，我是新人，请多关照 困 魏祯 回复 原来我是完美的鹅蛋脸啊 [哈哈] [困]
1,这种段子在传播上毫无价值，谁知道那玩意是个手机品牌？ 史 这个比较典型，看见那个 了么？ 己已斋 不愿分，肯定家里什么地方还藏着呢！ 哈哈 传说中的女网警 笑哈哈 笑哈哈 笑哈哈 劝和还是劝分呢。。。我陷入了深深地纠结 [哈哈] [笑哈哈] [笑哈哈] [笑哈哈]
1,明后两天在鼓浪屿，有哪位也在吗？说不定能邂逅一下哦 嘻嘻 [嘻嘻]
1,哈哈兔儿 亲亲 思考 做鬼脸 干杯 干杯 干杯 [亲亲] [思考] [做鬼脸] [干杯] [干杯] [干杯]
1,粉木耳吗？ 哈哈 [哈哈]
1,一定要好 彼岸无花君子为她醉：好好爱生活，好好做自己。 彼岸无花君子为她醉 爱你 五月好！ 五月 人间有如许磨难，不放弃我们的信念！ 五月 世事有太多的变故，不改变我们的虔诚 蜡烛 蜡烛 蜡烛 [爱你] [蜡烛] [蜡烛] [蜡烛]
1,蓝天碧海金沙滩，赶海踏浪刘家湾，一芽一叶第一茶，南竹北移竹洞天；美美西湖花仙子，森林公园大氧吧；海鲜特产石颊蟹，奇峰怪石五莲山；水知日照舞动蔚蓝 心 大美日照，值得你来 爱你 希希粘糕 张丹 粉鱼乖乖 蝴蝶幽兰 赵小朵 黑胡椒 可乐她叫李妖娆 天使与魔鬼 [心] [爱你]
1,前天，小黄熊已经在圣诞亮灯的表演上出现过了 头一次在英国过圣诞，为等亮灯，姐在寒风中疯站俩小时，灯一亮，偶就开始怀念夜幕下的小蛮腰了 嘻嘻 [嘻嘻]
1,这么配合的猫咪，太少见了！ 刘小童 给了我家那两个祖宗，早不知道给丫脑袋拧下来扔哪了。 关老爷 哇，套图更给力 庄珂瑷 哇 套图在这里 吾乐乐 太开心 太有创意了。 咪克咪克 原来还有套图！！！ 转发微博。 [太开心]
1,哈哈 马里奥小黄 大家还觉得哪个童话好玩？我去改编 媚眼 [哈哈] [j媚眼]
1,糖水蓝：我是瞎的，我看到这图好几次了都没点大图！！！ 傻傻包包 看到亮点了么？？？ 碧痕红泪：哈哈坚决举手的说！ 来一份姜葱粉： 微博搞笑排行榜：哈哈 我就是这么潮！ 哈哈 [哈哈]
1,认同 外表的嚣张、叛逆恰恰是内心孱弱 内心足够强悍还用得着背后搞搞小动作？ 哈哈 简江 李恩泽 越是脆弱的内心 就越需要坚硬的外壳来保护 两者互相激励 造就了典型的乌龟和刺猬式的性格 薛蛮子 个人浅见：极度自卑与绝对自傲是一个扭曲性格的两面。自傲只是为了掩盖其自卑。 [哈哈]
1,你回来了吗？生日快乐！早日实现你的理想！ 张先生生日啊 哈哈 哈哈 生快！生快！应该早点通知嘛，可以一起 一下啊！ 蛋糕 蛋糕 蛋糕 蛋糕 行走 [哈哈] [哈哈] [蛋糕] [蛋糕] [蛋糕] [蛋糕]
1,好大的听，煤老板有钱。 一天到晚悠游的鱼 回复 迷茫诱惑 已经晕了，啤酒多多滴，一个山西老板请客滴，昨天的红酒也是他请滴 今晚还要到因特拉肯去喝。 迷茫诱惑 美女留点，让俺也尝尝这外国的啤酒 可爱 [可爱]
1,哈哈 哈哈 冰之魅语 哈哈 相约一块去旅行 高招啊。 哈哈 [哈哈] [哈哈] [哈哈] [哈哈]
1,嘻嘻 蒋丰 日本的洗澡文化，真的还要好好研究，的确有名堂的！ [嘻嘻]
1,今天带了好多好吃的，东京带回来的抹茶巧克力包裹杏仁 好吃！ 嘻嘻 嘻嘻 嘻嘻 [嘻嘻] [嘻嘻] [嘻嘻]
1,一二三四五六七对七六五四三二一 七六五四三二一对 嘻嘻 嘻嘻 嘻嘻 何炅 谢娜 [嘻嘻] [嘻嘻] [嘻嘻]
1,回复 袁 媛 超好吃 嘻嘻 袁 媛 怎么看起来干干的呀？不好吃，鉴定完毕 偷笑 [嘻嘻] [偷笑]
1,新一代男神 高晓攀 哈哈 [哈哈]
1,梦想都是甜的，加油！ 爱你 [爱你]
1,哈哈 酷 贝塔坐台 突然收到礼物，威武 路仁娜芝 我在 [哈哈] [酷]
1,嘿 各位亲爱的小蜜蜂：大家忙碌了一天！是不是都在偷偷算着自己手中赚取的积分呢？ 哈哈 再准备个小本子！ 江南 明天继续守在电脑旁吧！还有活动会陆续登场哦！ 得意地笑 今晚睡个好觉吧！晚安 偷乐 [哈哈] [江南style] [得意地笑] [偷乐]
1,体验五星级豪华之最，尽在 北京嘉里大酒店 爱你 [爱你]
1,小姐 再次感谢评委 鼓掌 [鼓掌]
1,昨晚竟然说梦话了，还是英语，今早听到 说起，甚是兴奋啊！记得高中那会，英语老师就和我说过，啥时候你做梦都说英语了，你就喜欢上英语了，水平也基本上去了，难道我现在已经达到传说中的较高英语水平啦？ 可爱 [可爱]
1,我在老故事餐吧下午茶，有种怀旧的气息，快乐的心情！太喜欢养生乌龙的香味啦！ 爱你 单姐说我穿这衣服像老上海的大学生，跟这里的调调太搭啦！ 哈哈 哈哈 哈哈 偷笑 偷笑 [爱你] [哈哈] [哈哈] [哈哈] [偷笑] [偷笑]
1,熊熊又来卖萌了 ！ 爱你 欢迎关注一样喜欢卖萌的 旅游专家 高平 哈哈 [爱你] [哈哈]
1,豆果学两招 超全的牛排知识，牛排控们不可错过的学习机会哦，边吃边学，哈哈！ 哈哈 [哈哈]
1,姜还是老的辣啊 哈哈 赞 写意 哈，以后我也这么干 [哈哈] [赞]
1,我想去吃，带埋我啦美女姐姐 依稀以西：满口都是肉 嘻嘻 牛肉丸还可以再正一点哟 [嘻嘻]
1,咱们大官 哒速度真快耶！微博微信宣传不停歇，更要大家多到店光顾方知到底多好多美貌呐！欢迎光临！ 太开心 心 鲜花 北京三里屯店 官方微信： 问路哒寻店哒淘店哒购物哒纷纷走起来吧！ 酷 鼓掌 [太开心] [心] [鲜花] [酷] [鼓掌]
1,哈哈 厚黑心计学 加油 [哈哈] [加油]
1,帅呆酷毙了 嘻嘻 [嘻嘻]
1,说相声的时候呢？ 学徒王自健 马 然 无痕轩 李铁根 刚刚，你够了！ 哈哈 [哈哈]
1,好几天没正儿八经发微博了，忙着招呼朋友、看亚洲青年艺术现场 明天又出发自驾旅行了，到时又有大量美景美图奉上 嘻嘻 ，朋友们就期待下吧。 穷游云南 [嘻嘻]
1,感谢您的分享 嘻嘻 ，欢迎您下次光临雅阁集团成员酒店 [嘻嘻]
1,牛 的发改委。 哈哈 百度都膜拜。 [哈哈]
1,真是太给力了 给力 ，省时又省力呢 爱你 扫描全能王 这还得归功于小诺 的超高像素 赞 扫描全能王，您的手机好帮手 嘻嘻 下载戳 [给力] [爱你] [赞] [嘻嘻]
1,哈哈 [哈哈]
1,上午在腾讯网听了关于微信的介绍，感叹了一番科技进步的妙处，晚上就首次尝试用微信回了邮件，非常方便哟！看来还是得跟上时代的步伐呀，亲 太开心 [太开心]
1,中秋节 除了月饼 据说 还要 南京人吃 鸡 板栗，上海人吃 鸭 芋头，无锡人吃藕，北方人吃水饺，你吃了什么？ 哈哈 哈哈 哈哈 [哈哈] [哈哈] [哈哈]
1,好吧 大家都关心唇膏的牌子，我在这里统一答覆是 的哦 做鬼脸 太开心 大家都快快大红唇吧 亲亲 耶 [做鬼脸] [太开心] [亲亲] [耶]
1,设计师和他宠物的最新力作 如果在设计图案上觉得太过拘谨，不够随意，那就把画笔交给它吧 哈哈 [哈哈]
1,这是昨天的演出照片啊！不错哦！！谢谢猫猫！！我很喜欢！ 嘻嘻 [嘻嘻]
1,富顺儿歌 "红萝卜，蜜蜜甜，看到看到要过年，筷子拈嘎嘎，瓢儿舀汤汤儿 " 哈哈 中国味道杂志 花心 [哈哈] [花心]
1,周末节奏 资深肉包子 分享 兔子 嘻嘻 麦德龙的这份 菠菜卷饼 推荐 赞啊 ，早上起来卷上自己喜欢的蛋饼蔬菜肉肉就是一份可口的早餐 心 ，很是方便快捷 噢耶 噢耶 明天就去买 得意地笑 [兔子] [嘻嘻] [推荐] [赞啊] [心] [噢耶] [噢耶] [得意地笑]
1,哈哈 星座宝典：不要这样吧，亲 ？ [哈哈]
1,哈哈 中大资源分享平台 这就是为啥中大会开 哈利波特与遗传学 的原因 [哈哈]
1,姐这是要疯的节奏 刚出炉的鲜肉榨菜月饼 好吃疯了 姐接着疯去 疯完来上做法 嘻嘻 [嘻嘻]
1,物色好了几家要拍的好菜 还是出来混有收获 哈哈 哈哈 哈哈 。 [哈哈] [哈哈] [哈哈]
1,准时到！ 鼓掌 [鼓掌]
1,险胜险胜 嘻嘻 黄花菜都凉了 赢了没？ [嘻嘻]
1,挺好的小伙找不到女友么 东田造型王靖 是个好人！转一个 许清概 求解救！！！！哈哈哈 鼓掌 [鼓掌]
1,超级笑星 精彩剧照 亲们 还记得我们可爱的超级球童宝宝么？ 偷笑 上周他教会了我们怎么唱儿歌版的 春天里 不知道明晚 超级笑星 复活赛第二场 还能不能继续见到这位宝宝哦 哈哈 [偷笑] [哈哈]
1,哈哈 的微加幸福 怪诞心理行为学 太油菜花了！ 哈哈 [哈哈] [哈哈]
1,热门话题说 看韩剧嫁不出去 ，小编温馨提示： 年一次的双节过了，大家还是看 珠江新闻眼 吧！看珠眼还有奖拿呢。 太开心 抱抱 太开心 [太开心] [抱抱] [太开心]
1,哈哈 干杯 微风 [哈哈] [干杯] [微风]
1,好消息啊 篱笆闲聊 哦哟 上门催收啊 嘻嘻 嘻嘻 [嘻嘻] [嘻嘻]
1,一战接一战 哈哈 [哈哈]
1,回复 伊豆 这就是有缘！ 伊豆 去年去时是 月 今年计划上报也是 月 哈哈 垦丁的天那个蓝啊！！！ 威武 阿秀秀 台 自由行 人 台之旅 台客圈 远方网 [哈哈] [威武]
1,回复 风清云淡的雨 哈哈 风清云淡的雨 再睡回笼觉呗 嵩县张相正 已经起来了啊 晕 [哈哈] [晕]
1,欢迎光临！感谢推荐 可爱 心 [可爱] [心]
1,回复 新疆美食雷将 看看长知识！ 新疆美食雷将 回复 央广雅萍 那石头可贵了，一般人买不起 新疆美食雷将 鼓掌 我是来看美女的 [鼓掌]
1,你还不如说，咱们都是女人中的汉子呢。 偷笑 哈哈 他们叫我贺小杨 无论如何，大家要各自奔赴幸福啊，马不停蹄滴。咱们都是强人中的牛人，女人中的战斗机，个个都是好身手，加油！ [偷笑] [哈哈]
1,香啊！真香！哈。蓝山在手，快乐我有啊！ 热点红姨 得意地笑 热点美食天天在 谭育君 金梅央 黄记煌 黄耕 雅座白昱 创业天使 燕金成 少宇 边疆边吃边说 濠上儒哲 茶 禅 道 热点红姨 创业天使 波娜 创业天使 燕金成 佛法悟边 微美食 鼓掌 胡滨微博 [得意地笑] [鼓掌]
1,真不错。 爱你 [爱你]
1,早安御庭 其实旅行最大的好处，不是能见到多少人，见过多美的风景，而是走着走着，在一个际遇下，突然重新认识了自己。早安周末 哈哈 太阳 微风 鲜花 也度假网 小猪妈 娃娃兔兔牙 薛蛮子 [哈哈] [太阳] [微风] [鲜花]
1,太酷了 哈哈 爱你 [哈哈] [爱你]
1,哈哈 哈哈 哈哈 宋英杰 笑饿了！ 江苏气象 哈哈 哈哈 哈哈 丹丹说天气 哈哈 哈哈 哈哈 南京周末 哈哈 哈哈 哈哈 [哈哈] [哈哈] [哈哈] [哈哈] [哈哈] [哈哈] [哈哈] [哈哈] [哈哈] [哈哈] [哈哈] [哈哈]
1,鼓掌 鼓掌 鼓掌 无穷小姐 旺崽小 一点玲犀 太赞啦 [鼓掌] [鼓掌] [鼓掌]
1,这个是找的俩位长得像的演员。不明真相的围观群众们 小四合院小姐 这对夫妻真是豁出去了 偷笑 可乐 人类已经不能阻止江南 了！ 宽宽 衰 擦 小羊 奥巴马真赢了！ 小幻 哈哈 三共日辰 国外领导人确实开放！！ 麦兜爱钓鱼 哈哈 [偷笑] [衰] [哈哈] [哈哈]
1,深圳行 忘记调空调温度睡到涕流满面 哈哈 干脆亮灯批阅奏章！话说这酒店 太给力了，去到哪里都信号满格且网速超快，实在太太太让偶惊喜了，连到酒店门口几米外还能蹭用。简直是手机控的福星啊！ 哈哈 深圳东方银座雅高美爵酒店 雅高酒店 我在 [哈哈] [哈哈]
1,两人来相会 哈哈 [哈哈]
1,嘻嘻 [嘻嘻]
1,大兴庞各庄的小西瓜还相当的甜呢！当场就啃了一个！爽！ 哈哈 哈哈 [哈哈] [哈哈]
1,洗之朗马上有温暖 最温暖的财从天降 抱抱 求温暖请点击 [抱抱]
1,圣诞快乐哦仙儿 哈哈 手套 绿丝带 快乐天使小仙儿 圣诞帽 主持人少枫 胡焰焰 我算不算烂好人啊 晕 全球搞笑榜中榜 有些人你就是忍不住要对她好 心 [哈哈] [手套] [绿丝带] [圣诞帽] [晕] [心]
1,这一碗小小的米粉，牵动着多少游子的胃。 蓝天下的荞麦 蓝蓝红花朵 彭啦啦 珠宝杨宇辉 摩迈 馋了没？ 嘻嘻 [嘻嘻]
1,林志炫 林志炫世界巡演 你 在哪 呀？！想你 唷 害羞 太开心 刘柏良 今晚在 州海心沙跟大家一起送走 美好回 的 ， 心 喜地迎接 哈哈 。 [害羞] [太开心] [哈哈]
1,爱你 [爱你]
1,原本前菜有一道烤乌鱼子，没想到 甫田网 的台湾乌鱼子实在太好吃，等我订货的时候居然售罄 抓狂 无奈改了这道烟熏三文鱼，但意想不到的是甫田网的这款烟熏三文鱼也是那么的好吃，而且包装打开已是片好的，于是，只花三分钟我就装完盘了 哈哈 哈哈 [抓狂] [哈哈] [哈哈]
1,欢迎可爱的小朋友来 大眼妞总 谢谢，会携妞总一起来的 哈哈 哈哈 苏州万豪酒店 大红灯笼 大红灯笼 拜年了 已经收到了啊 提前给您拜个年拉 祝您春节快乐 早日光临苏州万豪酒店 嘻嘻 [good] [哈哈] [哈哈] [大红灯笼] [大红灯笼] [拜年了] [嘻嘻]
1,这个好玩 哈哈 大哦三声 乃们还须叔吗 心 [哈哈] [心]
1,焦作同城会 焦作旅游 太极故里 山水焦作欢迎您 鼓掌 玩的有三大 景区云台山、青天河、神农山，还有 影视城、嘉应观、净影寺等；回家记的带点焦作特产铁棍山药送家人送朋友，还有科霖达菊珍、油茶等；好吃的就太多了三维大厦周边全是好吃的 花心 请大家继续补充好吃的，谢谢。。。 [鼓掌] [花心]
1,马尔代夫国庆特价机票 月 号 成都川航直飞麻袋 人 这才是国庆难得的白菜价格 哈哈 单机票往返含税 数量有限 预购从速咯 给力 给力 参考航班时间为 成都 马累 马累 成都 企业 海游艾米 海游田田 [哈哈] [给力] [给力]
1,泪 泪 泪 感动啊 武汉权金城韩国烧烤 鼓掌 鼓掌 鼓掌 祝贺权金城， 围观 群体围观 权味员工获得 年度北京市餐饮业感动服务之星 太开心 爱你 [泪] [泪] [泪] [good] [鼓掌] [鼓掌] [鼓掌] [围观] [群体围观] [太开心] [爱你]
1,美国 明天报名了一天的课程希望技术可以进步 嘻嘻 最后的缆车都是 回酒店必经之路 板儿会 丽思卡尔顿酒店 我在这里 [嘻嘻]
1,真开心！ 李若猫 快闪一下多开心！ 莫里斯雷 哈哈哈。棒极了！ 美剧迷 再来一遍 ！ 生活大爆炸 快闪突袭齐唱 ！ 哈哈 [哈哈]
1,能让人长高的神秘小岛 世界上有个神奇的岛，名叫 马提尼克 岛 ，岛上的居民长得很高，从国外来的游客，只要住上一个时期，也会长高几厘米。这么神奇的功效，有没有牵动你想要当"高帅富"的心啊？ 嘻嘻 [嘻嘻]
1,一点十分下的单，现在鱼头还没有上。偶这个四斤半的鱼头是不是应该赠送啊 哈哈 我在这里 [哈哈]
1,你们说好了就行！ 巨匠娱乐 第二位来了！ 哈哈 [哈哈]
1,星座爱情 怎样做个懂事的女朋友 可爱 教您做睿智女人 [可爱]
1,鼓掌 请继续支持恒大 偏题了 [鼓掌]
1,萌萌扭屁股 头条博客 哈哈 [萌萌扭屁股] [哈哈]
1,和领口开的高低有关系 嘻嘻 [嘻嘻]
1,瑶里的梅岭万朵卷丹百合将绽放，亲们可以来拍照哦 爱你 [爱你]
1,大家早啊 正在收拾行李中 ： 准时出发 大连的朋友们我来了 太开心 话说只睡了 个半小时的小潘真心困 打哈气 打哈气 打哈气 车上补一觉 奥特曼 [太开心] [打哈气] [打哈气] [打哈气] [奥特曼]
1,最后一张太不着调了 汗 天造地设的主儿 茜吉尔 就是觉得最后一张特象你！不着调装无辜，外加天然呆 " " 哈哈 [汗] [哈哈]
1,鼓掌 多谢您对梨子的点评，我们一定会继续努力哦 [鼓掌]
1,家化暗纹东方豚，无毒，成鱼大约 两，不用冒死也可以吃河豚哦！ 张新民 好袖珍。 哈哈 哈哈 芯茹芷谁 呵呵，好萌啊。张老师，转这个没问题吧？ 偷笑 张新民 樊旭兵 [哈哈] [哈哈] [偷笑]
1,来园博会吧。逛三天都逛不完。 移动电视悠悠团 可爱多多饭一锅 璇宝宝 三人行还是我脸最小。。。 哈哈 [哈哈]
1,赞 哈哈 洁 粗略估计了一下去婺源的费用，瞬间又想去实习了 泪 泪 ，现在只要出个省就要 ，钱不值钱了啊 。真佩服暑假跟大家去海南 块钱怎么能挨得过半个多月。 可怜 婺源这么诗情画意的地方，很适合一个人的旅行。但有时也会厌倦一个人，把那份自由留给云南好了 心 [赞] [哈哈] [泪] [泪] [可怜] [心]
1,照片好可爱哦！感谢亲对酒店的赞许，酒店能给您和您的家人留下美好的回忆时光，我们倍感开心。 哈哈 我们等待亲的下次到来哦！希望为亲的下次旅行勾勒出一段更加美好愉快的回忆！ 笑哈哈 [哈哈] [笑哈哈]
1,让这些可爱有趣的盆栽排排坐在办公桌上 爱你 家人们让工作更有动力！ [爱你]
1,周末 好康 即日起至 月 日於丹麦鞋履品牌 专门店屯门 分店购买任何鞋履产品，可获海洋公园日间入场券 张 太开心 鼓掌 。 优惠只限 屯门 专门店，并以单一发票计算；每日限送 张，送完即止 新店地址 屯门乡事会路 号 号铺 爱步 [太开心] [鼓掌]
1,艺龙丽江客栈不靠谱阿 幸福慧慧猪 几十元的多了去了！ 哈哈 艺龙旅行网 丽江酒店团购大全，需要的同学请速速拿走。 [哈哈]
1,还能教我拉花？ 蓝湾咖啡万达广场店 送到你那估计熊就成猪了 哈哈 哈哈 主播大刚 小熊咖啡，可以送外卖嘛 [哈哈] [哈哈]
1,德钦御庭 话筒 话筒 投票啦投票啦！梅里雪山边的御庭，风景无限好，异域风格独特，更有正宗泰餐和当地美食可以享用，安缇缦 更可以让您消除旅途的疲劳。喜欢的亲们帮御庭投一票哦 鼓掌 鼓掌 [话筒] [话筒] [鼓掌] [鼓掌]
1,哈哈 菁制美食： 馋嘴 [哈哈] [馋嘴]
1,必须得是带签名滴 晃头 走入时间 希望朋友们喜欢！ 可爱 源形毕露 这本书沉淀性很强，是我 年前召集其他 位我很欣赏的不同领域的摄影人一起写的，内容涉及几个领域，比较具有收藏价值。 [cai晃头] [可爱]
1,马一个回头看 媒体微博头条 唉嘛，这剧情，这台词，这结局！万万没想到呀！ 太开心 冯小刚 冯导给个春晚的机会呗 [太开心]
1,谢谢您对超值午间套餐的评价嘻嘻 爱你 有时我们的个别活动会有雪莉，不过谢谢您对酒单的建议！ 可爱 [爱你] [可爱]
1,可说的是啊！！ 景旁庐 这就是音乐节啊，居然还有性手枪 朱光宇 今天早点睡，明天早点起 哈哈 威生活便签 威 朋克 也上啊，真是自由资本主义世界啊。呵呵！ 郭晓松 [哈哈]
1,那也只能照出一个破碎的我。好琼瑶的话啊！ 演员邵峰 是当镜子特好用吧！ 哈哈 [哈哈]
1,疗效不好么？ 冷笑话精选 一个个病得不轻啊！ 哈哈 哈哈 [哈哈] [哈哈]
1,真的被这些小崽子们给蠢哭了。。 哈哈 [哈哈]
1,温莎家宴真心豪华！感谢大家姐的款待！让我第一次吃到香港人的经典传统新年大宴 盆菜。生日快乐！天天快乐！ 爱你 爱你 海阔天空好飞翔 [爱你] [爱你]
1,忙了一周，终于能坐下来，轻松下了。。。 鼓掌 好喜欢下雨的日子啊。。。 [鼓掌]
1,撒花 祝贺！祝贺！ 拍手 环球旅行家 鼓掌 祝贺 上线 环球旅行家 全国听游节目破百万！ [撒花] [拍手] [鼓掌]
1,家人帮家人 正在为购车纠结的同学们，来这条微博里留下你的购车条件 如：价格、三厢两厢或 、手挡或自动挡、追求动力、空间等 ，转发并评论，让大家一起帮你挑一款爱车吧。购车信息越详细，就有机会被家家点名推荐呦 哈哈 [哈哈]
1,回复 幽狼要当狼王 谢谢，知道啦！ 嘻嘻 幽狼要当狼王 老鬼爷爷，新疆大学科学技术学院的官博是 新疆大学北校区微博协会 这个哦 俺叫老鬼 推撞 魏东 俺叫老鬼 回复 大西迁林玉 这才是新疆！ 呵呵 大西迁林玉 哈哈 哈哈 爱你 爱你 给毕老师，赞一个 [嘻嘻] [din推撞] [呵呵] [哈哈] [哈哈] [爱你] [爱你]
1,哈哈 不必过分紧张！ [哈哈]
1,晓宇 周围环境也很美 酷奶茶咪咪 吼吼，我们入住过滴 海边童话 郭梦在路上 素颜出门不怕晒 晓宇 行者李飞 九江旅游杜少华 小资。 哈哈 哈哈 尖子闻 喔喔，简直是太完美了。 胡掌门 有点象照片上的欧洲了。 浔城竹聆风 胡掌门 ，稀饭吗？ [哈哈] [哈哈]
1,饿了正好觉得更好吃 哈哈 [哈哈]
1,回复 无所畏 我还在 这两天从文殊院去锦里、去博物院、去金沙，路都宽绰！除了出租，也没见谁风风火火地开车，公交上人也不多！巴适的很噢！ 亲亲 无所畏 我还在 马路宽么？额，我对成都很熟的。 抱抱 在我标准里，我觉得路挺窄，电动车多，有点乱。最近不是还在修地铁么 [亲亲] [抱抱]
1,录制下来，开心与感动，忧虑与希望交织，但成长终究是一件有意思的事，今晚收工，明天继续助力。 成长秀 鼓掌 鼓掌 谢谢 力波 没时间工作 为我们的每一位成长少年加油鼓劲！！ [鼓掌] [鼓掌]
1,在铜锣湾的 入手一双超轻步行鞋，猜猜多少钱？ 嘻嘻 我在这里 [嘻嘻]
1,午睡醒来还是这么大的太阳，继续俺的禁足宅男生活，研究四书五经 ，说不定等俺出关之时也成了个什么子了 哈哈 [哈哈]
1,爱你 熊猫 埃菲尔，总有一天我会来到你面前，带着我的美梦，还有我的爱人。 [爱你] [熊猫]
1,叶氏麻糍吃多了腻，就是芝麻驴打滚；张三丰奶茶，二十块一杯呢 鼓浪屿一家鱼丸，很不错；八婆婆烧灿草， 块，挺好；海蛎煎，同学学姐带我们路边吃，很好次；沙茶面，在吃肉粽那家随便吃了点，无大感，肉倒不错；黄胜记，外带，生意很好，主要不贵，没觉特好吃； 、海鲜排档喜欢花蛤与海瓜子 嘻嘻 [嘻嘻]
1,今天是 的 薛皓垠 大婚的日子，好激动！祝福他们一生幸福！因为月月的婚礼，好久不见的大学同学聚到了一起，三年了！别来无恙！请看我们的美女班大合影！ 爱你 尹晓娇 尹岚的音乐加油站 杨柳 李婷婷 阿兹考拉 陈梦菲 马晓梦围脖 罗霖 望乡舟 [爱你]
1,左哼哼 右哼哼 挖鼻屎 挖鼻屎 挖鼻屎 那个在做甜点的太丑咯！ 哈哈 哈哈 哈哈 [左哼哼] [右哼哼] [挖鼻屎] [挖鼻屎] [挖鼻屎] [哈哈] [哈哈] [哈哈]
1,没错，这里就是丽江古城。看见那个大水车了吗？那也算是地标性建筑了吧！ 可爱 [可爱]
1,恭喜 菩提树下的八戒 幻幻小鱼 浪险葳 获得第 站转发奖品：百度旅游定制明信片 套！ 鼓掌 我们走过几站就送几个奖！敬请期待第 站西安分享会，现在转发也有效 嘻嘻 请得奖者私信姓名地址电话给我哦 [鼓掌] [嘻嘻]
1,举手 嘻嘻 [嘻嘻]
1,真的旺 ？ 扎西泽仁 曼陀罗 回复 小 芳 那女同学要戴一串绿松石。 嘻嘻 夫旺、家旺、事事旺。 小 芳 绿松石好像也有叫旺夫石的，女生带很好 可爱 [嘻嘻] [可爱]
1,海航产品 新开航线喽！小海航将于 月 日开通合肥 海口 新加坡航线，每周三班为您的新加坡之旅带来便捷、舒适的飞行体验。 鼓掌 月 日前，合肥 太原 新加坡航线经济舱单程 元起，往返 元； 月 月，太原 海口 新加坡航线经济舱单程 元起，往返 元起。详情请戳： [鼓掌]
1,天才的推理！ 哈哈 [哈哈]
1,赵伟宁 祝和我同月同日生日的你 虽然很少见面及交流，但谢谢你每次关键时刻都肯帮我 来年彼此都要进步多多赚钱多多哈哈哈 嘻嘻 蛋糕 偷乐 [嘻嘻] [蛋糕] [偷乐]
1,推荐 最新潮海南伴手礼：椰子脆片 椰奶酥卷 你听说了吗？李克强总理在海南一家便利店花了 元买了一盒椰子脆片和一盒椰奶酥卷后 总理套餐 就秒火了！分分钟被抢购一空 哈哈 壮哉我大吃货的节奏！ [推荐] [哈哈]
1,回复 王溪说 去南京喝鸭血粉丝汤，幸福 嘻嘻 王溪说 嗯？一眼看到臭 鱼，哇找不到那个字。好吃。 [嘻嘻]
1,呵呵粉丝今天整六百 嘻嘻 [嘻嘻]
1,加酱油主要是为了提鲜 哈哈 [哈哈]
1,吼一声，劳资喜欢 沐沐的梨窝浅笑 站出来吼一声！ 嘻嘻 墨斗鱼的地盘 良家族 铁粉那是必须滴，挺胸 嘻嘻 钟汉良 爱你 汪裕翔 钟汉良的铁粉太多了，很具有品牌和传播价值 [嘻嘻] [爱你]
1,回复 黄村 做茶过程的香那叫香的不得了啊，记得先闻一闻再开讲就口吐莲花了 哈哈 黄村 岩茶我的最爱啊，喜爱肉桂的香，水仙的醇 野山狐 之后可以来，开始采茶了，满城尽是岩茶香 李峥嵘 我真的真的真的很想去，但承诺别人在先 野山狐 你真的真的不想来吗？ 李峥嵘 哎 [哈哈]
1,嘻嘻 刘晓寒寒 没落下我就行 嘻嘻 小德文玩 顽主 你忘了圈我大哥了 儿她爹 文玩天下官方微博 我觉得这个就够镇住你们的了 小德文玩 顽主 佰汇古玩城 于察哈尔灿 刘晓寒寒 砖头锅锅 陈大爷要练成肌肉男 歌手含笑 超人胖大叔 的五味旅记 鼓楼老谢文玩 文道 乾龙 [嘻嘻] [嘻嘻]
1,鼓掌 吃，是一种分享 嘻嘻 [鼓掌] [嘻嘻]
1,老徐家二小姐 鼓掌 鼓掌 好大只菇菇 啊啊啊啊啊啊嗨森 [鼓掌] [鼓掌]
1,大人，其中必有蹊跷！ 哈哈 哈哈 哈哈 [哈哈] [哈哈] [哈哈]
1,我住 楼，一年四季客厅都不需要开空调，夏天穿堂风吹得都有丝凉意。 翔子 银河老师来海南啦，欢迎欢迎 嘻嘻 [嘻嘻]
1,笑哈哈 最爱杨梅哇 末小末 不能没有人理的小追追 我的包就是在内个商场买的 偷笑 图精选 哈哈 [笑哈哈] [偷笑] [哈哈]
1,不过我一般都周日才看 因为这样第二天会比较开心 吼吼 可爱 娱乐档节目我就不懂啦 我很少看祖国的电视节目 还是日本的好看 但是但是最近我爱上了新闻联播 感觉国家特别爱我们 我们生活特别幸福 耶 [可爱]
1,您的肯定与支持是我们最大的幸福！谢谢您！ 太开心 抱抱 心 妹妹爱创意 对呀，恋爱 周年纪念日、结婚的婚宴都是在青年餐厅享用的美食，支持你们， 爱你 哈哈 青年餐厅 还有你们浓浓的甜蜜！ 太开心 心 [太开心] [抱抱] [心] [爱你] [哈哈] [太开心] [心]
1,公母用下水道丈量，公公用粪丈量 哈哈 老沈影谈 飞机泼粪？真能瞎鸡巴扯。波音公司的飞机满世界飞，要说泼粪应该美国人头上遭遇的飞机泼粪概率更大吧 满世界混 [哈哈]
1,然是年 人 挪威娃娃 哈哈 [哈哈]
1,回复 陈烟旧雨 哈哈 哈哈 茶友们又多了一个品茶的好地方！交通方便，四条轨交站点，自驾来停车也方便！ 陈烟旧雨 好棒呀！！ 威武 威武 威武 我家的茶室哦！ 迎光 ！ 鼓掌 鼓掌 鼓掌 [哈哈] [哈哈] [威武] [威武] [威武] [鼓掌] [鼓掌] [鼓掌]
1,嘻嘻 喜欢 [嘻嘻]
1,你也加油姑娘 姜米糖 王晓磊 今天晚上 为爱向前冲，奖品发到你手软，雷子乐笑工厂话剧票 张，甘家口百货化妆品代金卡，还有旅游年票，餐厅百元代金券，不听后悔后悔后悔。。。。 哈哈 王晓磊 没想到这个漂亮姑娘是节目的华丽落幕，希望她找到真爱 奥特曼 [哈哈] [奥特曼]
1,这一杯得义卯钱 嘻哈壹笑堂同里店 就觉得你眼熟哦，欢迎欢迎 哈哈 哈哈 [哈哈] [哈哈]
1,回复 塔儿哄 大哥，大晚上的可别追根溯源去啊。 嘻嘻 塔儿哄 先让别人回答吧，明天再答复吧 哈哈 [嘻嘻] [哈哈]
1,围观 小炳 今天央 ！ ： ！大家 支持葛小恩吧！！！ 哈哈 哈哈 哈哈 葛兆恩 宝弟 倒 。。 [围观] [哈哈] [哈哈] [哈哈]
1,转给身边的大叔们！ 风格网 刘三金 快去看看吧 哈哈 [哈哈]
1,晕 逍遥 哈哈 [晕] [哈哈]
1,哈哈 毛十八 精英教育敢为常人不敢为之事 所以就要重度污染天出操对吗常人也不敢吃大便的怎么办啊深井冰就是这种人在搞教育哦呵呵呵。 [哈哈]
1,晕 白凯南：哈哈！ 哈哈 新浪视频：两个上海人打架，一个东北人解说 哈哈 这货太逗了！！ [哈哈] [哈哈]
1,呵呵 ！威武的王总 奔跑的蜗牛 ：看马腿都劈叉了，超载 嘻嘻 [嘻嘻]
1,哇 好多奖品哦 花心 路灯摄影 车轮张 狐狸猫 爱老范 亲们快来 鼓掌 [花心] [鼓掌]
1,哇哇哇，我有使用好几种 嘻嘻 [嘻嘻]
1,看着骨感，捏着有肉 好爱哦 这明显不是说俺 泪流满面 所以，我要减肥啊，减腰 嘻嘻 ，减腹 嘻嘻 ，想瘦哪儿就瘦哪儿 甩甩手 连车载电源线都有，要不要这么贴心呀 震惊 小伙伴们，你们咋想滴？ 偷笑 [好爱哦] [泪流满面] [嘻嘻] [嘻嘻] [甩甩手] [震惊] [偷笑]
1,关注 可爱 和支持 [可爱]
1,好久没陪老婆散步了，今儿趁着雨后难得的清新空气，光脚散步 公里，手电加手机拍照存档。 哈哈 [哈哈]
1,专业问题被不专业的人炒得火热，搞成社会问题博眼球纯起哄 哈哈 [哈哈]
1,感恩好友 爱你 末末未未锦 转发微博。 [爱你]
1,鼓掌 中关村广场美食街 [鼓掌]
1,顶右边。 孔中 未能使用微信 约 成功的投资人不是合格的移动互联网投资人，不能只要求创业者，对于投资人咱也得提出要求 哈哈 绪伦 哈哈 王煜全 我也刚刚学会用微信，终于符合 王利杰 的投资条件啦！ [哈哈]
1,墙壁上的花，清新的幸福感！ 爱你 设计我的家 [爱你]
1,海伦在 准备换手机了吗？ 哈哈 哈哈 他们叫我阿帮 微博秀智商，转发需谨慎啊！ 童小萱 太万恶了 圆脸川 跪了！！万恶的资本主义！ 宁财神 无 [哈哈]
1,挖哈哈， 号，记住鸟。 嘻嘻 谢了。 [嘻嘻]
1,先睹为快！苏州花间堂 探花府 月 日即将开业，如今小伙伴们的开荒工作正在火热进行中 想知道清代军机大臣潘祖荫的老宅是什么样子吗？快跟小花来探一探吧 可爱 [可爱]
1,别跟它抬杠！早安！ 哈哈 嘻嘻 哈哈 [哈哈] [嘻嘻] [哈哈]
1,天天向上 ： 体育老师征集 最帅体育老师 不容错过！ 围观 花心 今晚十点，海关多款男神，你更不能错过！ 鼓掌 绿色的纱裙和白衬衫 完全忍不住必须要 天天向上官方微博 ，这么帅的体育老师错过了怎么可以！！ [围观] [花心] [鼓掌]
1,麻瓜小豆 全 集！ 鼓掌 太开心 [鼓掌] [太开心]
1,回复 嘟嘟的杂曲 要麽？ 嘻嘻 嘟嘟的杂曲 这套绝对的赚到 啊，我美国代购单买的液体腮红和高光这两瓶，都快六百了，这里四个才两百啊！ [嘻嘻]
1,转一下下 北五村少年 周 小尖果儿 今晚星光灿烂！今夜无人睡眠 给力 给力 给力 王帅 小帅帅 偷笑 姐夫 许健铁刨花儿 你还四跟我好 偷笑 周 小尖果儿 可爱 谦祥益 存档！谢谢吴总。 [给力] [给力] [给力] [偷笑] [偷笑] [可爱]
1,带盐哥 哈哈 我是陈欧，我为自己带盐 聚美陈欧 [哈哈]
1,这必须的 项 薇 哈哈 哈哈 哈哈 哈哈 哈哈 简直是我们的写照啊 思静 孙悦 [哈哈] [哈哈] [哈哈] [哈哈] [哈哈]
1,好可爱的奶茶铺，其他的同志们去了没去了没？ 可爱 [可爱]
1,推撞 鼓掌 这里是美国 今晚 点 北京时间 月 日早上 点 ，艾美奖颁奖典礼开始！美国君会为大家图文直播的！一起期待吧？ 太开心 [din推撞] [鼓掌] [??] [太开心]
1,其实我喝拿铁 靠，太 重口味 这才是 飞翔从此大不同 ！ 哈哈 [哈哈]
1,收看方式 登录 视讯中国 官方网站 收看，抑或是下载 视讯中国 手机客户端，进入 享旅游频道 或 潮体育频道 收看精彩节目！！！快快行动起来吧！！！ 嘻嘻 [嘻嘻]
1,鼓掌 陕西虎牙 幸福很荣易 浅笑盈盈中 [鼓掌]
1,回复 李如斯 哦，这样呀！我看成北京的事了！北京人怎么会那样！ 哈哈 李如斯 这四川的事儿亲 儿非 这点事足以看出！北京 精神 说什么都没用！希望帮忙捡起的人还予他！ 害羞 [哈哈] [害羞]
1,嘉里一姐 闹呢！ 克瑞思 上海嘉里的小编真心伟大！ 向你学习！ 威武 克丽丝朵 昆哥 克瑞思 赞 嘉里大酒店 童鞋们 点开奖哦。加油再转转？拼人品的时刻到了。 嘻嘻 [威武] [赞] [嘻嘻]
1,春节美食推介 和平美味 大年初三，年味十足。和平饭店龙凤厅为大家推荐中餐总厨徐师傅的几款招牌菜肴。八宝辣酱、红烧葡萄、和平糟八珍、炒鳝糊等招牌上海本帮菜，在徐师傅 多年的精湛厨艺打造下，口味正宗，让人回味无穷，绝对是年菜首选！ 鼓掌 [鼓掌]
1,晓光 回复 经纬庄明浩 哈哈 经纬庄明浩 可以加半句 可能初期会慢 但一旦爆发就是一发不可收拾 [哈哈]
1,十月十日卖萌日 到下午茶甜品时间了，让甜甜圈来卖个萌吧，嘻嘻，有资深吃货知道这是谁家的吗？ 嘻嘻 耶 美食推 微美食 [嘻嘻] [耶]
1,不如去看 潘石屹 的光华路地产建筑 倒是很像战舰！！ 吴章龙 夜总会怎么写 任志强 小潘在海南第一次失身的地方。 米瑞蓉 我也弱弱地问一句：潘总，啥是夜总会啊？ 任卫新 潘总，啥是夜总会呀？ 哈哈 袁国宝 潘总，啥是夜总会呀？ 哈哈 琢磨先生 经纬张颖 王巍 [哈哈] [哈哈]
1,抱走！ 亭亭亭不了 哈哈 王 维 陈锋 潘梅乐 [哈哈]
1,别害怕去挑战一下吧，当然有时候不勉强，休息一下也是可以的，这不是失败，成功的道路上不放弃就不会失败。 爱你 晓文 我该向我的自我挑战什么呢，我怕吗？ [爱你]
1,眼瞅着牛轧饼干要超过绿豆糕啊！！真是好东西大家都认！ 赞 爱你 食尚小米 看来大家是够识货滴，一天卖了 多笔，看样子我赶紧多上点货了，各位收到饼干的童鞋别忘了秀个哈， 挤眼 爱你 今天店里的好吃的还在继续打折中哈！ [赞] [爱你] [挤眼] [爱你]
1,用三局两胜的方式决定明早吃什么真是个好方法 哈哈 嘻嘻 馋嘴 [哈哈] [嘻嘻] [馋嘴]
1,互联网数据中心 小扎笑的好灿烂 哈哈 任科敏 小扎被植入了！！！ 哈哈 [哈哈] [哈哈]
1,花生豆腐猪 邻家小颖 呗 绿豆杏仁茶 林骊 糊里糊涂被叫 京 康康康湿傅 刘海斌强强 猫奶奶 烧饼无拘 葵园 苏小胖 哥哥 真针儿的摆忙 张小凡先生 悦 帮转哈，谢啦 爱你 [爱你]
1,是 中俊老边饺子百子湾店李宁 的地盘 哈哈 [哈哈]
1,好消息！ 鼓掌 岘港大佬 岘港旅游，好消息 为满足 春节 长假广大市民旅游的需求，深圳直飞岘港航班将于 月 日正式首航，成都直飞岘港航班将于 月 日正式开通。敬请留意！ [鼓掌]
1,煎刀鱼 嘻嘻 嘻嘻 嘻嘻 嘻嘻 嘻嘻 嘻嘻 [嘻嘻] [嘻嘻] [嘻嘻] [嘻嘻] [嘻嘻] [嘻嘻]
1,我和小损色 偷笑 两个时代的产物 偷笑 抱抱 太开心 偷笑 都市可怜虫 破嘴小米 静心轩里的老范 冬雪春泉 [偷笑] [偷笑] [抱抱] [太开心] [偷笑]
1,牛逼的老师！！ 给力 给力 给力 加视觉摄影学院 网际飞侠 郎雪峰 加视觉摄影学院影棚 鼓掌 [给力] [给力] [给力] [鼓掌]
1,精彩电影 好真实 哈哈 [哈哈]
1,开心享受美食！幸福过每天！ 可爱 黄小闲 三样菜帮主 偷笑 [可爱] [偷笑]
1,昨天去老水锥子淘到的新玩意儿 哈哈 就这么点爱好 嘻嘻 自己小得意一下 呵呵 我在这里 [哈哈] [嘻嘻] [呵呵]
1,清华麦考瑞金融硕士 我们去烟台，目睹了这起车祸。 清华 曹坤柱 赞地铁有座。 李云华 这个假期在北京玩是太明智了，地铁都有座位，大家都出去了 嘻嘻 清华麦考瑞金融硕士 事故正好在京津塘转京沪结点，影响很大。新闻太慢了，我们路过走了小一小时， [嘻嘻]
1,爱你 逆日 九天若言 负能量爆棚 老舍纪念馆微博 [爱你]
1,亲们，发财致富靠这个啊！！！自制切糕！！高帅富必备！哈！ 嘻嘻 [嘻嘻]
1,帮助同学当奶奶 十三岁考上北京女二中，读书六年。五十年过去了，现在还是经常同学聚会。今天老同学的儿媳经我治疗，怀孕了。我们激动的相拥在一起。电话通知了住在附近的老同学，她，赶来祝贺。坐在一起回忆中学的趣事，，，，，。当奶奶的时候再相聚。 哈哈 [哈哈]
1,小潘在吗 哈哈 [哈哈]
1,记得 肖申克的救赎 里有句最经典的台词。他们在监狱里建图书馆的时候，有本讲 越狱 的书，他们说这应该归到教育类当中去。 嘻嘻 喜欢美国式的幽默。 温商杨林科 越狱 好看 [嘻嘻]
1,德意志学术交流中心 恭喜德国代表队在索契冬奥会摘得首金！ 鼓掌 [鼓掌]
1,感谢苍天终于周五啦！ 太开心 中国人出国订酒店，哪些国家的酒店最贵？一项根据 发布的 年度酒店价格指数表明，以下 个目的地的酒店中国人去订死贵！它们分别是 英国； 瑞士； 印尼； 法国； 意大利； 新加坡； 斐济； 丹麦； 荷兰； 俄罗斯 [太开心]
1,三叔开书店，大家去捧捧场 抱抱 星池鱼 哦。。书店。。 悦旅杂志 [抱抱]
1,吃完结帐转战第二家 嘻嘻 嘻嘻 嘻嘻 [嘻嘻] [嘻嘻] [嘻嘻]
1,手机拍摄 回家的沿途风景一 可爱 [可爱]
1,吴奇隆 胡歌 珍藏福利无保留放送 鼓掌 [鼓掌]
1,好书吧的签字本上又添光彩！谢谢大画家！ 给力 给力 鼓掌 鼓掌 鼓掌 [给力] [给力] [鼓掌] [鼓掌] [鼓掌]
1,太开心 我被邀请加入了新浪微博粉丝吧， 耶 还在等什么呢 快跟我们一起来互粉吧 心 点此进入粉丝吧 [太开心] [耶] [心]
1,蛊毒 我不完美 正是因为我真实！ 可爱 嘻嘻 嘻嘻 嘻嘻 嘻嘻 哈哈 哈哈 [可爱] [嘻嘻] [嘻嘻] [嘻嘻] [嘻嘻] [哈哈] [哈哈]
1,青春在前进，沙海在踏步 哈哈 新世界出版社蒋祥 连续一个多月第一！ [哈哈]
1,小怪兽，哈哈哈 哈哈 哈哈 卫华的世界 支持怪兽的转！ [哈哈] [哈哈]
1,大鹰 回来啦 哈哈 哈哈 哈哈 国内现货 [哈哈] [哈哈] [哈哈]
1,回复 一路格桑花 谢谢 你们的支持是我前进的动力 太开心 一路格桑花 晓婷，我关注你已经有快十年的时间啦。从你那年上湖南电视台汪涵和马可主持的越策越开心开始，我就我就特喜欢你了。我是你忠实的粉丝，永远爱你 [太开心]
1,俩个勤劳的小蜜蜂加油啊 爱你 爱你 爱你 化妆师小曼 明天为参加红酒派对的张女士选礼服 [爱你] [爱你] [爱你]
1,工作很辛苦啊，加油加油！ 嘻嘻 [嘻嘻]
1,第三太有才了！ 干第三条的兄弟乃人才 哈哈 [哈哈]
1,天道酬勤！恭喜吖 给力 给力 亲近自然、挑战自己、超越自己！今年 高球会定将准备一场精彩的战役！不知在哪里打响？期待！ 太开心 太开心 威武 [给力] [给力] [太开心] [太开心] [威武]
1,我来抢票了！ 带宝宝看高级的高尔夫球哦 哈哈 雅芳 林琨智 说 雅琼爱美食 [哈哈]
1,累了就看看这个 可爱 高永晶 嘟嘟的奶牛 转发微博 [可爱]
1,给力 礼物 鞭炮 董坚 大公喜！ 哈哈 安 宝贝 给力 赞啊 水墨婺源 支持！ 给力 赞啊 一滴 雨 鼓掌 欢迎美女回国发展！ 醉居士 梧桐述语 [给力] [礼物] [xkl鞭炮] [哈哈] [给力] [赞啊] [给力] [赞啊] [鼓掌]
1,感谢 忻悦 和 简安妮 打造了不一样的我和妈妈，哈哈有意思！期待五月的 时尚健康 太开心 太开心 太开心 纪苗苗 陈超 婉婷 周 小 姐 [太开心] [太开心] [太开心]
1,猫猫想飞 帮转一下 嘻嘻 我是顾小福 贼儿蹦蹦 [嘻嘻]
1,本人驾驶闯红灯，遵照 新交规 移送学习 次 睡觉 睡觉 睡觉 我申诉 因北京雾霾天气影响 看不清红灯，可否宽大处理？ 泪 求交规通关密集 嘻嘻 嘻嘻 嘻嘻 [睡觉] [睡觉] [睡觉] [泪] [嘻嘻] [嘻嘻] [嘻嘻]
1,第二轮 福记港式茶粥面 坐堂签书 周三晚 ： ： ，嘉宾 梅玺阁主 ，寄存和现场皆可。其实我们是去取 大鳄鱼精 兄带来的倪匡先生签名书 哈哈 错过也不要紧，周五晚我在隔壁的朱姐私房菜家宴，欢迎骚扰 爱你 [哈哈] [爱你]
1,中华大地唱响啊 筱古 哈哈 测试达人 太经典了，高调转走！ [哈哈]
1,转发 大连大樱桃 这就是正能量 给力 威武 大连兜兜 恳请乡亲们尽一份转发的支持！ 亲亲 亲亲 亲亲 亲亲 亲亲 微风 微风 微风 微风 微风 微风 [转发] [给力] [威武] [亲亲] [亲亲] [亲亲] [亲亲] [亲亲] [微风] [微风] [微风] [微风] [微风] [微风]
1,这个调调好喜欢！ 爱你 [爱你]
1,鼓掌 鼓掌 魏小鸥 与梅里日照金山的恢弘壮阔相比，或许我更爱梅里雪山夜晚的星空，恍若一条没有尽头的迢遥路径，幽邃神秘，深刻地吸引着你。 小虎同学 鼓掌 鼓掌 [鼓掌] [鼓掌] [鼓掌] [鼓掌]
1,鼓掌 ，好看 [鼓掌]
1,吸引我们的是虚荣，而不是舒适或快乐！ 李小妮：同样热爱大叔，这位同学和 展现了不一样的思想境界，这就是差距啊 哈哈 [哈哈]
1,哈哈 给力 [哈哈] [给力]
1,春季度假胜地 今年，韩国 的成员先艺，在 杂志的专访中公开了遇见新郎 的故事和求婚事件等之前大家所好奇的许多秘密故事。大家一起来欣赏下该杂志为先艺拍摄的婚纱画报吧 爱你 爱你 爱你 [爱你] [爱你] [爱你]
1,思考 里面貌似有我滴声音 哈哈 心净自成佛 心中有佛自成佛 感谢这首歌，让这两句话早早住进了我的心房 心 太阳 [思考] [哈哈] [心] [太阳]
1,鼓掌 红袍加身私房茶 礼物 中秋茶礼约中！品鉴地址：曹杨路 号中联大厦 室 新东方楼下 [鼓掌] [礼物]
1,于 走，拿音箱去。。。 真力中国 嘻嘻 [嘻嘻]
1,哈哈。 吵吵贝贝 哈哈 [哈哈]
1,哎呀！你个偷心的妖孽！ 爱你 冉甲男 星星眼 星星眼 [爱你] [nono星星眼] [nono星星眼]
1,玉林烤鸭官微 的粉粉们，现在光临玉林烤鸭右安门、华威桥、平乐园、垡头、定福庄、金台路、马驹桥、小西天、六里桥和黄村店烤鸭吃一套送一只鸭券哦 得意地笑 快到周末了，跟小伙伴们走起吧！ 鼓掌 [得意地笑] [鼓掌]
1,小鱼上头图了 哈哈 雨桐吾爱 [哈哈]
1,超萌的说 嘻嘻 [嘻嘻]
1,排队闲的，起了想剪头发的念头 哈哈 [哈哈]
1,没有开瓶器，照样可以打开葡萄酒 升级版 。以后再也不用担心忘记带上开瓶器了。 哈哈 [哈哈]
1,天天向上 五周年：偷懒的官方君感谢二位把我的事都给省了 偷笑 皮克斯官方微博 想了解 怪兽大学 幕后花絮的影迷们，明晚记得随 天天向上 走进皮克斯！小透露一下， 怪兽大学 故事部总监凯斯 曼 还亲自教天天兄弟手绘大眼仔哦！ 哈哈 [偷笑] [哈哈]
1,回复 高猫猫 短发，辣外婆 嘻嘻 高猫猫 回复 山岚熊外婆 改天给我看看你现在什么款式 [嘻嘻]
1,哈哈 大虎王子的妈妈 屈原味板烧鸡腿堡，另被米开朗基萝卜丝辣到了 哈哈 哈哈 哈哈 哈哈 哈哈 [哈哈] [哈哈] [哈哈] [哈哈] [哈哈] [哈哈]
1,泰美味 今天去汽车站坐车，找不到昨天那雪糕档，却找到另外一家。这家有 种雪糕口味、 种配料，也是 杯，还买了炸香蕉和炸番薯上车吃。今天到安帕瓦要找椰子雪糕 嘻嘻 ！ [嘻嘻]
1,超级笑星 幕后花絮 美丽滴 余声 在后台 总会陪着选手们一起看着舞台上的表演 爱你 不过小编很好奇哦 余声姐姐有木有分清楚 他们谁是哥哥 谁是弟弟呀？ 哈哈 [爱你] [哈哈]
1,这就开始了？你们倒是舒服了，俺还在练打字呢 嘻嘻 你们那边妙趣横生，俺这里空话满篇，到哪儿说理去！ [嘻嘻]
1,彭曙光 虎叔 哈哈 李云彬 笑尿了 哈哈 [哈哈] [哈哈]
1,嘻嘻 难怪女孩子 都喜欢打扮 原来是从小就培养啊 [嘻嘻]
1,这世界真的是哈小啊！ 怕热的刘小狸要继续努力工作 竟然和 不妥协的吞吐 变同事了！ 哈哈 兔子 神马 浮云 [哈哈] [兔子] [神马] [浮云]
1,诚挚的祝福 早日康复 太开心 [太开心]
1,先生 不 了一袋 回去呢 ？ 嘻嘻 架架 食 辛苦你了 可爱 你的到 ！希望不久的 去澳洲找你 爱你 底 胃 [嘻嘻] [可爱] [爱你]
1,爱你 做鬼脸 呵呵 害羞 [爱你] [做鬼脸] [呵呵] [害羞]
1,我这犀利的小眼神 嘻嘻 [嘻嘻]
1,原来出名可以把女神，求出名。 孔二狗 虽然不个成年男人都曾 一路向西 ，但一定每个成年男人心中都有个 小思 ，感谢一路向西女主角王李丹妮同学倾情出演 失恋 年 中的清纯素颜女神。 爱你 爱你 [爱你] [爱你]
1,祝贺！吴老师的音乐作品全面开花 鼓掌 吴旋音乐 张明强 继续 [鼓掌]
1,左下角 哈哈 猫的表情最高。。 哈哈 。。。。。。。。。。。 [哈哈] [?] [哈哈]
1,太开心 心 礼物 谢坚深 英雄 行走在婺源的暖阳黛雅中，村民们用万寿草在我身上印上万寿的祝福，感动、感恩 [太开心] [心] [礼物]
1,回复 语真 耶 语真 很对 转发 五月 回复 语真 挣出瓶颈之时，必须大大地扬眉，吐一口气 笑哈哈 语真 万事开头难，等思考过去便是一溜儿地顺，祝顺！ 爱你 [耶] [转发] [笑哈哈] [爱你]
1,哎，别胡说！ 阿依不爱吃汤饭 名副其实的 爱你 爱你 俺叫老鬼 害羞 天山百度 当之无愧 赞 新疆千年胡杨 新疆旅游 [爱你] [爱你] [害羞] [赞]
1,、一切都是垄断惹的货， 、移民是您的不二选择 赵辉 卓越 内牛满面！ 嘻嘻 [嘻嘻]
1,回复 传媒老王 感谢老王指导 周末我们再找找候选 传媒老王 都没有体现出老巴黎的风 ，画面平平，没有层次感，动感 嘻嘻 [嘻嘻]
1,今天跟你说：感恩节快乐！ 蛋糕 鲜花 花 咖啡 酒壶 酒 茶 阳光 爱心传递 心 巧克力 亲亲 抱抱 可爱 爱你 蛋糕 蛋糕 蛋糕 蛋糕 蛋糕 蛋糕 蛋糕 蛋糕 蛋糕 蛋糕 蛋糕 蛋糕 蛋糕 蛋糕 蛋糕 蛋糕 蛋糕 蛋糕 蛋糕 蛋糕 蛋糕 [蛋糕] [鲜花] [花] [咖啡] [酒壶] [酒] [茶] [阳光] [爱心传递] [心] [巧克力] [亲亲] [抱抱] [可爱] [爱你] [蛋糕] [蛋糕] [蛋糕] [蛋糕] [蛋糕] [蛋糕] [蛋糕] [蛋糕] [蛋糕] [蛋糕] [蛋糕] [蛋糕] [蛋糕] [蛋糕] [蛋糕] [蛋糕] [蛋糕] [蛋糕] [蛋糕] [蛋糕] [蛋糕]
1,感谢 小 同 转发转发，愿你总是好运 偷笑 偷笑 转俾距！ 嘻嘻 酷 小 同 张瑜启程 鸾之涅 女丑女丑 黄珏 开心小栗子 [偷笑] [偷笑] [嘻嘻] [酷]
1,真巧，我以前也这样告诉过他，如果想我，就打总机，答录留言是我录的。 爱你 唯美手机墙纸精选 如果你现在能够听见你爱的人说话，请好好珍惜！ 心 [爱你] [心]
1,果冻想抱抱你们！ 哈哈 爱你 [哈哈] [爱你]
1,有高度！ 鼓掌 赞 印岚 吃乃人生大事，吃货团吃出一个新世界 嘻嘻 王岩 地产 在 已经注册个壳公司 天下吃货 ，准备在 挂牌。然后反向收购中国的餐饮业 哈哈 杜猛 比如 百城参谋团 蒋鹏 对的 [鼓掌] [赞] [嘻嘻] [哈哈]
1,哎哟！在直播间收到发图哪？ 花心 一会在电台节目中顺便介绍咱们的书么？ 嘻嘻 同赞速度！感谢 雨枫书馆 博集天卷 各位同事的配合 亲们，你们还等神马？转发抢书过端午喽 心 黑暗之刺 若尘 还有超 很多人的咖啡逗 小缱 范坡坡就地掩埋王勇平 小雪 [花心] [嘻嘻] [心]
1,要红啊！！如鱼得水啊！！火力全开啊！！哈哈哈哈哈哈哈哈哈哈哈哈哈哈哈！！ 哈哈 哈哈 [哈哈] [哈哈]
1,请各位亲关注 月 日精品乐活志，看一不谙厨事小编操作面包机 面包寸实况转播 鼓掌 颦颦有礼 能吃吗 [鼓掌]
1,回复 济南百丽宫影城 说的比我还实在 济南百丽宫影城 东莞扫黄之所以被这么多网友黑，是因为它并没有找源头：应该去抓嫖娼的公职人员。这样，东莞的 的造黄行业都将消失。 风雷麦子 我是不是说实话了？ 登托福 回复 风雷麦子 经典 可爱 [可爱]
1,海德堡 如此秋高气爽 鼓掌 [鼓掌]
1,宏村 鸿渐于磐，饮食街街，吉、典雅、高贵、优美、纯洁。 围观 哈哈 [围观] [哈哈]
1,盘口大佬来了 酷 快让让。 氏 记住这些画面哟 亲亲 叶氏三雄。 叶农 兔拉拉 现在叫叶 蔚蓝色飞鱼 [酷] [亲亲]
1,听闻 崇记杂货铺 第一轮中奖，我更加确信这是一场公开、公平、公正的吃货大福利活动 偷笑 。有木有和我一样特想中奖的，不为奖大小，只为试试运气！ 鼓掌 鼓掌 鼓掌 鼓掌 [偷笑] [鼓掌] [鼓掌] [鼓掌] [鼓掌]
1,这是农村版韩国情书么？轧舞的节奏？ 辞小西 农业重金属风，张张戳笑点 哈哈 [哈哈]
1,拿去卖钱那可不是小数目 嘻嘻 北海美羊羊会议公司 果然小气包。 [嘻嘻]
1,中秋节快乐 瞿传刚 礼物 蜀国演义酒楼 亲喜欢就好啦，提前祝亲中秋节快乐哦 爱你 爱你 [礼物] [爱你] [爱你]
1,乐天陶社 嘻嘻 嘻嘻 嘻嘻 高品质红娘会所 阴险 阴险 阴险 挖鼻屎 [嘻嘻] [嘻嘻] [嘻嘻] [阴险] [阴险] [阴险] [挖鼻屎]
1,鼓掌 机工老崔 真的很好听！ [鼓掌]
1,夜青羽 哈哈哈哈哈 大口妞 哈哈 好厉害呀 哏纠花花麻 哏纠 叭 哈哈哈哏纠有这个潜力 [哈哈]
1,哈哈您说的太好了一开始也吓我一跳 京城豆腐白 倩女幽魂，亏了是饭点发，要过一点，冷不丁在把我给吓着 笑哈哈 金牌厨师磊磊 叔叔我猜不会是美女与野兽吧 偷笑 京城豆腐白 这照片便使我想起一部电 哈哈 影，磊磊你猜 [笑哈哈] [偷笑] [哈哈]
1,回复 笑傲东轩 好滴哈 笑傲东轩 今年把你列入征服对象哦 爱你 嘻嘻 御庭酒店集团 梅里雪山御庭 欢迎亲亲的到来哈 舒曼梦幻曲 去的话，就住一家躺着就能看梅里的酒店，御庭德钦精品酒店，嘿嘿 御庭酒店集团 梅里雪山御庭 欢迎亲亲的到来哈 [爱你] [嘻嘻]
1,望月者 回复 素笺如心 到时候要踊跃购买支持哟。我老担心莫卖点，连累出版社亏钱 偷笑 素笺如心 望月者 我终于可以等到你的书了。 嘻嘻 [偷笑] [嘻嘻]
1,新鲜旅人看海南 轻纱曼雾 写意白沙 白沙的清晨就像一位裹着轻纱的少女，面色红润，还带着一丝初醒时的娇嗔。 白沙这个淳朴又迷人的地方，深藏着很多小众美景。白沙没有被破坏的自然美景和淳朴的黎族风情，正是吸引我来到这的最大诱惑。 摄影 ：南海道人 爱你 更多 [爱你]
1,鼓掌 恭喜恭喜！一直幸福下去！ 龙太奇 驴爷大王 夏天里的乐花花 小丹 乐儿餐厅 [鼓掌]
1,回复 潘霜霜 潘霜霜 回复 宝军 大宝军嘿嘿 可爱 [可爱]
1,倪总，偶可以为了介碗面退票。 哈哈 [哈哈]
1,头发又回到愣直愣黑愣顺啦 可爱 [可爱]
1,谁有截图？快来点 嘻嘻 东南卫视这次背景非常漂亮 [嘻嘻]
1,德夫先生 可见共产主义是神马滑稽鸟东西？ 哈哈 北京草虫 他们是共产主义接班人？ 哈哈 [哈哈] [哈哈]
1,我：热！他：到湖南就不热了。我：湖南 度呢！他：那到家里就不热了。 晕 晕 停车外带全聚德。 嘻嘻 [晕] [晕] [嘻嘻]
1,有爱。 嘻嘻 人类学小琪子 清晨骑行也！ 做人类学的 台湾自由行 清晨的日月潭没有了游客与轮船的喧嚣，此时骑行在环湖自行车步道，可将美景尽收眼底。我们也常常推荐朋友们，来日月潭一定要住上一晚，清晨骑行于曾评为全球十大最美自行车道上，才能真正体会日月潭的美景！ [嘻嘻]
1,这年头谁怕翻脸啊，不要脸的人都排成长队了，鹏总。 嘻嘻 李海鹏 做媒体的朋友不转发翻脸。 [嘻嘻]
1,我们的影帝梁家辉老师不仅演技好，舞技也是杠杠的，看这跳骑马舞的姿势，各种标准有木有？ 嘻嘻 想看梁家辉老师在第七季 中国梦想秀 舞台上更多的完美表现，不要错过 月 日 分的梦想秀喔！！ 亲亲 [嘻嘻] [亲亲]
1,今天是个好日子。今天发工资。 鼓掌 [鼓掌]
1,好国际化的翻译！这个可能只有重庆的朋友才看得懂吧 哈哈 哈哈 哈哈 哈哈 人人爱重庆 徐艳 鳅鳅妹 陈弓 袁 [哈哈] [哈哈] [哈哈] [哈哈]
1,鼓掌 鼓掌 鼓掌 杜老师上来鼓励用户爆吧，获得大家的强烈掌声。的确我们应该多在百度平台去成就一些人和事 [鼓掌] [鼓掌] [鼓掌]
1,决定夏天陪粑粑麻麻去俄罗斯。看到一个笑话，笑点又低了 哈哈 最近我一朋友对我说： 我想去俄罗斯旅游。 我说： 那不错，挺好。 他问我： 那什么最出名？ 我说： 方块儿。 哈哈 [哈哈] [哈哈]
1,回复 蛮悠悠 看前几篇微博，有发啦 嘻嘻 蛮悠悠 求诀窍。。。 鱼菲 掌握小诀窍，完全没压力 [嘻嘻]
1,回复 哈尔滨指南 哈哈 哈哈 哈哈 哈尔滨指南 这个能充多少手机啊 哈哈 郑忠阳 早！ 世纪达摩 [哈哈] [哈哈] [哈哈] [哈哈] [good]
1,回复 邓海韬 刘进 刘老湿就劳你安排安排了！哈哈 邓海韬 回复 潘云龙 我看行 刘进 回复 潘云龙 让妹子们检阅！哈哈哈！ 潘云龙 辛巴达现在身体不错，有机会刘总检阅检阅 哈哈 哈哈 刘进 回复 邓海韬 哈哈哈！好！ [哈哈] [哈哈]
1,每一个美居的成员祝福大家新年幸福安康！ 年一定是精彩的一年！ 给力 爱你 [给力] [爱你]
1,春雨真好呀，春天马上就要花枝招展地来了，这不 魅力惠 上的 短袜，五彩斑斓的还真是切合时宜啊，买三双还能再打折，挑了三双，留着出去玩穿着走起！ 哈哈 [哈哈]
1,要不我过年就回北京吧！ 老潘 哈哈 哈哈 看了两遍才想明白咋回事 葵 哈哈 金 每年只能享受这几天，不能出北京玩，不然浪费了 [哈哈] [哈哈] [哈哈]
1,回复 味觉传达 嘻嘻 适用 继续缅怀逝去的海鲜面 馋嘴 味觉传达 好吃的通常长得很一般 偷笑 [嘻嘻] [馋嘴] [偷笑]
1,福利 可爱 破产姐妹 深 套装录节目 胸前风景抢镜 亲亲 性感女神现身，速速围观 围观 当地时间 月 日，美国纽约，凯特 戴琳斯 现身录制 大卫深夜秀 。 戴琳斯 深 礼服大秀事业线，雪乳抢镜。 抱抱 [可爱] [亲亲] [围观] [抱抱]
1,耶 鼓掌 鼓掌 [耶] [鼓掌] [鼓掌]
1,说明我们是多么的有默契呀 偷笑 蒋 然后我碰到 小 妈 和 静静 一家，她们说上来又碰到 一家 哈哈 ，这时间小的 [偷笑] [哈哈]
1,听这首歌，永远 岁 亲亲 [亲亲]
1,哈哈 我发现了一篇关于 日照 的 蚂蜂窝游记 紫荆旅游 日照之 出海捕鱼 。 荆紫 听作者讲故事，看美图赏风光，速来围观 围观 分享自 蚂蜂窝旅游攻略 [哈哈] [围观]
1,偶就喜欢八卦，不过最近八卦集中的货色好像都不怎么样啊。 朱金刚：精彩！ 鼓掌 龙婧的八卦小报 据偶在巴黎接近此姑娘的线报证实，这姑娘专睡艺术家，好搞过几个外交官。我相信她睡过谭盾了。 [鼓掌]
1,回复 杨沐春涓 回复 杨沐春涓 这会不行，很差，不过都是家长带小孩去的，有点意思。。。 哈哈 杨沐春涓 我爬过百望山，五六月份去很漂亮了 [哈哈]
1,姐妹 的聚 好 嘻嘻 [嘻嘻]
1,鼓掌 上海帝盛酒店浦东 主厨推荐套餐前菜 汤 主菜牛排加甜品只要 元 人哦！ 服务费另收 价格非常诱人呢！ 玩转酒店网 好的牛排，不知价格，一样诱人否 给力 [鼓掌] [给力]
1,说出你的梦想吧，福利多多喔 亲亲 [亲亲]
1,头痛欲裂，难不成世界末日真要来临？药片吃下去了，希望一个好觉之后，波涛汹涌的脑海复归平静。。。 亲亲 爱你 会飞的叶子 [亲亲] [爱你]
1,哈哈 经培训后上岗的 哈哈 [哈哈]
1,太好玩 俞悦的鱼 太开心 太开心 抱抱 抱抱 抱抱 [太开心] [太开心] [抱抱] [抱抱] [抱抱]
1,频繁发自拍照、签名或标签有 白领 潜力 字样、微博微信照片摆拍或经过处理：多半自恋。比如我就是自恋狂 嘻嘻 [嘻嘻]
1,哈哈 双桂坊 哇，这个要转哦，各地同事依依惜别 丘比特系统 。文艺女青年总结的真好！大家点开看大图啊。目前见过版本有 以及 版。 围观 威武 。 [哈哈] [围观] [威武]
1,粤语真的是一种超级婉转好听得语言，特别是从美好得人儿口中轻声说出，好嗲啊！ 有感于车上偶遇一对说粤语的情人 可爱 [可爱]
1,消费电子的市场变化如此之快 以致佳能和尼康的卡片相机今年的市场比去年下降了 多和 多 泪 原因很简单 智能手机的拍照和摄像功能越来越强 哈哈 或许卡片相机再过几年就会从市场中消失了 据说其中的某个品牌都计划做手机了 吃惊 [泪] [哈哈] [吃惊]
1,我要去猫岛国 太开心 花心 [太开心] [花心]
1,庄雅婷 衰 衰 韬光养肥 哈哈 [衰] [衰] [哈哈]
1,回复 花影娉婷的围脖 双节嘛 有吃有花才完羔 花影娉婷的围脖 谢谢姐姐 爱你 爱你 好感动 [爱你] [爱你]
1,超级笑星官博 访谈好开心，谢谢大家的支持，我们继续努力，给大家带来更多的好段子 嘻嘻 来张我们哥俩的照片吧，传统服饰的，估计大家第一见 害羞 最后还是谢谢大家，多关注超级笑星。关注今非昔比 哈哈 我在这里 [嘻嘻] [害羞] [哈哈]
1,这段子亮了 哈哈 [哈哈]
1,像你的 嘻嘻 吴振韬 太过分了！怎么没把这个角色给我演？！ [嘻嘻]
1,来自纽约的神奇美食！ 羊角甜甜圈 纽约人甘愿凌晨 点排队等候购买，好想次哟 ！偷偷告诉大家，马上魔都也可以吃到咯！ 爱你 [爱你]
1,回家 北京，房山，京港澳高速，通了 鼓掌 ， 天没回家 泪 ，谢谢各位关心 握手 讴阳北方 美库原创黎冬 淮河之玉 胡加华 薪宇同学 喜悦蜘蛛侠组合 章磊 新中国风王子 安静凤凰 迟永志 李小艾 阿斯顿马丁 [回家] [鼓掌] [泪] [握手]
1,生日这么哈皮的事，送几张机票吧 哈哈 海南童言无忌 祝愿更强，飞得更远 [哈哈]
1,鼓掌 祝新店开张大吉，有时间定去品尝！ 王博宇 说两句 权金城张家口店即将开业 百合的泪一金花 崔洪峰的微博 陈玉霞博斐秀禾 美食雅楠 彭涌 爱美食 权金城 叶瑞慈 彭涌 爱美食 我们张家口店，月底就开啦，在百盛里面，欢迎来品尝 畅游东南亚 咱们张家口之行啥时候 啊 [鼓掌]
1,鼓掌 今晚 [鼓掌]
1,照片很美。 几苇渡 说明你是长焦，不是广角 嘻嘻 [嘻嘻]
1,雅虎汽车北京车展抢油卡活动 鼓掌 地址： [鼓掌]
1,回覆 东林顾晓绿 心 啥？以後用毛 你 。想 年，我 我的作者北塔兄刻 名印呢。 东林顾晓绿 回复 编辑郭强 伤心了 东林顾晓绿 那么给我寄的样书里面写信了么？ 编辑郭强 兄 也收藏啊？早知全用繁 你 了 哈哈 导演刘猛 祝贺 [哈哈]
1,有人爱； 有事做；有所期待。 哈哈 [哈哈]
1,有人说我不活泼了。。。有么？！总有一天， 温柔 这两字也能拿来形容我。。。坚信！ 嘻嘻 [嘻嘻]
1,想要粉骆驼还是房券呢？ 寄给最感恩的人 骆驼最感恩的人就是你们的支持了！ 嘻嘻 [嘻嘻]
1,第一排第三个，第三排第二个 北京富力万丽酒店官方微博 叶军啊 施小强 诗韵梦寻 秋月 小兔 小树妖 小张老师 武越明 维他命羊 王玮 夏柠儿 尤洋 杨雯 朱自一 张书新 猪小春 亲们，加油！只能猜一次哟！ 抱抱 [抱抱]
1,回复 诗诗冰颖 欢迎加入，正在旅行中 诗诗冰颖 哇 你去了好多的地方撒 冰凝爱旅行 回复 摄影师大刀 呵呵 嘻嘻 摄影师大刀 不错。羡慕啊 [嘻嘻]
1,嘻嘻 嘻嘻 嘻嘻 和风棉花田 我勒个去 [嘻嘻] [嘻嘻] [嘻嘻]
1,家人开始做品牌海参代理了，春节快到了，孝敬父母，走亲访友，宴请宾客选它真是再合适不过了，纯淡干刺参，先进冻干工艺刺参最大限度保留了海参 的营养成分 奥特曼 各种精致礼盒装，实惠家用装供您选择 鼓掌 劳各位帮忙转发扩散哦 爱你 有需要，私信 爱你 鹏大海参 [奥特曼] [鼓掌] [爱你] [爱你]
1,回复 淡月素云 禅意也简单。 淡月素云 真已经是很高的境界生活，平常人是奢望了！ 可爱 鹭荷馆主 回复 淡月素云 我收藏佛像居多。 淡月素云 您竟也信佛，真很意外 可爱 兔子 [可爱] [可爱] [兔子]
1,鼓掌 鼓掌 云游四海 带着微博去旅行 [鼓掌] [鼓掌] [带着微博去旅行]
1,都吃次半碗 哈哈 [哈哈]
1,回复 西的零碎儿 又同步了咱俩 爱你 西的零碎儿 大江也是诺奖获得者 不能忽视 我喜欢他对传统的尊重和坚持 村上龙是个 写嬉皮的故事 偷笑 [爱你] [偷笑]
1,幸福每天来敲门 怕什么路途遥远。走一步有走一步的风景，进一步有进一步的欢喜。幸福，一直在路上。 抱抱 [抱抱]
1,百分之八十吧 哈哈 [哈哈]
1,哈哈 哈哈 心情阳光 微博 [哈哈]
1,今晚在贵阳吃驴肉 张泽冰 歌手程欣 黄玉玲小甜甜 刘希婧 龙雪儿 龙慧 李慧美 李德智 小斌同 易薇 美女们下次一起吃 哈哈 [哈哈]
1,这几个字真有力量 哈哈 东哥，这临时部门真哏儿啊 哈哈 哈哈 哈哈 [哈哈] [哈哈] [哈哈] [哈哈]
1,哈哈 笑哈哈 高兴 [哈哈] [笑哈哈]
1,点开点开，可惜啊，有些人如 镜享人生 重庆 者流，点开一万次也成不了佛。 哈哈 鼓掌 [哈哈] [鼓掌]
1,肠王爷 堇紫苏 桔子的流年 有人已经拿到了喏 可爱 可爱 [可爱] [可爱]
1,给力 超级笑星 就好像是一桌喜剧菜肴，除了有创新的点心外 也少不了传统的美食！各种不同的美味相得益彰，才能让观众从中分享更多欢乐 鼓掌 超级笑星 让选手自由发挥出最拿手的节目，把最精彩的一面展示给观众们 赞 这个冬天 超级笑星 陪着大家一起 笑到嗨不停 哈哈 [给力] [鼓掌] [赞] [哈哈]
1,认同！ 杨炳华 制度一旦建立并施行，谁也不敢乱到哪里去，因为，在一人一票的政治环境里，一个人也好，一群人也好，偏离民众的期望值，就意味自残，自己压缩自己的政治生存空间，这个世界上的傻瓜不多。 嘻嘻 浪漫拉马丁 [嘻嘻]
1,防空警报出现系统问题还好，，如果是弹道导弹系统出现问题可麻烦可大了，已经发射了 偷笑 嘻嘻 小日本来之前得赶紧修修 嘻嘻 头条新闻 转发微博 [偷笑] [嘻嘻] [嘻嘻]
1,回复 语真 挣出瓶颈之时，必须大大地扬眉，吐一口气 笑哈哈 语真 万事开头难，等思考过去便是一溜儿地顺，祝顺！ 爱你 [笑哈哈] [爱你]
1,哈哈 王洁明 转发微博。 [哈哈]
1,酷帅酷帅滴，好有范儿呀，请问三位警官，外星人逮住了吗？ 嘻嘻 张译 [嘻嘻]
1,不做 ，我做 聊 李麟 哈哈 [哈哈]
1,万王之王 哈哈 哈哈 哈哈 哈哈 [哈哈] [哈哈] [哈哈] [哈哈]
1,离开绿岛奔赴花莲。雨，不停地下，放弃了三仙台，石梯坪，傍晚希望可以看到花莲的眷村！也打算去看微博上评价很夯的炸弹葱油饼！ 央广雅萍 台湾自由行 台湾自由行达人 爱你 台湾花东游 [爱你]
1,哈哈 好甜蜜的一对 去大哥 趣小妹 大理澜 号精品客栈 惊现观雪度蜜月滴 雪 [哈哈] [雪]
1,天冷多保重啦 爱心传递 爱你 [爱心传递] [爱你]
1,回家学学啊 哈哈 [哈哈]
1,果然出现了！！！ 嘻嘻 天然 雷元胜 乐观的疯子 元 康妮和熊 西西酱在路上 罗的微空间 漾 [嘻嘻]
1,哈哈 马伯庸 哎？？？？？？？！ 丸三少 亲王。。。。。。要不要确定一下你是不是也是。。。哪里捡来的。。。。。。 汗 [哈哈] [汗]
1,毓秀苑赵艳斌 鼓掌 鼓掌 鼓掌 林明 成都 祝贺 曾来德 ，成都欢迎您！今晚很开心。严老的养生术很好 毓秀苑赵艳斌 [鼓掌] [鼓掌] [鼓掌]
1,复活啦！多支持。 都市凡人 罗博复活了 哈哈 [哈哈]
1,非凡旅行家 嘻嘻 他们的名信片真好美 [嘻嘻]
1,组团去汉中吧 哈哈 [哈哈]
1,忘我 哈哈 投入 嘻嘻 围观 [哈哈] [嘻嘻] [围观]
1,死猴子，放开我。伦家害怕。。。 哈哈 [哈哈]
1,昨晚饭前，遇一姑娘着红衣独自蹲雪地里神伤，不久一跨摩托小伙儿来接，双方争执呕气僵持半小时，眼看天快黑，我上前劝说你俩别吵了大过年的赶紧回家年夜饭了快回去快回去快回去 哈哈，瞬间姑娘脸一红利索窜上摩托，一溜烟，小两口回家去啦。 哈哈 [哈哈]
1,赞 去逛逛 柯洛伊 钱 茉茉夏 你一下 嘻嘻 [赞] [嘻嘻]
1,月 日话题：暑假到了，推荐你想去的地方，海边还是深山老林？ 哈哈 总之我想应该是凉爽的地方 鼓掌 今天嘉宾金城国旅郭总监和我们一起聊暑期旅游，有关于暑期旅游的问题欢迎互动提问 [哈哈] [鼓掌]
1,欢迎 瓦氏炉李春明 光临北京！ 鼓掌 [鼓掌]
1,穿上圣诞装的童童，好可爱 哈哈 [哈哈]
1,哈，万圣节装扮 哈哈 [哈哈]
1,而已 一早看北京新华系统上周销售数据， 郝万山说健康 养老有方 分列保健养生榜第一和第二，我社的另外两本书 养生豆浆大全 胡大一教你高血脂就该这样吃 分别位列第五和第六，开心一下哈 哈哈 [哈哈]
1,偷笑 赵乐米 哈哈 哈哈 难不成是朝鲜人也爱拍鬼片 张泉灵 小崔，你上网久了，眼神明显不好。包子和饼子的区别是，包子虽然圆，但是立体的。 [偷笑] [哈哈] [哈哈]
1,友谊就这么走到了尽头。。。 哈哈 [哈哈]
1,可爱 赞 谷泽川野 回复 魏记花甲 支持 魏记花甲 菲菲的 程 高冷患者 管桑 葛紫秋 广君金乐 谷泽川野 很久很久不能够喝 星人 狐狸茵 拜个晚年给各位，方便的话顺带求转发。 哈哈 [可爱] [哈哈]
1,我们在丹缇聚会呢。有人来没？哈哈哈果真还是人气多好！ 嘻嘻 [嘻嘻]
1,别挑剔了 距离那么远 知足鸟 北京国际露营公园 北京市旅游委宋宇副主任解读北京汽车露营产业发展 光线好暗，看不清啊，技术有待提高哦 嘻嘻 六喜 [嘻嘻]
1,唱的真好听。。 嘻嘻 [嘻嘻]
1,哈哈 好八卦我喜欢 电商经理人联盟 马云：妈的 见了那混蛋我一定揍他！ 马云 你专心给你家来往喂奶，也不用掐断了在微信卧底的机会啊。这简直是让马化腾下不来台啊。不知道，下一步，马云是不是也会让三万阿里员工退出微信啊？哈哈，好狗血，我好喜欢！ [哈哈]
1,翻译翻译！！ 代小宇啊 汗 龚文祥 万能的大熊 笑死我了 已经冻结了。。。。 牛肉丸在深圳 哈哈，，我也来试试！冻结大家一起来！ 哈哈 哈哈 [汗] [哈哈] [哈哈]
1,哈哈 一顾一顾酱 小情调 [哈哈]
1,我咋觉得您跟冬笋火腿一见如故呀 嘻嘻 新老店各有千秋滴 欢迎品鉴 握手 懒人业余餐厅 [嘻嘻] [ok] [握手]
1,新浪山东旅游给您拜年啦 马年到了，新浪山东旅游全体小编祝大家马到成功一马当先龙马精神万马奔腾快马加鞭兵强马壮，马年行大运！祝您在人欢马叫的车水马龙中，有你的香车宝马！新年新气象，新浪山东旅游，感谢您的支持，期待您的加入！ 抱抱 红包 [抱抱] [红包]
1,谢谢 你什么时候唱我的歌啊 哈哈哈 施雨菲 小阿菲 支持 鼓掌 鼓掌 鼓掌 啊哟， 谢谢阿！！！ 对阿， 之前效果太不好了 这次优化了一下 刘晗小朋友 真的清洗了好多！加油 鼓掌 [鼓掌] [鼓掌] [鼓掌] [鼓掌]
1,鼓掌 好壮观 吃货在豆果网找到强烈的存在感 哈哈 [鼓掌]
1,晨起趣事 帅哥集体裸，乐坏了路边的花痴妹 哈哈 博斐秀禾 天秀汇乐蛙蛙 叶江海 不二小姐 追求简单的幸福生活 云中飞花拳秀腿 坤 [哈哈]
1,这姑娘 紫色透明 她很有想法，做什么都很精心，专注，图片拍得超精致，跟我们家小小妞是闺密经常两人嘀嘀咕咕，然后又笑做一团！童心无限！她的书超有新意想法必须赞！ 馋嘴 馋嘴 爱你 哈哈 赞 [馋嘴] [馋嘴] [爱你] [哈哈] [赞]
1,得 ，据说算出来的智商 ，你们算出来了吗 偷笑 董芳 几米漫画集 你做出来了吗？ 嘻嘻 [偷笑] [嘻嘻]
1,嘻嘻 约了几个月的家宴，今天算是把时间排出来，全家人一起去一位大哥家里吃私房菜。我没有什么好带的，早晨先下菜园割一斤韭菜，再拿一袋龙口粉丝。有点农民走亲戚吧？ [嘻嘻]
1,回复 日照旅游局官方微博 ：那盘就是贼美味的皮皮虾 哈哈 日照市旅游局官方微博 编编特别想知道，你们抢的那盘到底是什么海鲜。。。 [哈哈]
1,和姓是纳西族大姓啊 和大美女是丽江哪个村的？请常在丽江出没的 丽江大港 速速围观 旅游圈的那些事 丽江出美女啊 呀诺达 娟子 回复 赵德承 嗯 以后我会记得的 可爱 赵德承 纳西族胖金哥胖金妹就是帅哥美女的意思 呀诺达 娟子 胖金哥也可以来选美 疑问 [可爱] [疑问]
1,真逗 华南思源刘莹 哈哈 哈哈 笑抽了 [哈哈] [哈哈]
1,磊哥雅正！ 北京首钢陈磊 重温下快乐的啧啧平 哈哈 哈哈 哈哈 [哈哈] [哈哈] [哈哈]
1,哦 不想刷碗 明天再刷吧 先泡一泡 爱你 [爱你]
1,马年去南京品味马文化是件挺有意思的事呀 嘻嘻 [嘻嘻]
1,回复 卢勇教授 好的，节后向我们陈曦总申请 陈曦 ，我们都喜欢品舍得酒 哈哈 卢勇教授 你可算是回来了！那赶紧送我广告吧！ 卢勇教授 这两天老是下雨，真够烦的！ 奥特曼 [哈哈] [奥特曼]
1,游客的安全是我们最关心的 爱你 爱你 [爱你] [爱你]
1,欢迎下次再来玩啊 一定哦 爱你 鼓掌 鼓掌 鼓掌 鼓掌 [爱你] [鼓掌] [鼓掌] [鼓掌] [鼓掌]
1,艾欣 爱你 [爱你]
1,桔子水晶陈中 肯定是魔都啊 桔子水晶酒店 第 家在哪里 太开心 桔子水晶袁超 恭喜恭喜 桔子水晶俞萍 有那么点儿挑战，加油！ [太开心]
1,旅游族 走起走起 带感 露阳宝贝 帅呆啦 鼓掌 鼓掌 鼓掌 必须去 神马麻袋都弱爆了 嘻嘻 嘻嘻 宋晓峰 特古西加尔巴 猴菲菲 走起！终于不要签证了！ [带感] [鼓掌] [鼓掌] [鼓掌] [嘻嘻] [嘻嘻]
1,真好，听到了朋友从远方微信而来的珍贵录音。谢谢你！ 可爱 权聆 真想听这首歌 把你的手给我 。把你的手给我。 [可爱]
1,回复 咖啡书语 哈哈 哈哈 哈哈 咖啡书语 叔看的也很是揪心 笑哈哈 懒人业余餐厅 你娃作文真够抑扬顿挫 吓了我一跳！ 哈哈 [哈哈] [哈哈] [哈哈] [笑哈哈] [哈哈]
1,回复 权金城卢永浩 没有绿粉条啊 权金城 郭会泉 权金城卢永浩 嘻嘻 绿丝带 权金城 崔成哲的微博 参与 埃托顺 拿大奖！ 易管理餐饮软件 转转拿大奖 权金城 崔成哲的微博 林广杰 青蛙王子 王旭峰营养师 地址： [嘻嘻] [绿丝带]
1,羡慕 亲亲 [亲亲]
1,很爱剧中音乐 兔子 闫月 各位 黑眼睛 剧组的工作同胞们辛苦啦！一起来抢鲜看预告片吧 爱你 至上励合张远 王瑶 张黎雯 武笑羽 崔菲特斯文 邢光军 杨小柳 吴涛 莫妮 湘萍 爱电影胡青 甘肃卫视 郡主子 正版 张英子 [兔子] [爱你]
1,想看的！ 太开心 [太开心]
1,这一天天的老海鲜可还行 嘻嘻 老丈人的手艺过于高超，真是什么都会做啊，虎父无犬女哈哈哈 哈哈 魔王 [嘻嘻] [哈哈]
1,只想记录下今天跟你们聚在一起的美好时光 其实四个是美女！ 孙斐胆很小 一休喃喃 唐堂 添土泽 勒壹盎亮 认识你们是我的吃 财 富！ 嘻嘻 [嘻嘻]
1,途易在线 精彩旅行 你想拥有一次简单、安全、方便的全球旅行吗？ 噢耶 噢耶 想一次性解决全球签证吗？ 花心 花心 那就玩命戳 嘻嘻 嘻嘻 。跟吴镇宇、张智霖一起冲上云霄！！！ 鼓掌 鼓掌 得意地笑 得意地笑 [噢耶] [噢耶] [花心] [花心] [嘻嘻] [嘻嘻] [鼓掌] [鼓掌] [得意地笑] [得意地笑]
1,今天，你首飞了吗？ 晒 首飞 登机牌，赢 版小灰机活动已经有幸运粉丝收到奖品啦！ 鼓掌 我就是玉面小飞龙 动感 刘韵珏要努力 王 婵 瑶 你们呢？收到记得晒一下哦！ 奥运金牌 [鼓掌] [奥运金牌]
1,爱你 [爱你]
1,姐姐明早起来做南瓜面包，就不知道会有你们份 偷笑 瓦 表决心的时刻到了 琦怪奇 好，明天我带饼干给你们尝尝 嘻嘻 明天你们三各带一个拿手的 琦怪奇 一看就知道味道不错 做了才知道其实 相当开心 嘻嘻 嘻嘻 嘻嘻 [偷笑] [嘻嘻] [嘻嘻] [嘻嘻] [嘻嘻]
1,等你回来再来吃呗 哈哈 古人蒋瞰 想吃 家的芝麻味 花心 小姐 ：我也要吃！ 杭州洲际 想入魔界的胡狸 这个你们那有伐 [哈哈] [花心]
1,那感觉和我一小妹像极了。 二水大波波娃 鬼丫 太二 了 哈哈 [哈哈]
1,今天猜中比分的朋友众多 且原本第一名的 魏鹏 君为红颜坠 和第三名的张老板 这两位评委不参与获奖 所以名额顺延 我们特此公布中奖的朋友 第一名 姜月乐悠悠 大比萨属于你 馋嘴 第二名 戴晨达 戴老板快来喝鸡尾酒吧 哈哈 第三名 先生 苏老师 对你也不是问题吧 阴险 都是老朋友 恭喜大家！ [馋嘴] [哈哈] [阴险]
1,本周的午餐菜单如下： 感兴趣的朋友不要错过 可爱 用餐环境看起来挺棒的， 元能吃到如此丰富的菜品，真是物超所值 [可爱] [good]
1,搬家不能忘了我们青城小厨哦！以后一个月来报到一次 哈哈 搬家顺利： [哈哈]
1,吃饱了才有力气减肥是这样的吗 哈哈 哈哈 哈哈 鼓掌 鼓掌 害羞 干杯 [哈哈] [哈哈] [哈哈] [鼓掌] [鼓掌] [害羞] [干杯]
1,新西兰时空 新西兰掠影 今天是春季第一天 太开心 跳舞花 微风 [太开心] [跳舞花] [微风]
1,清风自然来 全球奇闻趣事 真是俏皮话 哈哈 [哈哈]
1,小美来了 嘻嘻 [嘻嘻]
1,回复 华凝的围脖 薄荷 超级好养的，浇足水，它自己就可以长得生机勃勃的 华凝的围脖 你那盆植物叫什么啊，很养眼，好养吗？ 的生活书 嗯 清晨来一杯，补水清肠胃 巴塞罗那的小狐狸 每天喝一杯，健康又美白！ 嘻嘻 [嘻嘻]
1,我这个人就这么厚道！ 嘻嘻 偷笑 [嘻嘻] [偷笑]
1,如果我要养只小狗，一定是金毛啦 爱你 摄影图宴 心 [爱你] [心]
1,超级笑星 微直播 演员孙仲秋 迟永志 小眼和小胖 两人一位是 的大老板 一位是手握许多 块地 的企业家 爱你 这话一说开 原来 就是地铁 口、 口中间的地上 起夜家 原来就是发快递的网店店主嘛 笑哈哈 新技能 ！以后老同学相见，就这么说啦 [爱你] [笑哈哈]
1,准备出发 嘻嘻 [嘻嘻]
1,萝卜欣儿 曹小妞 终于买着了不容易 鼓掌 [鼓掌]
1,谢谢老大 让我们用他漂亮的地方 老木国际青年旅舍 嘻嘻 嘻嘻 当然谢谢我们最佳搭档 女人 旅行 杨乔 冯佳艺 和分享家 [嘻嘻] [嘻嘻]
1,嘻嘻 哈哈 岷山阿敏 握手 张泽 恩，一定多支持我们呀 岷山阿敏 期待！共同憧憬，努力！ 张泽 谢谢，我们会先活好当下，邹总就能看到美好的 了 岷山阿敏 回复 张泽 我非常关注 去哪儿 网的 。 呵呵 张泽 粉了邹总很久了，也没关注我，哈哈！ [嘻嘻] [哈哈] [握手] [呵呵]
1,哈哈 这是我唯一敢坐的危险恐怖项目 [哈哈]
1,午饭 可爱 吃完我想，其实也许我不喜欢吃日料吧 疑问 因为如果天天吃，我可受不了 偷笑 那，为什么还要去吃呢 疑问 这是为什么呢 偷笑 [可爱] [疑问] [偷笑] [疑问] [偷笑]
1,爱你 吐 安然的蓝 吐 向雷锋学习的向雷 爱你 吐 出版人七七未央 同学你该吃药了 爱你 吐 我的朋友是个呆 爱你 吐 萌了个包 爱你 吐 你方便时方不方便吃方便面 爱你 吐 一枚可爱的小瓶钙 爱你 吐 女孩子闭起眼睛来就是要你亲她嘛 爱你 吐 [爱你] [吐] [吐] [爱你] [吐] [爱你] [吐] [爱你] [吐] [爱你] [吐] [爱你] [吐] [爱你] [吐] [爱你] [吐]
1,鼓掌 心一微凉 期待 [鼓掌]
1,途秀 加拿大班夫国家公园 哈哈 转发微博 [哈哈]
1,谢谢 心 爱你 佛灯下 诵经 讷讷木 [心] [爱你]
1,妞，什么都不要怕，我们一直在 爱你 [爱你]
1,回复 小 仔 抱抱 小 仔 [抱抱]
1,什么礼物呀！看在美食的份上！啊哈哈 哈哈 哈哈 [哈哈] [哈哈]
1,回复 小龙单车环中国 写细一点，一直想选播你的微博，好让你在台湾就可以在路上听到。 小龙单车环中国 回复 阿秀秀 是啊 嘻嘻 [嘻嘻]
1,笑转 囡囡 穆穆 ： 嘻嘻 哈哈 我是萨摩耶宝宝 ： 背着相机去旅行 ： 哈哈 吕随启 ：也陪着侯宁忍不住转了。 侯宁 ：实在忍不住转了。 偷笑 [嘻嘻] [哈哈] [哈哈] [偷笑]
1,家宴 月 日微信 解码 活动获奖名单公布 家宴 第 、 集的幸运密码依次为 ，你都找齐了吗？ 嘻嘻 获得三星 手机的微信观众是：小夜衣，获得 的微信观众是：王家小妹，还有 位幸运儿获得 元话费充值卡，恭喜你们！每晚 ： 继续锁定广东卫视 家宴 ，更多奖品等你拿！ [嘻嘻]
1,哈哈！还真是你！ 雪 无意中照上的两位童鞋 做鬼脸 偷笑 李向显 雪 才发现照片右边半拉是我 偷笑 偷笑 偷笑 祖冲冲 前三应该没问题吧 哈哈 雪 鼓掌 鼓掌 鼓掌 [做鬼脸] [偷笑] [偷笑] [偷笑] [偷笑] [哈哈] [鼓掌] [鼓掌] [鼓掌]
1,爱你 自己找幸福 刘思吟 好友 赞 ，这 个也 给力 ， 热吻 李含晔 [爱你] [赞] [给力] [热吻]
1,，我是大胃王！跑通州蜀签吃串串香，女子组第三名。撑死我了！ 串！对面的哥们才吃 多， 汗 汗 衰 我现在的状态是，这刚哪到哪啊！ 嘻嘻 汗 衰 算了不逗你们了，其实我真正的状态是：别，别跟我说话，我想吐 嘻嘻 威武 奖状挂墙上了，你们来挑战吧！ 我在 [汗] [汗] [衰] [嘻嘻] [汗] [衰] [嘻嘻] [威武]
1,纳尼亚冰雪王国 思考 思考 鼓掌 [思考] [思考] [鼓掌]
1,橙色狂欢 小编乐了 嘻嘻 太开心 鼓掌 [嘻嘻] [太开心] [鼓掌]
1,话筒 开封将在 月 日 月 日举办中国 开封 第 届菊花文化节，今年菊花文化节已正式升格为国家级节会。 鼓掌 郑州旅游局 驻马店旅游局 三门峡旅游微博 洛阳市旅游局 焦作市旅游局 南阳 旅游 信阳市旅游局 新乡旅游微博 商丘市旅游局 平顶山旅游局 秦时蝶衣 云台野人 开封过客酒吧 [话筒] [鼓掌]
1,回复 等着瞧 那你做东。 哈哈 等着瞧 白桥啊 腿着就能去 黄玺赫 回复 我家三牛 这个绝对正宗老北京。 我家三牛 手切羊肉和爆肚看起来好好呀 黄玺赫 赞 [哈哈] [赞]
1,再圈一次 爱上 的小青蛙 美食营养师 韩笑 凹那个凸 佟晓货 姑娘。。。。你咋不 我呢 泪 求人品 闵春晓 美啊！ 丑丑 臻 李旭丹的围脖 让我 一下赢漂漂衣服 嘻嘻 [泪] [嘻嘻]
1,还用说嘛，根本没心思干活。好处是火车票不紧张了 嘻嘻 破春城晓 简直让人随时随地受不了！ [嘻嘻]
1,祝贺 星夜相声会馆 鼓掌 [鼓掌]
1,明天截止，还有一天，大家加油哟 可爱 [可爱]
1,开心一刻 一大波 马上 来袭 有网友说，马上有钱、有房、有车、有工作算什么，马上有对象才是王道。 太开心 愿望太多，马儿恐怕都有意见了 可怜 偷笑 三亚日报 [太开心] [可怜] [偷笑]
1,男人可以负责挣钱养家，但女人却不会永远美貌如花。 哈哈 贾海红 的美好时代 [哈哈]
1,独立评论文选 毛边，美貌吧？ 抱抱 [抱抱]
1,突然想吃白菜炖豆腐了，加些猪肉，粉丝，木耳，再做一个自创剁椒炒蛋，晚饭来喽，等会去火车站接鹏哥 哈哈 [哈哈]
1,春天就适合逛逛园子，看看散文，喝口茶，偶尔文艺小清新。。。 可爱 [可爱]
1,哈哈 老师面前都是孙子。 [哈哈]
1,干吧，年轻人 嘻嘻 小弟治脚气 干！ [嘻嘻]
1,谢谢博士！ 爱心传递 鼓掌 [爱心传递] [鼓掌]
1,做鬼脸 云南台常露或甘露 哈哈 [做鬼脸] [哈哈]
1,应杰 ：美女征婚，征台湾骑行同伴，求转播 周小周 回复 剽悍的 ，来自真实的群众声音，谢谢亲 爱你 剽悍的 眼睛会说话 周小周 我能说其实我眼睛也挺大的嘛。。正经征友贴来了，天平女，近期征骑行台湾，远期征人生伙伴。希望你 ，有耐心，灵活幽默。欢迎各大 及粉丝团转发哈。 [爱你]
1,三亚丰富的热带水果 鼓掌 [鼓掌]
1,李杭之 偷笑 法大猫王 是哪吒！是哪吒！ 学徒小张 太逗了，一会孙悟空窜出来 吴辶由的围脖 汗 汗 和尚、和田，各取所需！ 德纲 哈哈 和尚为和田玉作法？？ 边佳勋 怎么开和尚都是不亏 [偷笑] [汗] [汗] [哈哈]
1,心 东方卫视跨年晚会 给力 期待 五月天 嘻嘻 嘻嘻 阿肯将军 爱旅游的牛 暗白 白玉玺 浦子丨 丶 [心] [给力] [嘻嘻] [嘻嘻]
1,神秘中国风 看一次笑一次 嘻嘻 嘻嘻 [嘻嘻] [嘻嘻]
1,在哈巴雪山过了几天不洗澡不刷牙的日子，回来还真不习惯 哈哈 [哈哈]
1,斩草要除根呐 哈哈 官方微博 薄熙来案庭审直击 薄熙来被控通过妻儿贪污 万。 [哈哈]
1,爱你 哈哈 点 强烈要求搞一个互联网帅哥大搜罗 固力果 [爱你] [哈哈]
1,月 号到 号，每晚 ： 新娱乐 频道 笑林盛典 ！贾旭明，张康， 高晓攀 尤宪超 带来经典节目 鼓掌 [鼓掌]
1,周美伦 法语法国 每个学法语的孩子，都是这辈子被性变态折腾的想 的天使！ 迷芽纪 ：当然有，没看见他在 啊？这就是 学法语语法的心情，想屎！ 哈哈 依水幽兰 哇，总结得好有才。。。可是和这图有啥关系里？ [哈哈]
1,照着小太阳的大太阳 好喜 种感觉 照着小太阳的大太阳 哇咔咔 喜欢伐啦？ 嘻嘻 嘻嘻 嘻嘻 偷笑 偷笑 偷笑 [嘻嘻] [嘻嘻] [嘻嘻] [偷笑] [偷笑] [偷笑]
1,给我邮箱吧，我还真有不少人可以推荐 嘻嘻 陈华 推荐人的身份认定以第一个微博 被推荐人 为准或者邮件推荐也可，转起来吧，吧， 哦 彼岸小帆 你快去应聘吧，我想要 哈哈 赵世光 [嘻嘻] [哈哈]
1,马到成功 马上有对象 发红包 嘻嘻 马上转发！ [马到成功] [马上有对象] [发红包] [嘻嘻]
1,药点太多 哈哈 不看怎能治愈我的八卦心和想开心？ 鼓掌 明晚莫错过！ [哈哈] [鼓掌]
1,鼓掌 经典美味，丰盛大餐，看着就忍不住口水啦 花心 [鼓掌] [花心]
1,好哦，积极组织策划！ 尉迟道坤 赶紧组织活动吧？！ 童华安 挤眼 吴晓润 童华安 北京难得的好天气，焕然一新。 刘玟 企业家私人形象顾问 您好 握手 太阳 咖啡 金阳创意策划 您好 刘玟 企业家私人形象顾问 鼓掌 鼓掌 童华安 挤眼 金阳创意策划 祝贺 [挤眼] [握手] [太阳] [咖啡] [鼓掌] [鼓掌] [挤眼]
1,我老公特别可爱！！！ 酱油女王 丁林 斯诺克球手误入 像吗？ 哈哈 兰海笑 火烧老队员 酱油女王 丁林 像不像汪云飞？ 偷笑 [哈哈] [偷笑]
1,芜野随手拍 济南的雾霾越来越重，蓝天和朝霞成为了模糊的记忆。 魏新 老师，欢迎回家享受 哈哈 [哈哈]
1,早上 点醒来，吃了一份三明治和橙汁，接着睡到 点多。起床，第二份早餐之后，看爸爸去哪儿，这一集特好看，笑点多，也有许多感人的地方。我觉得 是 个小孩中最最有趣的一个，嘴巴甜，表情特丰富。看到她最后在海边急的大叫，我太瘦啦，我是瘦，我是瘦。。。 哈哈 哈哈 笑喷了。 [哈哈] [哈哈]
1,年薪再低点我可以考虑 海南陈建勤 年薪再高点，我可以考虑。当然，绝对让你感到物有所值！ 嘻嘻 任志强 夫妻合唱？ 潘石屹 原总经理回国了，我们需要一名总经理。欢迎您。 张欣 长城脚下的公社招聘总经理，年薪 万，谁来试试？ [嘻嘻]
1,抱抱 太开心 小曾跳 今晚！ 乐儿餐厅 美食美味 体验课 抱抱 [抱抱] [太开心] [抱抱]
1,有阳光的日子奏是开森！ 嘻嘻 嘻嘻 嘻嘻 嘻嘻 嘻嘻 [嘻嘻] [嘻嘻] [嘻嘻] [嘻嘻] [嘻嘻]
1,那我从艺外去长洲岛不用开车了！ 杨山 熊爷 戴远程 高军 准备全羊宴 哈哈 [哈哈]
1,回复 巴闭小君君 爱你 爱你 这是对俺们最大滴肯定 鼓掌 鼓掌 巴闭小君君 我介个广东人表示很满意吓 哈哈 [爱你] [爱你] [鼓掌] [鼓掌] [哈哈]
1,当然 我想我未 是 大瘦子 我能去么 好喜欢 好喜欢 好喜欢 好喜欢 没有蛀牙的 很隐蔽的 嘻嘻 文洁女王 我也是在这个区呀，也有走过这个酒店 ，我那时候怎么没看到这 [好喜欢] [好喜欢] [好喜欢] [好喜欢] [嘻嘻]
1,谢谢夸奖！ 哈哈 哈哈 哈哈 可爱 可爱 可爱 [哈哈] [哈哈] [哈哈] [可爱] [可爱] [可爱]
1,绿地集团董事会。 嘻嘻 枫泾古镇官微 排排坐。举茶饮。 [嘻嘻]
1,可不可以称为阿里共和国？ 嘻嘻 [嘻嘻]
1,阿哈今天我们中午吃的舅妈包的海螺馅儿的大饺纸我张大口一口一个吃光光 鼓掌 舅妈太能干了！ 吉吉看天下 [鼓掌]
1,祝贺 菲 菲 成为红蕃茄湖北菜第 位神秘顾客成员！ 给力 菲 菲 神秘食客 哈哈 陈华 富任蒋 单车上的镜头 小倩 贲癸迄 [给力] [哈哈]
1,记得关注 京城美食探店 青年餐厅 转发并 位好友哦！祝好运哈！ 江南 一粒沙中的观点 好活动 哈哈 请我去吧 [江南style] [哈哈]
1,这个盘丝洞，是搞摄影与相关产业 暴力大婶郭小苒 嘿嘿。。。我们这里人称盘丝洞，又称剩女集中营 大家工作中总是乐呵呵滴 哈哈 琴小屁 企业有前途，同事都超 ，适合有想法又踏实的 ！ [哈哈]
1,原来我老硬盘里这么多 呢？我真佩服以前我那股执着的劲儿！ 嘻嘻 [嘻嘻]
1,手机拍摄 在大堂翻杂志，突然看到好熟悉的脸庞 闻香识酒店 依柳轻轻 嘻嘻 [嘻嘻]
1,帅飞了！！！其实我更关心他们会去哪里 一堆肌肉老公的对决吗？ 嘻嘻 [嘻嘻]
1,在的小伙 都是一副 民的 子，殊不知都是 新 愁 放 ，好 嘻嘻 嘻嘻 [嘻嘻] [嘻嘻]
1,京城排队也吃不上的餐厅！ 吃货们为了好吃的谁没排过几个小时的队啊！ 挖鼻屎 这些餐厅门口永远都排满了人。究竟有多好吃，能让人们趋之若鹜，即使排长队也在所不辞呐？快去看看呗。吃货们都吃过几家？ 鼓掌 [挖鼻屎] [鼓掌]
1,月 日 日，新加坡 餐厅大厨 应邀成为 餐厅的客座厨师，带来新加坡大热的美味！ 馋嘴 他曾经是位律师，现在则是新加坡炙手可热的大厨，擅长以精致现代的手法展现传统街边美食。从律师到厨师，从街边美食到星级料理，快来亲自挖掘更多美味惊喜吧！ 太开心 [馋嘴] [太开心]
1,天气不错，心情也不错 可爱 [可爱]
1,回复 将来要延伸远东 偷笑 管得略远 哈哈 野山狐儿 [偷笑] [哈哈]
1,高级定制 家定制系列 白金全钻钥匙吊坠 小号鸢尾花 漂亮吧！超级闪眼哦 爱你 今天刚到的现货哦！ 哈哈 鼓掌 鼓掌 喜欢的 不想等的童鞋赶紧了 现货只有一条 速度 话筒 话筒 话筒 [爱你] [哈哈] [鼓掌] [鼓掌] [话筒] [话筒] [话筒]
1,男人的乳头是干什么用的。。。。。。。请原谅我一生放荡不羁的笑点 哈哈 哈哈 哈哈 转 [哈哈] [哈哈] [哈哈]
1,有故事了何老师，往事如此辉煌！ 何慕 回复 叶茂中 嘿嘿 多谢茂中老弟祝福 岁 我喜欢的年龄 嘻嘻 叶茂中 何老师 岁生日快乐乐滴 [嘻嘻]
1,真实惠 可爱 长沙刘海清 吃在长沙 作家何立伟 何顿 晴为何雾 地产 涛 地摊西施 贝贝公主 爱生活的小薇 敖芳 长沙杨柳 何高峰 扩散 [可爱]
1,中国发布会叫全新全易，微软惯用的套路啊，感觉又像是老高搞滴 嘻嘻 [嘻嘻]
1,两 丝地摊卖了十五元，果断没心情，寄情于吃。十八元一份乌江酸汤鱼，配菜每人两元任吃，任吃任吃哟。二十二无味道超好！ 啊 说是他出来几个月吃的最爽的一次。二十二元 哈哈 [哈哈]
1,年会 的设计师们要设计可以吃的产品！擅长设计外型的我们 嘻嘻 ，今天要设计设计味觉！ 我在 [嘻嘻]
1,敢吹，会吹，不断地吹 嘻嘻 解东 如何把备受游客推崇的蒙山悬崖栈道从一个旅游产品做成旅游品牌？期盼各位支招！ 大地风景旅游咨询 临沂国际旅行社有限公司 临沂市旅游局官方微博 第一旅游网官方微博 德安杰旅游策划专家 风景大地旅游投资管理公司 汉孚旅游策划 [嘻嘻]
1,上海下海了 吃惊 张泉灵 呦，我北京的家可能变一线海景房呀！上海的家可能变龙宫呦！ 嘻嘻 [吃惊] [嘻嘻]
1,回复 凡人 语 呵呵，谁叫咱们是舌尖上的国度来的呢？不出国还真没觉得中餐这么好吃 花心 凡人 语 回复 陈雨星 精品购物指南 人家是科威特人，我是中国人，来自舌尖上的国度 而且当时我是从法国去的，这差距也太大了 哈哈 陈雨星 精品购物指南 回复 娜小娜 我就 [花心] [哈哈]
1,孩子也认为 朋友比成绩重要 赞 这点和我不谋而合 呵呵 看来孩子长大了，明白了！ 鼓掌 无厘头的小熊维尼 万国击剑 [赞] [呵呵] [鼓掌] [good]
1,屋足 过圣诞 亲 求 李小白老白 卡片真相！！求照片！ 哈哈 哈哈 [哈哈] [哈哈]
1,准啦！ 哈哈 庞丹 我这是要发达啊！ 哈哈 哈哈 [哈哈] [哈哈] [哈哈]
1,早起伤不起 办公室必备用品 哈哈 [哈哈]
1,冷笑话精选 遇一件大好事 嘻嘻 [嘻嘻]
1,朴小新娘 咳咳 偷笑 爱你 爱你 恒 嗷嗷嗷这里超萌的，苏 喵 嗷嗷嗷嗷心里开始痒痒了 佳能乃朴有天正室 大家好 我是有天 [偷笑] [爱你] [爱你] [xb喵]
1,我已经举报不实信息。 庞源 谁让他信新闻联播的。一个字：活该！ 哈哈 高琳芳 老大你幸 呀 庞源 鼓掌 黄玺赫 我被骗了。 抓狂 北京摄影老顽童 [哈哈] [鼓掌] [抓狂]
1,转世成了屋塔房王子。。 嘻嘻 肖彬 李渺然疯子 看看 让你乐呵乐呵！ [嘻嘻]
1,爱你 熊猫 带着微博去旅行 赞 冬雨 图说中原 山阳英雄 粼粼的美好生活 蓝风摄影 王天定影像 老王 魏远峰 云台建业 冬雨 焦作飞天 [爱你] [熊猫] [带着微博去旅行] [赞]
1,舅妈给做的美味豆角焖面 老藤绿萝 爱你 爱你 爱你 [爱你] [爱你] [爱你]
1,小熊猫特别可爱，当时真想领一只！ 爱你 [爱你]
1,杭州之旅非常愉快，感谢主办单位对雅安的关爱和我们国家女子台球队的支持，感谢我的四名队友把我们潘晓婷队在这次团体赛所赢得的奖金全部捐出，他们分别是万烨、沈朱荣、姚鹏、周辉，真心为你们骄傲 给力 威武 另外，配图是没经 吴宇波波 同意摘来用的，先谢啦 做鬼脸 可爱 [给力] [威武] [good] [good] [good] [做鬼脸] [可爱]
1,嘻嘻 汽游酷俱乐部 嘻嘻 亲们 我在这里，你呢？ [嘻嘻] [嘻嘻]
1,诱人吗 诱人吗 北塘的海鲜更诱人 北塘古镇风情旅游节暨天津第四届海鲜美食节 正在准备中 太开心 馋嘴 [太开心] [馋嘴]
1,一定要看哟！ 桐庐 期待 太开心 鼓掌 [太开心] [鼓掌]
1,华彬庄园 华彬马会也是国内首屈一指的马球马术俱乐部。志同道合。 呵呵 握手 握手 费尔蒙酒店 费尔蒙携手胡润百富成为 年在中国举行的知名大使杯国际马球赛赞助商。费尔蒙品牌对马术及其他精英体育盛事的支持有着悠久历史，它们的关系可以追溯到 世纪 年代的上海赛马俱乐部。 鼓掌 [呵呵] [握手] [握手] [鼓掌]
1,老无所撸 斑马歌者 尤文 冠 海角七撸 可爱 偷笑 雪 函数小姐 三傻大撸宝莱坞 喂 [可爱] [偷笑] [雪]
1,猥琐 微博搞笑排行榜 胖了点儿 一看就是水货 哈哈 [猥琐] [哈哈]
1,多谢美人儿的光临！ 抱抱 太开心 祝假日很快乐！ 过年啦 蛇年快乐 [抱抱] [太开心] [过年啦] [蛇年快乐]
1,加油！ 心迪 亲爱的 双鱼妹 一级棒 赞 ！ 爱你 辛苦啦！！ 爱你 爱你 [赞] [爱你] [爱你] [爱你]
1,超级笑星 微直播 小弟王晶 导演找到了失散多年的女儿了么？ 哈哈 哈哈 体型好搭哦！ [哈哈] [哈哈]
1,回复 大山西瓜子 威武 大山西瓜子 是哒 可爱 小车慢开 泰国？ [威武] [可爱]
1,我的美食我的回忆 美味烤串加北冰洋汽水，满足了 哈哈 [哈哈]
1,卢宗艺 宋佳 改天一起 爱你 柴颖颖 喜欢吃杭州菜！ 宋佳 真心好吃 做鬼脸 看海听涛 柴颖颖 冬天里开的花 [爱你] [做鬼脸]
1,今天晚上 不见不散 鼓掌 体坛风云会 欢迎各位参与并与嘉宾进行辩论！微信同样开通，官方微信是 [鼓掌]
1,对于巧克力的爱早已无需言语，你们懂的！！ 爱你 [爱你]
1,不愧是英国品牌。 嘻嘻 丹在动 英伦漂流 [嘻嘻]
1,喜欢我们的小喵屋 和茸茸 大庄 二白白一起共进晚餐好开森 爱你 心 小西堂 愿在寒冷的日子里 小西堂可以给每位小伙伴带去温暖 得意地笑 许愿 [爱你] [心] [得意地笑] [许愿]
1,上海新天地 情人节甜品 活动圆满结束，良辰美食，我和 新西兰鬼马主厨 期待下一个情人节依然能和大家一起度过 爱你 [爱你]
1,这让看过 驴得水 的观众，怎么想！ 任素汐 无法形容地高兴！ 刘露阿姨 你们都离她远点！！！！ 抱抱 [抱抱]
1,们也很多 偷笑 尹方鸣 那么多，单身的要多抓住机会啊 哈哈 蛋卷儿爱抹茶 看来大家都木有抱够 偷笑 尹方鸣 耗子是中国超人 抱抱 蛋卷儿爱抹茶 求抱抱 偷笑 黄小小钰 开心欢乐，抱抱，有你们，我就没有烦恼，有你们，我就能跨过难关。加油 [偷笑] [哈哈] [偷笑] [偷笑]
1,回复 大鹏背包走天下 还是看球吧！大鹏哥！半夜码字可伤眼睛！ 哈哈 泪 大鹏背包走天下 我在苦逼的写游子的故事！ 莫斯科游子的丽江 [哈哈] [泪]
1,哈哈 我有大大的背心要不来一件 熊丽电台 回复 冯雪 今早一睁眼，惊闻书记 胡滨微博 指示出席咱们村儿活动所穿服装一事要提升到觉悟这一高度，我顿时感冒也加重了，眼泪也下来了，看着那么多条挂在衣橱里的带儿，这心拔凉拔凉哒 泪 。 勤劳的工作狂 现代可汗 予馨北京 冯雪 陈倩冰 [哈哈] [泪]
1,晒曼谷杂志 曼谷杂志 太开心 昆明！ 郭蕊 感谢粉丝们的现场报道 爱你 张 随时更新泰国信息，别 咯 嘻嘻 [太开心] [爱你] [嘻嘻]
1,感冒也要开心过 这张洋气吧 偷笑 偷笑 哈哈 哈哈 [偷笑] [偷笑] [哈哈] [哈哈]
1,西关人家 的盐煎饼 ，不禁想起童年往事 可爱 [可爱]
1,现在觉得很温馨 可爱 王琛 真心想念过去疯狂的日子 悲伤 [可爱] [悲伤]
1,回复 宗绪升 相当不习惯 哈哈 哈哈 哈哈 宗绪升 没带几瓶帝都的空气？这呼吸这么新鲜的空气会不习惯的。 歌手含笑 真的太美啦 禅 美翻了 花心 歌手含笑 慰问演出 说点郑事 去拍戏还是演出，还是玩。 [哈哈] [哈哈] [哈哈] [花心]
1,整天拿汽车开刀的决策者们是否要取消瑶号和限行呢？ 汽车族杂志 打哈欠 汽车族王永 汽车族杂志 冤啊 泪 泪 泪 陈朝华 哈哈 谭飞 抽，使劲抽某些官方人士嘴巴！ [打哈欠] [泪] [泪] [泪] [哈哈]
1,王二媛 你猜能抓到你那副眼镜吗？ 快乐淘萌物 你愿意多少钱抓一次呢？ 哈哈 [哈哈]
1,美食文摘： 京城豆腐白：餐饮界的京城四少分别是梧桐的余梅胜、孔乙己尚宴的陈庆、邢卫东、皇家驿站的郝文杰。他们入得厨房、出得厅堂的艺术家。是京城创意菜的先锋，是玩才玩菜的专家，这个封号是边疆老师提出的， 哈哈 小君 白大厨给介绍介绍 [哈哈]
1,哇，一片狼藉。 哈哈 [哈哈]
1,等了好久，终于收到从迈清寄来的明信片了。谢谢 小麦 对了，要健康哟，为了宝宝还要天天好心情 可爱 可爱 可爱 [可爱] [可爱] [可爱]
1,回复 薄 晨曦村 和狗 我是酒罐罐的爹。 薄 晨曦村 和狗 哈婆婆你是酒罐罐 ！ 哈戳戳 元哥，出 喝酒。 张元导演 回复 管伟华 晕 泪 馋嘴 爱你 是的，这是我们喜欢的艺人，手艺人 管伟华 偶与她相处都是素颜较多，她只要一上台就是明星。 哈哈 [晕] [泪] [馋嘴] [爱你] [哈哈]
1,坚强妈妈，美妈妈 亲亲 。遗憾的是还有好多美美的照片没能呈现。 彭丽霞 转发微博 [亲亲]
1,吃货团围裙整编！ 威武 嘻嘻 给力 王岩 地产 筑成世方 嗨辣老孙 回复 老徐时评 把大家加进来！活动通知群里吼吼。 老徐时评 老孙回来啦！不是有一个现成的微信群吗？ 嗨辣老孙 回复 王岩 地产 搞个微信群 王岩 地产 是 [威武] [嘻嘻] [给力]
1,回复 染香姐姐 我送 鸡排哥哥 的第 佳鸡排给你 嘻嘻 耶 染香姐姐 爱你 爱你 要送饭哦 染香姐姐 怕的是你也进去了，咱们被一锅端。 哈哈 隋牧青律师 三位无论哪位进去，在下一定尽力帮助请中国最优秀的律师来辩护，让你们感受到俺的守望相助情义 染香姐姐 有我吗？ [嘻嘻] [耶] [爱你] [爱你] [哈哈]
1,大美妞 泰勒 穿 卫衣配 短裤运动范儿出街 这是为了迎合马年才选择白马图案的吗？ 爱你 私享穿衣顾问微信： [爱你]
1,有蒙奇奇的吗 怪诞心理行为学 控们赶紧住进去吧！ 爱你 快乐淘萌物 [爱你]
1,雨枫直播 嘻嘻 雨枫书馆 疯书生 浑身发抖 [嘻嘻]
1,图片库里的粉裤居然是偶哈哈 爱你 [爱你]
1,可言可语 家里来客人了，可可昨晚来我们大床睡。我上床时可可睡梦里嘟囔着妈妈妈妈，转身就揉上我脖子，瞬间满心柔软。到半夜猛得又被可可踢了两脚醒过来。 黑线 一早起来问她啥情况，她说梦见姐姐了。可爸问：梦里发生了什么？可可茫然的说：我忘了一清二楚了。 哈哈 这成语用的呀，牛掰不？ [黑线] [哈哈]
1,赞一下宝妞感冒吃药，强忍不哭，非常配合就把药吃了，条件就是药后吃块糖，鼓个掌 鼓掌 哈哈 我是服了 [鼓掌] [哈哈]
1,那我的听听奥 鼓掌 付洋 亲们快打开 北京文艺广播， 吃喝玩乐大搜索！开车的朋友注意安全哦 心 说说西班牙美食峰会的事 做鬼脸 西班牙国家旅游局 [鼓掌] [心] [ok] [做鬼脸]
1,回复 边疆行墨墨 请假条要写好，出门前少骚扰。旅途愉快。 嘻嘻 边疆行墨墨 大哥，我杀回来了，丫的，领导差点疯掉，跑了半个多月跟消失了一样 [嘻嘻]
1,鼓掌 鼓掌 感谢 旅讯 的大力支持，尼古拉斯先生来自瑞士，拥有二十多年的酒店从业经验。。。 [鼓掌] [鼓掌]
1,席窑西北乡野菜 习家菜必火 王利群 这是一个信号，以后领导请客，要吃包子 哈哈 杜雪 这广告影响力无人可比 侯宁 这广告大了 林凡 感觉后面广告板要换的节奏。。。 [哈哈]
1,家庭聚餐，幸福 ，应该晒张全家福哈 嘻嘻 [嘻嘻]
1,度假华侨城 深圳文艺青年们最喜欢去的地方 华侨城 文化创意园，择一个闲暇的午后漫步其中，文艺其实很简单 围观 华侨城 鼓掌 深圳文青最爱的艺术创意园 华侨城创意文化园 [围观] [鼓掌]
1,所有甜品基本都吃过 馋嘴 爱到不行的甜品店 爱你 爱你 爱你 幸福的小吃货 吃就是我的全世界 疯狂的大大大大大兔子 [馋嘴] [爱你] [爱你] [爱你]
1,刚看完三联的最新一期报道！ 林糊糊 祝大家新年快乐 感谢 爱你 [爱你]
1,半月湾是不是一个很吸引你的小镇呢 太开心 家庭乐 [太开心]
1,香宫香传中国影响力 鼓掌 王宏玲：转给有需要的童鞋 香格里拉酒店集团：您说的太对了！巴黎香格里拉的 香宫 今年 月开业，将成为巴黎所有五星级酒店里唯一的一个粤式中餐厅 洪晃 ：我觉得你家巴黎酒店最招人的就是有香宫，可以吃着中国饭，咱啥都能西化，就这中国胃不行。 [鼓掌]
1,哈哈哈 李千岁 啊哈哈哈 杨扬 哈哈哈 柿子树啊 我爱衩姐！ 哈哈 [哈哈]
1,在上海的最后一晚，竟然破天荒的刮发票中奖，是未来好兆头么 哈哈 嘻嘻 [哈哈] [嘻嘻]
1,上班啦！加油喽！ 嘻嘻 [嘻嘻]
1,哈哈 谭超 [哈哈]
1,给学员二分部乘务员 拍制服照，解开盘头之后，她好像 活 过来了 偷笑 ，建议其他乘务员也都试试用自己最为自然的一面拍制服照。 亲亲 亲亲 亲亲 [偷笑] [亲亲] [亲亲] [亲亲]
1,奇隐 天津李延亮 韩兆的微博 哈哈 哈哈 [哈哈] [哈哈]
1,猫咪太可爱了！ 哈哈 踢球的胖猫 哈哈 哈哈 哈哈 哈哈 惊蛰 哈哈 李霞 小 公主 喵星人屁股大 哈哈 笑话有木有 彻底被卡住了。。 [哈哈] [哈哈] [哈哈] [哈哈] [哈哈] [哈哈] [哈哈]
1,回复 金小胖 要庄重 这个建议赶脚还不错。会不会变成球体 嘻嘻 [嘻嘻]
1,拜托了！ 偷笑 黑月 季胜利 赞 安妮 艺术工作者梁克刚 哈哈 卢中强 拜托！！ [偷笑] [赞] [哈哈]
1,出发啦，我会有个好旅程！ 可爱 雪山、青草、那美丽的喇嘛庙 罗然小小 在阳光里流浪 小匣子玫瑰 嗷嗷小狼狗 河沙田的娃儿 丶 策划人白琨 比天使尊贵一点点 [可爱]
1,哈哈 哈哈 师母早安 尧舜时代 哈哈 钱文忠 哈哈 哈哈 哈哈 哈哈 哈哈 哈哈 哈哈 哈哈 [哈哈] [哈哈] [哈哈] [哈哈] [哈哈] [哈哈] [哈哈] [哈哈] [哈哈] [哈哈]
1,因为相互映衬，所以一 陆 风尚 挤眼 慕春彦 米兰的万里无云、空旷蓝天，和陆毅的清新帅气健康造型相互映衬。 风尚志 一 陆 风尚 米兰行 小伙伴们都还在呢 风尚志 陆毅大片高清图来咯！ 张书新 慕春彦 桑尼 小 陆毅 小伙伴们都睡了 哈哈 [挤眼] [哈哈]
1,本周六大型主题怀怀旧派对 夜上海 就要隆重的拉开帷幕了，想要获得门票吗？ 围观 就赶快行动起来吧！现在只要是转发我们的置顶微博并 名好友，就有机会获得活动当天的入场门票哦 得意地笑 得意地笑 快快行动起来，让我们一起重温那繁华，奢靡的 夜上海 吧！ 鼓掌 鼓掌 [围观] [得意地笑] [得意地笑] [鼓掌] [鼓掌]
1,喝多了啤酒不上厕所估计也可吓退章鱼星人 鼓掌 [鼓掌]
1,这话题好玩，方总改天请我去夜店喝酒吧，我介绍下 年泡夜店的经验 哈哈 米途赖洪波 转发微博 [哈哈]
1,回复 兄甬 经典 兄甬 有个朋友升级 ，把 送给了我 黄玺赫 初学练手可以买最老的便宜机型，有助于提高技巧锻炼耐心。一旦有了好机器就游刃有余了。 哈哈 黄玺赫 拍什么买什么器材，没有万能的镜头。 [哈哈]
1,兄弟馈赠 好事袭来，江苏太湖核雕第一村，南工精雕十八罗汉 嘻嘻 [嘻嘻]
1,一回家。在毫无先兆情况下见到这东西，我震惊了，我的元宵节情人节五周年礼物 哈哈 心 礼物 多谢 影相佬李添 [哈哈] [心] [礼物]
1,笑坏了女神么么嗒 哈哈 [哈哈]
1,不晓得呢。。哈哈。。 竟是真的吗？哈哈！ 彬 鼓掌 [鼓掌]
1,随意拍 终于厦门的冬雨走了，这个海上花园的明媚华丽回归。铁路公园的火车，灿烂的市花三角梅，红顶白墙的建筑，依山而建的图书馆，瓦蓝的天空，你若安好便是晴天哦 嘻嘻 易享派 新鲜旅厦门 我在这里 [嘻嘻]
1,小吃货一只啊 哈哈 学动画的人是这样玩孩子的，时而恶搞，时而温馨。怎样都是满满的爱啊 心 祝小宝宝健康快乐，茁壮成长 心 温暖帽子 欣爱的朋友 欣爱影像 之设计 [哈哈] [心] [心] [温暖帽子]
1,官段儿比民间段子笑点高，后劲儿足。 嘻嘻 赵路律师 日子过的像段子似的。 [嘻嘻]
1,风尚播报 萌宠新贵：虎斑猫 可爱 你有没有被它的大眼睛萌到呢？ [可爱]
1,波澜不惊 福利 花心 朋友的 朋友 双手打字以示清白 花心 英足总 花心 福利！！！！ 周 俊 良 要是不转就太缺德了！！！ 花心 几何树 不能自己爽！ 剁手鸡 草！！！！！！ 你真是个鸟不起的人 卧槽巨乳！！！ 来看看 可爱 可爱 可爱 不看后悔一辈子， [花心] [花心] [花心] [花心] [可爱] [可爱] [可爱]
1,王也加 谁不会自己来 斐大文 哈哈 理查同学 转圈 那算什么。你从纽约机场上飞机，六小时以后你在欧洲了。你从北京机场上飞机，六小时以后你还在北京。 挖鼻屎 [哈哈] [xkl转圈] [挖鼻屎]
1,看完太极后终于明白飞机是怎么发明的，泥马，世界是韩国的，韩国是我们的！ 哈哈 十三锦缎之勤奋 流浪缇子 [哈哈]
1,看！还得是喵星人吧！ 老齐 嘻嘻 嘻嘻 [嘻嘻] [嘻嘻]
1,回复 是的，北京特有的很多东西都难觅踪迹了。感触最深的是北京话的消失。 回复 黄玺赫 哈哈 小时候的话梅 分一袋，只有三颗，每颗都薄薄的一层皮，可感觉那么好吃 黄玺赫 有散装黄酱吗？明儿想吃炸酱面。来一毛钱肉，够一家子吃了。 [哈哈]
1,真心感谢您的认可哦！ 抱抱 抱抱 [抱抱] [抱抱]
1,始 前最後一 午餐，巴黎 甜 哈哈 偷笑 酷 [哈哈] [偷笑] [酷]
1,谢谢你，这几天我睡得特别好。 亲亲 赖宝 [亲亲]
1,回复 吴聪 偷笑 嘻嘻 哈哈 吴聪 [偷笑] [嘻嘻] [哈哈] [good] [good] [good] [good] [good] [good] [good] [good] [good]
1,爱你 馋嘴 鼓掌 郭与郭 威武 围观 干杯 赞 月影淡淡 必须高兴一下 微博有发现 凉风峰 刘传水 郭与郭 最水蜜的桃 卓异 鱼丸粗面的 权歌 亲们，高兴一下 衙门森林 张三零 大头苗 说话之岛 鱼骨头 不记得怡敏同学微博叫啥了。 [爱你] [馋嘴] [鼓掌] [威武] [围观] [干杯] [赞]
1,！魔笛威武！ 罗威武！洛佩兹威武！魔力鸟威武！皇马在梦剧场打进三个球， ： 赢得了比赛！ 哈哈 哈哈 哈哈 哈哈 哈哈 哈哈 哈哈 哈哈 哈哈 哈哈 哈哈 哈哈 哈哈 哈哈 哈哈 哈哈 威武 威武 威武 威武 威武 威武 威武 威武 威武 威武 威武 威武 威武 威武 [哈哈] [哈哈] [哈哈] [哈哈] [哈哈] [哈哈] [哈哈] [哈哈] [哈哈] [哈哈] [哈哈] [哈哈] [哈哈] [哈哈] [哈哈] [哈哈] [威武] [威武] [威武] [威武] [威武] [威武] [威武] [威武] [威武] [威武] [威武] [威武] [威武] [威武]
1,委屈 不要这样嘛 我们的节目都是请大家来玩的 不是洪水猛兽，大家放松！！！ 抱抱 耶 [委屈] [抱抱] [耶]
1,心 杜小拧 要不要一起来一个啊 嘻嘻 小豆冰棍 北科报于彤 记者孙妍 [心] [嘻嘻]
1,好美的新娘，好漂亮的婚纱，好浪漫的爱情！ 鼓掌 [鼓掌]
1,有种死法叫捧杀 使劲捧使劲捧，整的大家期望值超高，结果一吃不是那么会死，骂死！ 偷笑 美食有风险吃货需小心 懒人业余餐厅安贞店 一回吃 但觉正 二回吃 但觉好 三回吃 但觉停不了 越吃越好吃 后劲十足 这种夸法太严重了 可爱 真心受用不起 哈哈 哈哈 但求继续努力让大家更满意 [偷笑] [可爱] [哈哈] [哈哈] [ok]
1,古镇的夜 不一定需要大红灯笼高高挂。我觉得这应该叫"虹桥" 抱抱 鸢尾摄于 中国最美的乡村婺源 [抱抱]
1,哈哈 又 了 杭州 店 耶 [哈哈]
1,回复 梅西巴巴 我觉得我就是你们的吉祥物，去年跟你 ，今晚跟美丽得 哈哈 梅西巴巴 去年我错失 这种获奖的难道都和 见证 美丽 小峻 等等摄影师有关哟。。 嘻嘻 [哈哈] [嘻嘻]
1,貌似很给力哇！ 可爱 青岛的会员看过来啊 [可爱]
1,我弟手工做的原创模型 孟非 绝版哦！ 鼓掌 这小子很喜欢他 没辙鸟 孟非粉丝团 [鼓掌]
1,突然很想去厦门，想念那里的排挡。 哈哈 哈哈 [哈哈] [哈哈]
1,哈哈中午做的请大家给予指导 火龙美食 餐饮世界赵泽瀛 日下客 星级酒店培训郗老师 挡不住的美食个性 得着您那 李吉 鼓掌 鼓掌 我在 [鼓掌] [鼓掌]
1,天黑咯！ 可爱 [可爱]
1,一起剥蒜的日子 爱你 [爱你]
1,才念叨就来了， 猪总的明信片，今年一定做这个"陈皮"蛋糕 亲亲 [亲亲]
1,木有上版的好玩 楠 宝儿 哈哈 [good] [good] [哈哈]
1,哈哈 乐乐就是我 哈哈哈，过了七点半就好了 活 人吉卜力 新闻联播最牛 的地方在于无论你怎么换台都能看完一条新闻 山 城市之音洪妞 ： 哈哈 叶色聊人 我家的电视机也坏了 哈哈 [哈哈] [哈哈]
1,看着就眼馋！不，还有嘴馋！哈喇子！ 川豪麻辣香锅 哈哈 够味儿吧。。。 [哈哈]
1,吃货 上海我最爱美食 振鼎鸡，走起 嘻嘻 嘻嘻 嘻嘻 嘻嘻 我在 [嘻嘻] [嘻嘻] [嘻嘻] [嘻嘻]
1,回复 塑料树黄勇 啊呀，忘了 忘了！ 酷 塑料树黄勇 没戴墨镜？ 歌手含笑 哈哈 小德文玩 顽主 到位 [酷] [哈哈]
1,回复 娜写小日子 我这个吃货昨天今天胃疼的全身发软，还觉得冷。现在在回家路上。。。专家门诊下周三才有。。。 泪 泪 泪 娜写小日子 还真是，我又想起你吃螃蟹的样子了，嘴里叼着一个腿儿，还不耽误跟我聊天！ 哈哈 爱唱歌的小火柴 娜写小日子 这吃货和我有的一拼！ [泪] [泪] [泪] [哈哈]
1,回复 香洲义工 据悉陶吉吉明年珠海开演唱会 哈哈 哈哈 哈哈 哈哈 哈哈 香洲义工 江南 [哈哈] [哈哈] [哈哈] [哈哈] [哈哈] [江南style]
1,早安，维景 今天遇到一对即将在酒店办婚礼的客人，女孩调侃地对男孩说： 我对你的这点爱，别的不够，结婚是够了 小温馨 太开心 [太开心]
1,生日快乐 蛋糕 礼物 上班快乐 困 真不好意思哟 你的电笔在我口袋，不过太欢乐，每天都是儿童节 我昨天笑的嗓子都疼了 哈哈 [蛋糕] [礼物] [困] [哈哈]
1,再来一个 产品： 塑料打印机。只要是在指定尺寸内，任何物件都能在家里制作。个性化的眼镜框，象棋子，小饰物，卡通小人，等等。原材料是高密度塑料块，用这一千多美金的 打印机，没有东西是不能 的！ 自备 文件 哈哈 看他自制自编的手套，和惟妙惟肖的卡通人。 [哈哈]
1,我只会解 泪 浮云 福运 富蕴 各位亲是要晒老公学识么？我投降 泪 哈哈 翠绿葡萄 文盲表示连题都看不懂 泪 会么 小黄西西 我放心了，娃他爸表示会解 嘻嘻 [泪] [泪] [哈哈] [泪] [嘻嘻]
1,不错了。 凌佳 不过了！ 哈哈 [哈哈]
1,鼓掌 照亮全中国、放射全世界。 枫泾古镇官微 精美的毛泽东像章。期待大家来馆内参观！ 呵呵 [鼓掌] [呵呵]
1,我们正常发团，上海直飞冲绳机票特价，往返 嘻嘻 死撑 天才第一步就是纸尿裤，一个道理 左哼哼 。。。诱惑我咯！问题现在时局不太稳定啊！ 你也是办这个签？ 死撑 攒点钞票，攒点时间 [嘻嘻] [左哼哼]
1,哈哈，我想也是 型血的兔子 看样子我们是一路的 嘻嘻 冰凝爱旅行 感受行走，最美的风景 型血的兔子 风景是陪衬，每个人的好心情才是最美的风景线 嘻嘻 [嘻嘻] [嘻嘻]
1,回复 陈永东 我想这会是今后的方向 嘻嘻 陈永东 有没有统计下有多少领导干部开通微博及微信，且至少每天登录一次？呵呵 新余李虹 陈教授正在讲授媒体的由来和媒体的类型，并对移动互联网的特性和重要作用进行了详细而重点地阐述。 [嘻嘻]
1,严锋 哇哦好赞！ 一毛不拔大师 哇哦好赞！ 爱你 [爱你]
1,落灰的微博发一张 肚肚婆 嘻嘻 [嘻嘻]
1,被绑架，没办法 嘻嘻 刘巍 点评啊，点评！ 小南城 刘巍 赵泽 [嘻嘻]
1,侯老师名言：首都机场真客气！广播里永远都有抱歉的通知！ 新相声演员侯振鹏 哈哈 我在这里 [哈哈]
1,杜 ！我要叫你雷锋啦！ 爱你 [爱你]
1,哈哈 于 确实很强大。京东特色 [哈哈]
1,看过六个，再接再厉 田桃花 狐狸雨 我看过三个 嘻嘻 张 丹 看过六个，再接再厉 威武 [嘻嘻] [威武]
1,希望亲可以住的开心 期待您的光临哦 可爱 到到网 兔子 哇 亲收到上一期 免费住酒店 活动的房券啦 长峰假日酒店 行政楼层呢 期待亲入住后来到到网写点评哈 再次恭喜！羡慕的亲要持续关注到到网的给力活动哦 [可爱] [兔子]
1,两只蜈蚣谈恋爱 然后决定去吃石磨脱骨凤爪，服务员帮我拿双筷子筷子筷子筷子筷子筷子筷子筷子筷子筷子筷子筷子筷子筷子筷子筷子筷子筷子筷子筷子筷子筷子筷子筷子筷子筷子筷子筷子筷子筷子筷子筷子筷子筷子筷子筷子筷子筷子筷子筷子筷子筷子筷子筷 各种神评论，你们感受下 停不下来了 哈哈 [哈哈]
1,哈哈，以前还有一个草莓的由来。 哈哈 [哈哈]
1,找领导中 哈哈 [哈哈]
1,把北极虾淹死在墨汁里？老板你太 坏 啦！ 哈哈 美食推 墨鱼汁海鲜饭灰常好吃，黑黑的米饭铺满了整个大盘！乍一看会花了眼，原来是墨鱼汁染黑的米饭，上面是大北极虾和贝，里面还裹着大块的墨鱼肉，很美味哦，白白的是特制的蒜泥，细滑柔腻，略甜，赞 花心 食感超棒 [哈哈] [花心]
1,好，从今天起我每餐吃半饱 偷笑 李臻演员 回复 宅女高珊 等待我批量生产给姐姐尝尝 嘻嘻 宅女高珊 貌似成功喽，小妞儿 馋嘴 [偷笑] [嘻嘻] [馋嘴]
1,幸福加肥猫 跟你家小美神情一样坦然呐 月亮一家 乃们看看这位露得多彻底，宝哥比起这来弱暴啦 哈哈 [哈哈]
1,和 拥抱斜阳 可爱 我在这里： 金鼎轩 [可爱]
1,我们又在一起啦 爱你 兔子 亲亲 心 小鬼 涛涛小清新 [爱你] [兔子] [亲亲] [心]
1,如果可以我想弄个 池 酷 一纠结的学生 可以光膀子吗 哈哈 [酷] [哈哈]
1,下次可以用笔名伐？？？ 嘻嘻 [嘻嘻]
1,扇子俱乐部特享 嘻嘻 [嘻嘻]
1,刘悦 各位幕后英雄，我们自己转一下噻！ 鼓掌 鼓掌 鼓掌 记着周日 点准时收看哦！！ [鼓掌] [鼓掌] [鼓掌]
1,从你的文字里我嗅出了真诚的味道 嘻嘻 不过从目前来看一切都是未知的，让我们一起期待最后的名单吧 爱你 烧烤学硕士 超级让人心动，并且燃烧你激情和梦想的活动， 滕飞 你最近没少跑，体力应该不错吧， 午夜的阳光奇奇 你要想去就得减肥啦，哈哈。先报个名，无论档期与否，转发是一种态度。 [嘻嘻] [爱你]
1,给力 餐饮服饰 难以想象的美味！ 嘻嘻 [给力] [嘻嘻]
1,鼓掌 鼓掌 不错很大气！设计才是你的主业！摄影只是副业。主副业不要错位才最棒！没选我那个咔思路的设计还是小遗憾！ [鼓掌] [鼓掌]
1,恭喜王老师哈！祝贺！祝贺！ 鼓掌 [鼓掌]
1,嘻嘻 哈哈 大家很 ，五周年庆典十分成功，衷心感谢我们每位员工的不辞辛劳才换来了今日的辉煌！ [嘻嘻] [哈哈]
1,回复 为啥这么火？也许东京有"迪士尼乐园"，大阪有"日本环球影城" 中部地区早就盼着有个大型 主题公园 。 这个充满美国色彩的 ，一下点上了中部地区人们心中的导火线。哈哈，小编是这么想的。 哈哈 哈哈 [哈哈] [哈哈]
1,真心谢谢，你说差在哪里那？比如说 寒雪之夜 静 别谦虚 偷笑 你家水煮鱼真正是全北京最好吃的 馋嘴 就是贵店的服务态度差了点 嘻嘻 望京一号餐厅 还可以吧 [偷笑] [馋嘴] [嘻嘻]
1,皆 、 呵呵 今天名古屋晴转多云，最高气温 度，最低气温 度，阳光下感觉还是暖暖的 可爱 明天开始又将小幅度降温，小伙伴们注意保暖哦！新的一周，一起加油吧 太开心 [呵呵] [可爱] [太开心]
1,哈哈，童年的记忆 鼓掌 [鼓掌]
1,这个可以有 哈哈 哈哈 哈哈 哈哈 腐女的那点事 不开心的时候跟着憨豆做一遍，什么烦恼都没有了！赶紧收藏吧！ 哈哈 每天学点 知识就关注 关于 那点事 [哈哈] [哈哈] [哈哈] [哈哈] [哈哈]
1,回复 玺出望外 躺着也中枪的我表示， 薇姐你太含蓄了！这事就不用开会了，是谁，谁就当一寸证件照用吧，明天就去换工牌 玺出望外 回复 金马刺 裴安妮 你躺枪了！ 薇 金马刺 陈燕 玺出望外 你们觉得这家伙跟谁象 哈哈 [哈哈]
1,亲亲 彤彤 谢谢你的记挂，你也是哦。来成都记得提前告诉我 麒麟锦庭火锅道 恩啦，此次在北京，今天冬至了，小妞记得吃饺子或者馄饨 抄手 彤彤 回复 麒麟锦庭火锅道 哈哈，没有不承认啊。你在北京呢？ 麒麟锦庭火锅道 回复 彤彤 妞还不承认啊，微博晒过的嘛！祝福祝福。 [亲亲]
1,说了半天说的还是男人啊 哈哈 司马哲 回复 作者陈肯 作者陈肯 平时像女人一样，偷情像女人一样，约会像女人一样，上床像女人一样，完事像女人一样，情人面前像女人一样，最可怕的是连逛商场花钱都像女人一样。。。 司马哲 哪位有才哥再来说说女人呢？ 安西熊猫人 海萍 [哈哈]
1,朱亚文 巴黎广场回眸一看 这件上衣很是潮啊 哈哈 [哈哈]
1,沃伦的信徒 宋鸿兵 ： 酷 新民周刊 ： 韩滨鸿 太坏了，其实已经被暗杀 南京周末 嘻嘻 [酷] [嘻嘻]
1,再凑个人来桌麻将 哈哈 [哈哈]
1,呵呵！谢谢喜欢啦！ 可爱 孔霸天 三样菜帮主 我们的两个主页君都谗你啦 馋嘴 [可爱] [馋嘴]
1,兔子 兔子 土耳其美味 土耳其餐厅 太开心 [兔子] [兔子] [太开心]
1,维他命羊 又出发去吃了 每日维他命 其实我叫 西大西 泪 每日维他命 太开心 周五咯！下午咯！ 维他命羊 你要对整个办公室美女们的身材负责！ 跳舞花 其实我叫 在这里工作真幸福啊！！！原谅我开新得没办法低调 维他命羊 [泪] [太开心] [跳舞花]
1,对人类又一伟大贡献！ 玉小说 一代人的福音呀，哑巴英语有救了 哈哈 周星的慢一点吧 这个太棒啦！ [哈哈]
1,哈哈， 的员工正在努力学习中文中！以后会奉上更贴心的服务搭！ 爱你 [爱你]
1,请 丝各自找亮点 嘻嘻 嘻嘻 嘻嘻 [嘻嘻] [嘻嘻] [嘻嘻]
1,来都太餐厅就餐的美女好漂亮啊！ 花心 亲吃的满意吗？ 嘻嘻 常来哦 [花心] [嘻嘻]
1,哈哈 鱼鱼金伟 完美的老板一定是整天托着下巴呢 乐掉了下巴的感觉真好 即时的幸福 即时的幸福 黄油小熊 你打败了大胡子叔叔。 [哈哈]
1,汗 汗 黄佟佟 回复 柳岸听风的围脖 拍这句，写得真牛皮啊 这姑娘的成功基本是由她身上的每一个细胞都是为男人而生这个因素促成的。 黄佟佟 折花哥 中华儿女多奇志，敢叫日月换新天！世界是你们的也是我们的，艹着艹着最后都变成我们的 嘻嘻 [汗] [汗] [嘻嘻]
1,回复 当然是真的，宣讲会结束后，请各位同学在咖啡厅小聚，面对面再好好沟通 嘻嘻 真的假的啊？！支持一下啊 瑞尔齿科林浩 年 月 日下午 点上海交通大学 [嘻嘻]
1,鼓掌 感谢您支持活动，支持环保。请期待明天结果的公布！ 智轩 报名啦 我家离得很近啊 支持环保 地球熄灯一小时！ 耶 [鼓掌] [耶]
1,鼓掌 鼓掌 王 瑜 鼓掌 傅希如 京剧演员蓝天 穿 的诸葛小乔 [鼓掌] [鼓掌] [鼓掌]
1,长江直播 又时还要逗逗他们，我把以前发过的"声援华尔街革命"拿出来重发 气死毛粉。 若水 哈哈 才学会呀！我的艾特设定为自己关注人才可以，看转帖只拎特定分组成员，它们的世界不能没有你，而我们的世界它们想碰瓷求虐都得不到重视。 照相的穷爷们儿大漠孤狼 他们的贴子俺连看都不看。 [哈哈]
1,菜品有佛跳墙、澳洲小龙虾、精品鲍鱼捞饭、野米烩海参、雪蛤、刺身生蚝、霜降牛肉、三文鱼刺身、养身汤、法国鹅肝、象拔蚌、澳洲带子、银鳕鱼等等大餐 鼓掌 秦万民 转啦 酒店餐饮徐宝良 二月十四日直播开奖！选出转发并艾特好友的博友 名！送千元贵宾卡！ 给力 [鼓掌] [给力]
1,不要强求，不要把自己的痛苦变成别人的烦恼 轻松熊之家 鼓掌 [鼓掌]
1,我也 骂 一声！哈哈哈 卤煮鲍鱼 哈哈，不错。瞅姐注意，陕西说的蒜苗咱们这边儿叫 青蒜 嘻嘻 我瞅瞅 马个大克！谢谢小猪。 委座儿 克，酸 水 [嘻嘻]
1,飘雪的早晨很有意境 嘻嘻 沈太玲 路灯摄影 爱老范 火狐传媒老李 腾龙镜头 期待各位的成片啊！ 鼓掌 [嘻嘻] [鼓掌]
1,李 义 吴勇 何新愚 王新国 不知疲倦 涛涛 霞姐 胡洪平 徐芳华 老子山温泉一号酒店 锦江酒店 今年值得期待！ 太开心 上海华亭宾馆 [太开心]
1,明天要上班，感觉刚聚齐来就散场了，今天发现一个好东西，手卷烟丝，很香很淡，抽起来很舒服，准备收一套，等财政危机以后吧 哈哈 [哈哈]
1,吴志强 众强国际餐饮联盟 有道理，美女们切身体会一下！ 酷 鼓掌 [酷] [鼓掌]
1,浪漫蜜月别墅，置身 真爱惹麻烦 唯美片场，当一回偶像剧的主角吧！占地 至 平米的蜜月别墅临湖而建，美不胜收的旖旎湖景和热带花园美景尽收眼底。蜜月别墅还特别为您的蜜月旅行准备了贴心的浪漫蜜月布置，让爱侣们从内心感觉到甜蜜、浪漫、开心和幸福。 爱你 [爱你]
1,我陪塞班走到了最后诶 哈哈 [哈哈]
1,转发好看的纪录片 牛粪 ！ 果洛的金矿铜矿开采的差不多了，看来你以后只能嫁给果洛的虫草王或是牛粪王了 哈哈 才让拉姆 才爷 麻烦大家关注一下我将来的家乡 ，还有我的终身大事。 嘻嘻 我准备嫁以后果洛的富豪。因为世界前 名的富豪是我们果洛的。还有听说果洛的车，牧马人，悍马多了去了！ [哈哈] [嘻嘻]
1,奥迪夏季音乐周第二场快乐唱起 苏芮一出场就全场大合唱 跟着感觉走 哈哈 哈哈 [Laugh] [Laugh] [哈哈] [哈哈]
1,我的砂糖兔 爱你 [爱你]
1,看到 甘雨桐 小盆友了 哈哈 简白 听我喜欢 哈哈 [哈哈] [哈哈]
1,设计共和 鼓掌 设计共和将携手 新品，展现给各位更多的 不同 。 建屹 [鼓掌]
1,正在努力的准备，为了一个新鲜的开始 夜晚，寻找一份不寂寞的声音， 央广高速广播 你会发现，更多夜晚的美 高速夜未眠 央广孟昕 王学锋在此 我是董彬 寂静 天空 爱你 [爱你]
1,回复 好好好？ 酷 回复 蔡蔡 嘻嘻 也适合路上听 喝着你的可乐 [酷] [嘻嘻]
1,回覆 嘉桦 所以 富阿 哈哈 嘉桦 转发此微博 你可是去 真正的 小 堂 呢！科科！ 我去！我 想 加的！哈哈哈 哈哈 嘉桦 加油，小朋友！ 嘻嘻 嘻嘻 我去！我 想 加的！哈哈哈 哈哈 [哈哈] [哈哈] [嘻嘻] [嘻嘻] [哈哈]
1,自己动手丰衣足食 嘻嘻 [嘻嘻]
1,回复 宝宝冰冰 嘻嘻 嘻嘻 嘻嘻 这个我相信你会的 宝宝冰冰 回复 王志强 人车 挨着就是收费站居然饿死了，这个司机也是低能，要是老子儿不去挨到收费婆睡 宝宝冰冰 何兵 新死法。 [嘻嘻] [嘻嘻] [嘻嘻]
1,风扇 话筒 支持！ 好酒好蔡：刘汉华这次把肚子搞大了！ 哈哈 支持 中森食博汇 。 话筒 超仁超超 [风扇] [话筒] [哈哈] [话筒]
1,新年财神到！ 义聚成 全体员工恭祝您大吉大利！财源滚滚来！合家欢乐！ 心 大年初一 魅力周末 义聚成告诉您炙子烤肉如何 怀中抱月 ！ 抱抱 敬请期待！ [心] [抱抱]
1,王选磊 白蜡金 林大鹰鹰 让哥也中一次鸡冻一下呗。 北京嘉里大酒店 京城之巅！弹指间，赢豪礼，北京欢迎你！ 亲亲 香格里拉酒店集团 [亲亲]
1,这还什么年代？ 洪晃 哈哈 哈哈 哈哈 哈哈 [哈哈] [哈哈] [哈哈] [哈哈]
1,得不得奖都要支持新浪博客 鼓掌 鼓掌 花在羽翼中 新承爱妮 [鼓掌] [鼓掌]
1,邓文迪 分得 北京四合院 曝光 年购入临近故宫 嘻嘻 这座四合院位于故宫护城河以东的一个最为高档的街区，共有 间房， 年， 默多克 以每平米 万元人民币、总价 万元人民币的价格购入，里面有泳池、模拟高尔夫球练习场及台球室。 围观 威武 [嘻嘻] [围观] [威武]
1,嘻嘻 买个硬货过大年！ [嘻嘻]
1,何以解忧 唯有杜康 哈哈 苏 转发微博 [哈哈]
1,在山东潍坊伯爵会馆，还没正式营业，试菜阶段 博斐秀禾 看着就很有食欲，做法很精，在哪个餐厅阿 哈哈 懒得理你 [哈哈] [懒得理你]
1,鼓掌 鼓掌 希望小哥在日本能被更多的日本民众喜爱 鼓掌 鼓掌 鼓掌 旅行摄影的美食人 咖 [鼓掌] [鼓掌] [鼓掌] [鼓掌] [鼓掌]
1,嘻嘻 太有回忆了、 我们都爱重口味： 兔子 [嘻嘻] [兔子]
1,维他命反馈 再来一组 鼓掌 [鼓掌]
1,我在 签到 次 ：转转小店 哈哈 [哈哈]
1,逃避再也收不到压岁钱的方式：点一桌当年爱吃的东西，把自己撑死！ 思考 不对 今年还有压岁钱收 太开心 我要永远都有压岁钱收 怒骂 [思考] [太开心] [怒骂]
1,鼓掌 鼓掌 鼓掌 快乐的武夷山 福建省旅游局 约惠清新福建，刷卡进福 恭喜 糸 贡冠 卫琬斑 获得价值 元的福建旅游大礼包！记得提供您的姓名、地址、邮箱、电话。感谢这次活动单位 武夷山悦华酒店 武夷山景区服务中心 元正 正山堂 的支持！ [鼓掌] [鼓掌] [鼓掌]
1,哈哈哈哈哈哈。。。。 我就是胡小飞 湘人彭二 你会不会感觉这只鸭子要朝你扑过来压死你之类。。。 美莹 我要你！ 爱你 [爱你]
1,难道是我们家的平板电脑！ 汗 请输入用户名 陈旭海棠居 冯显平 海棠居 微博 这，太靠谱了！ 鼓掌 对员工平衡感的增强很有意义！建议郝艳清可以多练练！哈哈 嘻嘻 嘻嘻 [汗] [鼓掌] [嘻嘻] [嘻嘻]
1,那些美好的礼物 一大早收到各地的明信片好开心呀，谢谢大家 爱厉声 七妙 就是老花眼 最小值 爱你 爱你 爱你 爱你 [爱你] [爱你] [爱你] [爱你]
1,北京吃货在美国 。。 ：早早的就来到酒店咖啡厅。。开始偶滴早餐。。两种麦片再配上时令鲜果和草莓酸奶。。完美演绎了吃货的一天，从早餐开始了！ 哈哈 。。 劲松侯老师 现代可汗 摆渡大厨 鹏的莹 李洋 镜头背后聆听 王星餐饮品牌策划人 戴艺 盛博 紫色流星云 [哈哈]
1,那些美好的礼物 感谢 作为一个桃 为我画的卡通造型，大爱 爱你 爱你 爱你 特发微博炫耀下下 哈哈 哈哈 哈哈 哈哈 [爱你] [爱你] [爱你] [哈哈] [哈哈] [哈哈] [哈哈]
1,才有点咱们东北的赶脚儿，对不对？想家了，老家的大院儿、早起的军歌、家里的发小儿 又下雪啦 嘻嘻 [嘻嘻]
1,想起那年我们大学毕业，时光如梭一下子过去那么多年了，哈。咋晚还梦到了您 崔新琴 ，崔妈。。 爱你 北京电影学院 届毕业生 年 月 日，北京电影学院校园双选会，敬请期待 [爱你]
1,小烽 塞纳河边的野百合 喵喵 丶 要赚赚赚钱 阿晓 嘿嘿 亲亲 我也是姐姐！ 我的米花我的心 阿晓 阿晓 小九 俞欣伶 心 [lxhx喵喵] [亲亲] [心]
1,天秤 ：女 男 告诉我们 不合乎标准的 赶紧该分手的分手 该离婚的离婚 哈哈 [哈哈]
1,这个世界上最快乐的事就是 和孩子抢玩具 嘻嘻 偷笑 [嘻嘻] [偷笑]
1,哈哈，先谢谢你了，我还真是找不到文艺点的相片啊 嘻嘻 [嘻嘻]
1,到 候你 被 上公 ：你 了 的 ，需要 化小弟弟 哈哈 十三 出个数字牌智能套套吧 周鸿 最近传播热点给我强烈预感。为了更好了解主流用户群 后，互联网土豪大佬们出于工作需要不得不被迫去结交 后的女 男 朋友 [哈哈]
1,馋嘴 团子在碗里等你呢 偷笑 小石湖评弹 丽音绕梁 刚品尝过你们的神团，就想再来 给力 苏州环秀晓筑官方微博 鼓掌 鼓掌 欢迎来品尝 哎呀好想次青团 馋嘴 苏州环秀晓筑官方微博 在我记忆中，春天是从青团子开始滴，环秀 神团 ，春天的开始 兔子 [馋嘴] [偷笑] [给力] [鼓掌] [鼓掌] [馋嘴] [兔子]
1,回复 正在促销 ！！！看看官博都看不下去了！ 哈哈 正在促销 这事闹的，三败俱伤，没有赢家 挖鼻屎 爱 瑶 你们这么 。。马伊 ，文章。姚笛造吗？？ 耳朵酱 用莹莹欧尼的话 西皮容易 守住难 且行且珍惜 [哈哈] [挖鼻屎]
1,姐 别忘了你的男粉丝儿们 嘻嘻 嘻嘻 有个又听话又勤劳又会拍照的妹子真是太幸福了啊，我这些手机壳在花子的镜头里更诱人啦！ 还有更多款式大家发挥想象吧 偷笑 [嘻嘻] [嘻嘻] [偷笑]
1,不带这么玩的 哈哈 南京蒋玲 哈哈 哈哈 神右王 笑尿了！哈哈哈哈哈哈 [哈哈] [哈哈] [哈哈]
1,没有这一碗四川担担面的夜晚，最难将息 鼓掌 。 沈宏非 [鼓掌]
1,可以年年当新郎！ 佟大为 谢谢导演，我的每部现代戏几乎都会有婚礼的戏，我们这回的是最特别的一次，这确实是最好的礼物 哈哈 [哈哈]
1,神一样的中国农村信用社 刘进 回复 汉堡他爹 严肃点！告诉我你的经纬度！崔哥 平壤崔成浩 的大埔洞导弹！随时让你受不了！ 汉堡他爹 哈哈哈 笑死我了 哈哈 [哈哈]
1,放心食用，绝不骗人， 纯属巧合！ 嘻嘻 我不是 小蛀虫 骗人！今天愚人节！ 馋嘴 馋嘴 [嘻嘻] [馋嘴] [馋嘴]
1,爱金陵才会赢 哈哈 黄浩俊 低调奢华有内涵 哈哈 无锡金陵大饭店 还有几天时间咯！亲们，要把握机会哦！转起来 给力 给力 [哈哈] [哈哈] [给力] [给力]
1,瞧这两位 嘻嘻 我在 [嘻嘻]
1,能给极好吗 爱你 北京前门店店长 付昱 明威泡泡 [爱你]
1,回复 拉手网石嘴山站 来呗，我可以做你教练 嘻嘻 拉手网石嘴山站 好像去滑雪！ 沙湖旅游 为您私人定制的低价格，高品质的滑雪套票，别再犹豫了，快动起来吧！ 宁夏蓝宇 转发微博 沙湖旅游 为您私人定制的低价格，高品质的滑雪套票，别再犹豫了，快动起来吧！ 宁夏蓝宇 转发微博 [嘻嘻]
1,那感觉多好，能背一袋子钱！ 嘻嘻 花心 [嘻嘻] [花心]
1,然后回去王先生就说以后让我出门遛他还要对别人说：养这个好，不用上证！哈哈！ 哈哈 哈哈 哈哈 哈哈 王戡侃 遛猪那大叔说，养这个好，不用上证。 [哈哈] [哈哈] [哈哈] [哈哈]
1,发个美女，手指头有点粗。来自 陕西富平陶艺村 曲江展销厅。 哈哈 哈哈 哈哈 [哈哈] [哈哈] [哈哈]
1,握手 中俊崔春婷 周末愉快！ 爱你 乒乓阎桂丽 北汽北方王姐 郭晏平 农大朱毅 中俊崔春婷 侯宁 西安许姐 [握手] [爱你]
1,写的好棒喔 一年四季的环秀美景好一个环秀天堂 爱你 [爱你]
1,绝对的绝对的 嘻嘻 你一定要开心哦 雨中自有雨中的乐趣 [嘻嘻]
1,我正在用微信收听你对我滴想念，一群可爱美丽的小女生突然围住了我 于是，你幸运的收到了美妙的祝福！孩子们的热情、纯粹，就像我们 蕾女帮 的女纸一样！ 爱你 宣小鸿 暖小团 梁静 王子子 张佳楠 刘滢同学 隋兰 幸福大璇璇 杨小蕊 [爱你]
1,十二生肖 哈哈 [哈哈] [good]
1,提前祝大家五一长假快乐！真就是一眨眼，一眨眼就会到的！ 嘻嘻 [嘻嘻]
1,一张 的哲理哦 说的真好真好！ 爱你 泥庐餐厅 [爱你]
1,偷笑 惬意的，欢迎亲入住我们中信资本御庭德钦精品酒店，躺在床上看梅里学雪山，不止是震撼！ 爱你 浮云 亲，我们的 很赞咧，可以去体验把高原 哦 嘻嘻 [偷笑] [爱你] [浮云] [嘻嘻]
1,十月十日卖萌节，萌萌 梦梦一起卖萌，跟他一起比萌，我承认我完败！ 嘻嘻 嘻嘻 兔子 兔子 [嘻嘻] [嘻嘻] [兔子] [兔子]
1,美衣 嘻嘻 照片有点太迟咯！跟着苏苏总有美衣穿咯！大爱！大爱！ 花心 苏苏 [嘻嘻] [花心]
1,小年夜在家吃吃零食 爱你 爱你 爱你 哈哈 哈哈 看看韩剧 鼓掌 鼓掌 鼓掌 吹吹空调，也有另一番风味呢。 害羞 害羞 害羞 [爱你] [爱你] [爱你] [哈哈] [哈哈] [鼓掌] [鼓掌] [鼓掌] [害羞] [害羞] [害羞]
1,回京 嘻嘻 [嘻嘻]
1,到早了，一进门就遭遇奇怪的检查，准备迎接各种高难度的重重安检 晕 嘻嘻 [晕] [嘻嘻]
1,回复 小雨 亲，一花一叶咖餐厅爱琴海店 折仍在继续，五彩城店、西单店王牌烤鸭半价吃起，还有积分返还哦，欢迎继续走起 鼓掌 小雨 回复 一花一叶咖餐厅 嘻嘻 嘻嘻 嘻嘻 下次去可以打折不 [鼓掌] [嘻嘻] [嘻嘻] [嘻嘻]
1,这就是传说中的哥们 赞 郭志凯 歌好！人好！ 偷笑 宅女高珊 火了，郭大腕都关注了 哈哈 郭志凯 这个要关注！ 宅女高珊 那就呱唧呱唧吧 鼓掌 鼓掌 歌手含笑 赞 剪辑茂子 关键是导演的功力可见一斑 白 鼓掌 鼓掌 鼓掌 剪辑茂子 好听！ 统筹迪姐 超好听！ [赞] [偷笑] [哈哈] [鼓掌] [鼓掌] [赞] [鼓掌] [鼓掌] [鼓掌]
1,这个地方怎么那么熟悉呢？就是想不起来在哪里。 聚点串吧餐饮 馋嘴 馋嘴 准备开吃 哈哈 [馋嘴] [馋嘴] [哈哈]
1,感谢您的光临！ 鼓掌 祝您入住愉快！ [鼓掌]
1,好吧，我也耶耶耶一下。。 偷笑 阿本的地盘 嘻嘻 三甲超超 瓶子好人 嘻嘻 拼搏的水瓶 奥特曼 [偷笑] [嘻嘻] [嘻嘻] [奥特曼]
0,说什么说什么 你在说什么 抓狂 只不过是个饭团 开心 浩幸福健康 毛线 惊哭 郑暖光倾慕金笑颜 发嗲 小 没完没了抽 恐怖 囡囡 哈 哈 你说神马呐，表情那么丰富。。。 吵闹 邪教海绵体 泪奔 好温暖 初心不改的 [抓狂] [开心] [惊哭] [发嗲] [恐怖] [吵闹] [泪奔]
0,作为 凤飞飞 姐姐的粉丝，某人近来天天在车里放："雁儿在林梢啊，眼前白云飘 那雁儿不想飞，白云深处多寂寥 月儿在林中照，喜鹊与黄莺啊都已睡着了。那雁儿睡不着，睡不着 "自从房价暴涨后，这种罗曼蒂克就木有咧 泪 为配合该人老土情怀，本人是日，特向 年代致敬了一把 挤眼 [泪] [挤眼]
0,名老人夕阳游 竟坐报废车 怒 开开心心去保定白沟旅游，没想到自己坐的竟然是大修过且没有登记标牌的报废车。幸好高速交警接到举报及时拦截。经民警核查后确定该车是从广东购买的报废大巴车，改了牌子，并套用手续。让老人做报废车，黑心！ 怒 燕赵晚报 [怒] [怒]
0,泪 泪 泪 蜡烛 [泪] [泪] [泪] [蜡烛]
0,博友互动 盘点十个 最要命 的喝水恶习 吃惊 抓狂 [吃惊] [抓狂]
0,玩手机就玩了一天 泪 [泪]
0,一大早起来到斗亚兰吃这里很出名的斗亚兰面，长的有点像方便面。于是，我又吃撑了 抓狂 抓狂 抓狂 我在 [抓狂] [抓狂] [抓狂]
0,怎么伤感的事儿怎么就成八卦了捏 侯宁 回复 香精油 吃惊 香精油 回复 臻曦 王功权第二个老婆生了一女一男，男孩子是弱智。 形而上学的沉思 可怜天下可怜之人。潘潘您就做个大慈善呗，周济一下您的老同事，钱财可、父母可、儿子可，但老婆不可 任志强 可怜的小潘潘 泪 [吃惊] [泪]
0,有趣岛王晓丹 余肖龙 衰 游戏出来了 [衰]
0,周末啊，我梦想要美美睡到自然醒，四点就醒，让人情何以堪啊。自己真不给自已面子。 抓狂 抓狂 [抓狂] [抓狂]
0,这么贵回购房谁住？ 钱 偷笑 侯泽永 晓侯 某人会公布详情吗 嗨辣老孙 平，中赫拿下！一般二般的真看不懂！ 晕 骑驴去看丁宁拿大满贯 看最后如何收场！ 玩脚丫 怪不得要提前限价呢 嗨辣老孙 这种拍卖，太他妈的中国特色了！ 汗 [钱] [偷笑] [晕] [汗]
0,抽了 泪 泪 泪 但是不疼 泪 泪 护士小姐技术几吼 泪 好惊啊 泪 可怜 [泪] [泪] [泪] [泪] [泪] [泪] [泪] [可怜]
0,我们爱我们的祖国，我们的祖国不爱我们啊 泪 老聂说事 贵国 [泪]
0,果断当做闹钟铃声！！！ 流天尊 我要神经了啊。。。。 斯库里 我听完后觉得好像给猴哥打了一顿一样。 摩卡 林晨 这女的是专给你们供稿的 挖鼻屎 报社胖萌萌 泪 泪 实在没听完 泪 泪 寒天儿 姨妈娘娘 迷恋 的丸子同学 奇思妙想 听完了精神病都痊愈了 [挖鼻屎] [泪] [泪] [泪] [泪]
0,失望 精典书店 一声叹息。 [失望]
0,的效果像假睫毛，但是！真的洗不掉有木有！我 买的，浓密加长各一，还得买瓶眼唇卸妆液去 抓狂 [抓狂]
0,下次爬山，你打算带背猪包的时候通知一声，俺好退出活动， 斤，还喜欢赖着俺。 泪 紫服青冠 牛！狗狗在登山包里的样子很萌啊，下次把猪塞进去背一背，有人报名背猪么？ [泪] [good] [good]
0,蜡烛 泪 潘靖 暮野回声 转发微博 [蜡烛] [泪]
0,忘说了，这是点餐单，哎嘛，每道菜我都爱吃，怎么办啊怎么办？另外，我滴病房里有个大厨房 鼓掌 ，看得我好想撸胳膊挽袖子再做顿饭啊，那样就忘了疼了吧 抓狂 抓狂 抓狂 [鼓掌] [抓狂] [抓狂] [抓狂]
0,睡得越来越晚，醒得越来越早。有时责任感旺盛也不是什么好事，整天的焦虑，我有自虐强迫症？ 抓狂 浮云 [抓狂] [浮云]
0,肉肉啊，求你离开我，盛夏即将回来了 悲伤 悲伤 悲伤 [悲伤] [悲伤] [悲伤]
0,这些人我只想说，等有报应之时，都死去吧 新涛 西安电视台郝靖 ： 文松书屋 ：养的还是蒙牛 绕不出去了 偷笑 郭岚微博 ： 怒 自己养头牛 孙钰猫 ： 就算被蒙也要继续喝，谁让我们少壮不努力呢 佛朗蒙哥 蒙谁的牛奶？ 中乐斋 ：蒙牛奶 你还喝不 [偷笑] [怒]
0,儿子总结的，油有三种，一种是炒菜的，一种是擦脸的，一种是汽车用的。我想了想，一时还真没想出第四种 晕 [晕]
0,怎么现在有人把梁部长扯出来了 衰 我在 [衰]
0,点开大图，我的手为之一震 抓狂 ，啥，就这价格，这环境，电话过去忙音啊，太火了 给力 ！ [抓狂] [给力]
0,和宝妞玩耍，我说：妈妈去喝水，你喝吗？宝妞：你是要喝咖啡吗？我去大厦挣钱给你买哈 妈妈：真的，妈妈好感动啊 泪 谢谢你，宝妞：哈哈 我逗你玩呢，你不觉得吗？ 汗 你总这样，老妈的小心脏承受不起呀 衰 超级无敌奥特慢 茗月 [泪] [汗] [衰]
0,全球顶尖摄影 做男人好累 泪 [泪]
0,泪 陈 吓死人了。 希道 我们的能晒么？可以晒么？哪里可晒啊？？？ 丶羲 陈 奇人 [泪]
0,现在卧铺换的票都这么洋气了么？ 汗 为什么要这样歧视我？ 哼 我这是招谁惹谁了啊？ 抓狂 [汗] [哼] [抓狂]
0,透明翼 黑山老妖 怒骂 怒 全勇先 怒 阳光的 青海发布 青海卫视 肯请调查 环球宠物之旅 带着宠物去旅行 作家陈岚 作家艾言 全勇先 齐秦 [怒骂] [怒] [怒]
0,九江旅游融天下 从小就吃。 馋嘴 糯米做的，貌似要放水里泡着！很糍的糯米糍粑。不过很久没吃过正宗的了，你们吃过嘛！ 脱么司 庐山吴健 泪 晓宇 聚九江 九江旅游杜少华 扑面而来的家乡年味。 [馋嘴] [泪]
0,晚点、起飞时间待定 泪 泪 泪 闹哪样 我在 三亚凤凰国际机场 [泪] [泪] [泪]
0,泪 声声多慢 忽然想到，每天出门之前别忘了跟家人道别，因为，我们不知道晚上还能不能回来。 蜡烛 伤心 声声多慢 蜡烛 蒋宁 蜡烛 [泪] [蜡烛] [伤心] [蜡烛] [蜡烛]
0,也不是条条都准 晕 [晕]
0,以前就转过 哈哈 但还是看一次乐一次，再转，还是那句话；除缩混 外，更要向录音间里的钢琴伴奏致敬，他连逃都逃不了 汗 曾嵘 飞凡耳 苦逼的职业啊 泪 偷笑 陈伯豪 飞凡耳 王磊 半瓶醋 夜千 冯宣元 造音智伟 造音崔迪 [哈哈] [汗] [泪] [偷笑]
0,幼儿园老师让我装个飞信，求大侠指点我联通号码怎么用移动的飞信啊？ 泪 [泪]
0,红的照片都变色了 蜡笔小新在哪儿呢 三摩地帮主： 泪 别损我了。。。。。。。 歪 歪宝贝 得了吧！蜡笔小新长这样你看啊！ 宋 整个一个丰满版的蜡笔小新 三摩地帮主 看相片我怎没像偷地雷的 偷笑 [泪] [偷笑]
0,在 商场里看到了这样一双筷子！起先以为是塑料的夹子。我说荷兰宁也太有想像力了！ 晕 [晕]
0,回不去学生时代啦，中枪的转发 真牛逼 枝茄 看哭了居然 泪 小萌萌小 泪 泪 灿烂一夏宝贝 回不去的青春 飞机 陈流浪嘉 泪 [泪] [泪] [泪] [飞机] [泪]
0,，今天下班大半夜的，特地邀上好友 张倩 想来尝尝著名的杭州扇贝王，谁知竟被告知卖光了，伤心啊， 泪 怎么这么火哦，老板说，就这些扇贝就要烤到两点多！下次一定要再来尝尝 [泪]
0,文怡 这不算丢人，我以前在宫里医院已经习惯了自己颠吧颠吧跑好远把尿盒儿送去化验室。压根不知道美中的卫生间里有个小柜子，可以直接放进去就有人取走了。我愣是举着尿盒一路走到护士站，亲手交给了那个护士。结果人家又带我取去厕所普及了一遍 泪 小胖妞 你能不能不丢人。。。一天天 [?] [泪]
0,感觉毛球的美食和国内的美食有啥呢亲？ 彩妆秀辛丹华 我已有朋友咨询去毛里求斯旅游渡假了，需要时直接 你 米樱子 这属于赤裸裸的引诱啊！抗议抗议！我和 环游世界 中午就被老大抓进公司上班了。 泪 [泪]
0,我发誓，我真有杀死这群畜生的冲动 怒 法律对这群人渣来说没用 紫陌红尘 摔死他老板！ 赵晓 令人发指！这是政府特别是公安部门的严重失责！ 老喻 回复 孟萌 万恶！ 孟萌 马伊 邓飞 新民周刊杨江 任芳芳说她不乞讨，老板就钉扎指甲，吃大便，还有一个小伙伴被老板摔死 [怒]
0,刚从天马节回来，深知摄影人的心血啊 衰 找回的可能不大吧，禁忌教训 照相机 照相机 照相机 扩散 围观 围观 围观 伊犁天马旅游节 伊犁那点事 新疆昭苏旅游 伊犁全攻略 天山网 新疆尕子 中国新疆 新疆北山羊户外 乘疯第一 啊哈峥仔 [衰] [照相机] [照相机] [照相机] [围观] [围观] [围观]
0,天啊，真受不鸟了啊，大葱都 块一斤了，刚从菜市场买了一根大葱， 块 ，比鸡蛋都贵了 泪 [泪]
0,班车上一位姐姐或妹妹，上周五天一直是一套衣服，今天跟自己打赌看她换不换，结果输了，她依然很专一！！我想她洗衣服和衣服晾干的速度一定很快！ 衰 衰 我再堵一周！ [衰] [衰]
0,还是失声了 请同事帮忙播报，我要去看医生了，祝大家中秋节快乐，月饼吃多会胖，还是要适度运动哦！千万不要像我一样，感冒了 晕 [晕]
0,钱钱钱钱钱钱钱钱钱钱钱钱钱钱钱钱钱钱钱钱钱钱钱钱钱钱钱钱钱钱钱钱钱钱钱钱钱钱钱钱钱钱钱钱钱钱钱钱钱钱钱钱钱钱钱钱钱钱钱钱钱钱钱钱钱钱钱钱钱钱钱钱钱钱钱钱钱钱钱钱钱钱钱钱钱钱钱钱钱钱钱钱钱钱钱钱钱钱钱钱钱钱钱钱钱钱钱钱钱钱钱钱钱钱钱钱钱钱钱钱 又不是我的 我激动个毛啊 衰 [衰]
0,睡得晚醒得早！莫非经历旺盛过头了？？最近怎么都睡不踏实，每天都做一宿的梦！有没有安眠的好方法啊 泪 泪 泪 [泪] [泪] [泪]
0,亲 你太关注我了 以至于我都想给你发个头号粉丝证来奖励你了！ 怒骂 [怒骂]
0,作死的节奏 衰 衰 [衰] [衰]
0,抓狂 晕 闭嘴 猪头 [抓狂] [晕] [闭嘴] [猪头]
0,小蕾女打 ：喂，计生委吗？我给你说啊领导，独生子女政策导致人口迅速老龄化知道不？！阻碍未来经济的竞争力知道不？！而且还导致强制堕胎和男女比例失衡知道不？！ 泪 瞧瞧那些剩女多可怜 我不管，我哥哥已经让医院阿姨给弄死了，我就想要个弟弟，麻溜批个准生证！挂啦！ 蕾女心经 [泪]
0,熏大啦。。。。 衰 衰 衰 [衰] [衰] [衰]
0,哈哈 哈哈 哈哈 高若星 回复 私家车美食导航 不就因为菜单太硬，所以人报超了吗 泪 泪 泪 [哈哈] [哈哈] [哈哈] [泪] [泪] [泪]
0,我是西蒙周 这样悲凉啊！ 听风拾秋 泪 怒 [泪] [怒]
0,三摩地帮主 古清生 春晖 来去吉祥 伍餐肉 求散布！ 蒙嘉 爱心传递 心 吴尊家的宝 粉红猪 快！ 马靓 快！ 泪 泪 [爱心传递] [心] [泪] [泪]
0,大连，你怎么了？ 泪 泪 泪 泪 大连突发 [泪] [泪] [泪] [泪]
0,因为没信仰，没道德约束，只有挂在嘴上的社会主义法制 自由小精灵 问题在哪里？ 衰 [衰]
0,哎呀妈呀 到底是啥品牌呀 抓狂 猫儿总 就是开此品牌的车全家都不要脸 挖鼻屎 史冉 车灯又大又晃眼 哈哈 李南 真的大哈哈 赵瑾 东半球，西半球 [抓狂] [挖鼻屎] [哈哈]
0,俺的职业病是本领恐慌症，总怕自己跟不上趟儿 嘻嘻 虾虾 你这是强迫症，属于精神类病症。 哈哈 何 同学 职业病 晕 ，我习惯纠正别人的平翘舌音算么？ 挖鼻屎 闭嘴 丁茂生 直播新余 新余市广播电视台 [嘻嘻] [哈哈] [晕] [挖鼻屎] [闭嘴]
0,抓狂 丁俊晖 俺有媳妇了，别逗了好吗？！ 嘻嘻 不去会被枪毙吗？ 嘻嘻 [抓狂] [嘻嘻] [嘻嘻]
0,我就不太相信姐弟恋能长久的！ 挖鼻屎 梁山古今 各寻新欢 酷 长城艺术 人如果知足就会常乐，明星也一样 打哈 嫫熙 吃惊 抓狂 可怜 思考 震惊了！！！ 卓卓 真的假的啊 [挖鼻屎] [酷] [打哈?] [吃惊] [抓狂] [可怜] [思考]
0,经典英文语录 爸妈，我暂时嫁不出去！ 失望 [失望]
0,是的！还考到吉隆坡考的 ，哇，好久了 维小喵 亲爱的，你说的那个一起考 的同学就是章西俊他是吗？ 衰 [衰]
0,这期的梦想大奖好意外，观众居然自动弃奖了 晕 ，这位观众一周内可以继续联系我们领取奖品。另外，今晚 ： 播出的 女人进城 梦想大奖是一万元 心 大家继续加油吧 [晕] [心]
0,郑贝比是个人才！ 玩动物园水果园蔬菜园的游戏。。动物园里有什么？ 芒果！！尾巴！！水果园里有什么？ 花。。。蔬菜园里有什么 蛙！！。。天哪。。。。最经典的是：动物园里有什么 我。。。。。郑贝比，你无敌了！ 衰 衰 [衰] [衰]
0,小伙伴来京，想吃羊蝎子 泪 求推荐 [泪]
0,现在航班播报已有两句标准话术：其一，因航班延误造成您的不便，我们深表歉意；其二，对于您一路的理解和支持，我们表示万分感谢。对于第一句，表示白眼 懒得理你 ，对于第二句，表示别强加人意 怒 。 我在这里 [懒得理你] [怒]
0,春运路上 山东航空公司 发饭啦，鸡腿饭 泪 泪 泪 坏消息是原本 ： 的飞机可能 ： 点飞。回家真不容易呀。老爸被逼急了，已出发武夷山接偶了，这下惨啦 泪 泪 泪 泪 我在这里 [泪] [泪] [泪] [泪] [泪] [泪] [泪]
0,我喜欢这首歌 亲爱滴 亲亲 亲亲 亲亲 天儿 老公 我爱你 我不犯病了 泪 害羞 爱你 快板 赵丹丹 杨惠 姐们儿都看看！！ [亲亲] [亲亲] [亲亲] [泪] [害羞] [爱你]
0,泪 恭喜恭喜，泰国大餐的礼券没有了，但是厨师和盛宴还在， 花心 小伙伴们 号前还有机会尝到哦！ 每日维他命 恭喜 获得北京 万豪泰国美食节双人自助餐券，请赶快联系每日维他命领取你的礼券！ 鼓掌 北京 万豪酒店 [泪] [花心] [鼓掌]
0,欧洲非洲都相继被国人旅游团占领了。 攒钱去南极吧 抓狂 [抓狂]
0,让我回到 的海阔天空吧 泪 泪 泪 [泪] [泪] [泪]
0,我今天处于发呆状态，海燕儿问我怎么不讲话啊，我很深情的对她说 我比较沉默寡言 ，然后海燕她们都吐了 失望 [失望]
0,问责不是应该高层开始吗？拿最小的棋子开动有什么意义啊 衰 弱 无证程序员写程序没有人认可怎能使用啊，不是有监管、监理部门吗？都干什么去了？？？？ 怒 怒 怒 [衰] [弱] [怒] [怒] [怒]
0,突然好想吃甜食！想寻找唇齿间滑动的甜蜜 初利 怡然自得 在我饿的快晕倒的时候看到这张图，想让我怎么滴？！ 泪 微博经典语录 想吃的转 花心 [泪] [花心]
0,巧厨导航 石锅拌饭，你爱吃不？还不快自己动手学起来 心 ：我想说的是 我备好所有料后，发现没有那锅 抓狂 抓狂 泪 [心] [抓狂] [抓狂] [泪]
0,娃娃妈 将动保进行到底 时光 人肉 美联众合刘朗博士 这种人想出名想疯了，什么事情都能干的出来 小手不停 抓住了给发印度印尼去妈的 一群流浪孩子的爹 吾家有猫又有狗公馆 抗议玉林 畜生！ 顿丢乖的幸福生活 欠轮奸 天堂乐队雷刚 呼唤反虐待虐杀动物法！ 怒 [怒]
0,确认这个是早餐吗？ 哈哈 彭涌 爱美食 没吃早饭呢，看见这个肚子抗议了。 泪 [哈哈] [泪]
0,好的，手机在近三天之内第五次成为新手机 衰 抓狂 [衰] [抓狂]
0,玩家传播老张 再等等，我们这义演排练呢，一会儿你扛着全款箱上来！ 玩家传播老张 有组织真好啊 大爱无疆 幸福无边 泪 [泪]
0,失望 莉小莎爷 天天都是寂静岭 达尔问自然求知社 整天云里雾里的。。。 [失望]
0,这歌也只能是他来唱了，换谁我都不会掉眼泪了！ 张芯瑗：老曹。。你怎么可以唱的这么感银啊？ 泪 [泪]
0,持一次入境有效申根签证勿经非申根国家转机 话筒 一对刚踏上环欧洲蜜月行的新婚夫妻因选择行程失误， 在非申根国机场转机，不仅蜜月被中断旅行，还因未持申根签证被意大利遣返回浦东机场。主页君提醒：持一次入境有效申根签证勿经非申根国家转机，否则会被遣返回国的哦！ 衰 [话筒] [衰]
0,有大姨妈伴随过儿童节的小孩纸你伤不起 泪 [泪]
0,在马来西亚的一个礼堂里看到一副对联：上联：再苦不能苦孩子 下联：再穷不能穷教育 在中国 年前流行过的，可是中国贯彻的真不怎么样。要是我，我就不上学了，这是冒着生命危险啊 唐山开心笑相声团郑晨 相声会馆 泪 [泪]
0,泰国的小甜点做得精致，造型可爱，看来都是花功夫的；味道有甜，有辣。碰到个希腊人，碰巧吃了一颗辣的，皱眉道： ？不是甜点吗？ 汗 再一个犹太人问：这全是素的吗？我说当然了 结果等她一吃完，我发现偏她吃的那一颗里边包的是虾米 晕 幸好，这味被辣的全盖过去了吧。 [汗] [晕]
0,可以做尽傻事，只为赢得一次真爱。。相信奇迹。。真尼玛准！！ 泪 小 爷儿 偷笑 半 夏的回味 真真的准啊！ 木 偶 遗忘 柚子只爱百合香 夏末秋初 小二黑 娜块儿糖 绿精灵格呤 家衣柜 小 爷儿 [泪] [偷笑]
0,那些随地吐痰的人 都应该抓去工地 义务劳动 个月 怒 怒 怒 怒 怒 [怒] [怒] [怒] [怒] [怒]
0,其他的都伤不起，只剩吃的权利了 偷笑 晕 顶 可怜 [偷笑] [晕] [顶] [可怜]
0,回复 抓狂 老师，你的句子有语病哇， 久仰 不能接 许久 的吧 我强迫症 [抓狂]
0,睡到自然醒怎么也不过九点 泪 昨天在飞机上踊跃参与答题赢得了虎航的可爱行李牌和护照夹，今天就用上了 嘻嘻 虎航 我在这里 [泪] [嘻嘻]
0,从接触篮球到现在，任何大赛里就没听过英国篮球队。中国男篮这球打的更是跟中国足球一样，打的窝囊，看着憋屈！！！ 泪 泪 泪 [泪] [泪] [泪]
0,驴友圈 怒 [怒]
0,亲爱滴，我滴小裙子和长毛衣好喜欢 爱你 小姨好无辜被我们拉来居然买了件长貂 鼓掌 我也好想要 泪 宫凡 [爱你] [鼓掌] [泪]
0,哇，企鹅宝宝好有气势，一个小小的拉臭臭都整的跟喷气式飞机似的 赞 焦哥 汗 菲尼小丁 衰 吃惊 衰 吃惊 衰 吃惊 长鸣子 全球流行风尚 原来企鹅宝宝拉屎是这样。。。。。。。的。。。 [赞] [汗] [衰] [吃惊] [衰] [吃惊] [衰] [吃惊]
0,刚和考拉亲密接触，我去 这个臭！！！！ 抓狂 [抓狂]
0,吃惊 衰 吃惊 衰 嘘 有国家的监狱。 饮水居士 原来我们支援的竟然是一座集中营！ 衰 谈笑古今 抓狂 怒 [吃惊] [衰] [吃惊] [衰] [嘘] [衰] [抓狂] [怒]
0,回覆 知道了。纠正 回复 娴的养心馆 周桂钿， 年 月生，男，汉族，福建省长乐市人，现在北京师范大学哲学系任教授 娴的养心馆 北大用这样的人教学生，才是危险。 侯宁 回复 随燕者 你学会微博了么？居然看不清谁说的什么话？ 晕 [晕]
0,是我们纳税人的血汗钱么？？？？ 伤心 [伤心]
0,，专业安保事业多年，青年才俊； ，后勤保障专家，公司骨灰级员工，中流砥柱。跟这二位奇葩同席，我很荣幸，亦很 泪 [泪]
0,爱你 刘洋 我都看哭了，虽然没去 抓狂 [爱你] [抓狂]
0,春节假期休的已经时间混乱了 晕 完全不是北京时间过生活 思考 [晕] [思考]
0,回复 卡俄斯 做女人真辛苦 汗 卡俄斯 泪 一夜被各种检查折腾死了，刚又抽了老娘 管血！ [汗] [泪]
0,纠结阿 抓狂 [抓狂]
0,我用 小乖受 给的手工皂不停长痘 泪 [泪]
0,看起来似乎没有什么异样，可是为什么会隐隐地痒，用手一碰还疼呢 ？不是已经过了一个礼拜了么 泪 [泪]
0,晕 好深奥 [晕]
0,橡皮鸭，橡皮鸭你要环游世界吗？香港的同学有眼福 泪 [泪]
0,小朋友，怎么啦，不是蛮可爱的吗？！ 狗儿们的幸福生活 处女座 心理学 太有同感啦！！ 泪 教您弄头发 [泪]
0,东海龙王下凡，真心桑不起 悲伤 [悲伤]
0,看来人类的进化就会这样鸟 抓狂 咖啡 不弃疗 泪 [抓狂] [泪]
0,回复 何颖假日一百天 我也没看出来，可是裤子告诉我答案了 抓狂 贴冬膘那绝对是无情的且均匀的 鄙视 总结出：冬天少穿有弹力的打底裤！也尽量穿没弹的牛仔裤，要不春夏徒伤悲呀！ 何颖假日一百天 没看出来呀 [抓狂] [鄙视]
0,这这这。。。。。。咋办啊 泪 [泪]
0,吵死人了，刚睡着就被电话叫醒，果然是泥马让我爬起来关窗户的 怒 哎哟哎哟我的老腰 [怒]
0,没电！没电！你妹的 抓狂 抓狂 抓狂 [抓狂] [抓狂] [抓狂]
0,怒 玉 城：转发微博 [怒]
0,那些终极所求恍若隔世百般缠绵的 点赞 陈冰柔 卧槽 绯衣鸡仔 侧帽轻衫且从容 卧槽！！！！大仙。。你又发糖。。有生之年。。。哭了 柳凝伊 你萌的西皮一定会发糖，但是你要等 泪 豆喵卡文迪许 我的人生瞬间满是烟火 福 我的人生仿佛看到了希望 [泪]
0,泪 喜欢枸杞之人默默飘过 乔布斯党 真的，实验是我做的，只不过是无心之举 悠悠艾 小拉 求辟谣 吹着泡泡的人鱼仙子 真的假的 [泪]
0,加班的人伤不起啊 泪 泪 泪 [泪] [泪] [泪]
0,封建，顽固，思密达！ 樊德安 金三忒不仗义了，这怎么就淫秽了？没听台下掌声雷动的。还我松月子！思密达。 抓狂 童华安 金三侩子手！多好一个姑娘！ [抓狂]
0,天天天天念，我什 候能 到小爆呢 泪 [泪]
0,上午工作室来的人太多，没控制住，小黑狗 又跑了 泪 卤煮鲍鱼 太脏了，给擦擦干净 找人领养吧 汗 [泪] [汗]
0,别难过，都是好样的。 巧巧 心疼 小女人爱美容 震撼。。。。感动。。。 泪 [泪]
0,回覆 李坤益 呜哇 命苦呀！ 姐又抑郁了。 李坤益 转发此微博 姐，这也太痴情了点吧？！ 抓狂 汗 嘻嘻 泪 兔子 李丹 太悲催了 蓝淇 ：也太背了 李丹 太悲催了 蓝淇：也太背了 [抓狂] [汗] [嘻嘻] [泪] [兔子] [?] [?]
0,亲爱的我怎么可以把你忘记 泪 ，我错了 黄文奕 [泪]
0,我在谁的梦里醒着呢吗？继续看书去了。 经典丶古诗词 原来昨晚在别人的梦里醒着呢！ 泪 [泪]
0,天哪！我们的血汗不会变雷曼吧 衰 [衰]
0,可以一手遮天么？ 易观于 ，让这些狗官下地狱 颜桦 天理何在 怒 陈业文新大都 再转！ 话筒 话筒 话筒 马旗戟 这个混帐政权 张守刚 王小山 黑老三 且看微博千重浪，遍地流氓下夕烟。。。 田炜华 长江梅建平 关注 何刚 为恶者不严惩，怎能平民愤！ [怒] [话筒] [话筒] [话筒]
0,挑挑就好了，培养咱家儿子干这事 咿咿呀呀稻草人 我是伪有机吗？我确实怕虫子 悲伤 悲伤 余地农庄 回复 萤火虫的品质生活 以后我们卖虫子吧？ 萤火虫的品质生活 余地农庄 的芹菜在冰箱放了一周虫子还活着 跨栏儿他爹 这个的确怪我！我家虫子与菜是共生关系！ [悲伤] [悲伤]
0,被感动的不仅仅是 李静 泪 和李老二 哈，又感性了 东方风行传媒 鼓掌 鼓掌 鼓掌 因为有这样动人的 年如家人一样的搭档感情 才会有越来越精彩的 超级访问 ！ [泪] [鼓掌] [鼓掌] [鼓掌]
0,拔两智齿 祈祷别太疼！ 泪 [泪]
0,领导那边比基尼，洛阳现在 羽绒服吖 晕 [晕]
0,衰 博士 哈哈哈哈 使徒子 哈哈哈右边感觉如何了！ 重工组长于彦舒 回复 哲学引导人民 我今天被这个轮了一下午 哲学引导人民 重工组长于彦舒 扳手少年 关爱智障儿童成长 结局精彩！！ [衰]
0,怒 好好好孩子 小蒂 良心何在！！ 怒骂 [怒] [怒骂]
0,亲爱的儿子下午做手术，工作原因我走不开没去医院。虽然是个舌系带的小手术，但做完后听说创口还是比一般手术后的小朋友要大一些，真是心疼啊。 泪 希望能早点恢复。 [泪]
0,胡说 微博搞笑排行榜 以后要少吃西瓜了！ 泪 [泪]
0,我这周末是全交代了。。 没有半天是不干活的。。 晕 [晕]
0,最近好累噢 一个月没歇着了。从郴州坐高铁去长沙，晚上的飞机回北京 这些时间做什么啊 泪 泪 好无聊，亲们求陪聊 爱你 爱你 有没有长沙的，求偶遇 泪 浮云 我在 [泪] [泪] [爱你] [爱你] [泪] [浮云]
0,昨晚从剧场回来就给大儿子收拾行李 今又早起来再忙碌地检查着看该带的都带齐了没有？老公发动车那一瞬间我忍住了，嘟嘟也不看我的眼睛，回到屋里却忍不住了 泪 有不舍、担心、牵挂，还有一丝无奈。 儿行千里母担忧 一点不假。让我的情感释怀在今晚的 九宫格 里吧！ [泪]
0,残酷的现实啊！ 泪 悲催 [泪]
0,哈哈 有时右逝 姨夫你感受一下 果树 微安夏尔 衰 心有凌希 抓狂 抓狂 抓狂 [衰] [抓狂] [抓狂] [抓狂]
0,星座爱情 最难嫁出去的星座女 泪 [泪]
0,看完一本好书总会有种怅然若失的感觉，要是永远不结束该多好 泪 [泪]
0,可可成长 在送老爸回平潭的路上，可可想留在外公外婆家，说我们可以自己回来，她在外婆家过寒假。这孩子还真是只要有玩伴就可以不要父母了呀。 晕 哼 图片是上次小雨上来，两孩子一起做 拉比盒子 的手工，小雨的愿望 想要月亮。 哈哈 辣妈手记 [晕] [哼] [哈哈]
0,你最闹心！ 小眼儿歪嘴儿大晶儿 泪 泪 泪 [泪] [泪] [泪]
0,毛毛跟爸爸妈妈处的比跟我好 晕 我不高兴！吃醋呢 哼 [晕] [哼]
0,微博小秘书 你管不管 春已来天未暖 伤心 有空去了解下 揭阳许静娇 郭静 峰 深圳地产 天涯论坛 深海鱼 英子 石荣刚 叶盛 混血亚当 曹亚静 曾春平 余木 教授 静雯 同学 与时俱进 与诺言 猎人 小媳妇儿 小黄豆 吖照 刘云琴 刚刚 向量 [伤心]
0,我就说吧，我就说吧，我就不能轻易开始看电视剧，停不下来了吧 晕 手上追的电视剧，自己都快数不过来了 挖鼻屎 超级宅男的日子啊 打哈气 [晕] [挖鼻屎] [打哈气]
0,喔，真的，今天这么重要的大趴我竟然忘记签到了 衰 盛星 转发微博 [衰]
0,深有感触 王利杰 泪 汗 我们真不容易啊。政府鼓励创新，口号大过行动！ [泪] [汗]
0,回复 绵绵 必须在，回家以后，并且动都不动。。杵着 绵绵 哼！让你说我！一会去虐你，老子快饿死了，你在家不我打算出门了 玉珠子 小龙，我的小龙木有了。。。。。 绵绵 我把李小龙头发剪了。亮瞎你的狗眼 玉珠子 回复 绵绵 等你来，等你来。。。 悲伤 [悲伤]
0,小说中爱情故事的现实版本，愿每个女人都能找到自己生命中的哨子！ 泪 [泪]
0,没见到啊没见到 泪 爱你 我怎么那么挫 偷笑 [泪] [爱你] [偷笑]
0,。。。。我为什么被你弄成一付死灰复燃还没烧起来的色？？？？？？ 怒 怒 [怒] [怒]
0,介真的是春天，光剩下好看了。 泪 我被堵了一个半小时了。。。。。 [泪]
0,煮汤，炖鸡，清炒，炭烤。。。。。牙缝里流口水 抓狂 抓狂 抓狂 懒人业余餐厅 特想不顾一切的冲过去了，现在是吃牛肝菌的季节！恨！ 抓狂 [抓狂] [抓狂] [抓狂] [抓狂]
0,麻麻快起床，我要尿尿，烦屎啦！！！不然尿你床头，养狗的童鞋桑不起啊 睡觉 ，行李还没收 晕 [睡觉] [晕]
0,北大软件的客服电话真难打啊 晕 ，打了半个小时终于有个东北口音哥们儿接电话了 [晕]
0,值得一看！甄子丹虽然武功底子扎实，但那张脸跟得了面瘫似的，除了没表情还是没表情，谈不上演技 今何在：六年前就筹拍这片了，结果这么多年人家叶问都出 部了 终于要上映了么 泪 ，等坑的人伤不起啊 [泪]
0,新加坡 开吃啦！在 的 感冒导致各种没胃口啊。吃不下东西。可怜的我 晕 晕 衰 衰 哼 哼 我在这里： [晕] [晕] [衰] [衰] [哼] [哼]
0,往事不要再提 泪 创意工坊 全球都为之疯迷的梦中情人 [泪]
0,大好的假期 咳嗽 鼻涕 发烧 头疼 我晕 晕 [晕]
0,你就没个老虎样 怒 [怒]
0,回复 肥牛横牛花牛就是牛 银行不能不允许人犯错吧，总得给人改错的机会吧，不能改个错也要收手续费吧 抓狂 抓狂 肥牛横牛花牛就是牛 姐姐，你逗死偶啦！ [抓狂] [抓狂]
0,杜蕾斯 这创意，是要逆天啦 晕 晕 [晕] [晕]
0,偷蜜的大熊 你们那边怎么样？ 衰 [衰]
0,早通知我也去喝粥啊 抓狂 哈哈 阿易山水 转发微博 [抓狂] [哈哈]
0,哈哈 哈哈 董郎 哈哈 哈哈 记者的眼光 记者沈志毅 长江直播 话筒 北京杨博 河南掘坟黑幕调查 天一冤枉呀，十年 静娅 怒 才五年？ 北平总督 杀！杀！杀！ [哈哈] [哈哈] [哈哈] [哈哈] [话筒] [怒]
0,博主前两条已删的微博里，认定杀人者也是你的兄弟姐妹，要跟他们天堂相会，现在，开始转杀无赦的评论了。这是大义灭亲的节奏，我有点感动。我要是当你粉丝，关注你，应该是三天两头有惊喜。 程美信 社会罗宾汉 东山田少少 泪 泪 泪 怒骂 怒骂 怒骂 可悲可恨！！！ [泪] [泪] [泪] [怒骂] [怒骂] [怒骂]
0,有了微博后常见 三个宝宝 这是咋了？ 土豆夜行 怒 徐震 以前不理解，经历北清创意园的事情后，能体会这些老师的无奈。 证齐全的房子偏就有问题，找政府就被当球踢。火大的人弄点动静就被关到局子里。两个字"无奈" [怒]
0,怒 怒 怒 如果不把涉事者拉出去毙了，难平民愤！ 袁启聪 混蛋混蛋混蛋混蛋混蛋混蛋！！！！！！！！！！！！ 怒 怒 干这种事的人和组织，比纳粹还他妈日本鬼子！！！！！！！！！！！！ 怒 怒 [怒] [怒] [怒] [怒] [怒] [怒] [怒]
0,安妮鲜花 泪 嗯嗯 [泪]
0,泪 [泪]
0,不一定，可能是老年痴呆症，如今社会这种遗弃已经极少了，还有车，一报案准抓。 良心都被狗吃了 一句心情签名 太过分了！ 怒 [怒]
0,挥雨 草儿 春树 看你们都泪如雨下，我就打开了 感觉真的在 吕玻 听到 泪如雨下。。。。 玛嘟嘟 音乐人生到这份上 真没啥说的了 泪 泪 泪 泪 感动呀 [泪] [泪] [泪] [泪]
0,西安的童鞋，你们知道广东有多冷了吧，而且是湿冷，同样的温度，广东的体感温度会更低，会感觉冷多多多了 泪 [泪]
0,哈哈 泪 哈哈 泪 哈哈 泪 这是唐小兔 第一遍看想笑，第二遍看想哭 那么小，背来干嘛啊！ [哈哈] [泪] [哈哈] [泪] [哈哈] [泪]
0,看了南京的团购再看北京的团购立马对南京坑爹的团购丧失了兴趣。 ，我要回家。。宿舍的破床摇摇晃晃还有虫子咬我。。。 泪 可怜 泪 [泪] [可怜] [泪]
0,还是老话：情人眼里出西施 琢磨先生 最右说的有道理 泪 金融小资女沈怡 还可补充一句：看你身边，不管男女，都像情敌。 [泪]
0,为毛今天如此烦躁！！！ 抓狂 抓狂 抓狂 可怜 可怜 可怜 [抓狂] [抓狂] [抓狂] [可怜] [可怜] [可怜]
0,给大家普下下法，刑法第二百九十一条之二 投放虚假的爆炸性、毒害性、放射性、传染病病原体等物质，或者编造爆炸威胁、生化威胁、放射威胁等恐怖信息，或者明知是编造的恐怖信息而故意传播，严重扰乱社会秩序的，处五年以下有期徒刑、拘役或者管制。 失望 大家读书的时候法律课估计都在睡大觉。 失望 [失望] [失望]
0,期待分享你们的旅行照片哦！ 哈哈 大宝的幸福生活 哈哈，一路很顺利，在郑州因为天气闷热和生病就在酒店里待着，哪都没去 泪 到山东后玩得很 ， 在日照和海阳每天海边疯玩好几次，回来一身的咸鱼味 哈哈 [哈哈] [泪] [哈哈]
0,正在尝试中，感觉从喉咙到肚子都暖暖的，很舒服，只是头部有点晕晕的 晕 杨雯 周一上班就试！ 葡萄路 号 [晕]
0,为什么只说瓜农骂土匪了，怎么不说土匪是怎么对付瓜农的？局长张嘴就把责任推到老百姓身上了。 怒 [怒]
0,中国梦想秀 还记得想要在黄土地上筑一座城堡，守着炉火，听杜鹃歌唱的曹越华爷爷奶奶吗？把爷爷写的那封战地情书谱成一首曲子的梦想成真了，梦想君听着 我是沙宝亮 老师的倾情演唱，感动的泪流满面，想说亲们今晚 ： 分千万不要错过！ 泪 好喜欢 [泪] [好喜欢]
0,泰国甲米镇 岛，远离喧嚣的色彩和情调 我真又不淡定了！ 抓狂 [抓狂]
0,时间过得真 快，怎么就 月了？ 吃惊 抓狂 [吃惊] [抓狂]
0,北京 ！ 泪 飞机 [泪] [飞机]
0,！！！解屏那 不是你 的那 字！！！ 怒 [怒]
0,阵亡在第八关 晕 [晕]
0,逝者安息 什么果 悲剧 泪 郭晓松 刚看到 [泪]
0,我靠太神奇了！ 衰 梁群导演 我靠；真是的，为什么？ [衰]
0,星 信马由缰缰缰缰 泪 加菲众 万有青年烩 不猎杀 姬十三 转发微博 [星] [泪]
0,转给身边的双鱼！ 悲催 晕 [晕]
0,是啊！旅行者也要抓紧在美景消失前去看看，包括许多即将灭绝的物种。人类的悲哀！ 摄影家谢墨 这附近在建一座核电站，也属于即将消失的风景了 泪 ，艺术工作者经常要与开发商抢时间，就是为了留下点作品给后人了解到地球和人类的历史。 [泪]
0,别再刺激我了啦 泪 海阔天空好飞翔 哈哈 哈哈 哈哈 茉茉夏 袁 突然想起一个问题：情人节，是只有男士送花给女士吗？还是女士也要送花给男士呢？不是说女人如花吗？那干嘛还要给女人送花呢？今天有收到花的男士吗？炫耀一下吧！ [泪] [哈哈] [哈哈] [哈哈]
0,回复 译雪儿 关注微信 奥迪生活家 ，回复 张译 并将当条内容转发到朋友圈，送出张译签名照 张。活动截止日期 月 日中午 。 译雪儿 微信咋抢呢 奥迪 生活家 微信送照片，已经开始喽 译雪儿 我也要 悲伤 悲伤 [悲伤] [悲伤]
0,回复 缘来不去 老乡见老乡 两眼泪汪汪 希望你有机会来山东 寻找儿时的回忆 缘来不去 回复 兔哥 泪 我也是山东人 握手 [泪] [握手]
0,！！！！！不行，我眼泪要下来了 泪 [泪]
0,折扣啦 围观 抓狂 抓狂 抓狂 [围观] [抓狂] [抓狂] [抓狂]
0,伤心 章立凡 伤心 话筒 [伤心] [伤心] [话筒]
0,晕 这个 不讲究啊 [晕]
0,最糟糕游客排行榜：中国人第二 衰 年，中国游客的开支达 亿美元，是游客在国外消费额最大的国家，对世界旅游市场贡献超过 。然而，中国游客吃住节省，疯狂购物，大声喧闹，花了钱却不招人喜欢，在美国 社交生活 的世界最糟糕游客排行榜上位居第二。 [衰]
0,给力 威武 王小菜菜花 情人节蜜月优惠套餐。 阴险 七七 我靠靠靠靠！！！毛里求斯才 万 抓狂 ！！！尼玛还不到三亚一顿饭钱 馋嘴 王小菜菜花 转发微博 [给力] [威武] [阴险] [抓狂] [馋嘴]
0,陈瑜陈瑜 握手 因为有亲们，精品更精彩 学习贤惠的薄荷 煞风景的说，大学时经常买精品，但是买的原因不是内容，而是版多，可以用来垫桌子。 泪 恩戴米恩的月光 [握手] [泪]
0,一点都不大 泪 [泪]
0,本来软卧车厢里有个俊美正太，还主动帮我安放行李什么的，我擦，没几分钟被人换票换走了，换来了一个啼哭不休的傻孩子。美正太，你心肠能不那么好么！ 衰 [衰]
0,三月风光好，各种游玩多，感冒折磨中，兴致皆索然 抓狂 泪 我在 [抓狂] [泪]
0,最近想吃老夏的小伙伴，记得团购 折的券哟！很合适。 ：最好不要开车去，人民路的停车状况你懂的 晕 感谢来自星星的 带来的欢乐！假发版更萌哟 嘻嘻 嘻嘻 [晕] [嘻嘻] [嘻嘻]
0,确实老了 ！ 泪 [泪]
0,据说有人到生才知道，那不是 晕 [晕]
0,回复 袁启聪 求手术室照片， 哈哈 哈哈 袁启聪 人都癫了！！！超市在放、电台在放、电视在播、网路在铺、卧铺客车也播、课间操也跳、连做整容手术割包皮的手术室都在唱 抓狂 抓狂 [哈哈] [哈哈] [抓狂] [抓狂]
0,好心疼 泪 怒 医生拉出去毙了 文章同 我又 怒了！ 边潇潇 天呐！我的这个心啊！造孽啊！ 无限创意姜峰 一个朋友的孩子，求转发。 北京阿龙 边潇潇 并不舒爽 蔡康永 道道 弓长弓也 郭墨宣 郭德纲 蒋欣 罗希 翟小 主持人李霞 西藏昌都人韩红 王一 尼格买提 [泪] [怒]
0,明又上夜班了 泪 [泪]
0,号技师除了过硬技术还提供大保健服务 汗 ，快找媳妇儿去吧！茄丁丁！ 抓狂 抓狂 抓狂 美图 萝卜欣儿 [汗] [抓狂] [抓狂] [抓狂]
0,和 佳旋 昝莉 罗文林 俏江南午餐，希望发扬上周静心营事宜，让大伙寻到身心静好。文林脚着今儿我蛮复古。棕色箱式纹皮包包之外，这花裙也好玩，可像上回当落地长裙穿，也可像今儿作抹胸裙穿 里面不配打底也成 。穷人家孩子，稀罕一衣多穿，实惠。 匆匆拍得巨烂，本条文字为主 晕 [晕]
0,我发现圈里不少人不睡觉，这危害太大了！ 衰 [衰]
0,回复 丁丁家的九色鹿 一觉醒来，渴着吵吵吃雪糕，意外发现小小一社区超市 偷笑 竟然有怀念已久的麻将雪糕 鼓掌 泪 泪 丁丁家的九色鹿 沈阳中街滴，好怀念啊！在北京吃到了，牛！ [偷笑] [鼓掌] [泪] [泪]
0,想说地铁上没事翻个微博吧。。。结果不知不觉就坐过站了。。。 晕 最近真是大脑缺氧啊。。。 汗 汗 汗 [晕] [汗] [汗] [汗]
0,游泳的后遗症是。。。饿。。。 泪 我在 [泪]
0,长沙老满哥来哒 怒 特立独行的湘猪 我宣布独立 薛蛮子 转发微博 [怒]
0,上次买到无敌山寨货以后吓到咯，然后去美国亚马逊淘咯整整一箱美国 斧头牌苏打粉，前几天终于到货咯 最近海关查的凶，差点被睡 一小盒是 的，一箱 盒 美元，运费有巨贵，花咯 多美刀 泪 泪 泪 ，突然觉得亏死咯 如果有朋友要的话就算 美刀一盒，亏本抛售咯哈！ [泪] [泪] [泪]
0,我也再一号线碰到过一次 ，当时人还不多呢 捍卫北京的牙医晖子 小偷要准备过年了？ 心喵喵 大家帮我转一下 泪 泪 泪 [泪] [泪] [泪]
0,在俄罗斯，移动的短信始终发不出去，这个问题反映了几次，始终没解决，只好在酒店时跟朋友们用微信交流交流。到了莫斯科，微信退出了！联通的号码，平时不用没开通国际漫游，连不回去了 泪 谁知道我的微信号啊？有没有来过莫斯科的朋友给个必去攻略？ 我在 [泪]
0,我就喜欢这种，跟秋田一样呆 还是狗好，臭喵从来不理人的 泪 [??] [泪]
0,衰 牛尔： 的财务文件今天公开。遗产 千 佰万英镑，大部分留给慈善机构，他的爱狗也有 万英镑。 [衰]
0,窝火！某些无良国产也这样！ 怒骂 [怒骂]
0,奶奶最后的那段日子，每天我去医院都要从枕边拿几个大哥家自己栽种的枇杷给我。哥说，奶奶知道我喜欢吃自己不吃也不许别人吃，全留给我。弥留之际奶奶最大的安慰就是看到我的节目，说不出话也会微笑。想念你 泪 [泪]
0,大话西游，嗡里悠 晕 李若猫 哈哈 庄雅婷 绳命！！！救命！！ 的盒子 笑尿了， 庄雅婷 老湿一下 绳命是入此地糜丽 赵赵 让绳命夺一份豁大，让绳命夺一份从容。 转发 [晕] [哈哈] [转发]
0,爱你 哈哈 嘻嘻 呵呵 抓狂 抱抱 单眼皮的佳肴 转起来 [爱你] [哈哈] [嘻嘻] [呵呵] [抓狂] [抱抱]
0,请我喝杯酒 晕 暧昧帝丶阡宫竹 我的四个纹身 透露了太多 唐唐胤 要是纹在其他区域了，是啥情况？ [晕]
0,衰 橙心 袋子都不能放车上。 [衰]
0,推荐一个宝宝止咳的神奇方子：花椒蒸梨。梨去核，放入 粒花椒，上锅蒸半小时，然后把花椒取出，吃梨肉。 彩虹 宝石前几天晚上吹空调受凉有点小咳嗽，去妇幼看说是肠胃感冒，吃咳嗽糖浆三天也不见好 泪 朋友告诉我了这个方子，只吃了一次就好了，温和的中医的智慧好伟大 心 拔拔麻麻们存起来 [彩虹] [泪] [心]
0,回复 就是说你是她的超级粉丝 汗 文盲了 衰 衰 [汗] [衰] [衰]
0,啊啊啊！打错字了啦！求补看！！！！ 阿莱夫 张帆 因为工作实在安排不开无法前往现场。。。可不可以求不看 泪 美稻爱喜禾 很怕看这些片子，甚至常常拖到跟大家一起看， 但每次忍不住要做这样的片子。 关庆伟 没有掌声，五次哭点，现场沉闷 这部片子几易其名，从最初的 我的兄弟 [泪]
0,回复 喵了个 哟 再不减肥就剁手 泪 泪 木有江浙的筒子吗 喵了个 哟 再不减肥就剁手 茶花的新叶？ [泪] [泪]
0,陈红亲自证实已离婚 不评价前夫与沈星纠葛 伤心 今日，有媒体爆料歌手陈红已经办完离婚手续，与前夫李军正式离婚。搜狐娱乐电话陈红本人，她证实了该消息， 事情是真的，具体事情不想多说 。据了解，陈红前夫李军正是去年 月闯沈星香闺的内地富商，两人离婚也与该事件有关。 [伤心]
0,不不不！还是放开那只猫咪吧！你有什么都冲我来！ 抓狂 兔拉拉 夜千 就是 抓狂 有什么了不起的！你给我起开，踩奶谁不会 抓狂 杰哥 吾酷小宝 夜千 鼓手余伟民 吾酷周小四 色猫一只 哈哈 萌工厂 色猫！住爪！ 抓狂 [抓狂] [抓狂] [抓狂] [哈哈] [bobo抓狂]
0,靠！姐可以爆粗口吗 达人一周年 ？这团购为毛不提前两天开始？刚在专卖店买了个雷朋， 多大洋 泪 ！现在零头就能买到了，跟我专柜买的一模一样！！！ 皇小冠 分享团购地址 [达人一周年] [泪] [皇小冠]
0,回复 马不停蹄 逻辑何在 泪 马不停蹄 这早餐？ 吃惊 完全够判刑了！ 抓狂 [泪] [吃惊] [抓狂]
0,自从有了滴滴打车，街上就再也打不到车了 抓狂 抓狂 哼 哼 怒 怒 [抓狂] [抓狂] [哼] [哼] [怒] [怒]
0,亲亲 亲亲 亲亲 怒 怒 怒 抓狂 抓狂 抓狂 [亲亲] [亲亲] [亲亲] [怒] [怒] [怒] [抓狂] [抓狂] [抓狂]
0,陈村 闫超策划咨询工作室 小饭局 赵志明 翟永明 邱黯雄 吴幼明 山右一仁王中文 话筒 顾建平 寻人紧急，还是发张照片吧 桢理 啊！！跪求大家转发，这是我北京文学的编辑。跪求！！ 泪 平安北京 [话筒] [泪]
0,泪 泪 万分感谢！ 祈祷 祈祷 祈祷 [泪] [泪] [祈祷] [祈祷] [祈祷]
0,这是一个孤儿院的孩子 她在地板上画了一个妈妈，想象着在妈妈温暖的怀里睡着了 泪 泪 [泪] [泪]
0,帮她洗干净烤盘快递过去后，没想到，还收到了她送我的礼物 纸尿裤。我终于，见到回头钱儿了 泪 [泪]
0,其实我们希望的只是市政府把每年的公款消费，吃喝的钱在明年修一下下水道。作为一个纳税人，在暴雨过去这些报道中，看不到北京政府愿意改进，整修的这一点点决心。 怒 怒 怒 [怒] [怒] [怒]
0,刚带儿纸去美玩容，三个小时呀，不过每回美容完这货都不走，超喜欢老板娘 泪 泪 泪 拼命的要吻人家，今天竟然因为要从老板娘身上把它抱走要咬我，擦了格雷的，你说你吧爸爸的想做的都做了真不够意思 鄙视 鄙视 鄙视 [泪] [泪] [泪] [鄙视] [鄙视] [鄙视]
0,高级定制 款式锁骨链 爱你 爱你 爱你 抓狂 黄金 白金 玫瑰金 都可选择哦 分 分 分 到克拉大钻都行 偷笑 偷笑 偷笑 最近大热款哦！喜欢的赶快 酷 话筒 话筒 话筒 [爱你] [爱你] [爱你] [抓狂] [偷笑] [偷笑] [偷笑] [酷] [话筒] [话筒] [话筒]
0,这几天开日本车的车主躺枪了 衰 衰 衰 衰 [衰] [衰] [衰] [衰]
0,是人去楼空！如果你把中国的富人都污蔑为 贼 ，那建议 第一财经日报 改名为 第一贼经日报 吧！ 拜拜 第一财经日报 世上最可悲的不是 贼去楼空 ，而是楼已经空了，贼仍然不去。 泪 [拜拜] [泪]
0,不是往北方向也要等好久好么！现在基本早高峰最少得等两次！ 泪 [泪]
0,一大早来做孕妇耐糖测试，全程不能吃喝，先抽两管血，然后喝下了这辈子喝过的最难喝的糖水，等一个小时再抽一管血，再过一个小时再抽一管。。。血快抽干了 泪 泪 左右一起胳膊开工 孕事 完美孕妇杂志 [泪] [泪]
0,要疯吧 岁月无声息 刚唱了一句就想抽人！ 抓狂 抓狂 抓狂 [抓狂] [抓狂] [抓狂]
0,鬼鬼祟祟。 獭木子 不是一直说碧桂园集团如何地厉害吗 怎么也做这种侵权的事情啊 怒 [怒]
0,汗 汗 汗 华商报罗媛 晕 陈小曦的糖果罐 神 [汗] [汗] [汗] [晕]
0,经营婚姻，明天大结局了 抓狂 思考 [抓狂] [思考]
0,难道我上次说招行的线下服务比线上要差是普遍现象 怒 锦江之星王志和 要敢于面对顾客的投诉，投诉你，是因为在乎你！ [怒]
0,清明小长假过了，大家是不是有一点忧桑呢 悲伤 没关系，今天是星期五哦 得意地笑 香茗酒店又推出新套餐了哦 江南 历史爱好者们看过来 来 我们有西递古民居，胡氏宗祠，胡宗宪尚书府，文艺青年看过来 来 我们有五里桃花，新安江山水画廊，还有香茗茶园香茶等你来采 快去途牛选购吧 切克闹 [悲伤] [得意地笑] [江南style] [来] [来] [lt切克闹]
0,晚上与同事们聚会，现在喝的微醺，悲喜交加呀 泪 [泪]
0,这一蹦就下来了啊 失望 [失望]
0,就是，干嘛还要买蒙牛，自做孽，不可活。 的妈妈 都这样了搞不懂为嘛还有人买蒙牛 两生花梦语 果然牛！ 哼 怒 哦哟，我刚才转的新闻晨报已经删了。这个能坚持多久？ [哼] [怒]
0,温暖的彩虹 他们曾骑着白马穿过中国 泪 钟 潘采夫 想起倪匡，期待拍出电影 南逃 。 [泪] [钟]
0,我们都对现实有诸多无奈、不满甚至愤恨，但对社会再不满也不能拿这些与钓鱼岛问题相题并论，甚至开玩笑，除非你真心希望做美国狗。。。 衰 思想的力量 讲故事！ 丁溪鹤 奉寥 转发微博 [衰]
0,对成都的眷恋源自味觉的上瘾 兔子 兔子 兔子 粉蒸兔绵软细滑，姜爆兔咸香化渣，邮庭鲫鱼皮酥肉嫩，凉拌鸡麻辣感口，酸辣蹄花开胃美容，凉粉和豆花都是传统挚爱 干杯 干杯 干杯 改变一种口味需要勇气 抓狂 [兔子] [兔子] [兔子] [干杯] [干杯] [干杯] [抓狂]
0,一直没找到传说中其他口味 泪 [泪]
0,泪 中招 海外美食家 你有木有被骗到过？ 吃喝玩乐游重庆 [泪]
0,回复 丽江贱公子 真的很伤心。觉得我犯了最不可原谅的错误。居然没有每一张放大的检查 泪 泪 丽江贱公子 汗 拍的时候都没有看照片质量哇 [泪] [泪] [汗]
0,事情还没做完 抓狂 [抓狂]
0,噢，蔡队长的吸引力太大了 偷笑 ，要小心哦 兴 失望 就叫赵龙 一汽 大众奥迪 [偷笑] [失望]
0,回复 我要玩事业线，我喜欢事业线，嘎嘎 转发此微博 是比我姑父的盆小了点点 我捞里个捞 渔唱 回复 泪 讨厌，我不是聚宝盆 转发此微博 啊哈哈 两个聚宝盆 发大法鸟 渔唱 我要玩完聚宝盆再玩事业线 [泪]
0,回复 风清云淡的雨 哈哈 风清云淡的雨 再睡回笼觉呗 嵩县张相正 已经起来了啊 晕 [哈哈] [晕]
0,厨房出品 今日晚饭 偷笑 重头戏当然是罗宋汤了！ 抓狂 每年儿童节，学校里都吃罗宋汤加面包。对于小朋友的我来说，罗宋汤意味着过节和放假 鼓掌 蒜香炸鸡块；芝士局奶油杂菌。不过，谁能告诉我为啥每次我的马苏里拉芝士都不能拉丝呢？ 泪 蔬菜就用糟毛豆凑合了，算是中西合并的一餐。点心是哈密瓜 [偷笑] [抓狂] [鼓掌] [泪]
0,食堂盛菜的同志都是经过特殊训练吗？！明明是菜花炒蟹棒，我买的时候眼瞅着有大根大根的蟹棒，就盛的时候我没留神，结果到盘里竟然一根蟹棒都没有！全是菜花 泪 娜娜覃 杨杨 北京电视台老台二楼食堂 [泪]
0,阿弥陀佛 可怜 微博搞笑排行榜 狗狗好可怜 泪 [可怜] [泪]
0,回复 殳俏 欢迎欢迎指导！让俊男俏女列队 殳俏 啊。。。等下次来深圳 挤眼 好酒好蔡 冬夜，还没有吃过此物的 如何心熄！ 晕 [挤眼] [晕]
0,航班又晚点 泪 我在这里 [泪]
0,上海宝山发布 明天阴有小雨，小幅降温， 度，未来三天湿漉漉 失望 [失望]
0,你奶奶是我姥姥，我好怀念姥姥叫我起床的场景啊，叫我小死丫头，想念那个慈祥的老人。和妹妹有着美好的童年回忆 董悦 有时间要多陪陪老人 泪 李小璐 璐 半夜控制不住掉眼泪的画面，天堂的奶奶，我好想你 [泪]
0,？ 晕 李大超 转发微博 [晕]
0,果冻的微博日记 和 败家 小妞子 在香港国际机场候机中 偷笑 偷笑 偷笑 果冻好想逛香港，结果第一次来香港竟然是转机 抓狂 抓狂 抓狂 我在这里 [偷笑] [偷笑] [偷笑] [抓狂] [抓狂] [抓狂]
0,准时到家开电视看 生死战，结果延期了！这也能开玩笑啊？ 怒 [怒]
0,你不一样啊！过两天你就回来扫街了 我是过两个月 回复 大卫独夫 吴志伟 汗 但系我宜家见到你上 美食，我好难受啊 悲伤 大卫独夫 吴志伟 回复 我在中东期间，千奇不要上广东美食微博，反面架 两个月呢！ [汗] [悲伤]
0,王晓好 ： 哈哈 馋嘴 哈哈 维嘉 老子爱吃肉肿么了 泪 偷笑 [哈哈] [馋嘴] [哈哈] [泪] [偷笑]
0,泪 伊德尔 小炉匠 果果九九 乱炖 薛蛮子 [泪]
0,回复 我叫赵然不是赵楠 我不会让她这样 这与教育也有关系。 我叫赵然不是赵楠 如果是你的娃呢 李丹 在任何地方 我都受不了 抓狂 [抓狂]
0,吾心空贝者 围脖无香十世 祝党 高寿 突然神经了 怒 怒 怒 良心抉择 愈加无奈的鱼 有恋尸癖 吐 刘四新弟弟刘迎新 疯 话 拈花时评 转发微博 [怒] [怒] [怒] [吐]
0,这个是找的俩位长得像的演员。不明真相的围观群众们 小四合院小姐 这对夫妻真是豁出去了 偷笑 可乐 人类已经不能阻止江南 了！ 宽宽 衰 擦 小羊 奥巴马真赢了！ 小幻 哈哈 三共日辰 国外领导人确实开放！！ 麦兜爱钓鱼 哈哈 [偷笑] [衰] [哈哈] [哈哈]
0,天啊，本人严重感冒，鼻涕哈喇子不停往下流，咳嗽咳得连肺都要咳出来了，好悲惨啊！！！ 可怜 生病 睡觉 抓狂 [可怜] [生病] [睡觉] [抓狂]
0,怒 胖丁爸爸 抓着就枪毙！！！操你们丫的都没爸妈么？？！！！！ 王帅 这帮杂碎们！ 不需计较与安排 热微博精选 悬赏抓人贩子啦！您的一次转发都可能挽救若干个家庭！ [怒]
0,今天是我们户外总领队杨粉帅的生日。。生日快乐！ 蛋糕 杨粉帅 泪 泪 泪 泪 泪 泪 泪 泪 泪 泪 泪 泪 杨小贱太贱了在北京感谢大家的祝福，祝愿游局网的挚友们顺利平安的到达布达拉宫的广场前，我的心与你们同在 [蛋糕] [泪] [泪] [泪] [泪] [泪] [泪] [泪] [泪] [泪] [泪] [泪] [泪]
0,泪 胖纸 [泪]
0,。。。。最爱 第一太平洋 章海 我最喜欢的食品，今后停止食用！！！ 泪 薛蛮子 这些人知道有毒吗？ [泪]
0,紧身衣也太松了吧 哈哈 民航壹周刊网 身上皮草不错！哪里买的？ 卧槽。。。二姨。。。眼睛果然很大。。 江南 臭马达 泪 泪 泪 ！你等我有时间的非那你手机删除不可 泪 抓狂 [哈哈] [江南style] [泪] [泪] [泪] [泪] [抓狂]
0,瓜瓜体重 天长六两，妈妈体重 天长一斤二两 泪 都是稳步增长 汗 [泪] [汗]
0,圣诞快乐哦仙儿 哈哈 手套 绿丝带 快乐天使小仙儿 圣诞帽 主持人少枫 胡焰焰 我算不算烂好人啊 晕 全球搞笑榜中榜 有些人你就是忍不住要对她好 心 [哈哈] [手套] [绿丝带] [圣诞帽] [晕] [心]
0,原来是这个样子的。。。 泪 全球热门收集 残酷！ [泪]
0,有在看澳网男单决赛的吗？？？看比赛需要吼起来。。。。 抓狂 抓狂 抓狂 抓狂 抓狂 抓狂 抓狂 抓狂 [抓狂] [抓狂] [抓狂] [抓狂] [抓狂] [抓狂] [抓狂] [抓狂]
0,这桌子怎么收拾都利落不了 泪 [泪]
0,山东人赢的好意思吗？！ 鄙视 鄙视 鄙视 怒骂 怒骂 怒骂 怒骂 怒骂 怒骂 [鄙视] [鄙视] [鄙视] [怒骂] [怒骂] [怒骂] [怒骂] [怒骂] [怒骂]
0,泪 [泪]
0,原本前菜有一道烤乌鱼子，没想到 甫田网 的台湾乌鱼子实在太好吃，等我订货的时候居然售罄 抓狂 无奈改了这道烟熏三文鱼，但意想不到的是甫田网的这款烟熏三文鱼也是那么的好吃，而且包装打开已是片好的，于是，只花三分钟我就装完盘了 哈哈 哈哈 [抓狂] [哈哈] [哈哈]
0,从北京坐高铁到上海了。上海的热浪扑面而来，像一场烤肉季 哈哈 。公路边上海书展的广告在招展，这是北京办书展时看不到的城市景观。赞一个！ 赞 明天和 周合上海 以及梅子涵对谈 岁儿童的阅读训练。听说阅读这件事儿被家长认为 重要而不紧迫 ，紧迫的是，想进好小学的孩子须学会 个汉字 晕 [哈哈] [赞] [晕]
0,栗子蛋糕太油，蜂蜜蛋糕太甜，折腾半天没一个自己爱吃的 抓狂 抓狂 蛋糕 蛋糕 [抓狂] [抓狂] [蛋糕] [蛋糕]
0,不能对真心爱我们的它们好些吗 鄙视 怒 徐小平 你们 元钱的货是我无价的家人 [鄙视] [怒]
0,泪 泪 泪 感动啊 武汉权金城韩国烧烤 鼓掌 鼓掌 鼓掌 祝贺权金城， 围观 群体围观 权味员工获得 年度北京市餐饮业感动服务之星 太开心 爱你 [泪] [泪] [泪] [good] [鼓掌] [鼓掌] [鼓掌] [围观] [群体围观] [太开心] [爱你]
0,万国剑客 肖舒翰今天不小心，在滚梯上摔了。膝盖被磕豁了，像翻开的小嘴，隐约能看见骨头了。 悲伤 医院缝了八针，去医院的路上，留着泪说 爸爸，这下练不了剑了。比赛怎么办啊 好在半个月拆线，能赶上比赛。安全第一啊！ 汗 [悲伤] [汗]
0,怒 大师吉祥 毕节是孩子们的地狱啊！这地方到底解放了没有啊？还是不是咱 党的地盘啊，孩子们可是在阳光照耀下的花朵。 叶脉 蓝色帝国 又是毕节？毕节的孩子们生活真悲惨。。 [怒]
0,该不该来的都来了，我 又 感冒了 泪 。大鼻涕如同眼泪，那是哗哗的留呀，鼻头红的已经是惨不忍睹。就连我最不擅长的中低音，以及鼻音现在都是萨萨随了。代病工作一下，做个节目预报：今晚 ： 现场直播 天下有情人 七夕晚会，我与 金美儿 演唱 等你爱我 ，报告完毕 打哈气 [泪] [打哈气]
0,河北人民有几个十年 泪 泪 泪 [泪] [泪] [泪]
0,事 明：在屋外 藏把 用 匙是 分有必要的 衰 [衰]
0,然是 道部表 ，可 著俺的家 ，真泥 得 人啊 抓狂 [抓狂]
0,谁能帮我弄个宽街中医院风湿科的号呀， 泪 谢谢。 [泪]
0,一个没有信仰的国度，他们做事没有底线，无畏因果报应 鄙视 费得乐儿 怒 封新城 操的勒！ [鄙视] [怒]
0,幸好前阵子信用卡丢了，重办了 目前没有。。。我只能说这些信息都泄露了，还是换卡吧。。 怒 携程旅行网 我相关部门已经在第一时间展开技术排查并在消息发布两个小时内进行了漏洞弥补工作。目前没有用户受到该漏洞的影响而造成相应财产损失的情况发现。 [怒]
0,牙好疼啊，怎么治 泪 [泪]
0,最新消息 巴布亚新几内亚北京时间今天凌晨发生 级地震 晕 [晕]
0,下班这么久，一抬头发现好熟悉的好乐迪，泥马！ 衰 为带友人吃小龙虾，竟然又回到公司附近了！！！ 衰 兜里还有俩张好乐迪免费欢唱券 芬兰忍冬 我在 [衰] [衰]
0,这样比起来我显然是幸福的 爱心传递 感谢小兔兔 悠 我家娃今天吃了 次了，我刚特了 泪 咕噜咕噜的团子 个小时 次？对小团来说小 我们可以搞四五个钟头叻 我们家的正在哭 泪 泪 两小时内吃了三次了 [爱心传递] [泪] [泪] [泪]
0,格小姐 拐卖孩子的诛九族 抓狂 [抓狂]
0,这周要低调哦 伤心 [伤心]
0,壹街区伊顿幼儿园的老师今天早上给我泼了一大盆冷水！当我表达采访的的意愿时，她噼里啪啦回我： 不需要报道，来我们这报名的没有爷爷奶奶！我不管你们哪个平面媒体，请问，年轻家长有看报的吗？你看报吗？ 我亲爱的同行们，什么感想 抓狂 [抓狂]
0,蜡烛 蜡烛 田丰 蜡烛 蜡烛 蜡烛 可怜的孩纸 伤心 伤心 伤心 [蜡烛] [蜡烛] [蜡烛] [蜡烛] [蜡烛] [伤心] [伤心] [伤心]
0,话筒 开始报名了，麻利的，别到时候又报不上啊。这期我可能报不了了。。。 衰 [话筒] [衰]
0,赞 哈哈 洁 粗略估计了一下去婺源的费用，瞬间又想去实习了 泪 泪 ，现在只要出个省就要 ，钱不值钱了啊 。真佩服暑假跟大家去海南 块钱怎么能挨得过半个多月。 可怜 婺源这么诗情画意的地方，很适合一个人的旅行。但有时也会厌倦一个人，把那份自由留给云南好了 心 [赞] [哈哈] [泪] [泪] [可怜] [心]
0,泪 能配个支付宝系统吗 [泪]
0,这个很赞。恐怕假期成问题 泪 经典英文语录 这个好赞！ [泪]
0,这里的治安实在令人担忧！多少年了飞车抢包的现象还是得不到很好的治理，不是在提倡 幸福 吗？连出个门都很忐忑，幸福指数能高到哪去？！今天约好和朋友一起吃饭，就在刚刚，接到电话说她在开车门的一瞬间被抢劫了！好内疚 失望 女孩子要大家要小心，别带包出门了！！！安全第一！ [失望]
0,卖姑娘的小火柴 小面瓜！你个阴魂不散的家伙！！！ 怒 怒 怒 [怒] [怒] [怒]
0,死变态。 胡撸撸子 这种变态永远死不光的哪怕是家禽吃的也好会孽带至死也都该枪毙 怒 怒 怒 [怒] [怒] [怒]
0,佐藤爱 都走了，这还怎么让人过 星期一 呀！ 泪 [泪]
0,求介绍，一个好的跌打师傅 扭到大腿的筋 泪 [泪]
0,嗯，有被害妄想症 漫反射思维的更恐怖 黑线 全球潮流时尚榜 有危机妄想症的孩子伤不起。。。 泪 [黑线] [泪]
0,有木有找到 晕 [晕]
0,卖馒头的都下班了，这日子啊！悲催的来！ 泪 [泪]
0,今天居然是植树节了，记得上学时，今天基本真的可以当节日过呢。 失望 [失望]
0,求移动联通出卡不然买了也木有用啊啊啊 每日推送 抓狂 移动的网速实在不敢恭维，求联通和电信的 卡！ [抓狂]
0,一秒变 我要变成偶像比尔 盖茨，这也行吗？ 晕 [晕]
0,今早拉开窗帘，完全看不到北京昨日暴雨肆虐的痕迹，照样晴朗干爽像是从来不相信二环路上也能将人溺毙。几只小猫咪同时在外面休息，好像终于找到避风港湾，见到我出去喂食才起身，有一只浑身又湿又脏，不知昨晚是怎样惨怎样怕 泪 [泪]
0,这就是专业素养啊，临危不乱！ 飞鱼秀喻舟 虽然人家摔了一跤，不应该笑。 委屈 但我还是笑了很久。 哈哈 晕 不知道听起来是什么效果？小飞估计肯定巴不得我出这样的状况 嘻嘻 周末愉快 全球冷笑话段子 向广播人致敬 太敬业了 哈哈 [委屈] [哈哈] [晕] [嘻嘻] [哈哈]
0,噢买葛 抓狂 [抓狂]
0,带着骆驼回家过年 骆驼！又在干嘛！ 怒骂 怒骂 挖鼻屎 怒骂 怒骂 [怒骂] [怒骂] [挖鼻屎] [怒骂] [怒骂]
0,泪 太多话要说！可哽咽的说不出！ [泪]
0,三九到，雪未下 三九第二天，阳光依旧，你期待下雪吗？ 失望 [失望]
0,铮哥一直在默默看着你长大呢 你可别玷污了我的位子 酷 高颂 少个铮哥在外面坐着 曙光 偷笑 雅心 感觉不错，还想回来 泪 [酷] [偷笑] [泪]
0,逆天了 凤凰时尚 这大长腿的比例 也闪闪发亮啊！ 赞啊 秦舒培 难得穿这么闪啊 华谊兄弟时尚 好让人嫉妒的长腿啊！ 泪 [赞啊] [泪]
0,王乱子 你瞧，我说什么了，连着学上了。后面还得有。哎 都上瘾了 晕 [晕]
0,好听 七哥 微博搞笑排行榜 七哥让曾小贤和胡一菲圆满了！！！结尾太亮啦 抓狂 抓狂 贤菲恋第一次邂逅啊 抓狂 不淡定鸟 抓狂 [抓狂] [抓狂] [抓狂] [抓狂]
0,泪 京 转发微博 [泪]
0,谢天谢地！今天中午我们家灰太郎从十五楼掉下去没大事，无骨折及内出血。只是现在嘴有所受伤。谢谢神！ 泪 谢谢农大的神医 泪 [泪] [泪]
0,美丽的地方 太阳 微博搞笑排行榜 陕北 衰 [太阳] [衰]
0,别人说你胖的时候 泪 [泪]
0,回复 妖精的菩提 加班结束回家的路上！肚子都饿了！有谁能知道加班的苦？问题是加班到现在，还是有一大堆工作没干完。照这样干下去，真的就是钱在银行，人在天堂了。 伤心 泪 妖精的菩提 洗洗睡吧 [伤心] [泪]
0,中午手贱贱地选择了全部更新！直到现在，貌似还剩下 要更新吧！ 抓狂 抓狂 [抓狂] [抓狂]
0,悠游台湾个人游 百无聊赖在机场，好饿，还好不到十五分钟就要登机了。。。对面的团队在组团吃盒饭，这年头最虐就是在火车站看人家吃方便面在机场看人吃盒饭，我可是要把有限的肚子留给无穷尽的台湾美食啊啊啊啊啊啊 抓狂 另外 美图秀秀 压缩受损也太厉害了些，能改进嘛？ 大魔王脆皮儿 个人游台湾 [抓狂]
0,神州八号 怒 公安执行机关按上面要求在干活 中国党风廉政建设网 谁在暴力强拆？谁敢暴力强拆？发生暴力强拆时，公安执行机关去哪儿了？ 程中柳 在强拆面前，刑法与宪法都成了废纸。 [怒]
0,马上去新公司了，欢送会哈哈。真是舍不得你们。这一个月对我的照顾 泪 泪 我会想你们的 [泪] [泪]
0,衰 交通路况 转发微博 [衰]
0,下次我脚下还要垫椅子 泪 林楷 不要走萌范儿跟我 碗就行了 [泪]
0,本想走知性路线！感慨一下：每个人心中的他都是独一无二的，怎么可能 ！说完后问妹妹我是不是显的老有文化了？ 妹子懒懒的说：你应该说，从唯物主义辩证法看，世界上没用两片一样的叶子。。 我又颓废了。。。。 泪 [泪]
0,陈一冰和涅莫夫就是冠军！无论是技术还是品德！ 奥运金牌 那些不要脸的裁判去死一万遍好么！ 怒骂 怒 弱 [奥运金牌] [怒骂] [怒] [弱]
0,哎呀，糟了，忘记画了，这图发了好多次，只有你一个人提醒我了 泪 。 狗兮兮：还有一只手去哪儿了 [泪]
0,，呵呵，上年今天我不知道为什么坐车回家，好像是端午节。去吃了一顿饭。 泪 泪 怀念，想家了，酒不醉人，人自醉啊！ [泪] [泪]
0,油门刹车踩的跟抽筋似的，师傅啊，我头大，晃起来反应也大啊 衰 呕 晚饭都给你 [衰]
0,泪 求！辟谣！ [泪]
0,这个不是新照片 抓狂 ，上新 抓狂 [抓狂] [抓狂]
0,我的流量啊 泪 [泪]
0,早上醒来，一想到涨房租，找房子，我就满脑子哀伤。。。。 泪 泪 泪 泪 [泪] [泪] [泪] [泪]
0,让我想起美国，虽然只有 年的历史，但是百年以上建筑到处都是 林小洛也叫林小闹 米市胡同 生我养我的地方 现在却被拆的面目全非 失望 失望 胡爷 户外 有着 年文字记载的 岁的新国家 追影逐色 北京 围观 [失望] [失望] [围观]
0,泪 我的懒惰小人儿被打死了 [泪]
0,对股市下跌很有信心！ 酷 王晓鸥 趋势地产 人家玩股指，因此很有信心 怒 老徐时评 证监会主席郭树清昨天对记者表示： 我对中国股市很有信心！ 都跌成这样了，他的信心源自何处？ [酷] [怒]
0,额，为毛每次从大剧院出来都找不到天安门西的公交车站 思考 又特么到西单了 衰 [思考] [衰]
0,回复 麦田修士 敏敏是最棒的！ 麦田修士 梦想徐迎军 徐哥请扩散为王启敏投票，并请您给中芭王启敏投上你宝贵的一票！偶感激涕零 泪 泪 泪 握手 握手 握手 握手 麦田修士 是我的朋友吗？赶紧出现，请投给中央芭蕾舞团首席美丽的女神王启敏！ [泪] [泪] [泪] [握手] [握手] [握手] [握手]
0,没法活啦 泪 蚝爷 高通 下，姜农自有种姜法！？猪农自有养猪法！？还有养虾法 蚝爷 潍坊生姜！！ [泪]
0,饿得睡不着 泪 [泪]
0,忘了今晚有恒大的比赛 衰 ，还没下班，等会到哪看 衰 [衰] [衰]
0,全中了。。。 泪 ，我都不敢直视自己了。。。你们呢？ [泪]
0,你终于睡个好觉啦可我还没这个福气呀 云中飞花拳秀腿 坤 怒 [怒]
0,可 原 一生下 就 定我是女 子了。。。 不起。。。 泪 泪 泪 紫禁城不打烊 我。。。我。。。抠脚大汉 泪 这就是命啊 泪 泪 [泪] [泪] [泪] [泪] [泪] [泪]
0,我为帕西吃斋 种种原因，吃斋停了一周 泪 。现重新开始。 [泪]
0,好暖。 张三 匆 寻找旅行家 只要人人都献出一点爱，世界将变成美好的人间 泪 陈晓卿 温暖。 卢健生 暖在心头。 [泪]
0,顶 当然要要回来。 怒骂 凭什么借钱的是大爷？？滚犊子。钱都是辛苦赚的。不是血花的天上飞下来的。。这种人都没脸的吗？还钱。。 怒 怒 怒 打巴掌 [顶] [怒骂] [怒] [怒] [怒]
0,终于来电了，手机复活 衰 [衰]
0,所以说 改革开放 、 市场经济 神马的最讨厌了 米斯特笨 说得好。你们凭什么卖？ 丛大源 太过分了 抓狂 小纯希 希 再这么下去 该起义了 [抓狂]
0,娜塔莎 追剧日志 看完这两集 娜塔莎 我不能淡定了，今早重温一遍，只能用巨精彩，巨给力， 巨满意 来表达 可怜 罗斯托夫居然有两个替身，鬼子毛利真是老奸巨猾啊，娜塔莎差点中计，最后庞天德刺杀真身未死后纪子补刀 泪 苦了善良的纪子妹妹 抓沙发 追剧链接： 新浪大片 [可怜] [泪] [抓沙发]
0,我承认我疯了，没事干微博刷凭玩 抓狂 抓狂 抓狂 抓狂 抓狂 抓狂 抓狂 抓狂 抓狂 抓狂 抓狂 抓狂 抓狂 抓狂 抓狂 抓狂 抓狂 抓狂 [抓狂] [抓狂] [抓狂] [抓狂] [抓狂] [抓狂] [抓狂] [抓狂] [抓狂] [抓狂] [抓狂] [抓狂] [抓狂] [抓狂] [抓狂] [抓狂] [抓狂] [抓狂]
0,今天拿到 张 员工折扣卡， 折， 泪 看着偶那对穿了 年还米磨一点底的鞋，泪奔，想换一对新的也不行，同事要了，乐滋滋拿着小票下去了，一会儿乐呵呵上来了。。。想起我们有个导游，听到客人是 厂家代表，当天漫步走中环特别加小吃跟景点，连连称赞自己穿了 年的鞋，这口碑，嘿！ [泪]
0,抓狂 超级多的照片要整理，要修图，要写文，白天一堆的事儿，晚上又不想弄，木有灵感吖木有灵感，真头疼！ [抓狂]
0,靠，这让我情何以堪！里面确实好多词儿我都不知道啥意思 衰 [衰]
0,逮逮个刀 快看 说你们家呢 给来个危机公关吧 李静 上次定三亚天域酒店，提前三天要取消一间房，酒店就是不给退，活活儿空了三天！一碗面六十元 泪 昨天在北海到，我想把一间大房换成两间，本来应该加钱，一看为了老人孩子、人家就不收费了！三亚，伤不起啊 哼 马伊 两个助手自己出去吃饭要了 [泪] [哼]
0,哎呀妈呀 衰 [衰]
0,这是比体重增长率么 泪 逍遥 黑猫 寻找诺贝尔最佳吃货奖 会是你 小魔女 偷乐 [泪] [偷乐]
0,底线！ 立花千 何以是底线 北京数独莹莹 求不要拍何以！目前没有想到任何可以诠释何以琛的男演员啊啊啊啊！ 抓狂 婷婷 要双赢 尼玛，微微貌似也拍了吧，如果何以也拍的话，我就 爱 瑶 二欧尼，，我本来忘记了的。。现在又被提起来了。。伤心啊。。尼玛， [抓狂]
0,记着。 左小祖咒 这可也是常用药啊！大人也吃这个的！！宝妈宝爹啊 怒 [怒]
0,咱们过硬的民用产品全让 卖给韩日了 怒 [怒]
0,我党威武 太极魏晓军 即便不是抗战英雄，是一位普通的老人，也应该给年迈的他让个坐！！老人的拐杖，戳瞎了无良之人的狗眼！戳伤了善良之人的人心！！ 怒 刘林军 在他们眼泪，昆仑不是关，英雄不是汉，只有乌纱才是帽，多名女才是性！ 余润德 不服不行 [怒]
0,晕 李小犁 哈哈 夏笛 哈哈 [晕] [哈哈] [哈哈]
0,中途休息 抓狂 [抓狂]
0,怒 形同虚设？！举报电话为何永远忙音？！！！ [怒]
0,晕 公司福利不好，出差期间偷偷看大海 嘻嘻 我在 [晕] [嘻嘻]
0,郭 凤祥 猪狗不如 怒 [怒]
0,是有点疼！ 嘻嘻 嘻嘻 泪 泪 [嘻嘻] [嘻嘻] [泪] [泪]
0,聚导购 晕 [晕]
0,回复 江南豪客 不是有我们带路吗？ 哈哈 全国大城市，只有北京内城是以中轴线为界东西对称的，今年我准备将中轴线走一遍呢。 江南豪客 回复 黄玺赫 手机自带的，不过到了皇城根下水土不服了！原地不停地转！ 抓狂 [哈哈] [抓狂]
0,属苏州工业园区 汤耕车田 组团去 海宁梦巴黎内衣 为何我们去阳澄湖没见到这个酒店 泪 心缘和尚驴行天下 海港朱晨耀 之舞 汤耕车田 驴妈妈旅游网 明天下午公布啦！五星级阳澄湖澜廷度假酒店 豪华房免费试住！！！ [泪]
0,晕 逍遥 哈哈 [晕] [哈哈]
0,白书记 来 欢迎加入，好白菜多多 白老憨 为什么每次看到好白菜，旁边都少不了他 怒 宜良大锅米线 滇剧传习馆张雄 菜农 边缘狼 我是贪吃猴二世 [来] [怒]
0,年大专题列表，这一年做得选题实在有点少 泪 感谢在路上给予我无私帮助的朋友，是你们让 时尚旅游 的城市专题有了鲜活的故事。 ，希望和大家重逢，依然在路上。 王子也 老飘飘 蝎子蓝蓝 麦克峰 晓苏 星池鱼 南宁懦夫救星 胡大丙 [泪]
0,操，是介茉！日！ 门徒悲伤地记了下来： 。 。 ，世界末日 会说比喻句的俏皮猫 哈哈哈 关东散人 哈哈 哈哈 哈哈 泪 [哈哈] [哈哈] [哈哈] [泪]
0,擦！被！拒！了！ 泪 充分低估了大湿的号召力 衰 [泪] [衰]
0,奶茶 作为无肉不欢的我，在考虑是不是要成为素食主义者了，这个视频太血腥了，却又是这么的真实，我有成为 的冲动 泪 [泪]
0,我感动啦！ 泪 泪 伞兵啦 当然是 小佳就是其中的志愿者 北京仁爱慈善基金会 是呢，呵呵 路痴李小佳 仁爱慈善基金会的一个项目 仁爱心栈奉粥 伞兵啦 蓝天远山 用爱心、慈悲温暖每一个人 北京仁爱慈善基金会 人人享有慈善，仁爱触手可及！ [泪] [泪]
0,临回家前，网络就又完了。回到家，再次上不去，拨上了 ，却收不到邮件，内网也不能访问。 怒 冯洁 去哪儿网 还是上不去。 [怒]
0,有一个店排了这么长的队 晕 晕 晕 我在这里 [晕] [晕] [晕]
0,这任领导人除了给世界捐款，真没干啥 失望 芳芳夏诺多吉 鄙视 衰 [失望] [鄙视] [衰]
0,晕 晕 晕 海淀翔哥 轻松搞定。 精彩电影 眼都要瞅瞎了 晕 [晕] [晕] [晕] [晕]
0,好久么离衣柜了 今天终于把自己累倒 衰 [衰]
0,女人总是爱讲感觉，但她自己都不见得明白那感觉是什么，所以男人真要顺着她的感觉走就傻了，其实只要恰当的环境、氛围，恰当的打动她，她的一切感觉就会突然对了！这文虽然有点软，但说的有点道理 汗 挨踢客 我靠，太贱了，竟然耍诈，害我没机会了。 泪 [汗] [泪]
0,回复 逸香进口商品 没见识的牛腩君百度了一下 据说一瓶要上万 深深的震撼 逸香进口商品 巴黎之花 年粉红香槟，真是下本钱了，顾客真是上帝啊 雕爷牛腩 偷笑 在雕爷牛腩还有什么不能发生 泪 给牛腩君也留一杯好嘛 [偷笑] [泪]
0,亲们，落雨了 浮云 都带雨具了么 爱心传递 我出门忘记关窗户咯 衰 喵小咭 阮导 海湖湖 单车旅行的肥猫 曹筱 [浮云] [爱心传递] [衰]
0,今天这个雨硬是洋洋洒洒的下了一天了，成都的童鞋们有木有？何时停呢有木有？所以成都是季节性海洋城市吗？有木有童鞋们 衰 [衰]
0,上课正困，老师突然问我两个问题，把我给问醒了！老师，我不是百科全书，我是清晨八点钟起来上课的学生啊！ 泪 睡觉 两个问题是： 为什么电的涨价不影响电视的销量呢？ 为什么食盐从来不做广告呢？ [泪] [睡觉]
0,向人家学学！ 任芬京华时报 抓狂 受刺激了 洪荒燧影 羡慕 东方愚 南方报业学习一下啊 偷笑 [抓狂] [偷笑]
0,出来吃顿饭还赶上这个天 怒 [怒]
0,衰 吃惊 汗 汗 汗 吃肉的兔子 转给那边上班的看看！ 路人某一个 猫小抱 山岚熊外婆 [衰] [吃惊] [汗] [汗] [汗]
0,栗子莉子 俺也好想要个爱疯 抓狂 抓狂 [抓狂] [抓狂]
0,高速韩磊 早就不办了 泪 [泪]
0,最亏最苦的是平民百姓 抓狂 [抓狂]
0,我的美食日记 因为不能再长肉所以少吃 ，可是不吃点甜食又不高兴 抓狂 纠结半天 中和一下发现了蛋挞 花心 [抓狂] [花心]
0,为何双眼突然短时一片漆黑、模糊 衰 ，菜单上的字重重叠叠 抓狂 难道我的黑暗世界快要来临了吗 吃惊 ？如果真的有一天七彩世间与我无缘，至少还有一双聪慧的耳朵陪伴我，去聆听世间一切的一切美好！ 我在这里： [衰] [抓狂] [吃惊]
0,这是狗熊 兰毛毛 动物尚且如此，人何以堪 失望 艾米 同志们，要勤快啊！！ [失望]
0,依一 小帅妈妈敏 梁博 抓狂 抓狂 抓狂 抓狂 抓狂 哈哈 哈哈 哈哈 哈哈 哈哈 嘻嘻 嘻嘻 嘻嘻 嘻嘻 嘻嘻 双鱼座的刺猬 [抓狂] [抓狂] [抓狂] [抓狂] [抓狂] [哈哈] [哈哈] [哈哈] [哈哈] [哈哈] [嘻嘻] [嘻嘻] [嘻嘻] [嘻嘻] [嘻嘻]
0,甜蜜脱光 死了都要爱 小学生求爱都成功了！ 后开始恋爱了！ 后开始离婚了！现在还单身怎么破！！ 泪 [泪]
0,又增发又加息，这啥意思呀？ 晕 [晕]
0,是的。服务整个体系都有问题 我叫刘小妖 办入住的那个人居然没有发现多了个身份证吗？如果发现了酒店为什么没有在第一时间联系客人，主动承认错误？看来现在需要提升的不止是员工，还有值班经理啊 失望 [失望]
0,大川 我帽子上的标不知道让哪个傻逼给我接下去了！ 泪 我草你死妈妈的、让我知道是谁我不把你逼手剁了的！艹！ 我在 [泪]
0,回复 伊利莎白太热 其实 的粉都了解滴 她演唱会的第一首歌通常都唱不太好 害羞 ，后面嗓子唱开了就会越来越好 赞 可惜，这种晚会她都只唱一首 失望 伊利莎白太热 肿失常是为哪般 [害羞] [赞] [失望]
0,肿么辣！ 马诗诗诗 雨 泪 [泪]
0,曾经是最爱吃 的地方，可怕 琳曦儿 吐 衰 好恶心啊！ 静语 大胃的 晓八与安安 哈泥心，不敢吃生蚝了闹 多宝 吐 吐 吐 再也不去了哦 彬彬求发达 阿 的私人抽屉 尊奇 庄子老爸 [吐] [衰] [吐] [吐] [吐]
0,何穗 泪 泪 泪 泪 泪 泪 泪 泪 泪 泪 泪 泪 泪 泪 泪 泪 泪 泪 泪 泪 泪 泪 泪 泪 泪 都 健健康康 平平安安 好不好。 鲁若晴 可你曾否扒开患者的心，那里尽是无人倾诉的痛苦和对死亡无边的恐惧。爱你的生命，活着真好。 [泪] [泪] [泪] [泪] [泪] [泪] [泪] [泪] [泪] [泪] [泪] [泪] [泪] [泪] [泪] [泪] [泪] [泪] [泪] [泪] [泪] [泪] [泪] [泪] [泪]
0,怎么微信又不能上了？ 晕 晕 [晕] [晕]
0,哎呀，错过了 泪 泪 好想再去一次啊 穷游网 穷游最后一分钟折扣 菲鹰航空菲律宾国内线促销，马尼拉到卡力波 长滩卡提克兰等均有特价票。 [泪] [泪]
0,舅妈说岁月是把杀猪刀，那会没捞着！丫有肉嫌毛 泪 [泪]
0,新鲜分享 找刺激 借我一百个胆也不敢啊！ 这是一个在拉斯维加斯的一个塔，据统计，每 人上楼后，有 人会下楼， 人只会在旁边观看， 真正敢坐上去的只有 人，你敢不敢？ 泪 [泪]
0,。无数回忆。泪奔 泪 泪 泪 [泪] [泪] [泪]
0,我突然有个念头，很强烈：明儿上一手店采购猪蹄、钳子、小鸡腿、松花火腿、儿童肠、鹌鹑蛋、鸡脖子啥的带着 可怜 天啊 牦牛肉一点味儿都木有啊 刘爷很低调 岱琳 包子 我们回家 馋嘴猫 尽管我现在连呼吸都没味儿了。。。 泪 [可怜] [泪]
0,抱抱！ 泪 心 [泪] [心]
0,拍着拍着就有木棉花往下掉，啊啊啊啊啊啊！！！ 抓狂 抓狂 抓狂 抓狂 小苹果露 [抓狂] [抓狂] [抓狂] [抓狂]
0,在入秋最阴冷的一天，听到又要搬家的消息。。。半年内三次 吃惊 吃惊 吃惊 晕 晕 晕 [吃惊] [吃惊] [吃惊] [晕] [晕] [晕]
0,大尉 吟风萧月 太恐怖了 衰 家有臭柠檬 蜡烛 老虎哦 婷婷花下人 吃惊 吃惊 吃惊 天使的疯铃 哪是放假嘛，是玩儿命啊 芒果小姐 安全第一 [衰] [蜡烛] [吃惊] [吃惊] [吃惊]
0,回复 口爱之楼外楼 除了屁股，另外 送你十 掌嘴 委屈 、 、 。。。。。 生病 泪 吐 口爱之楼外楼 妹子，别怕，偶那几下你都挨得住，加上你最近连续 火狐狸 膘肉劲长，我觉得接下来的那些责罚对你真是太小小不言了，好了，时辰已到，着民女安东拖出去重杖二十，全打在左边屁股上！ [委屈] [生病] [泪] [吐]
0,我是不会再去了，也会要求公司不再安排这个黑店 宋强 再不安排这里了 衰 朱武平 丰台有这样的酒店，就是丰台的耻辱 怒 新丰台网 郝旺 朱武平 文明丰台 新丰台网 丰台青年 微话丰台 [衰] [怒]
0,周末 和小妞一起做的，做了满满一本，不知这本里今后会有什么样的秘密，时间会让小妞长大，我变老 泪 [泪]
0,确信另一只鞋不是变成老酸奶了！？ 衰 菁制美食 衰 [衰] [衰]
0,杂观 逛书店还有这功能？很受启发啊！按说我书店逛得也不少，我怎么就没碰着好女孩呢？我知道了，原来我要么去文史古籍区，要么去养生保健去，我说怎么碰到的总是大叔大妈呢？看来属于结构性问题 泪 杨文轩 找几个美女做书托！也是一道书店风景线。 [泪]
0,终于清静了。。。可以开始加班了 亲亲 黄小小钰 如果给我封口费，我会失意的。 我 我很好的，站在她老婆那边！ 岳国峰 衰 黄小小钰 我在公司啊，没看见啊 尹方鸣 泪 我的清白啊 毁我啊 衰 搜狐张岩 没安排加班啊？ [亲亲] [衰] [泪] [衰]
0,晕 牛逼！ [晕]
0,干！来搞啥的。 厦门情报 衰 厦门爆炸性新闻 凤姐要来厦门了 抓狂 吃惊 吃惊 汗 [衰] [抓狂] [吃惊] [吃惊] [汗]
0,不行了 泪 [泪]
0,其实，三哥不分裂的。相反，他是各种手艺集合的要你命三千大成者哦。 嘻嘻 懒人业余餐厅 擦 我人格分裂 还严重 衰 衰 [嘻嘻] [衰] [衰]
0,广场舞恋人 单身的你还在上婚恋网站相亲么？现在大家都流行跳广场舞求婚啦！史上最美广场舞，最感人求婚！小编看完泪奔中 泪 东方卫视妈妈咪呀 [泪]
0,宜家这儿出租车都跑哪去了 泪 真要大家都睡这啊 [泪]
0,没看到完整的法案，讲座的重点在其对国外基金管理者的影响。从这部分看，国内投行又加大了监管成本。怎么美国人搞得象是国外资本造成了金融危机？黄狗偷食白狗遭殃 抓狂 [抓狂]
0,瞬间长了个包， ，上火 怒 [怒]
0,怒 中国经济网湖南频道 居然盗窃留守老人的东西，太可耻了 [怒]
0,点就做完片子了，结果因为要出一个不抖字的 ，到现在都出不好，怎么都是 抖的，抖啊抖抖啊抖，抖你妹啊！！！我要回家啊！！！！！ 抓狂 抓狂 抓狂 [抓狂] [抓狂] [抓狂]
0,豌豆 抓狂 抓狂 [抓狂] [抓狂]
0,回复 爱吃西瓜籽儿 你们欺负银 抓狂 抓狂 抓狂 ，明天非跑出闪电的速度 右哼哼 右哼哼 爱吃西瓜籽儿 算胖 [抓狂] [抓狂] [抓狂] [右哼哼] [右哼哼]
0,期待早日再相逢 泪 泪 泪 泪 [泪] [泪] [泪] [泪]
0,没体验到 泪 悔的哦 [泪]
0,岁半的表妹也太会玩了。。。 汗 把超市卖的塑料桶卡头上非要拉着我玩躲猫猫。。。 晕 妹纸，你先找到北再说。。。 懒得理你 原地打转了都 [汗] [晕] [懒得理你] [?]
0,怒 要是不装修，你永远见识不到啥叫真正的不靠谱。我勒个氧化钙 [怒]
0,西狮薇薇 衰 瑞征蓝维维 本来你可以领到 的月薪，但政府以 为了你的未来更幸福 的名义，从你或公司的途径拿走 。这并不是全部，您劳动创造的价值财富里公司已经向国家交了 左右税。事实上你无权知道这些钱去哪啦。 文心传播周忠 魔鬼经济学 税负有多重 [衰]
0,券还没用完 晕 [晕]
0,我又在烈日下趴趴走了 晕 晕 [晕] [晕]
0,应当鼓励一下，起码她知道有京韵大鼓这一曲种，中国有多少人不知道曲艺为何物？ 乌鸦晨儿 高级黑吗？ 衰 偷笑 马 然 这是天托刘保全儿？ 筱古 配图算骂街了，不是姓刘的都叫宝全吧 小四爱世博 哈哈 哈哈 哈哈 厨师大鼓刘学厚 刘兰芳 [衰] [偷笑] [哈哈] [哈哈] [哈哈]
0,回龙观在哪儿？ 臭臭漫画 对九当歌 漳州人严某某 抓狂 回龙观居民注意了 移动互联网 许晋豪 亲眼见过回龙观站前有俩地痞，扒骑自行车人的包，大家小心了 李成东 尹广磊 单身妹，小心 [抓狂]
0,泪 泪 虽不会滑雪，也心动 扬 心动了？夏季登山滑雪去！ 优雅小裤衩 开心小栗子 大春子 [泪] [泪]
0,话筒 话筒 陆地食色 同念 陆远 路过 怀念吃货集体出动的日子 衰 [话筒] [话筒] [衰]
0,生耗受欢迎的程度真高 晕 如今是排队时代，连桌签都开始排队了 偷笑 有图有真相哦 [晕] [偷笑]
0,不住鸟！ 黄欣雅 狮子会 上帝啊，祝他们幸福！！ 纽尚 晕 吃惊 思考 有鸭梨！ 不住啊！ 酱家的日系美服 纽尚 以便以后接到这样的客户 [晕] [吃惊] [思考]
0,挂面、方便面以外的面都要先用清水煮熟再入汤，要不然就坨在锅里了。 泪 云之力 回复 魏厨 明晚试做，准备用它孝敬泰山大人 魏厨 面煮好后过编冷水，面上放葱姜蒜末、辣椒面糖鸡精盐，然后把热花椒油浇面上，加醋和生抽就好了！ [泪] [good]
0,内涵了 晕 [晕]
0,一居室，招合租，要求女性，房租面议， 嘻嘻 小美不姓孙 小事招魂，大事挖坟 哈哈 高兴 不服，你丫下来 怒骂 [嘻嘻] [哈哈] [怒骂]
0,郭小懒 抓狂 饮食健康 我要去台湾夜市！！ [抓狂]
0,回复 婧小暖 天雷滚滚，确定不是愚人节？ 婧小暖 最新一集 哈哈哈 而且艾米还有了谢尔顿的孩子 偷笑 哪一集的事儿啊啊啊啊，没看着 泪 不要不要不要， 不好看！ 芭月晴明 天天被编排各种流言。。。 [偷笑] [泪]
0,每次下午三点左右从这里经过都要爆粗口 怒 怒 怒 [怒] [怒] [怒]
0,什么大梅姐啊？ 拿你当大梅姐了啊，哈哈哈 中国之翼扣子 冯主编 如方便请把教育及人事方面的杂志朋友联络方式给我 多谢 不好意思 刚才那么早短信您 ，刚刚前后两条，我实在不知道怎么回啊？ 泪 [泪]
0,小狗城堡 泪 泪 泪 [泪] [泪] [泪]
0,张佐如 韩三明小窝 杰先生 关注！ 游不动的鱼 话筒 疑问 卧石听风 惨不忍睹，仿如回到万恶的旧 怒 社会 石上流 复活者 钢铁侠 吃惊 红 遍天下 刘 昱 要按毛主席的既定方针办 打不烂的铁 这个国家真的没治了吗 [话筒] [疑问] [怒] [吃惊]
0,感冒确实不太爽 啊 抓狂 [抓狂]
0,简直比待北京拿北京户口容易多了 泪 哼 哼 妹子不是打算不回来了吧？？ 姚小费老掉了 转发微博 [泪] [哼] [哼]
0,还有养老的压力 苏小淼 春天 回复 我心飞翔 拼爹时代 衰 我心飞翔 就业压力是大，但是升学压力真的不大了， 的高考入学率，升学压力还大吗？难道要像小升初一样 ，才没有升学压力了？关键现在中国是一个关系社会，说的好听点是资源社会，谁拥有的资源多，谁就能赚大钱，能够呼风 [衰]
0,飞行到一半说飞机有故障，要重新飞回普吉国际机场检修 尴尬 抓狂 这是不想我回去吗？坐境外航空总遇到这些事情 抓狂 抓狂 抓狂 发怒 发怒 发怒 我在这里 [尴尬] [抓狂] [抓狂] [抓狂] [抓狂] [发怒] [发怒] [发怒]
0,回复 范佳丽 朱婆婆今天走了，节前见了最后一面 泪 今天我才知道她的本名 白深壁。我从小就跟着叫她夫家的姓。也是今天，至少有二十几个人声称我小时候他们抱过我。我仿佛又回到那段万千宠爱的日子，只是那个最宠我的老人再也无法相见 蜡烛 蜡烛 蜡烛 [泪] [蜡烛] [蜡烛] [蜡烛]
0,凹的 耶 二哈他妈是小忻 我也觉得是突的 晕 崔小嘴 我怎么看这都是凸出来的 [耶] [晕]
0,睡不着，就狠狠想好吃的 泪 泪 泪 [泪] [泪] [泪]
0,心情极 差 怒 [怒]
0,亲 如果有直接的来源，那就不用整理了 衰 。当然是几家通常靠谱的数据提供和多家不靠谱的数据互相比较，外加各种计算和验证分析，以及过往历史数据的验证 其实没什么技术含量，我就是好这一口 害羞 罗政 什么来源？ 尹方鸣 数据独家整理 害羞 [衰] [害羞] [害羞]
0,热情的柚子蜜 荃哲 日本料理计划要泡汤了！ 泪 [泪]
0,这些人难道不是一个人么 晕 [晕]
0,就是图小了乃呀 晕 吾是 号小坦克 你聪明的哦！我先试验下看看你满意否！ 偷笑 夏慢慢的 偷笑 他肯定是在试验微直播的功能呢 小 孓 抓狂 抓狂 抓狂 抓狂 居然你先看到！ [good] [晕] [偷笑] [偷笑] [抓狂] [抓狂] [抓狂] [抓狂]
0,头晚酒多了，第二天头都是晕的，腿也是酸的 悲伤 [悲伤]
0,我吃的馒头 泪 [泪]
0,太特么丢人了！ 勤劳的工作狂 每次出国飞机降落滑行中，永远是国人在空姐的警告声中，去开行李箱。。入境口处乱插队。。餐厅内大声喧哗。。没有修养没有素质的暴发户嘴脸。。尽显无遗。。丢脸啊。 晕 晕 [晕] [晕]
0,面对感情方面不成熟的小 孩儿 实在很无奈 晕 [晕]
0,太有才了 张帆 偷笑 严老师已经上火呢！ 严伟民 太扯了！ 张帆 偷笑 北京城你不知道的事儿 抓狂 抓狂 [偷笑] [偷笑] [抓狂] [抓狂]
0,回复 沁沐然 笑哈哈 走你 沁沐然 无敌评语 有福社长 嘘 闭嘴 俺自己钻被窝里了 无敌兔 社长下介木大决心把谁睡了 吃惊 有福社长 全球经济危机，地主家也没粮了，公社。。。。。。 回复 有福社长 大雪封山，猎物木影儿啦 抓狂 求社长开放酒窖赈济本狼 [笑哈哈] [走你] [嘘] [闭嘴] [吃惊] [抓狂]
0,陈观晓月 怎么那么快就结束了！ 泪 泪 泪 没看够呢！ [泪] [泪] [泪]
0,单位伙食还能再差点吗？饭钱能不打卡上吗？食堂的小卖铺特仑苏、手纸能不卖 吗？牙膏能不卖 吗？你妈逼这就是在洗钱！！ 怒 经济都他妈市场了，你丫伙食能不计划吗？ [怒]
0,在我坚持不懈的努力寻觅下 我发现了这个 喵喵 张老师真的很感谢你留下了这个东西 感动啊 泪 泪 泪 泪 我在 [泪] [泪] [泪] [泪]
0,每月一次生日趴 好丰盛！！我又选择性障碍了 抓狂 [抓狂]
0,已 不知道第几 人 我是不是朝 族的了。 到台 腔跟朝 族的 口音那 像 泪 [泪]
0,本人驾驶闯红灯，遵照 新交规 移送学习 次 睡觉 睡觉 睡觉 我申诉 因北京雾霾天气影响 看不清红灯，可否宽大处理？ 泪 求交规通关密集 嘻嘻 嘻嘻 嘻嘻 [睡觉] [睡觉] [睡觉] [泪] [嘻嘻] [嘻嘻] [嘻嘻]
0,又生病了我！ 泪 泪 泪 抓狂 抓狂 抓狂 [泪] [泪] [泪] [抓狂] [抓狂] [抓狂]
0,爱情悠悠药草香 编剧们还能再技穷一点儿吗：从正太太到六姨太，恨不得每个人都和别人有私情，还都去同一个院子 废苑 ，还就是同一张床，一旦身处险境就会发现已怀有身孕，当然孩子不是正牌老公的，结果当事人男女就各种纠结。。。编剧们能稍微动点脑子吗，别一个剧情六个角色都来一遍行吗 抓狂 [抓狂]
0,北京地铁早晚高峰常见场景 。。。 可怜 衰 转 [可怜] [衰]
0,北京今明两天雾霾不散 周六将有 级大风伴扬沙 日开始，京城便笼罩在雾霾中，能见度下降，空气污染严重。预计 日夜间开始，随着冷空气的到来，北京将出现大风、浮尘、扬沙天气。雾霾未散，沙尘又来，空气质量堪忧，提醒公众减少户外活动。 悲伤 [悲伤]
0,尽管投诉 偷乐 乔巴爱榴莲 再不给我吃，我就投诉你 抓狂 [偷乐] [抓狂]
0,抓狂 先帝已薨，少主年幼，宦官把持朝政 前有沙俄天朝恐生二心，后有大韩美帝狼狗野心，正恩保重，主体思想万岁思密达！ 奥特曼 [抓狂] [奥特曼]
0,与各种三甲医院结缘 泪 [泪]
0,终于上啦？我都要，马上淘 抓狂 抓狂 抓狂 抓狂 [抓狂] [抓狂] [抓狂] [抓狂]
0,泪 感谢大家的爱心，我们会替大家传达到的 [泪]
0,长假结束了，明天开始上班了 ！！ 泪 泪 泪 [泪] [泪] [泪]
0,失望 还好 是一样的。。。 嘻嘻 第一次，这星期得尝试过 [失望] [嘻嘻]
0,我擦，我真饿了 抓狂 抓狂 木 是式 下楼买点烤羊腿。明天带给我 偷笑 偷笑 陆伟的胶片 我手贱点开看了后就跑出去烧烤了，吃完就后悔 游走的胖纸 我也饿了。 木 是式 就看了一眼图片，肚子咕得叫了一声 害羞 [抓狂] [抓狂] [偷笑] [偷笑] [害羞]
0,真相！！！有这么难吗？？？ 怒骂 朱令朱令！！！ [怒骂]
0,出海 偷笑 快艇前必须吃晕船药 失望 [偷笑] [失望]
0,去不了啊 泪 乐者张笛 终于又可以评论了，把收藏的朋友们的微博评个痛快吧！下午见！ [泪]
0,侯宁 回复 股市 唉 老郎的确有本事 但你这个辩护太那个了 这不等于说老郎是土财主么？你还是歇歇的好 会赚钱的多了 但比不上老郎的也多了 哈哈 股市 赚钱是证明郎咸平有本事！没有本事的人才会大呼小叫的！让人讨厌！ 怒 竟是说人家坏话！有本事你也赚 万啊！讨厌 怒 [哈哈] [怒] [怒]
0,这钟点掐得真准，我饿啦 抓狂 抓狂 抓狂 [抓狂] [抓狂] [抓狂]
0,热伤风 泪 可怜 感冒 悲伤 生病 [泪] [可怜] [感冒] [悲伤] [生病]
0,瘦了 泪 [泪]
0,连续五天了。第六天不可以在掉了。 抓狂 [抓狂]
0,就好像学会了真买得起飞机一样，就好像买得起飞机真能随便飞一样 衰 [衰]
0,最近烘焙成果，某人连他明早的那份面包也吃光了 泪 毒气天的下午懒在沙发上听 年代录的肖邦，一边感叹自己烤的饼干真好吃真好吃 严禁某人贪食过量，里面那么多黄油直接抵消运动消耗 猪头 [泪] [猪头]
0,这厮！ 怒 [怒]
0,标题：外币于我有何哉？坦腹东床，不亦快乎！ 抓狂 [抓狂]
0,男神，一定要幸福 泪 泪 彩虹妹 泪 泪 泪 泪 泪 泪 泪 我的爱！祝你幸福！ [泪] [泪] [泪] [泪] [泪] [泪] [泪] [泪] [泪]
0,货 豹纹儿宅小旭 没靠垫 只能这么睡了 刘曦 睡觉还摆 ，有多 ！！ 鄙视 鄙视 贺雨薇是外貌控 还别说 拍的比醒着的时候帅多了 刘曦 睡姿可以！！ 偷笑 偷笑 豹纹儿宅小旭 我不是倒了 是困了 怒 怒 怒 刘曦 行不行，刚两点多就倒了。你越来越耸了！！ 弱 弱 [鄙视] [鄙视] [偷笑] [偷笑] [怒] [怒] [怒] [弱] [弱]
0,偷笑 吴晓昀 娃他爸真懂娃他妈 泪 爱心传递 [偷笑] [泪] [爱心传递]
0,圈儿 我膝盖中箭了有木有？ 可怜 期待 作为一直被误解的处女座含泪飘过！ 泪 [可怜] [泪]
0,回复 。 没办法 泪 、私 思 。 可怜 [泪] [可怜]
0,怒 米妮郡 好有爱 撒时候可以养个喵星人 [怒]
0,也不能轻易相信陌生的发型师 衰 [衰]
0,拉肚拉肚 衰 [衰]
0,暗黑一直维护！一直维护！从预定的两点已经维护到五点了 据说还要到八点！今天七夕节你们有老婆 我只有暗黑！这还无尽的维护！让我情何以堪啊！ 怒 怒 怒 怒 [怒] [怒] [怒] [怒]
0,小仙女 抓狂 抓狂 没有买卖，没有杀戮 [抓狂] [抓狂]
0,看底下新闻报道，这孩子家长是否有隐瞒禽类接触史？得亏还不能人人传染 诸葛昂森君 这里是哪儿北京 爬范儿 柯北老猫 刚看见这条新闻！海淀区？ 土司胡咧咧 海淀！ 衰 章小泡儿 转发微博 [衰]
0,太像王杰了，年轻版！！！！ 我比烟花也寂寥 回复 李东日 日 怒 李东日 好帅的哥哥啊 鼓掌 [怒] [鼓掌]
0,打算安排一次全家去国外旅行，老公表示不去，说他的一个藏族同事前几天去哈尔滨住酒店，不许他住。理由是酒店怕有恐怖分子入住 他同事说那是新疆的极小部分维族，不是藏族。但酒店方说新疆西藏都是一样的，他们担不起责任 晕 老公怕他的藏族身份在海关被扣了，等调查清楚没事过关时再误机了，所以不去 [晕]
0,不高兴，今年太多公共假期都被圈在家里，或者干自己不情愿的事情了。。我要出去玩。还好春节可以和闺密们一起旅行了 怒 我是 猫眼 [怒]
0,吃惊 吃惊 衰 衰 应小非 罗宾糖 柠檬果冻雨 懒得甜美 [吃惊] [吃惊] [衰] [衰]
0,又一年要过去了，小时候每到这个时候，就全班一起装扮教室，各种拉花儿彩灯挂起来，黑板上各种鞭炮齐鸣，花团锦簇的粉笔画，各种节目，零食和礼物的准备，那时觉得过新年真好啊。现在也觉得好，只是总要伴随着感叹时间的飞快流逝。很多事儿还没来得及做，一年就又翻篇儿了 泪 [泪]
0,爱玛， 钟鸿飞 刚刚给我发的，这素个神马情况 黑线 黑线 兄弟你还藏着什么 抓狂 抓狂 [黑线] [黑线] [抓狂] [抓狂]
0,水云广州 回复 民生周刊广东 是啊。乱花钱是不负责的表现。 民生周刊广东 有些钱不是乱花的 水云广州 回复 福惠泽 从此不看湖南芒果台。 福惠泽 湖南芒果台已 了小年夜。。 。 晕 中 人民的血汗 就 嬉 水云广州 央视，醒醒吧，钱不能这么花的！ [晕]
0,我的鼻子 是疼的很！ 是血染的 采 ！ 真想揍某某某 怒 [怒]
0,中俊崔春婷 怒 [怒]
0,泪 小崔和他的团队用与时间赛跑的紧迫感，让他们的故事终于留了下来；可是我们又能为老英雄们做些什么？ 我的抗战 飞虎队 老兵 我的抗战 [泪]
0,简直萌死人了哇 抓狂 [抓狂]
0,回复 衰 衰 自己心 清楚就好 再多也 用不懂的 是不懂 是有人 往神 免得被神 [衰] [衰]
0,沈立行 拉风娱乐 亲爱的回家 亲爱的回家 亲爱的回家 拉风娱乐 给力 给力 蒋毅同学 哎！刚落地上海奔赴苏州 晕 今天看不到了！打个电话给家里，通话第一句话是我爸说：你真够坏的，两家人被你搞得不安宁 我说：你们接着看不打扰了！ 浮云 [给力] [给力] [晕] [浮云]
0,回复 呵呵，现在你们超越了城管，厌恶榜排行第一。 你他妈的保险代理人招你惹你了。你所在的那个群体又怎样了？全国几百万保险代理群起而攻之，捶死他！敢口出如此狂言损害一个群体的一定也不是一个好东西 怒骂 怒骂 怒骂 [怒骂] [怒骂] [怒骂]
0,卢健生 活活把孩子烤死，还瞎编说是感染致死，又一人间悲剧。 杜楠爆料 怒 可爱的腰间盘啊 泉州儿童医院，别以为监控录像删了，记录没了，病例改了，医生护士跑了，你们就能够只手遮天，别以为你们是公立医院，记者不敢采访，你们就能无法无天，我会把能打的热线都打遍的。 [怒]
0,可怜的，连眼睛都找不到，只剩下一坨毛！广深高速，你能不能有点出息 抓狂 我在 [抓狂]
0,也不知道想在我电脑里找出什么，几近崩溃。。还是 的漏洞呢。。哥们是良民哦。。。。。 怒 怒 [怒] [怒]
0,共同祈祷！ 爱心传递 雅安加油！ 绿丝带 挺住！ 爱心传递 浙江世贸君澜大饭店 让我们一起祈祷吧 杭州旅游 可以不可以让这个数字停下来，不要再上升了 泪 [爱心传递] [绿丝带] [爱心传递] [泪]
0,说实话飞机真的不靠谱啊！ 李军 我说怎么起飞时间待定呢，来时就在飞机上做了 个小时，还不算在候机楼得时间，这回去又不知道要等多久。 衰 怒 怒 [衰] [怒] [怒]
0,我快感动尿了好么 泪 ？美中的大夫和护士把她们夜班宵夜的肉夹馍也送给我两份 泪 。活活儿蒸腾了她们一天，还把口粮分给我，我都不知道说啥好了。不过，我这一天来医院到底是干啥的啊？光饭都吃四顿了，我儿这是占便宜没够的路数啊，都到这日子口儿了，还骗吃骗喝呢 汗 汗 汗 [泪] [泪] [汗] [汗] [汗]
0,回复 深 蓝 刀子嘴豆腐心，此好男人求解救！！！哈哈 深 蓝 回复 紫泪仙鲤 鲤鱼 怒了，又后别想到好普洱了 怒 [怒]
0,这个点儿京承已经堵死啦，时速 公里 抓狂 昊飞 郭小雪 今天上班的时候可参考下 [抓狂]
0,可怜 抓狂 太开心 [可怜] [抓狂] [太开心]
0,薛微悠着点 暧昧 泪 太不容易了 可是我还是忍不住花钱 嘻哈包袱铺赵鸣毅 容易吗 [泪]
0,这个真没点了。 马珂爱梅西：哈哈，你啥时候来西安？ 田耀儿 失望 马珂爱梅西：走起 田耀儿 我也想 [失望]
0,苍天啊！这样的也叫晴天吗？决定还是呆在酒店做室内运动！ 衰 [衰]
0,话筒 话筒 话筒 啥最重要？ 健康！ 青天有日玉无瑕 找谁要？ 失望 杨澜 我们要干净的空气、水和食品！ 洪晃 生病 [话筒] [话筒] [话筒] [失望] [生病]
0,我已经从 换成了 有点不适应，感觉像是从佳能换到了尼康 衰 [衰]
0,奉先 泪 泪 [泪] [泪]
0,疤痕灸，此人重口味 怒 沈宏非 本日 吃面 薰 或者抽 [怒]
0,小崔加油！ 崔永元 我要和这样的人在法庭上辩啊 泪 泪 王牧笛 今日庭审： 、彭剑带了个方粉，说是热心网友，这哥们边听边拿出纸笔记录，被法官喝止，接着，这哥们竟然用笔在胳膊上记录，写满了整条胳膊，被法官勒令清洗胳膊； 、彭剑当庭说王小胖是党员，违反了科学发展观和三个代表 [泪] [泪]
0,哈哈 小虎吉吉 偷笑 确实 抓狂 读懂臭男人 姑凉们，不管你买了多少， 些混蛋都会神秘地消失 有木有？ [哈哈] [偷笑] [抓狂]
0,我的命还能再苦点儿么 泪 泪 泪 。以后能给我提一些高级的，有档次的问题么？ 一只优雅的刺猬本尊 文大美丽，马桶老堵怎么办？有没疏通剂什么的？ [泪] [泪] [泪]
0,能骂人吗？ 怒 央视新闻 马航飞机失联 越南方面表示大约在一小时后举行发布会 [怒]
0,对不起糖小姐麻麻又失约了。。。 失望 [失望]
0,我有个叫 的大闺女了 抓狂 嘻嘻 哈哈 鼓掌 花心 [抓狂] [嘻嘻] [哈哈] [鼓掌] [花心]
0,举头望明月，低头湿内裤。内裤内裤我爱你，就像老鼠爱大米。只是因为在人群中多看了你一眼，再也没法忘掉你内裤。穿过你的黑发的我的手，穿不过你的内裤的我的眼。。。 全球热门 问南方晴为何物，再下雨就木有内裤！ 泪 [泪]
0,对女人有效吗？ 三俗女流氓 心虚果然减肥 狐狸隐君 ：听到她老公在开门 ， 衰 [衰]
0,准备开工 一晃小家伙已经快五个月了 每天的生活从手忙脚乱到渐渐归位 有喜悦 欢笑 更有焦躁和担忧 不间断地各种担心 揪心 还有闹心 经常掰着手指头算日子 总算捱过了最艰难的阶段 唉唉 我这个新妈也算可以出师了 泪 同志们 我们当妈的容易嘛 图雅宝贝 孙鑫 韩霜 [泪]
0,艾玛化了！！！ 东旭鹰 麻麻 泰国佛牌古曼童代请 小美不姓孙 太太太太太可爱了 抓狂 抓狂 抓狂 抓狂 乖张 爱吃所有红豆系列 三弟棠枫惨败 是阿拉不是哈士奇 [抓狂] [抓狂] [抓狂] [抓狂]
0,晕 童鞋们好像没有这种困惑呢 [晕]
0,泪奔了！养动物的人肯定受不了！ 硬汉强尼 泪 深白悦 要是我就辞职了。。。。 [泪]
0,同膜拜 马小琦 晕 膜拜 小芭 小芭 真的吗。。。。 [晕]
0,生快哈哈，今天的戏不错，张名记要是来了会更好看 沙子小窝 一年到头就等这一天你能说句好听的，还是毁誉参半 泪 左哼哼 弱 看你在为 努力加班的份上，作为消费者我谢谢你 [泪] [左哼哼] [弱]
0,我日。。。你们 在家里一起跨年。哥们一人在宿舍里。对着电脑跨年。你们这年肯定跨的不嗨。。 泪 [泪]
0,游客三亚坐摩托艇出海失踪 驾驶员称丢海上了 衰 月 日下午 点左右，一位女游客在三亚湾海月广场前的海滩上乘坐摩托艇出海游玩，摩托艇回来时却没见客人回来，驾驶员称把她丢失在海上了。随后，警方将摩托艇驾驶员带走调查。 [衰]
0,嘴馋吃了酸辣粉，这会儿胃疼了，不能吃的东西以后坚决不能碰！ 泪 [泪]
0,又一个大眼睛女孩 渴望知识、渴望用知识改变命运的眼神！ 抓狂 张升远的空间 应该帮助他们 、、、 张昭 ：我想去支教，真的 [抓狂]
0,一个要去给人家洗衣服，一个要争取去嫖娼 许子杰微博 衰 [衰]
0,大力士 自带一身健肌的向女士称自己在世界大力士比赛中惨遭淘汰，小编觉着这样的身材都输了，赢她的都是什么怪物，这个世界到底怎么了？你们考虑过我们的感受么？ 悲伤 [悲伤]
0,回复 曼姝 而且只是吃的 泪 泪 泪 泪 泪 泪 曼姝 两人八百是贵了点 [泪] [泪] [泪] [泪] [泪] [泪]
0,事实说明减肥跟光盘没啥关系！ 泪 [泪]
0,下班，不觉何时竟然下过场雨。四月的夜还是寒意十足。疯狂熬夜周。 抓狂 奥特曼 [抓狂] [奥特曼]
0,勿忘初心是一件多么难的事 服饰与美容：你也曾被他的娃娃打动吗？作为一个纯爷们，却如此懂得女孩子的心 勿忘初心 心 ： 无论身在哪里，都要永远地保持自我，勿忘初心 泪 [心] [泪]
0,真正的国际玩笑 怒 ，西方就那样强势的吗 抓狂 [怒] [抓狂]
0,我是内侧有明显线头 汗 蒋 终于，今天下班路上感觉有点磨了，到家看到两个泡，跟你位置一致 泪 [汗] [泪]
0,一个比一个坏！ 全勇先 你比闹闹还坏 怒 陈晓卿 闹闹太坏了。。。 我擦！太牛逼了！ 我的前任是个极品 [怒]
0,厦门、厦门哥来了！第 次来厦门的我，到现在还没去过鼓浪屿。 失望 [失望]
0,刚和兄弟 小 在 搞定午饭。加吉鱼卡路巴乔超惊喜，小番茄和橄榄油的酸香油润让加吉鱼口感更加的清爽开胃。老 点的龙虾意面没想到奶汁调制的香浓润口，面身不粘不生口感极佳在配上波龙的鲜味搭配的如此美妙后悔我没有点呀。 泪 泪 我在 [泪] [泪]
0,哎！拍的不错，就是我这肚子 抓狂 有人喜欢有人忧阿 [抓狂]
0,话说我已分不清东西南北了，这大爷偏就和我说往北第 个红绿灯，朝西一直奔，就到了 晕 [晕]
0,鼓掌 鼓掌 馋嘴 馋嘴 我要试吃 抓狂 抓狂 抓狂 抓狂 [鼓掌] [鼓掌] [馋嘴] [馋嘴] [抓狂] [抓狂] [抓狂] [抓狂]
0,确实热闹 桌！ 南粤京皇 吃不重要，最主要是热闹啊！ 丰 丰 皇兄长途旅行归来，需要清淡一下肠胃 南粤京皇 没啥的。 妖孽 要上班，所以不能够过来，馋死人了 泪 泪 泪 洋光摄客 番禺石基新桥第六生产队龙舟饭隆重登场 韩郁松 妖孽 馋嘴 馋嘴 [泪] [泪] [泪] [馋嘴] [馋嘴]
0,比如唠叨与琐碎 吃了一顿香锅然后又一顿火锅 这顿中饭吃的比较嘬实 挖鼻屎 男人们都吃不动了 娘们儿们还在奋斗 现在这个社会 除了体表特征 男女的胃口也呈现交叉互换的趋势了 衰 [挖鼻屎] [衰]
0,抓狂 抓狂 抓狂 这是今晚的表情 不玩儿了，今晚输惨了 泪 [抓狂] [抓狂] [抓狂] [泪]
0,有些人一边享受着被人学习的荣誉，到处吹嘘；一边又害怕被人学会了自己的技能，做事情遮遮掩掩、神神秘秘。。。看着难受！ 晕 我在 [晕]
0,牙，还是跟我作对，总隐隐透出酸痛感。看来，辣和甜点要少吃。可，这样，生活还有什么意思呢 抓狂 爱非 [抓狂]
0,好主意，我先在两张床上个安排一个人，然后 晕 翻牌 鼓掌 神马都是浮云 翻牌子 哈哈 胡爷 信步人生 那也是只能住一张啊！ 晕 倔强四格格 把两儿床放一屋里 [晕] [鼓掌] [哈哈] [晕]
0,你那是假糊涂 偷笑 为什么我那么糊涂还有烦恼啊 泪 有福社长 赞 [偷笑] [泪] [赞]
0,看来我是最容易被忽略的人啊 泪 [泪]
0,见鬼。 小树林 人肉一下那几个男女。 实用小百科 太可恶了！ 抓狂 [抓狂]
0,回复 你没来呀，我以为你也来了 衰 马剑是谁 前几天上传了猪宝宝馒头你帮我多吃一个吧 美子 馋嘴 我都到新宿了再 嘻嘻 现在打倒回府你多吃点 [衰] [馋嘴] [嘻嘻]
0,同意剁这种懒人手脚各十次 哼 哼 哼 紫色小羊 很忙就不要去啊 或者直接报团啊 挖鼻屎 伸手党就该直接剁手一万次 怒 [哼] [哼] [哼] [挖鼻屎] [怒]
0,回复 姜 抱抱美女经理 爱你 哭，咱等敢看滴时候再看成不？ 玫瑰 姜 身处非常时期的脆弱女人路过 暂时不敢看。 泪 心香一瓣 国旗 谢谢虎王 玫瑰 俱乐部魔界皇子虎王 榕树半支烟 恭喜心香，果断转发。 [爱你] [玫瑰] [泪] [国旗] [玫瑰]
0,最讨厌要输入各种验证码了！眼睛眯成一条线也分辨不清。 泪 [泪]
0,为什么那个十号线割脸的微博都会被删啊？！！！！！！！！ 怒骂 怒 怒骂 [怒骂] [怒] [怒骂]
0,淘宝 砖买家。 陈中 李晨这斯文哥原来是个老手啊！ 张栋伟 批发石头的那几个淘宝店要火了 张馨予 够好骗的 曹增辉 看评论吧。 围脖老丁 衰 和菜头 丢手绢，丢手绢，悄悄地把它放在小朋友的后面，大家不要告诉她。 [衰]
0,是人，但不一定能过上人的生活 "为了生活而劳动是不公平的" 泪 我也是良民 [泪]
0,萝卜物语 兔子，求求你了！我都长成这样了，就别吃我了吧 泪 [泪]
0,天都醒很早是在 哪 啊 抓狂 抓狂 抓狂 [抓狂] [抓狂] [抓狂]
0,我的爸爸妈妈是多么爱我啊！！！我就是在这样的 谎言 中长大的 泪 泪 [泪] [泪]
0,刚演完出回到宾馆！感冒、嗓子发炎、牙疼在一起的感觉真要命！最近不知道怎么了！上这么大火！明天一早还要赶回北京！悲催啊！ 泪 [泪]
0,泪 可怜的宝 下一站幸福宠物救助 主人啊！ 别让它们留落街头淋雨食垃圾 被冷落嫌弃还要被打 泪 从出生到现在的所有 它们都太太太无辜了 泪 泪 泪 泪 [泪] [泪] [泪] [泪] [泪] [泪]
0,晕 抓狂 吃惊 真的吗？元芳，你死哪去了？ [晕] [抓狂] [吃惊]
0,伤心 吃惊 吃惊 吃惊 生病 吐 生病 吐 生病 吐 生病 吐 抓狂 抓狂 抓狂 泪 泪 泪 [伤心] [吃惊] [吃惊] [吃惊] [生病] [吐] [生病] [吐] [生病] [吐] [生病] [吐] [抓狂] [抓狂] [抓狂] [泪] [泪] [泪]
0,我：热！他：到湖南就不热了。我：湖南 度呢！他：那到家里就不热了。 晕 晕 停车外带全聚德。 嘻嘻 [晕] [晕] [嘻嘻]
0,漫画才 块一本，杂志 块，已经是最那啥的消费了，比小小朋友的娃娃书还便宜。 重工组长于彦舒 回复 堇言 果然还是好人多啊 泪 堇言 我就是 丝中的好人 日漫网上看一遍又去书店买，叔你的漫画我可是先借高帅富的连载看了又去买 重工组长于彦舒 没有的 [good] [泪]
0,泪 雪 雪 雪 人民日报 专家解释为何 除夕不放假 ：很多单位除夕约定俗成地放一天假 清华大学假日制度改革课题组负责人蔡继明介绍说，经调研发现，很多地区的企事业单位原本在农历除夕约定俗成地放一天假而且并不安排工作，从除夕开始放假让很多员工觉得浪费了一天假期。 思考 [泪] [雪] [雪] [雪] [思考]
0,如果优酷能推出消费满多少钱，就能减少片头广告的等待时间，甚至消费达到一定数额之后，以后看片再无广告时间，那我愿意付费。这些广告太烦人了！长达快一分钟有木有！！ 怒 怒骂 [怒] [怒骂]
0,字如天女散花 老大笨象 赞 飚叔钢笔画 志华兄笔墨功夫了得，意境非凡。这幅作品乃其用心力作，收藏超值！ 笨大童 好画好字 黄小桥 明天晚上结拍，要捡漏了！求转发支持！ 泪 黄小桥 话筒 心经 目前有俩位善德爱心出价 元，盼奇爱心加价支持 [赞] [泪] [话筒]
0,羡慕嫉妒恨 抓狂 [抓狂]
0,回复 明前清茶在长安 是的， 度的高温，烈日在我的皮肤每天留点黑色的印记，我快成黑妹了。干脆叫 黑妹图集 算了。 衰 明前清茶在长安 看明白了，原来被晒成鱼干，是值得的 太阳 冰棍 照相机 美景！ [衰] [太阳] [冰棍] [照相机]
0,刘理事长的意思是中国的老百姓好坏不分吧？ 钱文忠 怒 怒 骂人不可也不必，这个 弱 弱 弱 则是必须的 老唐 我为车狂汽车服务 滚你妈的 弱 陈般若 毫无廉耻之心。 [怒] [怒] [弱] [弱] [弱] [弱]
0,我的好日子快到头了 泪 ，得，怎么着也得过了年再说，再得瑟一晚！ [泪]
0,衰 付亮的竞争情报应用 比 年严重， 年上届政府透支了未来，现在开始还帐了 流程审计 [衰]
0,在病魔和灾难面前， 泪 生命真的太无力了！ 旅伴箩箩 罗军 没忍心看完 泪 郑小彬 泪 泪 泪 看完后我轻轻的亲了亲熟睡中的女儿。 笑笑江湖 哭得稀里哗啦的 可怜 [泪] [泪] [泪] [泪] [泪] [可怜]
0,天 ，究竟在哪里？ 泪 家人杂志：羽岸的弟弟发起寻人启事： 请大家帮忙找找我哥 我们现在都还没有他的消息 请大家帮忙转发！ 连鹏：此博主是伊伊爸爸项羽岸，这是他们坐动车去杭州时给伊伊拍的照片。微博网友说：伊伊母亲遗体己找到，最新消息是，她的左腿保住了。愿天护你，宝贝。 绿丝带 [泪] [绿丝带]
0,我试过，进去时我还人模人样，出来时做壁虎状 泪 泪 三谷 北京的一号线比这还要惨烈！ [泪] [泪]
0,噢 最近你的研究有点诡异阿 晕 建议你看 西藏生死书 [晕]
0,泪 泪 泪 抓狂 好狗好猫义工团上海站 上海爱宠领养家园 泪 泪 [泪] [泪] [泪] [抓狂] [泪] [泪]
0,回复 张小金的春天 她边抠牙边继续：你是雨露，我是花朵。谢谢你陪我一路，风景再美也美不过你。范总。哦不。范哥哥。我心想：你倒是美了，也不想想我们的感受。喂喂，你另一部手机也响了！！ 抓狂 偷笑 张小金的春天 不过人家这样的才能混的开 哈哈！ [抓狂] [偷笑]
0,泪 陈业文新大都 你，没有离开。 方家评说 纯转发。 [泪]
0,之前看过英文版本的，单词内字母调换顺序也不影响，只要首尾字母是正确的 绝毒断肠 靠，全是乱的 衰 怕被笑死 没几个一读就发现问题！毁你三观木有？ [衰]
0,照相机 年 月 日， 教育报邓兴军 老师还在北京青年报工作时对我的采访报纸 年后已经成为我家最宝贵的文物 钟 没想到 年后能在微博和邓老师重逢真是太激动了 泪 李利国是个好同志 [照相机] [钟] [泪]
0,回复 衰 我是来看 评论的。 晕 晕 我的心情：今天一的哥说 如果找十几个 岁左右的死刑犯 让他们练四年足球 然后他们踢世界杯 出线了就出狱 出不了拉回来枪毙！枪毙！枪毙！！！ [衰] [晕] [晕]
0,好美丽的女孩。。。 蜡烛 蜡烛 蜡烛 侯泽永 蜡烛 蜡烛 蜡烛 你若安好，便是晴天！ 蜡烛 蜡烛 蜡烛 赖远兴 蜡烛 诚睿益达李军 蜡烛 叶文添 蜡烛 泪 急诊科女超人于莺 泪 泪 泪 [蜡烛] [蜡烛] [蜡烛] [蜡烛] [蜡烛] [蜡烛] [蜡烛] [蜡烛] [蜡烛] [蜡烛] [蜡烛] [蜡烛] [泪] [泪] [泪] [泪]
0,心灵之旅倩瑜狮姐 钟震玲 要看拖延时是自我憎恨的，还是自我疼惜的吧。让我们怀着自我疼惜来拖延吧。 刘瑜 拖延与否，在于你的选择！ 侠女闲云 能拖一会是一会儿 泪 太多的牵畔太多的内耗。 香港陈子晴 怪活得那 累 悲伤 但我是 超 人呵 睡觉 有什 方法不拖延呢？ [泪] [悲伤] [睡觉]
0,口水决堤啦，我要报复社会。 抓狂 抓狂 抓狂 [抓狂] [抓狂] [抓狂]
0,如果你与我握手时发现我哆嗦，那不是我紧张激动羞涩，而是每天练这个来的 晕 路小兔儿 你老公教的多点儿肌肉增加基础代谢也不知道管不管用 [晕]
0,回复 爱土豆牛奶 干嘛打我 晕 爱土豆牛奶 我要打你了，带我去 [晕]
0,泪 好多都不是怎么办 国际流行英语 网上流传幸福女人的新特征 [泪]
0,和很久没有回国的儿时伙伴去吃自助餐，食客们争抢的场面把我的朋友惊住了。问我，"怎么在这么高档的地方也要争吃抢喝的？来这里消费应该是有一定经济基础的 不太缺钱的人呀 "我说，"中国人不缺钱，缺的是教养。这是花多少钱也买不来的 " 李厚霖 国人已经习惯了争抢！ 衰 [衰]
0,陈 妹 麻烦您老回电话 刚拨您电话，除了 您拨打的电话目前无法接通 的甜美女声外，居然出现了 您拨打的电话是空号 的惊悚提示。要知道，咱一个小时前刚刚通了话啊 抓狂 [抓狂]
0,坏消息是，把钱包拉在办公室了，浑身上下只有六毛钱 泪 好消息是我今天写完了一万四的大专题 我以后再也不拖稿了，真的！ 抓狂 [泪] [抓狂]
0,花姐肯定有切肤之痛啊，呵呵。 花生米哦 风帆远行的小窝 景赫博 移动互联网 这变态 怒 让人咬牙切齿啊！ [怒]
0,月营业额不足 万？害我认真从头看到尾，原来依旧和去年调整 的增值税一样形同虚设 ！ 伤心 ，最起码政策倾向迈出了这一步，象征意义远超实际现状。 化妆 [伤心] [din化妆]
0,消费电子的市场变化如此之快 以致佳能和尼康的卡片相机今年的市场比去年下降了 多和 多 泪 原因很简单 智能手机的拍照和摄像功能越来越强 哈哈 或许卡片相机再过几年就会从市场中消失了 据说其中的某个品牌都计划做手机了 吃惊 [泪] [哈哈] [吃惊]
0,韩梅梅没嫁给李雷 早恋没有好结果啊 泪 [泪]
0,看来南昌也一样啊 泪 [泪]
0,庄雅婷 衰 衰 韬光养肥 哈哈 [衰] [衰] [哈哈]
0,主页君，咱能不把毁老大形象的照片发我不？我强烈表示抗议 抓狂 抓狂 嘻哈包袱铺官方微博 嘻哈包袱铺筱雅 你怎么看？！ [抓狂] [抓狂]
0,委屈 俺们 后也看的 王旌羽 原来还有这么一条线！这帮坏银！乃们 后的童年是不是都给毁了？ 抓狂 奥特曼 [委屈] [抓狂] [奥特曼]
0,看政府怎么安排我吧，到时候再说 泪 鲍营营 头姐，俺没钱去月子中心但是还想好好坐月子，能不能出狱后这个总结 [泪]
0,以前进口一桶原油需要 元，现在需要 元，中石油，中石化却还不降价，发改委的人是傻呢，是傻呢，还是傻呢 怒骂 王的女人： 半缘君的竹舍：这才是老美 谁在谁的目光里 ：人才 [怒骂]
0,泪 泪 素颜出门不怕晒 泪 [泪] [泪] [泪]
0,查！ 译韧海潮 齐秦 社会与法频道阎肃 土夫元顺 怒 话筒 [怒] [话筒]
0,怒 连政府官员都不懂法 建筑师李谦 卡发的何崴 又到一年收获时 宇文洪胤五行 彼岸层 自由基 北京律师童朝平 童评 法治国家的政府市长，公然践踏对抗法律，敢于成为世人不齿的老赖，赖了 年。面对镜头毫无羞耻、毫无诚信的赖皮，这伙无赖是中国社会公平和正义的破坏者！ [怒]
0,莫非俺家小盆友将来也是这样的？ 泪 对面的老张 赵清晖 刘焱 李向显 张小米饭 看见了吧，一定要善待狮子 我 泪流满面啊 请自勉。。。 对面的老张 演员莫小凤 挑剔的狮子座，除了真诚善良，其实内心是非常孤傲的。 [泪]
0,你全家都是通稿！下作和拙劣的手段还真拿不出手，真心别高估成和你们一种人！背黑锅也就罢了，但这种下作和给招黑的本领还真学不来，部分媒体，恭喜您挑事的本领见长！还有那些 的，抱着这种想法，可见你们人生也不咋地！大雪来的正是时候 埋了这些脏的和黑东西吧！ 怒骂 打哈气 [怒骂] [打哈气]
0,回家 北京，房山，京港澳高速，通了 鼓掌 ， 天没回家 泪 ，谢谢各位关心 握手 讴阳北方 美库原创黎冬 淮河之玉 胡加华 薪宇同学 喜悦蜘蛛侠组合 章磊 新中国风王子 安静凤凰 迟永志 李小艾 阿斯顿马丁 [回家] [鼓掌] [泪] [握手]
0,泪 美哭 [泪]
0,没带笔 衰 [衰]
0,赚了那么多的眼球，那么多的广告费，这点压力都不背吗？？。。。这比赛，必须摔，换了谁都得摔，呵呵。。。。 赵月 可怜 我是李小阿 泪 泪 真的特别不容易，不比赛会挨骂，比赛摔倒了还是被骂。。。身上被了 亿人的期待，神也抗不住啊。。。 [可怜] [泪] [泪]
0,人类一直在自取灭亡 杨澜 他们折断的不仅是鸟儿的翅膀，也是人类心灵的翅膀。 邓飞 鸟语捕鸟 护鸟营 震惊！ 怒 安徽 万余只候鸟被不法分子捕获，约千只死亡！ 让候鸟飞 邓飞 国家林业局 [怒]
0,回复 模特张一彤 你认识我之后估计瘦不下去了，捏哈哈哈哈 嘻嘻 模特张一彤 啊啊啊啊。原来你是拍肉啊！我是个背景 泪 。嗯，那次真的很开心，也很好吃 馋嘴 [嘻嘻] [泪] [馋嘴]
0,不败不行的 泪 泪 泪 晕 汗 吃惊 [泪] [泪] [泪] [晕] [汗] [吃惊]
0,马继跃 可爱的人民警察 骄傲的人民公仆 泪 感动 牵肠挂肚的发自内心 今夜无眠 为方洪守候 [泪]
0,俺基本不及格 抓狂 徐智明 如果把第一条加上一句： 读微博也算。 再把第六条去掉，那我就基本合格了。 [抓狂]
0,毛泽东出访苏联 给斯大林带了一车皮山东大葱和一车皮江西蜜桔 衰 [衰]
0,看看我们的当代政府官员都在干什么？哎 伤心啊 姓张名俊字恩嘉 后悔没去台湾了吧 海灯一盏 喀喇昆仑之巅 陈世卿院士 泪 心 太阳 爱心传递！。。我们不能忘了所有 年抗战为了国家生存，牺牲自我的一代！ [泪] [心] [太阳]
0,感冒的人儿早点睡 晕 晕 晕 [晕] [晕] [晕]
0,带着微博去圆梦 梦想君时常在思考，造成这一切的根源是什么呢？ 悲伤 根源得不到解决，杯水车薪的事情我们依然在做，并不停的互相鼓舞着 呵呵 [悲伤] [呵呵]
0,就算心里有一千一万个不愿意，这条新闻还是残酷的出现了！ 泪 看着央视新闻频道里出现的画面，我把声音调到了静音 请珍惜你身边的人；请珍惜在一起的每一天；请对这个世界好一点儿；请让这个世界上的悲伤，再少一点儿！愿逝者安息 [泪]
0,小虎子又被大黑狗欺负啦 怒 怒 ，我一定要训练它 惹不起躲得起，三十六记 溜 为上记 [怒] [怒]
0,徐明的女朋友姜某 不是女性朋友的意思吧 为了一套别墅折腾的这套华丽的避税方案我看了两遍还是云里雾里 衰 温拿们活着真不嫌麻烦啊 [衰]
0,姐们，您还是北京的哪！你和炒肝有仇吧，给它改名换姓 哈哈 京城豆腐白 什么炸薯片，这是炸虾片 泪 王勇 老师 这不是炸薯片嘛 哈哈 哈哈 京城豆腐白：这是炒肝吗，听口声可不像本地人呀 晕 沧海五粟 回复 吴 黄绢 还门框胡同呢 [泪] [哈哈] [哈哈] [晕]
0,离家倒计时 泪 再想每天喝这样用新鲜牛奶制的 自酿酸奶 就很难了，抓紧享受。在新疆打鲜牛奶 斤 元，酸奶引子重复用价格忽略，酿成的酸奶品质好又便宜，足够一家人早晚喝。还有外公的老胃病也是连续仨月早晚喝外婆发酵的酸奶治好的，当然不一定适合所有胃病患者，但每天适量饮用酸奶真的挺好的 [泪]
0,今天是要贤惠到家啦，雄的啊，你们眼睛擦亮吧，还多个 啊 抓狂 抓狂 抓狂 偷笑 偷笑 偷笑 哈哈 哈哈 哈哈 哈哈 ，是不是也该有 飘扬我一扭扭下 偷笑 [抓狂] [抓狂] [抓狂] [偷笑] [偷笑] [偷笑] [哈哈] [哈哈] [哈哈] [哈哈] [偷笑]
0,那必须的 新浪图片博客活动花絮 熊火火 原来山口组还信这个 晕 小虎同学 新浪旅游 头条博客 图片博客 新浪图片博客活动花絮 牛小天 熊火火 [晕]
0,方泉 泪 [泪]
0,老鼠屎。 新浪厦门 比黑心油还狠！沙茶酱用过期 年腐鱼做原料 怒 大嶝有售！ 台湾黑心油的制造者大统长基食品厂再曝丑闻， 多年前的腐鱼被消费者吃下肚，大统所出产的沙茶酱原料都是 垃圾 。这些黑心沙茶酱在大嶝小商品市场也有少量销售，大家小心！详情： [怒]
0,住在所有外卖都不肯送餐处的人认为这个世界不会好了 泪 [泪]
0,貌似又是 思考 思考 张晓蕊 头像不错，又是我拍的吧 茉莉香片 冬天不能没有暖宝宝 泪 泪 我这真不是广告 风华正胖 还用暖宝宝呢？傻妞，有不充电的不用，傻不傻啊 茉莉香片 太腻，吃不习惯啊亲 晕 晕 张晓蕊 回复 茉莉香片 多吃红烧肉，增加热量 [思考] [思考] [泪] [泪] [晕] [晕]
0,回复 李康城 哈哈 点我们吃饭哈 李康城 回复 周飞 这个可以有，哈哈。 周飞 回复 恋月儿 猫猫的多才多艺我可是早就知道的哦。我是一只以猫猫为标榜的。 可爱 恋月儿 要不要这样厉害，跟你一比，我觉得自己笨得不止一点 泪 [哈哈] [可爱] [泪]
0,微笑太甜，泪水太咸 这是曾经用来做签名档的句子，现在用来写给这部电影。一开始以为是喜剧片，到最后好感人的影片，很好的故事，感动，泪流。 开心家族 。 泪 泪 泪 [泪] [泪] [泪]
0,打扫起来累死人，家里有人也见不了几回面，费电费水暖气费都贵。 京承高速收费员 那房子夏天很热的。 太阳 露台遇到暴雨说不定还会进水， 下雨 然后从楼下灌到楼下， 泪 好惨呐。 抓狂 这样想心里感觉就好多了。 嘻嘻 [太阳] [下雨] [泪] [抓狂] [嘻嘻]
0,游泳对我来讲好难 抓狂 [抓狂]
0,这里只有一半 晕 ，整理好头晕 陈珊珊 也许我也应该都拿出来看一下 [晕]
0,不能睡懒觉了 泪 [泪]
0,咳嗽一晚上！这又要怎么滴？ 抓狂 扁桃体发炎！哎！ [抓狂]
0,可怜的猫咪 泪 姐姐，能给我留点吗？ 抓狂 抓狂 抓狂 [泪] [抓狂] [抓狂] [抓狂]
0,爱吗乐死我了 好酒好蔡 加多宝亮了！ 哈哈 晕 哈哈 晕 [哈哈] [晕] [哈哈] [晕]
0,馋嘴 馋嘴 抓狂 盐 凤眼果 比栗子更粉、更香、更甜、更滑！ [馋嘴] [馋嘴] [抓狂]
0,今天有个可爱的玩家着急转账到公司，付完后直接拍照证明。 每天都有一堆这样走支付宝甚至愿意付手续费直接打钱的玩家。一方面让我们感动，说明游戏还是得到玩家认可的。另一方面我们的 排名就这样漏掉了啊。 苹果什么时候能够提供更多的支付途径 泪 [泪]
0,晕 捷才教育 回复 潇洒张大旺 额 感觉会被冻死的。 汗 潇洒张大旺 事后了解 有人说这哥们儿常年酗酒 这次肯定又喝高了 有人说这哥们儿 精神上有点瑕疵 唉 大下雨天 就在公交站台上睡着了 冷风呼呼吹 雨水哗哗流 这哥哥也算是 一日风流 啊。。。 捷才教育 扶，找个证人一起扶。 [晕] [汗]
0,回复 阳光下跳舞的橙子 和客服联系退回吧，把店开过去就好了 阳光下跳舞的橙子 裁缝，衣服收到，布料剪裁无可挑剔，只怪自己身裁拉了平均值的后腿，不合身，那个郁闷啊 泪 [泪]
0,又一个 男和女文艺青年的杯具 晕 无知真可悲 把姑娘给捅了。。。拿刀 张洲演义 [晕]
0,医生说我浮躁至极，肝火上身，惹得满脸包。要平和，要淡定！ 泪 抓狂 哼 拿什么笑口常开。。。 兔子 熊猫 月亮 [泪] [抓狂] [哼] [兔子] [熊猫] [月亮]
0,呀！算我一个 晕 长沙南宫浩 这事如果谈成了，我愿意拿出 的版税，给转发微博的朋友每人赠送一辆价值两千元的自行车 外地的邮寄，邮资我付 。按转发微博的顺序，送完为止，决不食言。 南宫浩写于 年 月 日。 [晕]
0,知道真相我的眼泪掉下来 泪 吃素的狗熊：哈哈哈，金字塔和石柱雷到我了 余安 ：笑死了 千万不能相信摄影师 [泪]
0,啊哈哈 胡津南 真相太残酷了 张海佩 贺延光 翻老报纸的好处 恍然大悟地发现：我们蠢到总犯曾经犯过的错误！ 晕 日出日落夏威夷 哈哈，我就不说什么 [晕]
0,走路上被路人吐槽了，明天还是多穿点好了 衰 [衰]
0,七夕这下场，还遇上实习护士！ 泪 泪 [泪] [泪]
0,是啊， 一 十二人吃的了！ 谢秋娘 所以要人多，一 不那 二 也不 浪 。再怎 不肥 也不能吃太多啊。。。 味 是最好的了，但要千二元一 不便宜，但真的是很好。 媛媛 喜欢！看着就皮酥肉嫩啊，其实我没有吃过地道的烤乳猪，很没有口福啊 泪 。。。 [泪]
0,是呀哥很给力哦 徐晨 戴周颖 戴桑，有人求关注了。 兔兔的向日葵 关注我吧 戴周颖 哥要厚道哦 徐晨 不错了，上次有一个哥们被我推荐后还少了 个。。。。。。。 戴周颖 只多了一个粉丝 泪 [泪]
0,祝老师身体健康！ 泪 心 [泪] [心]
0,讨厌，害人泪奔 泪 [泪]
0,小虫老师辛苦了，为了给大家带来精彩的节目，熬夜录制，好感动啊！！ 泪 太期待本周末的 城市有你真好 啦！！ 太开心 [泪] [太开心]
0,好好的兔爷儿，非给加个标签，毁了 衰 [衰]
0,宁看甄 一整夜，不瞟党报一个字！ 拍砖 奥奥奥斯汀 死去吧 爱新觉罗 怒骂 [拍砖] [怒骂]
0,黑线 晕 [黑线] [晕]
0,近视毁形象啊 包子 爱网球的木吉它 今天被小恶魔同学说不戴眼镜比较帅，前些日子也被李乐同学说过一次。想到去年的微博，近视果然是我人生一大憾事啊 泪 小恶魔 [泪]
0,操 ！ 浪漫的 土家野夫 黑成这样了，你们还不管吗？ 俞心樵 中俊崔春婷 不知廉耻！ 怒 廖睿律师 警匪勾结， 撼动 中国！ 人民日报、 人民网 已发力痛批，能揪出幕后黑手吗？ [怒]
0,中国若不申诉。之后在世界体操界会怎样。。忍气吞声。大度。不一样 怒 刘璇 好吧，就算是输在出场顺序吧。但是我真的理解不了现在裁判们的出手打分能力。一冰绝对是虽输犹荣！ 分不能申诉，裁判们可能是太想去巴西度假了！马屁拍的那叫一个响 [怒]
0,果断下班打电话给老妈八卦下 衰 铁面仙子牛尾姐姐 ！是真的吗！ 马菇莨 矿里的孩子吗？ 沫 太牛了。。。 南京正在发生 现在的孩子都怎么啦？ 起个昵称什么的烦死了 地点是西善桥，梅山高中河段的秦淮河，桥是前段时间火车撞死人的那座桥旁边一座。 [衰]
0,快睡了看见你提这个！鱼香茄子 抓狂 抓狂 抓狂 歪歪 我喜欢吃鱼香茄条 感性老夏 歪歪 馋嘴 [抓狂] [抓狂] [抓狂] [馋嘴]
0,爱你 真可爱呀 抓狂 所有兔兔都不可以穿衣服，就得裸蹦。 荼荼茶 夜千 [爱你] [抓狂]
0,回复 陈俐君 你要的都给你留着呢 偷笑 陈俐君 我稀罕的 都人家弄走了！ 泪 画家刘勇 握手 微博金日比 很有意味 [偷笑] [泪] [握手]
0,晒老婆厨艺 。。。 泪 ，我家那位厨房都不进。 泪 详情 [泪] [泪]
0,八点起床算幸福吗？晚上八点 泪 [泪]
0,我真的是事故体质。登机之后发现同航班的大多数人被拦在外面无法登机 泪 后面的同学们加油啊！努力一下还是可以上来的 。 [泪]
0,啊啊啊啊！超级爱那艺术家盒子，但是年费会籍要到明年呢！咋办咋办啊？ 抓狂 魅力宝盒 月 日开始，订购当月盒子，就可以拿 月艺术家盒子咯！ [抓狂]
0,实用小百科 原来，这叫腻了 失望 [失望]
0,我有一双隐形的翅膀。天使，一直隐在人群中。打扮光鲜的，不一定是天使 冉广 你双肩包也就算了，为什么没有翅膀 笑哈哈 烨龙周炜 天使也是人。我也正在考虑，要不要迎合一下主流价值观， 衣装 粉饰一下，从深圳飞一下广州。 晕 杨光电影人 天使也是人！ 笑哈哈 [笑哈哈] [晕] [笑哈哈]
0,折多山大堵车 失望 [失望]
0,疼 泪 泪 [泪] [泪]
0,即 的美妙在此 ！如果 我再 一次的 的 ！我想 思考 站起 或跳起 好好跟 情 ！ 失望 [思考] [失望]
0,北京有 危 的。。。 晕 汗 偷笑 偷笑 偷笑 [晕] [汗] [偷笑] [偷笑] [偷笑]
0,吃吧 吃吧 吃的我扁桃体又肿了 伤心 [伤心]
0,好想吃西红柿打卤面啊。。。 抓狂 [抓狂]
0,关键获奖了还在微博上晒。。 陆导 真恶心，关键还拿来参赛了。更要鄙视！！ 怒 弱 樊哲 旅行摄影 此行为非常可耻！ 鄙视 王宁 很恶劣，声讨之。 摄影师邢建保 [怒] [弱] [鄙视]
0,这个杯子发布后， 多人找我要，亲们，行李超重的我们只能带下一只了，还易碎 晕 晕 晕 [晕] [晕] [晕]
0,我 太晚，已经换背板了 泪 在厦门的宋宋 黄梓潇 枫林人语 非创意不广告 个性的哟 [泪]
0,斯 巴 达不是十 八 大！这也屏蔽？ 怒 [怒]
0,准备早上早点，炸香肠的时候热油烫到了，到现在都很疼呢！不会落疤吧 悲伤 [悲伤]
0,介个 怒 [怒]
0,刚刚挂了电话，一下车就快步行走一边值微博 陈菜妞 在问霞蒲行，杨同学在问厦门行，老爹生日聚会电话催不停 至于这么忙嘛 晕 新鲜旅厦门 爱你 今天你？来试一试手气吧 爱吃同学 好摄咖 [晕] [爱你]
0,拼图 月 日晚快乐大本营十五周年特别节目， 衰 爱心传递 奥特曼 快乐家族初来大本营视频精彩放送，提前惊爆五张处女照，你还有印象吗？！ 何炅 李维嘉 谢娜 杜海涛 吴昕 龙卷风 蛋糕 [衰] [爱心传递] [奥特曼] [?] [龙卷风] [蛋糕]
0,回复 瑞尔齿科 明年派你参加 哈哈 哈哈 瑞尔齿科 回复 瑞尔齿科林浩 哼 人家今天还关注了下希腊和欧元区呢。。。不要小看学生妹 抓狂 瑞尔齿科林浩 他们的事情你也要思考啊？好像这些你都不消费的啊 哈哈 哈哈 瑞尔齿科 思考 [哈哈] [哈哈] [哼] [抓狂] [哈哈] [哈哈] [思考]
0,太不好用了，邮件各种发不出去收不下来 怒 [怒]
0,卖呢，借呢，还是送呢，呵呵 饭每天早出晚归 泪 馋嘴 赵嘉 姜老师，我们前段也买 了，回头测试完我把那台 卖你啊 偷笑 像风一样 我噻，我噻， 呀 赵嘉 废话，我不掏腰包还有谁掏，你肯？你愿意送我们相机还是镜头？ [泪] [馋嘴] [偷笑]
0,全国房价排行榜 年 月全国房价前 名出炉 北京仍居首位 曾经有一个的购房协议书摆在我的面前，我没有好好珍惜，等到失效了才后悔莫及。如果上天再给我一次机会的话，我会说 个字：别涨价。如果一定要在这个计划上加一个期限的话，我希望是一万年。 泪 [泪]
0,农民用自家的粮食养了一群狼崽子，养大了以后，回过头来连养他们的人都要吃掉！ 萎员们都装聋作哑。。。根本无视民意。。。 怒 诗人蓝野 大连谷子 湘墨人 湘墨人 微博 [怒]
0,泪 思考 微博搞笑排行榜 这特么就是爱情！ 泪 [泪] [思考] [泪]
0,端午过后 刚过完三天假，脸上的肉肉跟我 ， 哥们，好久不见！ 泪 泪 啊啊啊 [泪] [泪]
0,蜗牛太厉害了，我！恨！她！哈哈哈哈 果真对数字比较敏感，每天这小九九算的一分不差啊 泪 ， 神经研究所 蜗牛 狐狸汪汪 大飞飞 ，咱们三月份继续 [泪]
0,哇塞！我们费劲巴拉公关下来的一个很牛的测试工程师，竟然放弃 ！！！耍我们玩呢！ 抓狂 [抓狂]
0,抓狂 花心 快乐森活 本次 寻美厦门 达人活动收获满满 [抓狂] [花心]
0,物以类聚，人以群分 衰 知心小草 雄鹰在鸡窝里长大，就会失去飞翔的本领，野狼在羊群里成长，也会爱上羊而丧失狼性。人生的奥妙就在于与人相处。生活的美好则在于送人玫瑰。和聪明的人在一起，你才会更加睿智。和优秀的人在一起，你才会出类拔萃。所以，你是谁并不重要 重要的是，你和谁在一起。 [衰]
0,回复 天堂尘爱 哈哈， 海疆万里行 系列报道，在李鹏冲 版面上开了专栏！你约稿约晚啦！ 泪 天堂尘爱 兔子 亲，下次先招呼咱们！ 天堂尘爱 那你的我预约。。。。。。 [泪] [兔子]
0,哎，凑合着活着吧。有毒的食物都能上市场。良心都让贪官吃了。 抓狂 怒 衰 [抓狂] [怒] [衰]
0,泪 泪 吴天明 ，不仅是自学成材的优秀的导演，也是一位慧眼识千里马的伯乐，在他任西影厂厂长期间，大胆启用了 张艺谋 、周晓文、黄建新、 顾长卫 等一批有艺术造诣的"新人"，并把他们推上了事业辉煌的顶点，使他们成为国家级 国际级的人物 蜡烛 蜡烛 [泪] [泪] [蜡烛] [蜡烛]
0,灰常感人 泪 郁抒 太感动了，沧然即将泪下。。 子系木三 非常感人的微博，我被感动了 南楠大人 小雅式采薇 郁抒 利林小屋 呛辣微甜妞 [泪]
0,怒 怒 怒 怒 实用手册 没人性 怒 [怒] [怒] [怒] [怒] [怒]
0,风雪夜是一定悲催的限行和加班的 泪 以及活生生看着公交出站 泪 泪 实在没救了。 [泪] [泪] [泪]
0,神农架旅游委员会 神农架项斌 神农架太古小 湖北神农峰文化传播公司 泪 最难受的是主场的表现给家乡人民丢人啊！别安慰我了，求骂！凿山 点起床在台上练习 遍一字不差，一上台全忘了！求骂！ [泪]
0,出租车恐惧症 抓狂 褪头皮的小蛇 [抓狂]
0,回复 下班后带上你银行所有的钱找我吧，不见不散 爱你 回复 常静 泪 带上我呗，，，，，我聪明伶俐又安静 [爱你] [泪]
0,今晚欣赏了 乱打秀 超级酷！很诙谐幽默，女生打鼓实在够狂野 抓狂 爱你 爱你 爱你 我在 [抓狂] [爱你] [爱你] [爱你]
0,直播马上开始啦，我肿么那么高兴呢？我是多么热爱自己的工作啊 太开心 ！ 盛博 和我今天要和大家说说寒食十三绝，什么糖耳朵、螺丝转、墩饽饽、馓子、麻花、椰丝饼等等，全是我爱吃的，肿么办？肿么办？ 抓狂 欢迎大家踊跃签到，说说你知道的点心吧！！！ [太开心] [抓狂]
0,所以烟花三月何必下扬州！ 新浪江苏旅游 南京玩机尚志 西湖免费多年，玄武湖，中山陵免费多年，云龙湖云龙山免费多年，明孝陵梅花山在最美的季节实行降价年票，，，一个破人造景观还好意思涨价，药店碧莲。。古语烟花三月下扬州，是春暖花开的时候去扬州逛窑子，不是去瘦西湖当凯子 怒 [怒]
0,看电视就更暴啦，只看字幕不看画面，还随时受不了无标点捏 抓狂 陆佰 感触太深了 如今做着绘本还是忍不住统一数字用法外加区分做和作啊！ 池小旭 悲催 [抓狂]
0,开复老师躺着也中枪了 李开复 冤枉冤枉，译者无心，听者有意啊！ 女儿身，爷们心 ，这样行了嘛？ 晕 周鸿 这句话太容易让人产生歧义联想了， 哈哈 ，看来开复老师遇到男人的中年危机了 李开复 最好的组合：在女人的身体里，过男人的日子。 思考 [晕] [哈哈] [思考]
0,费迪南德不是退出英格兰国家队了么！ 汗 晕 睡觉 [汗] [晕] [睡觉]
0,转发支持一下苦命赶稿的祖凰姐姐。。。 祖小凰 求落跑 泪 麻麻麻 北纬 度 出名了啊 花心 祖小凰 泪 还在赶制 [泪] [花心] [泪]
0,泪 我发誓我自己、我的孩子再也不看任何动物表演 泪 泪 [泪] [泪] [泪]
0,宝贝 挖鼻屎 北京有机农夫市集 乐活先生要遭群起而攻啦 抓狂 乐活村 乐活先生 幸好我家距这个裤衩有 公里！ [挖鼻屎] [抓狂]
0,栗栗栗栗 失望 失望 [失望] [失望]
0,月 转移注意力，只有好吃的才管用； 做到把握住自己； 做到不让步； 做到坚持意志； 做到说话算数； 只是她大哭后也绝不放软，只会更凶地自找台阶； 屁屁打痛关小黑屋都不管用； 事后沟通态度诚恳懂事听话，判若两人。只是下次一切照旧 抓狂 抓狂 樊雪为了孩子 [抓狂] [抓狂]
0,蜡烛 洪光 蜡烛 吴伟 蜡烛 野靖春 赞 伤心 崔小平律师 蜡烛 顾明峰 蜡烛 张静飞 蜡烛 [蜡烛] [蜡烛] [赞] [伤心] [蜡烛] [蜡烛] [蜡烛]
0,我真的疯了。。。正着用秒表数提醒上字幕，倒着用 数，给所有工种。。。。然后还要对着 喊 对着 喊 于是，当数到 时，我完全反应不出来 ！！！！ 怒 [怒]
0,拍得很过瘾！ 抓狂 太开心 [抓狂] [太开心]
0,回复 谢美 心锁 祝好 谢美 心锁 抓狂 ，国航，你要吓死姐姐我吗？我家宝贝可是在纽约等着回来呢， ，你让我从昨晚担心到现在，现在我还要操心，还有 个小时让我等待， 威武 ，希望一切安好。。。 [抓狂] [威武]
0,早上早早来排队，大夫去查房了 泪 [泪]
0,谁没 过啊 失望 [失望]
0,我也是四种同时吃的，很复杂，有的一天两次，有的三次，事先都按天分好就不会漏掉。 树叶的飘落是随风而落 回复 兰毛毛 广而告之，医生让我吃的药是：阿莫西林，奥美拉唑，克拉霉素，舍兰，大家可以参考！ 兰毛毛 回复 树叶的飘落是随风而落 告诉我哪些药，我也有！ 衰 [衰]
0,唉，确实只能远远看一眼了 已经很拥挤了 泪 委屈 [泪] [委屈]
0,为什么圈你呢 差不多 曹振 你丫圈儿我干嘛 不倒翁之吻 爱你国安 衰 差不多 曹振 [衰]
0,跟一只半人高每戴项圈的狗一起坐电梯，你会怎么办 抓狂 抓狂 抓狂 [抓狂] [抓狂] [抓狂]
0,刚第一次坐过动车就听说我看的那小电视一万三一个，我用的那洗手台八千一米。这么想想觉得那票价还挺便宜的 泪 [泪]
0,除了欺负弱者还能干点什么！！！狗仗人势的东西 怒 百变时尚小恶魔 麻痹的煞笔城管！你们有良心么！！！ 怒 [怒] [怒]
0,泪 又来批评我了，我们家小主管休假了，服务员有点散漫 泪 ，下回你来我送你好吃嗒！ [泪] [泪]
0,靠，下楼一看悲催了，我的车牌，你在哪？ 怒 抓狂 [怒] [抓狂]
0,两周不见，尼玛， 吃成猪了！！！！ 怒 抓狂 抓狂 抓狂 [怒] [抓狂] [抓狂] [抓狂]
0,回复 笑哈哈 凑耳上来，俺告诉你具体地点和时间，明儿那个老太太等着您 走在右边的左边女子 普耐斯 回复 有福社长 木办法，谁要俺木有奇遇涅 抓狂 有福社长 土狼啊，那不是忘了拍啊！ 拍了就秀出来社长不许藏私，要共福 酷 [笑哈哈] [抓狂] [酷]
0,国内因为宰客而臭名远扬的两个地方：三亚、张家界。 玄了个澄的 张家界早已臭名远扬，没想到竟恶劣到如此地步 怒 今天是我的同事无端遭遇不幸，明天就可能是你的亲朋好友！请大家转起来，让更多人珍爱生命，远离张家界！ [怒]
0,这就是 经验 ，特别是最后一条。我也该忽视他这条建议吗？ 晕 [晕]
0,谁动了我的起落架？ 抓狂 [抓狂]
0,我也要开它进藏 冯唐 。。。这样简单下去，再简单下去，脑子没弯儿了，手脚有劲儿了，山顶慢慢低于脚面了，拉萨就在眼前了。你我竟然像山、云、湖水和星空一样，一直在老去，一直在变化，一直没问题，再简单下去，再这样下去，你我都是佛了。 火警小熊 海报上那段话是 冯唐 写的耶 泪 [泪]
0,故宫、西湖、鼓浪屿人看人，华山、普陀山、三清山人堵人，还是周边转转吧，象北仑瑞岩山水休闲游的口号：这里也很美 广西旅游在线朱锋 这个黄金周，真是一个堵！ 韦陀一杵 这是三清山。 抓狂 [抓狂]
0,母爱伟大，祝福这位伟大的母亲！ 马伊 泪 [泪]
0,山寨实际上是一种暴力，中国人特有的暴力，我们创造并默许了这种暴力，它打破了一切行业中本应有的规矩及质量要求，如今，大家都感受到山寨暴力的强大渗透力及破坏力 昨晚居然再次梦见了这个视频 晕 哈哈，真好看 [晕]
0,看看这接待规格 晕 晕 晕 王磊北京 陈楚生 老狼 叶蓓 赳赳 [晕] [晕] [晕]
0,华宇食享 花心 错过了圣诞夜自助晚宴 泪 但是 回音 秒 还有！！新年夜 海南风情 自助晚宴 准备好你们的草裙没有？ 转发 转发 心 心 [花心] [泪] [转发] [转发] [心] [心]
0,故意的，下班时间下雨 抓狂 [抓狂]
0,晕 这个是 最新造型吗？ [晕]
0,衰 影视群演马岩 空灵新 林小小妞子 重口味：被女子抓碎丸蛋男人当场致死 [衰]
0,后天上班，这个不太好吧，大周日的 疯兔子木子 你去死吧，你去睡吧。。。 晕 汗 血槌散兵 蘑菇大米 邮箱没收到 局长局长 望远镜设备 大额娘 吴淑兴随便。。吴淑兴是谁 瓶子里的石头 我有意思吧。。。 欣欣 小黑子哟 估计要上班 [晕] [汗]
0,中国梦想秀 第一位神秘嘉宾就是郭伟阳的妈妈，第二位神秘嘉宾是奥运冠军腾海滨，第二位嘉宾就是我们可爱的郭伟阳转了三次身才见到的惊喜 第一位启蒙老师。老师还为阳阳带来了人生中的第一块小奖牌，这一瞬间戳中泪点有木有？ 泪 支持阳阳圆梦的亲们赶紧来冒泡吧 转发 [泪] [转发]
0,切尔西的防线在曼联面前怎么那么弱啊！跟纸糊似的！唉 衰 [衰]
0,亲们，现在天通苑在雷爆 ，大雨漂泊的，你们那呢？但愿明天出门不用带救生圈和冲锋艇 晕 现在这雷真吓人！ [晕]
0,糖芋苗呀糖芋苗盐水鸭呀盐水鸭马兰头呀马兰头 泪 泪 都是家里的味道 泪 泪 想家了 泪 泪 泪 [泪] [泪] [泪] [泪] [泪] [泪] [泪]
0,刚刚发现，我的 冻得电源指示灯都不亮了。。。 泪 ，武汉到底是有多冷有多冷啊。。。 [泪]
0,希望能找到，祝福了。这孩子，雪服兜都有拉链的，以后记得拉上拉链。 孙晨 得瑟大了，悲催的手机丢了 衰 汗 泪 怀北国际滑雪场 这装备很拉风啊，酷极了！ 嘻嘻 [衰] [汗] [泪] [嘻嘻]
0,回复 的老婆 所以我们留下宾利，撞你老公的锐志 哈哈 哇啦哇啦喔哇啦哇 的老婆 回复 谢瀚 不舍得 委屈 委屈 委屈 我还没看够呢 失望 讨厌 抓狂 你抓住了我的弱点 抓狂 抓狂 抓狂 抓狂 的老婆 不是 偷笑 谢瀚 李霄的车不是凯美瑞吗 疑问 哇啦哇啦喔哇啦哇 [哈哈] [委屈] [委屈] [委屈] [失望] [抓狂] [抓狂] [抓狂] [抓狂] [抓狂] [偷笑] [疑问]
0,上菜 之汽锅鸡，朋友们拍的，我看的太专心了没拍。据说春节期间北京卫视还有可能重播。素颜满脸痘，多包涵哈。有点儿太女汉子了 抓狂 [抓狂]
0,房产税都 是要多离谱 怒 [怒]
0,走长安街就怕降国旗 泪 泪 泪 泪 泪 泪 泪 [泪] [泪] [泪] [泪] [泪] [泪] [泪]
0,洗个头而矣，一下就掉这么大把头发。。。 泪 ，这么下去我会不会变秃子啊啊啊。。。跪求靠谱的防脱发妙方。。。 [泪]
0,昨天的晚餐连吃了两顿火锅，从 ： 到 ： 一直在火锅店里呆着 二十年的老同学秋早小辣妈，一直在让服务员加麻加辣！！！ 色 色 色 辣到我整夜失眠 泪 此刻我觉得自己的头发丝儿都是辣的 馋嘴 究竟有多少四川重庆人在北京，我怎么吃到了家乡的味道？好想家！ 蕾女心经 [色] [色] [色] [泪] [馋嘴]
0,看吧，香港洗碗工月收入 万 都请不到人 泪 泪 再看看偶们苦逼旅游业。。。 香港自由行 [泪] [泪]
0,汗 由于 我是潘多拉 没有关注我们 不符合活动规则，以 杜杜 惰 替代之获奖！小编已经连续抽了四五位童鞋结果发现没关注 去哪儿网度假 只好去掉名字，情何以堪？最后还是犯错了， 也要对 我是潘多拉 说声抱歉！ 衰 黑线 为了避免尴尬还请大家记得关注 去哪儿网度假 [汗] [衰] [黑线]
0,到上海了，这半天就耗在浦东机场了 傍晚才飞美国呢，这么长时间干点什么呢？ 思考 生病 我好困 想睡觉睡觉睡觉 泪 十四个小时的飞行，想想就头疼 衰 我在这里 [思考] [生病] [泪] [衰]
0,个女孩是新郎母亲从路上找来的 衰 新郎母亲称，自己和老公的身体都不好，还要带孙子，太苦，就让儿子办婚礼 冲喜 。 个女孩是她从路上找来的，承诺好酒好菜免费吃，每人 块钱。 [衰]
0,身为岛民，也是种天生的悲哀，从日本到夷洲到吕宋，一以贯之。 假装在纽约 庭 小 大家不要再 了 失望 喜 我是你的自由， 不喜 我也是你的自由， 但是 不要攻 彼此， 我不希望音 交流的地方 成 吵的地方， 悲 我是排 族的姑娘！ 我只是 唱歌！ 就 心 [失望] [悲?] [心]
0,九月的放假安排就是脑残人想出来哒 怒 怒 怒 怒 怒 [怒] [怒] [怒] [怒] [怒]
0,想知道 女王那套冰雪皇袍实体是什么效果吗？网友神总 结 了 款华服！每一套都美得令人发指！！！！ 抓狂 花心 [抓狂] [花心]
0,哦 晕 原来是这样转的 汗 好像缺乏了一点刺激 嘻嘻 嘻嘻 [晕] [汗] [嘻嘻] [嘻嘻]
0,回复 程诗然 不会的，西安大街上被问路的大哥大姐大兄弟大妹子都还挺热情的，也没人抢我的相机。唯一缺点就是有的出租嫌路途近会拒载，而且晚上出租不好打。等你来了，估计景点又重新开放了！ 程诗然 因为我问他西安情况如何，周末我可能会过去！ 怕打砸抢哇！ 衰 [衰]
0,培训 好学生 可爱冰河 培训 排序？？？ 夜店里那点事 拍下 衰 ，难道我是摄影师 [衰]
0,刚刚才意识到明天飞大连的飞机是 浦东机场 泪 [泪]
0,回复 娜小娜 邀请你们人了，他们怕你再拿大奖隐瞒未报吧，西西 偷笑 ，哪天我补请你 心 娜小娜 今年没邀请我 泪 陈雨星 精品购物指南 回复 诸葛红 是我错了，应该叫姐姐一起来的 汗 在这一起边吃边聊多好 可爱 [偷笑] [心] [泪] [汗] [可爱]
0,泪 减肥啦 [泪]
0,守株待兔寓言新编 成都市九眼桥出现醉女强奸路人事件后，有网友近日路过发现，常有不明男子躺在桥上，行径非常可疑 晕 光明网 。是不是每个城市都会几个无聊和龌龊的人？ [晕]
0,帮转！ 泪 晕 闹心的事 [泪] [晕]
0,不是性，是文明。 韩滨鸿 虚假广告 泪 [泪]
0,一场战斗，是自己和自己的战斗！ 泪 泪 泪 没啥大不了！ 拳头 [泪] [泪] [泪] [拳头]
0,后续 昨晚在床上讲到奥迪迪奥奥利奥那个笑话，我突然感慨说好像还没用过迪奥，谭 立刻拍我的头 放心，你可以等六神出新品 ，玛蛋，真想一脚踹下床去 怒骂 纯粹捧场的一只猫 猫多势众 终于到手，检验了下，跟 还是有蛮大差别的，只能勉强说在中后调上有一丁丁丁点相似。。。 [怒骂]
0,你地麻辣火锅，我吃白饭！ 抓狂 [抓狂]
0,一剑走偏锋 赞 点子正 泪 爱你 [赞] [泪] [爱你]
0,天气不给力，交通影响大啊 失望 [失望]
0,回复 港港 再耐心一点点，相信你会很快成功！期待好消息！ 港港 我一直在努力拼搏 泪 泪 袁祖文 思变之心，会越来越普遍。 [泪] [泪]
0,太可耐啦 抓狂 [抓狂]
0,躺着也中枪，哥们够衰的 衰 红酒杨利 德迷杨 高空抛 德 ，抛不得！谴责这样的行为，反思类似的事情会给别人带来伤害，保证不做类似的行为影响身边的人也不要做类似的事，安慰鹏程兄 折财免灾 [衰]
0,我也要这么坚硬地说话以后 泪 [泪]
0,乱事用重典：抓住剁手！ 怒 [怒]
0,没看懂 晕 晕 [晕] [晕]
0,泪 艾可 美美美！ [泪]
0,菁制美食 衰 [衰]
0,蕾公馆 昨夜 蕾女 成灾 哈哈 都毕业 年了怎么还这傻样儿 泪 大早起来看 麦兜粗面鱼丸 笑成一团，喊着好男人一个都不能放过在床上翻滚 抓狂 这几天，我嗓子比以前更哑了，笑哑的 衰 米斯嘉儿 你要负责！ 王雪玉大熊猫 演员郭进尧 爱你 [哈哈] [泪] [抓狂] [衰] [爱你]
0,我想要个衣柜，我的好朋友在哪里？我想要个 ，我的好朋友在哪里？ 宗小满满：好嘞 我想要一台碟机！我的好朋友在哪里？我想要一台单反！我的好朋友在哪里？我想要一个木桶浴缸！我的好朋友在哪里？ 晕 是不是从这一刻开始，你们就当不认识我了？ [晕]
0,哈哈 偷笑 师父那张白旗袍是不是很眼熟呀那姿势 天儿 他 啦！！ 快板 赵丹丹 哈哈 偷笑 师父多有感觉呀 天儿就喜欢那张 七块板儿 徒弟，这照相怎么还洗澡呢 衰 晕 天儿 回复 快板 赵丹丹 哦哦 挺好 赶明儿咱一家子一块照一张！肿么样啊？ 杨惠 [偷笑] [偷笑] [衰] [晕]
0,看 失恋 天 的人好多，实在没耐心绕着圈排队，走了，逛店 才知道三里屯 地下很大嘛，我这个村炮，来这里就一直在地面活动 衰 [衰]
0,一路看着他们俩走过来也想起自己当初的感觉，真心希望他们能好好在一起，虽然年轻，但相信他们会找到幸福 ！是一次很真实的成长呀。。最后时刻真的好感动，忍不住 泪 ，好好把握 ！ [泪]
0,回复 笨小孩蓝蓝 抓狂 笨小孩蓝蓝 送上门才吃 [抓狂]
0,回复 月上柳梢微博 这个这个。。。只能为被牺牲的玉米点几根 蜡烛 蜡烛 蜡烛 了 月上柳梢微博 你考虑过玉米的感受吗？ 泪 [蜡烛] [蜡烛] [蜡烛] [泪]
0,被困迪卡农 衰 我在 [衰]
0,抓狂 水饺可以打包吗？？？？？超级好吃 抓狂 抓狂 抓狂 抓狂 抓狂 抓狂 [抓狂] [抓狂] [抓狂] [抓狂] [抓狂] [抓狂] [抓狂]
0,一首 安静 各种跑调，唱得跟屎一样，竟然还晋级了 衰 [衰]
0,刘小助理 王有旺导演 纪念林昭 鲍炜 有笙 纪根茂 时尚庄园主 国内每天都在发生各类伤亡是件他们视而不见充耳不闻，别国稍有风吹草动大肆渲染居心何在 怒骂 佯死 我也要说两句 李大华 酒红色的心 转发微博 [怒骂]
0,泪 法制晚报 衰 仅仅 分钟，国安让对手连入两球，扳平了 法制晚报 泪 让人家扳回一城，国安队员不要松懈啊！目前比分国安 广岛 法晚体育 法制晚报 国安征战亚冠 话音未落！又！进！球！了！格隆、邵佳一快攻 打 ，巧妙的撞墙配合，格隆最后一锤定音，场上比分 给力 [泪] [衰] [泪] [给力]
0,暴利 健康饮食： 怒 我嘞个去！！！ [怒]
0,晕，上周四在沃尔玛花 元买的筷子，刚拆包装才发现这货居然是弯的 图里木筷子是笔直参照物 汗 ，这是姐姐我购筷子的历史上第一次遇上弯筷子。再 汗 ，这也是咱自个掏钱买的最贵的一双筷子 泪 和筷子一起还买了同款的叉勺，叉子的下半截错位很严重， 泪 ，这种情况，我能拿去退换货么？ [汗] [汗] [泪] [泪]
0,回复 天一文化传媒金璐 宜春好像在江西，再冷也冷不过长春，虽然这两个都是叫春的城市！ 天一文化传媒金璐 应该比长春还冷吗？嘻嘻 天一文化传媒金璐 啊！那么冷呀！下周我也宜春的干活了 泪 [泪]
0,衰 汗 汗 汗 汗 汗 汗 汗 汗 汗 汗 汗 汗 汗 汗 汗 [衰] [汗] [汗] [汗] [汗] [汗] [汗] [汗] [汗] [汗] [汗] [汗] [汗] [汗] [汗] [汗]
0,八年以前见到过你了，你给我的亲笔签名现在都还留着。还是和当年一样漂亮！ 李冰冰 看来真是不能太贪心啊，昨晚一人狂吃了七份海胆 ，太好吃了，还有两螃蟹，确实多了点哈！你咋不早说啊 舒淇 天啊！！ 吃蛋糯米海 ！！ 晕 [晕]
0,回复 老邓同学 珍惜生命，淡然处世 老邓同学 其实，不输掉生命，总有翻盘的可能。 杨晓丽 怒 蜡烛 丁丁爱吃饭 ！！！ 新浪证券 蜡烛 [怒] [蜡烛] [蜡烛]
0,刚刚稍微走神了一下，闯了一黄灯 泪 [泪]
0,同招，今年花钱的欲望比哪年都强烈 泪 前世回眸 到目前为止，我口袋里的钱还是都欢蹦乱跳地去了别人兜里 偷笑 招财啦！招财啦 [泪] [偷笑]
0,我在蜂场，下了好几天雨，不知道为什么两窝蜂打架，损失惨重，尸横遍野。 泪 泪 [泪] [泪]
0,敢吃逗你玩 好怀念上个月一起啃的大鸡翅 泪 [泪]
0,我罪孽深重 泪 吴世勋的奶头 回复 撒空空 空空你竟然回复了我耶 空空你造吗 初中的我还是一个纯洁无比的小女孩 是你的作品 带着我在猥琐的这条路上越走越远 不好意思 纠结 害羞 [泪] [不好意思] [纠结] [害羞]
0,看评论都说胖的好，可伦家还是觉得瘦的美 泪 六六 坏就坏在 ： 的屏幕。 秋芬儿 还真是添一分太肥，减一分太瘦 洪晃 俺是古典美。 偷笑 [泪] [ok] [偷笑]
0,感动 触碰心灵的台词 好感动 泪 [泪]
0,，我是大胃王！跑通州蜀签吃串串香，女子组第三名。撑死我了！ 串！对面的哥们才吃 多， 汗 汗 衰 我现在的状态是，这刚哪到哪啊！ 嘻嘻 汗 衰 算了不逗你们了，其实我真正的状态是：别，别跟我说话，我想吐 嘻嘻 威武 奖状挂墙上了，你们来挑战吧！ 我在 [汗] [汗] [衰] [嘻嘻] [汗] [衰] [嘻嘻] [威武]
0,伤心 伤心 张波 座驾 伤心 [伤心] [伤心] [伤心]
0,兔子 有新歌手了呢！欢迎再来！ 想念 的爵士乐 心 泪 [兔子] [心] [泪]
0,胃疼死了， 肉丸子也有小春天 给泡的药，一屋子药味，很吓人！ 主持人一凡 竟然说我有前科要看着我吃完！我觉得吧，这个我的胃疼好多了没事了可以不用喝了！ 抓狂 哼 [抓狂] [哼]
0,最近两集虐得我那叫一个惨啊！ 泪 灿灿疼 疼腾腾 抓狂 抓狂 爱你 爱你 阿晶晶 为肉而奋斗 卧槽！！！每次都被第二张小基的眼神秒死！！！！！！！！！！ [泪] [抓狂] [抓狂] [爱你] [爱你]
0,明天我来探店，在哪儿？具体 帮主 三样菜帮主 呵呵！没事！下次过来就是啦！ 熊丽电台 为什么今天探店的不是我 泪 泪 [泪] [泪]
0,一到冬天就起不了床 ，一起不了床就赶不上公交 ，一赶不上公交就要迟到， 一迟到就要被罚款， 一被罚款就心情不好， 一心情不好就特别爱吃， 一爱吃就容易长胖 ，一长胖就怕冷， 一怕冷我就起不了床 一个冬天下来 ，就各种被罚款， 各种肥肉疯涨。特困户们，你们是不是这样滴 抓狂 [抓狂]
0,回来乏术 回天乏蓄水 邓飞 来来回回，无穷境也。 衰 老沉 死去活来 邓飞 生，生不如死。。 泪 海特天高 辉煌人生 幸福摩天轮 熠熠生辉 谐音 呵呵 刘勘 一劳永逸 清风 百里挑一 虢之殇 杀一儆百 清风 秋风肃杀 虢之殇 存亡之秋 [衰] [泪] [呵呵]
0,世界上最遥远的距离不是我在深情地望着你，但你却不知道我是谁，而是我跟你虽然近在咫尺，却不能相认。人世间最痛苦的事莫过于此啊！ 悲伤 [悲伤]
0,还是养狗好。 晴天萝卜腿 模特经纪人 媛 今早一到公司就看这个视频哭死了 泪 泪 [泪] [泪]
0,三天两头往机场跑的人伤不起啊 抓狂 [抓狂]
0,我 衰 [衰]
0,悲伤 岩石疯 太搞了！哈哈哈哈！ [悲伤]
0,开始拥堵 抓狂 。 路况早知道 路况微提醒 我在 [抓狂]
0,再圈一次 爱上 的小青蛙 美食营养师 韩笑 凹那个凸 佟晓货 姑娘。。。。你咋不 我呢 泪 求人品 闵春晓 美啊！ 丑丑 臻 李旭丹的围脖 让我 一下赢漂漂衣服 嘻嘻 [泪] [嘻嘻]
0,怒 鄢雨的微博 转 怒 明它它 导演高晓舰 ：是哪家大型连锁超市？呼吁大家抵制它！ 愤怒 青年导演上官麒 ： 怒 傻孩子，做鬼也不要放过他们！ 艺态品牌设计 ： 怒 什么超市啊 告它 [怒] [怒] [愤怒] [怒] [怒]
0,万圣节！！吓死你们！！ 怒 怒 怒 怒 [怒] [怒] [怒] [怒]
0,萧敬腾，你真能折腾，去哪哪变天 宁财神 泪 [泪]
0,提供终端设备啊？ 汗 衰 不是不让开手机吗 [汗] [衰]
0,草。这到底怨车还是怨监护人 ！ 方哥 吃惊 吃惊 达人秀陈伟开心小警察 衰 眼睁睁地 [吃惊] [吃惊] [衰]
0,最近僵尸粉又 始肆虐了。 抓狂 [抓狂]
0,你们快把我刷死机了！ 泪 思念李秀娟 相约爱知书店 感谢小编不断将惊喜带给所有喜欢你的粉丝，祝小编开心每一天！希望微博活动人气直升越来越火。 罗桂立 谢伯深 江申 杨蕊善 詹灶翰 地址： [泪]
0,护照是看一个国家公民在国际社会地位的最简单参照 酒壶里的弧月 中国大陆是台湾不可分割的一部分，求大陆护照同样待遇！ 泪 发春的木头 户外杂志 大陆护照情何以堪 泪 [泪] [泪]
0,今天家庭日，吃了顿香艳的老北京烤鸭之后，陪小外甥去买玩具，什么雷霆某某，闪电某某，绝影某某，都是四字组合，我却全部绝缘！ ，这文科算是白念了 思考 抓狂 [思考] [抓狂]
0,喜欢这么霸气的神兽。 小季 雅痞最速名车志 我喜欢。。。我想到神探噶吉特里面那个 的猫了 棉花树树 吓 我了 霸气各种漏！猫友们快来围观！！ 围观 体重和体积都是我家猫的五倍左右 可完全占据一个超大号旅行箱或者三分之一双人床 成年壮男抱着吃力的神兽！ 抓狂 [围观] [抓狂]
0,泪 萨 此狗对某人有特殊意义！大家帮转啊 的完美生活 请求各位帮忙扩散此微博，多谢了 [泪]
0,闺蜜是这么说我的 衰 [衰]
0,在吉野家的地上发现一只悠闲的大蟑螂 汗 晕 生病 [汗] [晕] [生病]
0,我擦，不能够吧。。。 吃惊 凌乱 饭稀 衰 零零发 各位奋斗在互联网行业里的同行们，保重身体啊！ [吃惊] [bed凌乱] [衰]
0,衰 轻轻扩散。。。 丁丁变老丁 呵呵呵呵呵呵呵呵 小米团子 衰 轰了 火星文 我们有没有这么贱呀 [衰] [衰]
0,整容的错觉啊 ！！！ 衰 [衰]
0,人类的 远远比自然界的 还要逼近，逼近 衰 衰 怒 怒 泪 泪 禧山映像建筑摄影 李 鹏 黑暗似乎没有离开的意思 [衰] [衰] [怒] [怒] [泪] [泪]
0,回复 恺撒要逆天 哈！这绝不是他最难认的字。以前看过他的字难度比这高得多。估计你平时没见过写行草的书法，你只看电脑字了。只有资深中医的字才象画符难懂。 恺撒要逆天 纳兰若仪 这是倪老给我妹妹写的信 哈哈 几十个字花了我一个小时才认全 泪 [哈哈] [泪]
0,坚决抵制转基因食品！ 怒 怒 赵立军 崔永元 老师你的功劳 王潮歌 子繁 秦枫 辣姜 淇儿 潘春春 万玲 夏华 潘石屹 可凡倾听 姬十三 马鼎盛 蓝凤凰刘蔷 王强 呼吁社会上有良知的各界人士站出来！为了你自己、你的家人及朋友！请扩散！ 话筒 [怒] [怒] [good] [话筒]
0,伤心 孝 的子女真的拜 擦亮眼， 父母 旅行啊 [伤心]
0,这是一个隔音特别特别特别特别好的酒店 哈哈 酒仙网娟子 看到这个微博才想起来，我在办公室忙活到现在才回来却忘记了定明晚的酒店 泪 泪 泪 酒红冰蓝 签酒店协议有啥要求？ [哈哈] [泪] [泪] [泪]
0,西风烈 不是一般的难看，真的难以置信我是怎么在电影院里坚持到最后，这部戏连在线看的必要都没有！ 衰 [衰]
0,衰 衰 谁先吃完谁先走 [衰] [衰]
0,可 忽然偶也好想 梦里蝴蝶 博琪仔 想到妈妈抱我睡时的情境了。。。呜呜呜。。。我要妈妈 泪 [可?] [泪]
0,结束曲 顺流逆流 响起，我强忍眼泪，回忆 泪 莲花二村村长 安徽柏永 徽州小生 各地小调大串烧，帅 哈哈 徽州小生 翻唱 菊花台 赞 明月千里寄相思，暗恋，星，经典一一重现 泪 热情的沙漠，劲歌劲舞 哈哈 凤姐的约德尔唱法绝了 赞 陆通 约德尔 音乐人 孙川 [泪] [哈哈] [赞] [泪] [哈哈] [赞] [good]
0,让小孩子去送礼，这种事真得不能做。这是在给孩子纯洁的心灵上刻上阴影，从小！！！ 衰 [衰]
0,受不了。不管难度不难度，艺术首先应该给人以心灵交汇和美感。如果强忍着胸口耳朵的被折磨，来过分强调炒作另类和艺术难度，似乎跑偏。更可悲的是，缔造了众多光着屁股喝彩新衣漂亮的皇帝。 谢文杰 我就没感觉哪好听，反而觉得她在侮辱音乐，也许我品味没到吧。 李龙滨 晕 [晕]
0,今天感觉好累啊，浑身都疼 肩膀疼，胳膊疼，腿疼，脚疼 泪 [泪]
0,好想去澳门感受一回居民待遇 狐钰钰 泪 嘤嘤嘤嘤嘤。。。我没骨气啊，想求收留。。。 [泪]
0,泪 终于找到了一个介绍女生汽车的微薄了，推 荐下！ [泪]
0,面 财务管理等于 大头算 算的头大了为止 晕 书呆子 我在 [晕] [书呆子]
0,擦。。。 怒 童大焕 这个倒像是在训练。但即使是在训练，也毫无疑问是在训练人成为魔鬼。 [怒]
0,感冒 好难受啊！！！ 泪 [泪]
0,高价墓地买不起 悲伤 洪晃 就埋吧。埋死算 谢文 以后改叫 宋英杰 嘻嘻 要怪就怪气象台，报完大雾又报霾；让人有点分不清，于是合称叫雾霾 气象万千 还不是气象人自己开始使用并媒体化了雾霾这个词。 [悲伤] [嘻嘻]
0,这漫画太感人了 泪 [泪]
0,今日立冬，周末北方大降温 吃惊 今天我们迎来立冬节气，此后，冷空气加强，降温加速。今天内蒙古及东北的雨雪将明显消减，但降温继续，东北多地迎入冬来最冷一天 衰 周六开始，一股较强冷空气将影响北方大部，大风 剧烈降温，降幅达 抓狂 小伙伴们，赶紧拿出棉衣，过冬啦 温暖帽子 [吃惊] [衰] [抓狂] [温暖帽子]
0,老将出马一个顶三，我这就打 去，记得给我报路费，， 朱惑木棉花 又来了位朋友？欢迎 鼓掌 张先 陈磊正能量 不是刚到吗？帮朋友留意着点。 朱惑木棉花 回复 赤卧 找不着 晕 赤卧 找找，可能就在街口拐角处。 [鼓掌] [晕]
0,等你回来偿月饼！我们中午回四合院吃甲鱼捞饭，你又赶不上啦，回来一并补上！ 夏柠儿 特别感谢梅华姐的邀请和为我做的苦心安排！！但距离实在间隔太远，一时回不去，下次一定不会再错过了！无论什么情况一定参加！！ 泪 委屈 [泪] [委屈]
0,回复 心迪 我是专业桥梁 泪 威武 围观 奥特曼 心迪 我对 主持人少枫 最欣赏的事情就是，他认识了你 小狐 ，然后让我们成为了朋友 爱你 ！ 主持人少枫 大美女过谦啦，你一样很优秀哦！优秀的让人嫉妒 偷笑 给力 围观 威武 [泪] [威武] [围观] [奥特曼] [爱你] [偷笑] [给力] [围观] [威武]
0,太喜欢右边的那句简介了： 倒数。。。 不是反话，真的点赞。我的这篇文章肯定不如你这句简介有趣。 床上的 什么乱七八糟的 浑身难受 浑身难受 抓狂 [抓狂]
0,最终还是没忍住从 说的 ，今天帮老公下单了 泪 我在这里 [泪]
0,话筒 围观 最新报导：尖沙咀的黄色冲凉鸭鸭及西九充气乳猪 月 日就要和我们 了 泪 泪 ！还未探访它们的话 就要快快行动了！ 香港海港城 橡皮鸭悦游海港城 城 中活动 [话筒] [围观] [泪] [泪]
0,我胃还真不如切了得了！！！ 泪 [泪]
0,，末日 就 了？ 抓狂 哈戳戳 倒 始。 哈哈 鼓掌 张粤 据说末日时间在下午 分 秒，那我岂不是还在家里磨蹭， 高奕 如果我们可以安全到店，晚上给你们亲手送上炸弹酒，我要把我的葡萄燕麦甜饼，好吃的 ，花生米，都拿出来给你们！ 泪 泪 是有多大方？ [抓狂] [哈哈] [鼓掌] [泪] [泪]
0,臧传刘苗 你说的就是这个吧 小新新在此 条儿挺好的，可惜人傻。 歪歪头像非本人 大苹果姐姐 我终于明白齐 是什么意思了 嘀咕一下 迷途的 进步青年甲 阳光普照 瑞丽天使 东莞男孩子 学习一下什么是齐 小短裙 云 猫 好一个齐 啊 晕 [晕]
0,有啥不信，我在天边你都会来的，姐姐我懂得 哈哈 琦怪奇 我真来你信伐 嘻嘻 静静 那你们来呀，话说今天不吃小龙虾 偷笑 琦怪奇 就是就是，吃小龙虾想不到我们的 挖鼻屎 挖鼻屎 你叫唤什么 自噶去吃小龙虾了 哼 静静 好呀，竟然不叫我 泪 [哈哈] [嘻嘻] [偷笑] [挖鼻屎] [挖鼻屎] [哼] [泪]
0,兰陵王 今晚 ： 播出大结局 雪舞为兰陵王挡箭 泪 [泪]
0,小戴子 二十年前 每当年关将至 就是最煎熬的时候 每次 我们这些打工仔小伙伴 都是相互把对方从车窗塞进车厢里的 现在 他们不会网上订票 也没关系能弄到票 为了一张回家的票 他们要排上几个小时 才是一张站票 才能一年回一次老家 泪 所以请你不要用厌恶的眼光来对待他们 多一些关爱给身边的人吧。 [泪]
0,贝尔格里尔斯 嘻嘻 行者梦野 这个就是我们的电视节目截屏吧，最难受的是这个鬼东西放在嘴里时还在嘴里蠕动 抓狂 抓狂 抓狂 大鹏背包走天下 梦野筒靴很 重口味 吗？哈哈 窝窝头的围脖 听说 行者梦野 同学在 吃了这玩意儿 吃惊 [嘻嘻] [抓狂] [抓狂] [抓狂] [吃惊]
0,竹随心舞 文杰现在每天的医药费是 元，一个月就是 万，医生说文杰治疗的周期会比较长，前期 和施乐会的筹款总计还没到 元，相对昂贵的医药费真是杯水车薪，欠费就会停药 文杰才 岁啊， 泪 泪 泪 不要让宝宝因为缺钱而离开这个世界，请大家都来帮帮孩子吧！ [泪] [泪] [泪]
0,刘海涛老师倾力打造的半个月亮 让我们红极一时 事过境迁依然沉浸在那份欢愉里 可否还有机会相聚 再续清唱组合的旋律？ 失望 [失望]
0,刚吃了个萝卜，辣得我眼泪都快下来了 泪 [泪]
0,你吃不了这么多的！ 泪 [泪]
0,回不来了！ 泪 水墨婺源 皖城皖省往事 歙砚之石产于婺源，制于歙县。而歙字源于唐之歙州，至！ 炀祖氏 走肖先生 年安徽婺源被国民政府划为江西管辖，婺源县参议会组织发起回皖运动，通过胡适 绩溪人 转交请愿书给蒋介石，当地学校大门口就有一副对联： 男要回皖，女要回皖， [泪]
0,你说你也不邀请我！我还得支持你！！！ 怒骂 海 ： 岳： 宥宥妍 神经心理学家 纠结的訾泥 灰灰灰 猫小冉 海 戴小溜儿 [怒骂] [good]
0,泪 是的呢，只会欺负我的说 [泪]
0,泪 同泪奔回家！ 胡莲 房忽悠热线 同 泪 泪 泪 泪 泪 泪 [泪] [泪] [泪] [泪] [泪] [泪] [泪]
0,蜡烛 刀客特照 一代巨星陨落长海，中国消化为之哭泣。 伤心 蜡烛 蜡烛 蜡烛 [蜡烛] [伤心] [蜡烛] [蜡烛] [蜡烛]
0,休闲时间 泪 [泪]
0,疯了吧！ 文业 起因经过结果不明 楠宝宝的新家 怒 怒 怒 枉为为人！ 齐 应该直接废了他！ 黑猫菲菲飞 齐 文业 拥趸人生 我合计合计 宝奎这人不错 王刺刺 幸运灯灯 张大萝卜 臭 ，抽死他！ [怒] [怒] [怒]
0,我打郑州即将进入最堵时段！！各位做好心理准备！ 新浪河南 原来现在还不是最堵时段 衰 ，各位做好心理准备吧，曙光到来之前是要忍受黑暗的，挺住！ 泪 [衰] [泪]
0,嘻嘻 探险家园 要把我们拍大一点的嘛 主页君认了好久才发现在右下第二个 伤心 [嘻嘻] [伤心]
0,安娜酥 看这个去？ 土摩托 去起哄 嘻嘻 老狼 小剧场，现眼也就几百人看见哈，我媳妇是这么给我打气的。 抓狂 李静 狼哥终于敢演戏了 做鬼脸 赵赵 好脐带内 鼓掌 老潘 狼同学会在剧中唱 首好听的歌 花心 ，最近每天在紧锣密鼓排练，本周六公演啦 来 来 [嘻嘻] [抓狂] [做鬼脸] [鼓掌] [花心] [来] [来]
0,我突然发现明天上班，但是已经晚了。。 伤心 [伤心]
0,现在的某宝快递，都已经是这么纠结的了吗？看看我的快递包裹，好纠结的一段旅途。至今还没有到我的手上 衰 [衰]
0,河南老面馒头 一揭开盖子就是扑鼻面香 扎实厚重 够给力！一个八毛两个一块五 老板啊 你太厚道了 泪 [泪]
0,开家长会。学校请了个专家竟然主讲什么是幸福 汗 ，其实家长更想听班主任讲，只能耐心等了。想起前几天看一段子，记者 访一农妇问什么是幸福，农妇答幸福就是吃完晚饭和男人在炕上玩，再幸福就是玩了一会儿再接着玩，最幸福是串门儿到别人家炕上玩。请原谅我不想请假开家长会来听关于幸福的讲座。 衰 [汗] [衰]
0,瞌睡虫啊，瞌睡虫，你今天跑哪儿去了？ 抓狂 [抓狂]
0,我已经举报不实信息。 庞源 谁让他信新闻联播的。一个字：活该！ 哈哈 高琳芳 老大你幸 呀 庞源 鼓掌 黄玺赫 我被骗了。 抓狂 北京摄影老顽童 [哈哈] [鼓掌] [抓狂]
0,梦恬巷 号 西风的围脖 衰 衰 [衰] [衰]
0,抓狂 抓狂 强 今天吃了一款 沙煲中 鸡 ，用大量的沙姜和葱白，将走地鸡放入沙煲，用中火煎炒，非常香滑惹味，妙不可言！ [抓狂] [抓狂] [强]
0,追风筝的人 翻译优美，尤其书信的文字，这几天茶余饭后再翻看，哈桑留给男主角的信 我梦到花儿再次在喀布尔街头盛开，音乐再次在茶屋响起，风筝再次在天空飞翔，我梦到有朝一日，你会回到喀布尔，重访这片我们儿时的土地。如果你回来，你会发现有个忠诚的老朋友在等着你 泪 大家不妨先看电影版 泪 [泪] [泪]
0,狗屎运 小谢宇 命好恭喜，求名信片 王东 小段公子 安懂 他居然真的看到了极光 围观 干杯 抓狂 [围观] [干杯] [抓狂]
0,王昊 卢八味 我也是一直抱着这样的信条每天这样的 衰 [衰]
0,你表这样 泪 尼玛枪枪致命！ 珊瑚幽叹 小星星的小白天 [泪]
0,这雪下的象谁在撒砂糖，殊不知它洋洋洒洒这一抛，三环就堵成王八蛋了 泪 泪 泪 [泪] [泪] [泪]
0,回复 小木鱼儿 哦，对。那就不怪你了。哈哈哈 小木鱼儿 回复 带刺的犀牛 我都已经进了爸爸们的名单了 泪 [泪]
0,只能苟且偷生 ！！ 抓狂 人性是恶的，但我们必须善良以对才能共处。否则，社会就是一圈又一圈的麻将牌。 [抓狂]
0,第三个我也不会 泪 祖崴 微博经典语录 我觉得我就是个文盲。 泪 [泪] [泪]
0,疯疯疯 抓狂 翟旭鸣 有有有 [抓狂]
0,虽然这版唱得实在是 抓狂 ，但这首歌的旋律写得，真是好啊 花心 [抓狂] [花心]
0,明儿抢婚切 偷笑 刘忻 完了，稀碎稀碎的。。。 泪 泪 泪 咋整？？？ [偷笑] [泪] [泪] [泪]
0,龙哥也要汗颜了。 禅龙自逍遥 额滴神呀！！！女人健身的恐怖地带！！！！ 晕 [晕]
0,哈哈哈哈 怒骂 怒骂 嘻嘻 哈哈 哈哈 [怒骂] [怒骂] [嘻嘻] [哈哈] [哈哈]
0,须叔重口 妈妈输完盐水、哥俩换上自来水！ 月 日，义乌简妈妈生病在家里挂吊瓶，眼看盐水快完爸爸又不在家，怎么办？ 岁的双胞胎哥俩商量出这么一招：用吃过泡面的碗接自来水，重新灌满盐水瓶 吃惊 俩孩子本来挺自豪；原本只身体不适的妈妈极可能患上败血症 衰 [吃惊] [衰]
0,啊啊啊啊 衣服裤子裙子才哈好看 鞋子阿哈好看呀 伐晓得要耍 和 几百条黄马路了 怪不得人噶西多 个绝对是有道理的 手里巷已经闹不老了 但是还有老多欢喜的 哪能办啦 抓狂 抓狂 卡要爆特了呀 [抓狂] [抓狂]
0,我憨厚老实的邻居叔叔还不到 岁，肝硬化晚期，随着病情的恶化，食量剧减，除了我做的东西外，啥都不吃，昨天我出去了，晚上 点多才去看他，看到我，叔叔勉强笑了，吃了点我送的蕨菜，阿姨告诉我叔叔一整天都没吃东西，我急忙做了点鸡蛋白送去，看着他吃的那么认真，我的心碎了 泪 以后不出去了 泪 [泪] [泪]
0,晕 好像会这样 [晕]
0,是他自己亲生的么 全球顶尖摄影 次奥 有这样的爹吗？ 衰 最 动态图 [衰]
0,执子之手，与子偕老，亦不过如此 泪 [泪]
0,不能容忍！！ 怒骂 北京地铁 我在 [怒骂]
0,大周末的，为什么我没有懒觉那，我好像周末睡到中午，可是到点就醒了， 怒 是不是变老头了！ [怒]
0,回复 安迪 好吧，为你这个 更 字转一发 哈哈 安迪 一定更美 若水 这是迫使我留长发的节奏么 泪 蔡运彬 黑檀和绿檀，各有千秋。 [哈哈] [泪]
0,回复 大鹏背包走天下 还是看球吧！大鹏哥！半夜码字可伤眼睛！ 哈哈 泪 大鹏背包走天下 我在苦逼的写游子的故事！ 莫斯科游子的丽江 [哈哈] [泪]
0,哈哈 我有大大的背心要不来一件 熊丽电台 回复 冯雪 今早一睁眼，惊闻书记 胡滨微博 指示出席咱们村儿活动所穿服装一事要提升到觉悟这一高度，我顿时感冒也加重了，眼泪也下来了，看着那么多条挂在衣橱里的带儿，这心拔凉拔凉哒 泪 。 勤劳的工作狂 现代可汗 予馨北京 冯雪 陈倩冰 [哈哈] [泪]
0,疼死我了，一下汗就出来了！扎我一针居然说血不够！原伤口又狠狠的给了一下！十指连心呢！我恨这个男护！就知道聊天儿！讨厌！讨厌！讨厌！ 泪 泪 泪 [泪] [泪] [泪]
0,中国南方航空 牛叉的狠 管事的死也不出现 我只想回上海啊 泪 [泪]
0,一想到明天就要桑班儿了，我的心情 就久久不能平复 抓狂 [抓狂]
0,以后在哪儿发现这样的事情，当地相关主管领导全部下台，市领导全换，并由媒体负责监督，如何？ 江南都市报傅爱华 热点追踪 回复 记者冀萍 还是家里的饭安全，自给自足的年代让人留恋吧？ 记者冀萍 还是老妈喊回家吃饭比较好 法治周末祝青 怒骂 [怒骂]
0,流泪 流泪 不作死就不会死。。。。这次是被拖延症迫到最崩溃的边缘！！！ 点半叫早！！ 抓狂 抓狂 我在 [流泪] [流泪] [抓狂] [抓狂]
0,哈哈，够二 宁财神 还能清静几天，播出之后就没法看评论了 泪 希望不会被泼硫酸 [泪]
0,泪 拖后腿了 捂脸，又拖后退了 迦陵频珈 在帝都有房子的人基本就超标了吧 俺没有 无色潘多拉 严重拖了祖国后腿啊 青岛交通广播 黑线 激情阳光正能量 我想我们绝大多数都拖后腿了。 青岛交通广播 天天向上青岛 真不好意思，俺又 [泪] [黑线]
0,每次从这里走，都要靠摆渡车。哥招谁惹谁了？ 怒 我在 深圳宝安国际机场 [怒]
0,回复 四季光影 买新头了？我本来想买，现在又犹豫要不要换小型机了 抓狂 四季光影 古粤秀色 七月娃娃 琰棱 小林 数码生存 老城区的夜 [抓狂]
0,现在觉得很温馨 可爱 王琛 真心想念过去疯狂的日子 悲伤 [可爱] [悲伤]
0,整天拿汽车开刀的决策者们是否要取消瑶号和限行呢？ 汽车族杂志 打哈欠 汽车族王永 汽车族杂志 冤啊 泪 泪 泪 陈朝华 哈哈 谭飞 抽，使劲抽某些官方人士嘴巴！ [打哈欠] [泪] [泪] [泪] [哈哈]
0,周末来西单真是疯掉了！在大悦城喝杯星巴克吧，前面排队的有 个 抓狂 [抓狂]
0,最后一句 泪 泪 我会少吃 唯一 手脚冰凉的 记得啊！转 [泪] [泪]
0,生生感觉到嘴唇讲到被内火烧到直接暴皮的滋味 泪 泪 [泪] [泪]
0,泪 泪 泪 ，我的手机电池鼓成了。。。包子。。。 [泪] [泪] [泪]
0,盐城有两个！ 衰 聂委光 北村 最好标出这些村附近都有哪些工厂 许小年 转发。 薛蛮子 个癌症村！遍及全国！ [衰]
0,衰 导演高晓舰 你越害怕、越攻击，我越要转！再转！转转转！！！ 弱 弱 弱 [衰] [弱] [弱] [弱]
0,发烧了 好痛苦 泪 我在这里 [泪]
0,大表哥没了？看毛啊看！ 泪 [泪]
0,无语 衰 [衰]
0,回复 薄 晨曦村 和狗 我是酒罐罐的爹。 薄 晨曦村 和狗 哈婆婆你是酒罐罐 ！ 哈戳戳 元哥，出 喝酒。 张元导演 回复 管伟华 晕 泪 馋嘴 爱你 是的，这是我们喜欢的艺人，手艺人 管伟华 偶与她相处都是素颜较多，她只要一上台就是明星。 哈哈 [晕] [泪] [馋嘴] [爱你] [哈哈]
0,但愿吧，逆水行舟不进则退 硬壳坚果 自由女神经 衰 我的梦想是退休啊，这算什么 汗 汗 汗 硬壳坚果 自由女神经 志玩物 加油！ 亲亲 爱你 小猫 兔子 爱你 祈祷 太开心 虔诚 [衰] [汗] [汗] [汗] [亲亲] [爱你] [兔子] [爱你] [太开心]
0,威武 可怜 潮流美鞋：羡慕嫉妒恨 抓狂 [威武] [可怜] [抓狂]
0,好冷 我把温暖丢了 泪 [泪]
0,晕 哈哈 笑哈哈 [晕] [哈哈] [笑哈哈]
0,谁会给你看水果检验检疫证明？ 怒 相关部门的大老爷们都干嘛去了？ [怒]
0,晕 许瑞杰 现在才知道，忘忧草都凉了 [晕]
0,晕 爱你 刘忻 哇，太酷了！用这种方式记录一生真棒啊，好多我自己都不记得了 最爱刘忻 我们家孩子可真好！灰常光荣的说，谁敢把我微博里的内容都加进去！不许贴不美的，嘿嘿 最爱刘忻 好光荣！是示范用户了诶 可爱 可爱 ！ 刘忻 大美妞，嗯哼 ，求爱抚！ 兔子 兔子 [晕] [爱你] [可爱] [可爱] [兔子] [兔子]
0,纠结 老同志遇到新问题 抓狂 抓狂 [抓狂] [抓狂]
0,难过，巴西还会见到他吗 泪 [泪]
0,围观 普陀山计划两年之内上市，峨眉山已于五年前上市，九华山今年第三次闯关 股；五台山上市被政府列为重要工作之一。或有一天，导游会亲切地说：欢迎到中国四大佛教上市公司参观！ 晕 [围观] [晕]
0,中国的腐败不允许都泛滥成污泥浊水了，只要沾上权利腐败的利剑就很难躲过，这又出现了怪圈允许适当腐败要把中国推向何方啊 叹哉 泪 [泪]
0,老婆加油，老婆忍住，老婆加油，加油，加油。。。。。。 加你个头啊加，别 了，滚粗 怒 怒 怒 怒 [怒] [怒] [怒] [怒]
0,木子寒 衰 寒烈 梧桐私语 扩 茶茶 巧巧 提高警惕 [衰] [ok]
0,泪 算是没地讲理去了！ [泪]
0,伤心 学习粉丝团 汗 [伤心] [汗]
0,哈哈 王小春小宝 泪 泪 [哈哈] [泪] [泪]
0,这组数字果然很神奇 晕 等会买注彩票去 晕 就买 了 [晕] [晕]
0,原来如此 格励 下次聚会全班齐读 哈哈 路羊 怒 张宁欧 路羊 [哈哈] [怒]
0,这姿势照像显腿长么 一块姜 徐德亮 瞧瞧你收的这都是什么倒霉徒弟 抓狂 王琮 鄙视 鄙视 [抓狂] [鄙视] [鄙视]
0,韩国明星情侣 朴寒星 相恋 年终分手 两人都 岁，从 年开始交往至今年 月 入伍前结束关系。 年感情不是一下就能一刀两断， 入伍前两人都有来往，但仅以朋友关系，对于分手原因朴寒星方表示等到合适时机会亲自说明！ 泪 哥 嫂"七年之痒"都过了，怎么就 [泪]
0,闫飞 看看 婧婧亮子： 小明飞啊飞 琛子有围脖：太可爱了 哈哈 泪 哈哈 [哈哈] [泪] [哈哈]
0,香山猫友 乖猫遇极品老太啊！ 怒 怒 怒 快给它一个家吧！ 北京领养 [怒] [怒] [怒]
0,刚去 买暖宝宝和手套，后来拿了一堆乱七八糟的东西，看到好炖就犯馋了，买了一碗。结账的时候，人家问：要袋子吗？我说不要。把钱给完找好零钱后，准备拿东西走人，突然呆呆的望着那碗好炖问了句：没袋子这碗好炖咋拿呢？ 生病 思考 人家无奈地说：送你一个袋子吧 衰 衰 ，我都不好意思了 [生病] [思考] [衰] [衰]
0,这假期又要没了，不想上班不想上班！ 泪 [泪]
0,第二遍看 还是没看见 失望 哼！ 左哼哼 [失望] [左哼哼]
0,行摄的灵魂 在约旦，又是吃这个新疆烤肉卷！接近一欧元一个，我一顿要吃两个！跟贝鲁特差不多了 抓狂 只是可乐比贝鲁特便宜：半欧元一升装 重返战地 中东之旅约旦安曼 我在 [抓狂]
0,冷笑话精选 额。。。。我念错了好多！！ 泪 [泪]
0,但真是电梯 这世间没人像你 像集装箱 汪小涵 这 这是电梯？！ 衰 [衰]
0,人生必到 代夫 人一世，物一世，每 人心目中都有必到的 ！ 代夫 就快 沉，怎可以不去 抓狂 抓狂 ！ 去不成，看 都好！一起看看 用 眼中的人 天堂： [抓狂] [抓狂]
0,一号线线路故障，全停了，怎么上班？ 衰 衰 [衰] [衰]
0,简单 自己试试。 环球街拍 老干妈蒸茄子 抓狂 [抓狂]
0,俺特想跟这个帖子里的某些人再畅饮 晕 晕 青创浩然 俺特想跟在这个帖子后面找自信！嘿嘿嘿 疯狂的 小丁丁 忙 悲伤 想出境，木时间 泪 [晕] [晕] [悲伤] [泪]
0,反贪反腐频道之廉者无敌 淮海游子 还能指望这帮警察干什么呢，也只能对付手无寸铁的善良老百姓 怒 有冤说冤 不是怂货对付百姓时厉害着呢 老猫 捣浆糊 事实证明，这些国家机器狗腿子是欺软怕硬的怂货。 [怒]
0,知易行难 泪 [泪]
0,可以耍赖嘛 我 真的真的真的真的 就是 不！想！复！！习！！！滚蛋 碎觉 泪 晕 衰 阿信 束最後一 通告，洗完澡， 在黑夜 造自己的光明。 [泪] [晕] [衰]
0,菲律宾之旅 到达 啦！出来就看见酒店工作人员举牌来接，很快就到 ，进门的时候竟还有警犬检查。 的时候双方各种问题，菲律宾英语听的我头都大了。那发音 衰 晕 海景房，外面的海太美啦！虽然一路奔波好累，但是想马上就去海边啊 大海，我来啦！！ 花心 心 [衰] [晕] [花心] [心]
0,我们又来到了这个巨型披萨的地方，但是今天我的肠胃不爽，吃不了多少东西。郁闷， 泪 不过，今天我们是另有任务的！呜哈哈哈 哈哈 [泪] [哈哈]
0,孙孙孙孙孙点点 在超市 分钟就发生了如下 、 、 、 、 件事，我现在特别有撕报纸的冲动。。。 泪 [泪]
0,孙恒海 茜吉尔 下榻打劫寒舍 陌陌表示这个太突然了。一时 不住廖 晕 [晕]
0,吃惊 无人性， 怒 [吃惊] [怒]
0,是的！！ 泪 怪诞心理行为学 这个是真的 泪流满面 [泪] [泪流满面]
0,怒 浮云 福运 富蕴 哪里才有净土。。。 泪 醉翁 我操黑手伸到深圳了！ 怒 [怒] [泪] [怒]
0,这也不是一个级别啊 晕 [晕]
0,双关一笑 刚看一帖子说：一小女孩和她母亲被恶犬所伤，狗主人不管不问，还乘机逃走。真是狗仗人势啊。 抓狂 安慰下受伤者，出门随身莫忘打狗棒，方便的时候再学几招降龙十八掌，连那狗主人一起教训教训。 偷笑 [抓狂] [偷笑]
0,保护鄱阳湖 请保护江西的母亲湖鄱阳湖，她已经遍体鳞伤了！ 怒 网友 洞庭鄱阳抵制恶坝 爆料：在鄱阳湖发现严重污染排污 河 ！小河从庐山景区东门流出，经石材厂，五六公里污水直排鄱阳湖！村民说地下水受到污染，七八年举报没有任何成效！污水河入湖口是大片淤积的白灰色沙滩，基本寸草不生！ [怒]
0,丢人现眼！ 说 这是真正的当代中国的生动写照！ 李丹青 主播杨蕾 还给他！太丢人了！ 抓狂 人家那么有意义的工具！ 欧阳梦粥 这个太搞笑了： [抓狂]
0,唉，我们家孩子也老吃禾绿 泪 辛晴好之 心晴好 庸懒的球球 叫你们老想去吃！ [泪]
0,丧尽天良的东西，会有报应的 怒 [怒]
0,衰 冰燕飞狐 哈哈 [衰] [哈哈]
0,七成真不知怎 算出 的。 香港中旅港澳游 的 格一直就 ，就是 期 也 有香港段每人 左右的三晚四天起 行程。有 社 在香港四晚五天能 出大三千多的地接 晕 晕 找香港中旅吧， 人就能接待， 真 哈哈 [晕] [晕] [哈哈]
0,头发帘剪坏了，近日只能背头出门，别吓到大家啊 泪 泪 还有，我刚刚把漱口水咽了 汗 汗 哎！ [泪] [泪] [汗] [汗]
0,在中国吃东西心永远是悬着的，不知道哪天哪种东西又出什么问题了 王旭 美食影像 连自己的运动员吃的都进口，不放心自己的食品安全，那说明了什麽？ 衰 转 [衰]
0,喵 可怜 同志们，我的 被盗 衰 如果骗子冒充我发出网址，请千万不要点击；若发出网银代购消息，更请大家不要上当受骗啊！以后打算弃用 了，不再上线！ 思考 特此通知 奥特曼 谢谢！ [可怜] [衰] [思考] [奥特曼]
0,妈蛋！！看了这些图简直不能呼吸。。。劳资要砸电脑了 抓狂 抓狂 抓狂 [抓狂] [抓狂] [抓狂]
0,红酒后劲真大。脑袋晕的慌 晕乎的。 晕 [晕]
0,我是等你下班的 黄珏 黄珏 好温馨，感人哦，想去吃哈根达斯 我家的 李艾：我是来这里等朋友下班的 泪 一会儿决定去吃个冰激凌 任我赢 廖晔 很喜欢这么温馨的广告！ [泪] [good]
0,晕 自助餐！ ，最爱日料 耶 米非 大家一起呗 吃他个 天 大家集体转运 幽默 什么时候？？ 皎皎 去吃云南菜咯 您说我容易么 米非 尼玛 处女座要不要那么寒酸啊。。。 [晕] [耶]
0,儿子永远喝不过老子； 酒后睡下第二天一定是饿醒的。 抓狂 衰 [抓狂] [衰]
0,我讨厌 那个老头子 晕 [晕]
0,逸波波 泪 导演朗辰 刘奕君 这大过年的。明年会更好！ 姜凯阳 青泥子 转发微博 [泪]
0,泪 泪 泪 泪 泪 泪 泪 泪 泪 泪 泪 泪 泪 泪 泪 泪 泪 泪 泪 泪 泪 泪 蜡烛 蜡烛 蜡烛 蜡烛 蜡烛 蜡烛 蜡烛 蜡烛 蜡烛 蜡烛 蜡烛 厦门，发生了令人悲痛的惨案！ [泪] [泪] [泪] [泪] [泪] [泪] [泪] [泪] [泪] [泪] [泪] [泪] [泪] [泪] [泪] [泪] [泪] [泪] [泪] [泪] [泪] [泪] [蜡烛] [蜡烛] [蜡烛] [蜡烛] [蜡烛] [蜡烛] [蜡烛] [蜡烛] [蜡烛] [蜡烛] [蜡烛]
0,悲了个催滴 泪 [泪]
0,没买着火车票 伤心 卢米埃沈阳市天地影城 报名 围观 [伤心] [围观]
0,大爷，您昨晚晚饭要在嘴里回味多久 抓狂 抓狂 抓狂 抓狂 抓狂 在旁边一直吡啊砸嘴 衰 衰 衰 衰 晕 晕 晕 晕 晕 [抓狂] [抓狂] [抓狂] [抓狂] [抓狂] [衰] [衰] [衰] [衰] [晕] [晕] [晕] [晕] [晕]
0,合着都是他们的功劳 衰 北京西城 请您及李开复先生多一些科学和理性吧 北京的污染主要是尾气、工业排放和扬尘，因为所处地理环境，周边污染与本地污染叠加所致。您就是把北京车都停了，也不能解决。停驶公务车是减排的示范带动性措施，出动清洁车是降低扬尘的措施，二者不矛盾，不能简单计算二者 [衰]
0,怒 [怒]
0,可叹 雷大大 大鹏看天下 唉！我不知道该怎样评价，年轻的生命 伤心 [伤心]
0,真好！不瞒您说，我今天都没吃上饺子。只吃了几块三明治。 泪 食家饭 我忙着抻面，发愁面剂子大小不匀，家母也不说话，揉了个滴溜溜圆面团，从正中间揿了个洞，弄成个环装的面条拎着揉弄，自然粗细非常均匀。演示一番，对着我说：笨。施施然回房间看我的 半间灶披间 去了。 委屈 [泪] [委屈]
0,泪 被迫开了一天会 腰都折了 [泪]
0,回复 好人老周 笑哈哈 俺就是个草根 好人老周 我是清正穷酸，你是贪腐极乐 抓狂 有福社长 老周开始赋诗了 鼓掌 鲁晋京 大声吆喝做买卖，悄声不语享艳福 好人老周 回复 鲁晋京 兴堂堂正正之师，探稀里糊涂之福 酷 鲁晋京 金屋藏娇只能夜潜 [笑哈哈] [抓狂] [鼓掌] [酷]
0,黄珏 咱们三里屯买过 晕 慕睿衡 晓雪 [晕]
0,一觉醒来，嘴肿成猪嘴了 猪头 猪头 猪头 泪 泪 [猪头] [猪头] [猪头] [泪] [泪]
0,所以说还是成了笨蛋 泪 这么大热的天儿我却发冷 泪 谁来救救我的脑袋 泪 [泪] [泪] [泪]
0,大风天跑出来吃饭真虐心，冷啊 串串香再也突破不了通州那次的 串了 。 偷笑 偷笑 奇怪，拍照竟然不显黑，可从马尔代夫回来我明明黑的不行啊 汗 衰 家人说都黑这样了，还总去热带国家呢，没日子捂回来了。 泪 泪 [偷笑] [偷笑] [汗] [衰] [泪] [泪]
0,没有一项符合 衰 衰 衰 我死去吧 老猪打酱油 星座不符，桑心了 胖程静 招聘海报不错咯 刘博家洛 这样的公司还有什么犹豫的！ [衰] [衰] [衰]
0,这个拍的不清楚！ 抓狂 你能猜出右侧是谁吗？ [抓狂]
0,如果没有 目标？各级政府就不会干活了吗？ 管清友 道理是这个道理。但我们现在只做预测。 天狼 陈浩 我认为 还是高。投资拉动 的时代必须结束，否则走不出低效率了。 亟兮般若 估计这两个月有回升 抓狂 抓狂 晓雨闻铃 俺赌你输 嘻嘻 [抓狂] [抓狂] [嘻嘻]
0,蜡烛 许健铁刨花儿 蜡烛 高玉凯的小窝 ： 泪 泪 怀念 [蜡烛] [蜡烛] [泪] [泪]
0,几乎成了上海最后能吃到鸡的餐厅 泪 [泪]
0,好温馨！！！哭了 爱丽斯斯 原来我们都老了 泪 泪 泪 泪 [泪] [泪] [泪] [泪]
0,在露天广场冻半天了还没开始， 毕欣瑜 你的披肩起作用大发了 泪 [泪]
0,魔都沦陷了 泪 [泪]
0,！ 未完成森林 番吾 泪 神经内科檀帅 回复 是的是的！ 泪 没有市场就没有杀戮。 [泪] [泪]
0,最爱吃猕猴桃儿了 悲伤 墩布头上的小蘑菇 好人大头哈哈哈 [悲伤]
0,晕 十年前的照片居然也被你留着，原来咱也非主流过！传奇是假，活着是真啊！咱还都要继续充满激情的活着！ [晕]
0,回复 娜写小日子 我这个吃货昨天今天胃疼的全身发软，还觉得冷。现在在回家路上。。。专家门诊下周三才有。。。 泪 泪 泪 娜写小日子 还真是，我又想起你吃螃蟹的样子了，嘴里叼着一个腿儿，还不耽误跟我聊天！ 哈哈 爱唱歌的小火柴 娜写小日子 这吃货和我有的一拼！ [泪] [泪] [泪] [哈哈]
0,围观 喜欢梦之声 给力 缺点蕃茄台播放的时间太晚 抓狂 [围观] [给力] [抓狂]
0,早起洗脸照镜子，突然间发现本来已经消瘦的脸瞬间鼓起来了。脸蛋处明显吃出来了两块肉。才十天而已啊乡亲们，至于效果这么明显么？ 悲伤 悲伤 悲伤 [悲伤] [悲伤] [悲伤]
0,泪 北京回长沙快了，看来以后要坐大巴回！ [泪]
0,弟弟玩自拍，说要和我合照，然后。。。 衰 衰 衰 哼 哼 泪 [衰] [衰] [衰] [哼] [哼] [泪]
0,洋洋 钻的好看，第一款我试过，跟戴个顶针是的 泪 泥锅泥碗儿你 [泪]
0,我的娜塔莎 朱亚文 围观 第二集预告，这个审讯很有味道，愈发期待，一号快点到啊 抓狂 安徽卫视 江西卫视 山东卫视 河南卫视 [围观] [抓狂]
0,我只会解 泪 浮云 福运 富蕴 各位亲是要晒老公学识么？我投降 泪 哈哈 翠绿葡萄 文盲表示连题都看不懂 泪 会么 小黄西西 我放心了，娃他爸表示会解 嘻嘻 [泪] [泪] [哈哈] [泪] [嘻嘻]
0,哎！ 刘佳园 泪 泪 泪 绝密档案馆 哎！！！ [泪] [泪] [泪]
0,汗 赶紧屯点防毒面具，照这趋势快涨价了 晕 徐家二胖 娜小鱼儿 泪 泪 泪 求带走！！ 薛蛮子 转发微博 [汗] [晕] [泪] [泪] [泪]
0,东雅苑 牙医，下手轻点 泪 [泪]
0,回复 买卖宝 张小玮 我在北京，来抓我啊！抓不着嘿抓不着 嘻嘻 ！上次去无锡给你私信想去你物流基地膜拜，你都没理我！ 泪 买卖宝 张小玮 我要是做手机，就先把你从上海抓回来，哈哈。 林琳笨 张先生才适合做手机 嘻嘻 [嘻嘻] [泪] [嘻嘻]
0,吃个药容易嘛？这是一副而已，据说吃完五副我就有食欲吃饭了。又想起了西游记里的马都灵，求安慰 泪 [泪]
0,据说有一种病 叫 五月综合症 我怀疑我是病患 白天睡得着 晚上醒不了的我 居然失眠了 居然失眠了 真是内蒙古牛肉拉满面啊 上个人人吧 结果同学不是失恋了 丢钱了 就是被狗咬了 这个世界总木了 失望 [失望]
0,鲁家滩，一鸡两吃的诱惑 抓狂 抓狂 抓狂 成都蒋峻 乐颜 老马不惑 般若莫离 小虎菲菲 丽莎大小姐 幻烟 嘉绒小子 夏日微微蓝 伍玖 达达 央半北 蜀山火锅 小峡 阿布杜啦猫哥哥 瓶装妖怪 阿兵 哥 简简单单 [抓狂] [抓狂] [抓狂]
0,自己的身份证自己表示不清楚 衰 [衰]
0,昨晚它看我最後一眼， 心睡去 汗 ，今天我扁桃腺 炎，巨疼 比的醒 。 泪 [汗] [泪]
0,摆个地摊奔小康 胖猫张舒扬 别再想让我捐款了 怒 怒 优素福白颖 兰州板砖二世 惠州陈律师 王八蛋，邪恶政权。 [怒] [怒]
0,只许州官放火，不许百姓点灯 李三哥代表 民不索赔已经算是包容，政府部门能不能多些厚德？北京精神不能只要求人民！ 郭晟 老天爷买单 失望 李三哥代表 建议昨天因雨造成的修车费用，北京市政府埋单！ [失望]
0,支英珉 看看 仲德章 恭喜淄博、济南进入十强。 怒 李开复 抱歉，十大污染城市有误，应该是：贵阳、重庆、太原、兰州、米兰 意大利 、淄博、北京、广州、墨西哥城、济南。 第一财经： [怒]
0,好容易忙了 天，结果发现还有 天在前面等着！ 泪 好羡慕现在在这几个岛上度假的亲啊！晚安 [泪]
0,柯达本可以不用这么悲情，他自己的数次重大决策失误导致了他黯然离去。不管怎么样，走过胶片时代，心里总有点失落。 盛星 衰 [衰]
0,蒋锡培 看成是小潘炖蛋了 汗 任志强 这是小番茄炖蛋？没有炒的程序。 刘春 这道菜是对我大中华料理番茄炒鸡蛋的颠覆式抹黑，负分，滚大不列颠去！ 怒 赵忠祥 这个菜是为了分餐公平而发明的，是大 饭的样板，是为平均理念放 了口感。倒也有趣，会做菜的知道这更费事。 [汗] [怒]
0,伤心 伤心 伤心 芒果小奶昔 [伤心] [伤心] [伤心]
0,都是吧！ 多多之爹 是态度问题还是能力问题？国内企业一向如此，南航也不能免俗 王淮 中国南方航空 牛叉的狠 管事的死也不出现 我只想回上海啊 泪 [泪]
0,良知。 投资者报 张春辉 伤心 泪 植万禄 我在故我思： 田炜华 子夜的昙 为老程这句话再次转发 程春林 在仰望苍穹之余，还是俯首看看大地吧。 子夜的昙 新闻原文地址 涣涣 看了这段新闻我真的忍不住落泪。心情沉重 [伤心] [泪]
0,悲伤 周瑟瑟 江南梅 太残忍了！！！都是些什么爹妈生出如此歹毒的子女？ 安徽阿翔 可是国民党再坏也不会把鲁迅的手加以残废 草泥马 草原广子 这仅仅是我天朝一习作而已 草泥马 安徽阿翔 吃惊 [悲伤] [草泥马] [草泥马] [吃惊]
0,我这个没福气的人那，在家休息连续几天都是 点醒，要不要，行不行呀，还上不上人活了 泪 泪 泪 泪 泪 泪 睡觉 睡觉 睡觉 我在 [泪] [泪] [泪] [泪] [泪] [泪] [睡觉] [睡觉] [睡觉]
0,怪不得嫁老外呢 衰 [衰]
0,额 衰 项目会议结束了 俺上午又充当了一回专职会议摄影师 挖鼻屎 挖鼻屎 [衰] [挖鼻屎] [挖鼻屎]
0,回复 微笑总会再现 金瓜楼旁，不少人说找不到 泪 ，怨我们在巷子里！ 微笑总会再现 上次去鼓浪屿，没找到你们家。。 [泪]
0,带着 去台湾 好吧，用了这么久我才知道 是防水的 不许笑话我，早知道就带着下海了 泪 泪 泪 我是带路党 东子爱拍的 冰沁于心 [泪] [泪] [泪]
0,盐盐老爱说实话了！ 不死霹雳西决决 回复 姜盐盐盐 哈哈，最右真相了 姜盐盐盐 你晚上回来时给我带瓶可乐吧，身上钱够吗？是不是还要加小费？套带两个吧 小明不死 是啊，就我回来睡觉了，他们都去欣赏了！ 怒 弱水三千一瓢也不归你 红灯区啊 做鬼脸 [怒] [做鬼脸]
0,小米好店推荐 簋街上好吃的馆子 火老幺簋街店 香辣牛肉炸酱面 麻辣小龙虾那叫一个过足了瘾，还有好吃正宗的量大的盐帮菜，内啥为啥这期快乐生活一点通我又没看呢？ 挖鼻屎 泪 ，跟我一样没看着的点击后面的链接直接就可以看到啊 嘻嘻 [挖鼻屎] [泪] [嘻嘻]
0,泪 泪 泪 行 店 报告韩老师 ：出版社答复我由于您的高标准要求，坚持手工做书，所以现在每周才能生产 本，所以我一千本的订单要排队到圣诞节 [泪] [泪] [泪]
0,阿弥陀佛！ 蜡烛 泪 [蜡烛] [泪]
0,烦！ 怒 怒 怒 怒 怒 怒 怒 我在这里 [怒] [怒] [怒] [怒] [怒] [怒] [怒]
0,最近一周都别在背后想我骂我啥的，现在打喷嚏是件非常痛苦的事情，有事可直接见面聊或者电话说，无论何事均可接受，一切都拜托啦 悲伤 [悲伤]
0,水手的每日一图 年 月 日。姑娘，这本书上说，你今年印堂发黑啊 衰 [衰]
0,。。。。。神马和神马啊？ 汗 夜千 回复 哈哈 诶 汗 去 录节目，在马路上遇见我媳 兔拉拉 、、满不挨着 晕 哈哈 上周五陪金霏去 比赛，在马路上看见兔拉拉姐姐啦 [汗] [汗] [晕]
0,回复 走过大地 泪 好怀念 走过大地 回复 窝窝头的围脖 是啊，我在这组雕塑间走了一个来回，想起当初的川藏之旅，好怀念啊。而且，还路过了我们车队出高速后吃午饭的那个江边小饭店。如今它一派破败景象，很凄凉。 [泪]
0,哇塞 花心 太壮观漂亮啦 抓狂 看！这才是全景 秋枫无霜 程诗然 [花心] [抓狂]
0,做了一宿噩梦 泪 [泪]
0,万美元 泪 [泪]
0,扩散！ 殳海 去这一路上又反复勘察了两遍，路边草丛、汽车底部神马的，就差木有翻垃圾桶了，目前依然木有什么线索。给派出所和居委会都打了电话，求好心人那 泪 [泪]
0,衰 ：、、 [衰]
0,江南私旅行 国庆在路上 行程计划是在魔都休整两天，没想到休整的这么彻底！竟然下雨！ 怒 在酒店发发微博 ，期待下午飞厦门的灰机不要延误啊，台风会对厦门有影响吗？ 厦门身边事 私旅行网 [怒]
0,不要这么感动吧 泪 [泪]
0,晕 晕 黎津平 此为中央党校教授。这是什么节奏？ [晕] [晕]
0,不是吧！貌似公关里水瓶女很多的呢？ 晕 晕 晕 [晕] [晕] [晕]
0,练练功 减减肥！我要瘦 抓狂 抓狂 抓狂 抓狂 [抓狂] [抓狂] [抓狂] [抓狂]
0,表侮辱狼，大自然中的狼，哪有这么缺德呀 衰 [衰]
0,这钱呢？就砰一声就没了。给孩子多好啊 赣州晚报廖祥云 怒 是啊，我今天问花了多少钱，他们不肯说。 江西电视台方凯裕 省点钱给山区学校学生做午餐多好啊 明心武 劳民伤财，把这些钱丢到免费午餐多好，于是现在成了满足城里人的欲望，却丢失了贫苦人的需求，阿弥陀佛，罪过罪过！ [怒]
0,中国达人秀 达人一刻 山羊哥哥的原生态羊叫让人印象深刻，谁知还有更惊人的 烧裤裆 表演，真的是大手笔啊！ 泪 小达突然想到了 大话西游 里星爷经典的灭火桥段，山羊哥哥，你完胜了！ [泪]
0,蜡烛 北京郎中 蜡烛 任意球的高手 蜡烛 小虎 是胖莱西和 小清新控 蜡烛 茹爱国安爱朴成丶 初三加油 蜡烛 泪 我爱北京国安金隅控 蜡烛 开始怀念儿时的那座北京城 蜡烛 蜡烛 泪 [蜡烛] [蜡烛] [蜡烛] [蜡烛] [蜡烛] [泪] [蜡烛] [蜡烛] [蜡烛] [泪]
0,小西驾到 吃货看武侠剧最虐心的镜头：一桌好菜还没开吃，就被打翻了！！！ 泪 [泪]
0,妹妹花脸 回复 悠悠游悠悠游 都有一颗红亮的心 是刻骨铭心的段子。 悠悠游悠悠游 红灯记 给我的印象比较深，因为它伴随了我的童年 嘻嘻 妹妹花脸 泪 [嘻嘻] [泪]
0,蛋蛋的有桑 咚咚 昨天谁跟我要来着，来收图！ 水煮鱼里有小虾米 木有 的 泪 啊！！我爱高清无 大图！！ 耐死你拉 爱你 午夜剧场老板娘果酱 这个比刚才那张高清多了 点击大图就知道了 作图的朋友们可以果断收走 [泪] [爱你]
0,还在加班 抓狂 [抓狂]
0,最近总是间歇性胃痛，这是肿么了？好怕呀。。 泪 [泪]
0,我赶场不容易，但是估计这场得赔死 泪 。大家行行好，买票来看看吧，这次新面孔比较多。 转发 [泪] [转发]
0,刚查了一下，这个名单是旧的。现在的总数是 ，北京还有十三陵和恭王府 辛某人 不足 个。。。 陈芝麻 ，可是有些太凑数了吧 晕 ：野三坡居然是 级风景区咩？还真没去过 伟业在路上 夏花绚烂 竟然超过 王功权 刚才数了一下，我去过 个。 [晕]
0,也想吃 泪 馋嘴 偷笑 [泪] [馋嘴] [偷笑]
0,我，崩溃了 泪 ，彻底的 小兔子的麦麦兜 ： 周末摄影师 小哈 小皮皮大王 小兔子的麦麦兜 阿见 贝 剑剑 炫在 有怪兽有怪兽 陈嘉君 挖鼻屎 ？我们的 众神之吻 瞬间变得连个屁都不是了。 [泪] [挖鼻屎]
0,给力 今年又去不成了！ 泪 泪 关太家的关兜兜 很赞的宣传片！ 赞 做了两年这个项目，还是很有情结的，祝今年一切顺利！ 董芳 关太家的关兜兜 这几年来我们航行得并不孤单。 晓昱扬帆 [给力] [泪] [泪] [赞]
0,这照片让我开始怀旧了 泪 [泪]
0,悲剧 猫咪玎 嫁错！ 政经观察员范利祥 怒 长征记者 蜡烛 逆风蝴蝶 嫁错了人 陈宝存 这种男人绝对是畜生。 春蔚 孩子才九个半月，可怜 [怒] [蜡烛]
0,我只会做苦瓜肥肠 泪 [泪]
0,回复 两种方式呢亲，第一种来我们的官方淘宝店： ，其实还有京东、一号店、酒仙网都有呢！第二种在我们的微博中搜索 超市约会玛克丽 ，就可以找到实体店，如石家庄是 先天下的北国超市 有卖噢！ 好想喝，可是哪里有卖啊 泪 ，我在石家庄 [泪]
0,晕 杨帆 嘻嘻 [晕] [嘻嘻]
0,维他命羊 又出发去吃了 每日维他命 其实我叫 西大西 泪 每日维他命 太开心 周五咯！下午咯！ 维他命羊 你要对整个办公室美女们的身材负责！ 跳舞花 其实我叫 在这里工作真幸福啊！！！原谅我开新得没办法低调 维他命羊 [泪] [太开心] [跳舞花]
0,孙子，狗狗招谁了 怒 怒 [怒] [怒]
0,衰 衰 衰 衰 衰 衰 北京厨子 衰 老沉 。。。一名人士称，他所在的国企将新年礼物从往年的 降格为牙膏。 [衰] [衰] [衰] [衰] [衰] [衰] [衰]
0,全句发音： 蒂哎内木抽斯噶哪斯 杯勒 我就想知道人家这调调是怎么说出来的！ 十一 我应该艾特 的 声 气 悠颜 陪 到永远 我靠 即视感十足怎么破 抓狂 十一 鄙视啊。。。。。 [抓狂]
0,如果我不是熬夜超人，就一定是飞行超人，如果我不是飞行超人，就一定是工作超人，其实我只想当睡觉超人 泪 能在该排毒的时间排毒，该养颜的时间养颜 晕 所以，熊猫超人在这里祝大家晚安 月亮 [泪] [晕] [月亮]
0,两个半小时写了快三千字，没保存，没了 泪 [泪]
0,潮人时尚控 丝的绝技啊！！！！ 泪 [泪]
0,是什么能让一个女人独自在路边生下孩子！！！然后又遗弃！！！是什么让孩子在那里四十分钟没人伸出援手！！！是什么烂七八糟的规定和没有呼吸器导致失去了救孩子的最终希望！！！要不是就发生在身边怎么也不会相信！这是个什么社会啊 泪 蜡烛 蜡烛 蜡烛 [泪] [蜡烛] [蜡烛] [蜡烛]
0,最近闭关，急需这个，度过难关！ 矮油 抓狂 汗 这样，脸就不会碰到水了。 挖鼻屎 委屈 可怜 偷笑 [抓狂] [汗] [挖鼻屎] [委屈] [可怜] [偷笑]
0,你 嘛呢 我 弄 哪弄呢 徐家 靠，我也在徐家 ，徐家 哪 港 靠，我也在港 ，港 哪 五 靠，我也在五 有更巧的 ？ 晕 宗丽君 饴糖不甜 [晕]
0,寻找 赢 活动已经进行超过一半喽！要抢 的粉丝要快喔！记得一定要符合活动标准喔！不符合的是无法参加抽奖滴！ 抓狂 抓狂 南京店 徐州旗舰店 蜜斯甜心 [抓狂] [抓狂]
0,接下来的出牌有玄机，最好小倭不放人。 凰 快 怒 [怒]
0,只能说尼玛 小妖精郁汀 怒 [怒]
0,期 晕 [晕]
0,时隔十几年， 单身日记又出续集了，迫不及待在 买来看。没想到 被作者写死了， 成了寡妇。之后就是她和一个在 上认识的 岁男人之间的故事，依然各种小女人心绪，好像她还是 多岁的少妇，可怎么看怎么觉得不对。终于忍不住搜索这本书里她究竟几岁。结果是 ！感觉被欺骗了 泪 [泪]
0,哈哈哈哈哈哈，笑而不语！ 朱微微 国产品牌大多都还停留在把 放大点！把产品突出！把加盟电话、网址写大点！把各个经销商地址、电话、传真都写上！把我们都获得过的奖项都印上！ 。。。。 泪 两只婷婷 哎，国产品牌什么时候能接受这种创意。。 [泪]
0,泪 男人一定要有一个女儿 程刚 感动！请转发！ [泪]
0,这和小平说的 发展是硬道理 是一个意思吧，可是现在也不是看到很多人掉河里，抱着石头不愿意出来了嘛？ 哈哈 出版人宁宁 发行上来了，作者也多赚了，自然留下。这是生意。 陶然万柳世界 小苗编辑，对于新开辟的版块，任何社的发行都是瓶颈 失望 [哈哈] [失望]
0,爱妈妈 岁以下禁止围观 泪 这个要转 [泪]
0,蜡烛 蜡烛 蜡烛 泪 拳头 [蜡烛] [蜡烛] [蜡烛] [泪] [拳头]
0,还是投放在社区里靠谱，因为大家都不出门了 偷笑 慕春彦 衰 胖胖李志刚 家 澄 董董一平 佛心即人心我心即佛 胡途 郭斯大转世第二 老 的 铁观音娘子 [偷笑] [衰]
0,我在这里 打不到车 泪 泪 泪 泪 [泪] [泪] [泪] [泪]
0,牙口好 嘻嘻 身体棒的人才行 猪哥 规范吃相 哈哈 哈哈 小小喔 餐后啃苹果 我喜欢一整个啃 李仲亮 所以饿啊 泪 小猫家向天果 没吃早饭呢还 泪 李仲亮 看着就饿 馋嘴 小小喔 今天猪哥是安全滴 土鸡来了怕会变火鸡呢 嘻嘻 宜良大锅米线 花子土鸡 你哥找你 话筒 猪哥 [嘻嘻] [哈哈] [哈哈] [泪] [泪] [馋嘴] [嘻嘻] [话筒]
0,破纪录了吧 一下，这第 天 悲伤 宥鸣 [悲伤]
0,叉姐的境界真高。 鲨鱼小爻 随缘：尽人事听天命。尽人事是修行做好自己能做的事情，而不纠缠或执着于结果 不过大多面对事情我说要随缘的时候就是有点消极的要放弃的念头了 汗 汗 失望 害羞 害羞 [汗] [汗] [失望] [害羞] [害羞]
0,不行啦不行啦！感动得哗啦哗啦滴！！！ 泪 有个好朋友住在附近简直是三生有幸啊！！！碰见坏人可以去她家避难，这会儿还搞突然袭击送来热腾腾的爱心晚餐，幸福滴我飞上天了都！！！虽然刚吃过晚饭，可再撑我也要全部吃光光！！！ 心 [泪] [心]
0,您想想若是在中国故宫门口，只用日文写上：禁止乱扔垃圾！ 注意是 只 那么你说日本人会感到自豪吗 偷笑 病人 不自豪还悲催不成，你不见机场码头的标示，都有英日韩语，却没有壮蒙藏维语，您说谁更自豪，谁更悲催？ 爱游观察 悲伤 [偷笑] [悲伤]
0,高铁女乘美貌逐渐赛过空姐，服务意识也高过一大截！除了不断叫卖饮料、特产、盒饭，就是来回绕场七周收垃圾饮料瓶 鄙人半瓶水被此美女连抢四次，服务热情快把人烤化 抓狂 [抓狂]
0,天都亮了啊？睡半小时吧 晕 [晕]
0,晕 晕 晕 猫猫想飞 我叫曲桐乐 序 余意天涯 六个 新蜂笑语 贼儿蹦蹦 [晕] [晕] [晕]
0,婆媳剧危险了 编剧陈凯 偷笑 编剧李正虎 泪 [偷笑] [泪]
0,吃惊 生病 泪 [吃惊] [生病] [泪]
0,思想的维度 建筑师的良心 泪 [泪]
0,建设美丽中国，保护野生动物！艾护大自然 北苍狼 爱的分贝 艾敬 北苍狼 北纬 东经 财经网 城东 城西 冯小刚 冯远征 郭德纲 胡紫微 李承鹏 它基金 爱及生灵 很想知道这 三公消费办公室 的牌子是谁颁发的 怒 [怒]
0,太阳天空照，轮渡在睡觉 怒 谁能告诉我台风还来不来，我要上岛 [怒]
0,泪 ，嗯嗯，要注意，要注意！ 刘阿蕉： 奥黛丽 东冬 你要注意 [泪]
0,欣情 欣在自说自话 尽管事情再多，我觉得我可以自己安排好时间，哪怕加班熬夜，反正也习惯了。。于是一直以为今晚可以挤时间去看 社彩秋韵 晚会，顺便放松下。。可是。。一切都是我以为。。 晕 好多事情啊。。不是一波接一波，是一堆接一堆。。做设计电脑不能用，我可以申请能用的电脑嘛 可怜 [晕] [可怜]
0,泪 泪 泪 霍小兵 泪 [泪] [泪] [泪] [泪]
0,回复 琰棱 分身无术！ 泪 琰棱 伊豆 太阳 旅行 元，上海 塞班，往返机票 税 酒店，给力有木有？ 旅行网 旅行成都办事处 [泪]
0,才周二吗 泪 [泪]
0,不是笔直走，那叫紧紧走紧紧走。。。 徐州那些事儿 好像真是这样 地锅鸡 泪 现在禽流感也不敢吃 朱平 庸人 自扰 一个不装优雅，努力吃喝的地方 爱你 爱你 [泪] [爱你] [爱你]
0,友人从东京给我带回了这，说是我属猪，还好长了翅膀。 泪 [泪]
0,晚安 晕 [晕]
0,天天看这桌面你不流口水把手机淋湿呀？？ 仁义小红累不爱 回复 为什么非要有昵称 我的行为有木有感动了螺蛳粉的老板啊 泪 为什么非要有昵称 螺蛳粉先生 月亮小绿心已死 一个大好的青年，因为吃了一碗粉就堕落了。。。。 [泪]
0,这手机兄弟是不是和我作对啊！无服务， 流量 个 啥子情况，是我太菜鸟，还是现在的科技太发达我驾驭不了 有鸭梨 悲催了，真是悲催了 晕 怒 [?] [有鸭梨] [晕] [怒]
0,逃避再也收不到压岁钱的方式：点一桌当年爱吃的东西，把自己撑死！ 思考 不对 今年还有压岁钱收 太开心 我要永远都有压岁钱收 怒骂 [思考] [太开心] [怒骂]
0,耿 你真把扣号密码给我了 啊！这个 这个 犯法的呀！ 抓狂 感冒 [抓狂] [感冒]
0,模型？？ 晕 晕 想到了模型！！额！！右边也懂的！哈哈 迎风流泪王小姐 转发微博 [晕] [晕]
0,一半不合格 哈哈 哈哈 恩 泪 泪 只有两条合格的，怎么办？ [哈哈] [哈哈] [泪] [泪]
0,现在是凌晨半点 隔壁还在搞 我勒个去 又不是周末这么 做神马 这一晚上的都不带消停的 我还先睡觉呢！ 真心想搬家 抓狂 [?] [抓狂]
0,的确有很多在中国呆了多年的老外开始回流，不得不说的是，如果和外国年轻人相处过，便会即刻体会中国教育的短板 那可不是一般的短 失望 贝贝 [失望]
0,彻底毁容了！ 泪 泪 泪 泪 泪 我在这里 [泪] [泪] [泪] [泪] [泪]
0,年底给名微博主一人一套，哈哈 岳国峰 这创新。。。 衰 孙玉芊 大姨妈的微薄 衰 [衰] [衰]
0,伤心 希望掉下去的人没事 隐身草 北京美食攻略 ？？？？？？？？？？？？ [伤心]
0,哎！怎么会这样呢？病人还木补充能量啊！乏力啊骑单车！ 晕 汗 [晕] [汗]
0,泪 希望奇迹降临 [泪]
0,一声叹息！ 何毅与超级马力 恶心到了吧？还不如不知道。 历史迷思 钱文忠 怒 怒 怒 能比吗？？看看我们审美观的退化吧 陈微娜 回复 沧溪章氏 世袭的制度，要文化干什么，只要会吃饭会做爱就可以了。 [怒] [怒] [怒]
0,今？天？的？ 笑哈哈 含笑滚去碎觉 六两小面 次奥让不让人睡了啦！！单手打字以示清白！！ 柔妞儿是艘爱马脸星人的巡航舰 头发略短不像最近啊 双手打字中 抓狂 然然然了个然 帅！出！翔！了！ 七七萌希熙 今天的？妈呀 大半夜的帅的一脸血啊 [笑哈哈] [抓狂]
0,可 五 最 最牛逼 ！ 照到清楚的，用 以前的 合一下先 ！ 爱你 爱你 爱你 大姨 的真不是 候，一天 下了地。。。 泪 泪 泪 [爱你] [爱你] [爱你] [泪] [泪] [泪]
0,回复 我认为丢包是引起不正常的原因，最后彬彬说，那台机器就是有可能丢包，其他机器应该都不丢的。 泪 我以为你们在继续处理丢包的问题 汗 汗 汗 汗 汗 微博爱厨房 折腾斌斌和潘工一下午，不好意思啊。 微博爱厨房 潘工正在赶往公司的路上 [泪] [汗] [汗] [汗] [汗] [汗]
0,感冒了 泪 泪 泪 我在这里 [泪] [泪] [泪]
0,咱妈要生二胎了还孕妇裙？！ 宿醉的猫仙儿：回复 沙放放 今天我给老妈买孕妇裙，结果店员问我，你要生二胎？ 泪 ！ 沙放放 是的，一个上初中，现在准备怀第二胎了，不仅仅赞美两句还羡慕嫉妒恨哈哈！！！ 风扇 [泪] [风扇]
0,回复 权小瓜 匆匆喝杯喜酒，还没来得及好好叙叙旧就要走了。很想念你们啊，常来帝都 ！ 爱你 泪 权小瓜 祝福新人！ [爱你] [泪]
0,贯彻、领会、落实！ 怒骂 贯彻、领会、落实！ 怒骂 贯彻、领会、落实！ 怒骂 贯彻、领会、落实！ 怒骂 贯彻、领会、落实！ 怒骂 贯彻、领会、落实！ 怒骂 贯彻、领会、落实！ 怒骂 贯彻、领会、落实！ 怒骂 [怒骂] [怒骂] [怒骂] [怒骂] [怒骂] [怒骂] [怒骂] [怒骂]
0,物价上涨 肿么了这是？ 抓狂 物价上涨这么厉害，出国旅游伤不起啊！ 泪 可是又想体验异国风情，那就一起去鼓浪屿吧！ 好喜欢 赞啊 [抓狂] [泪] [好喜欢] [赞啊]
0,伦敦景点的门票价格比较贵，如果想在短时间内多看几个，最省钱的方法就是买一张 ， 镑可以游价值 镑的 多处景点并免费乘坐公共交通。我怎么算都只有今天可以暴走伦敦，结果外面下雨呢 泪 老天爷是想告诉我，这才是伦敦啊！ [泪]
0,结束了，中国主流精准营销平台基本一网打尽， 你这是有多嫉妒 我妈一脸狐疑地看着我说，你们公司是做什么的来着？ 衰 俺们是清白的 已经看到两张熟脸了，你们都还好吗。。。 明年 ，别再看热闹了，整个互联网行业都要菊紧了 [衰]
0,为了欢迎首长回家，一大早起来收拾屋子打扫卫生，干到现在，一会还的去考试！我容易吗我 悲伤 悲伤 ！ 仇 [悲伤] [悲伤]
0,泪 可怜的秀子姐姐 [泪]
0,另一半为我做过最贴心的事 说到恋爱中难忘的幸福瞬间，偷偷跟大家报个料 冬天穿羊毛衣是最保暖的 雪 但 徐若 对所有羊毛质地的衣服都过敏，因此她的另一半为了亲爱的她，将所有含羊毛的衣物都送给了别人 是不是超感人 泪 你身边的那个 为你做过最贴心的事又是什么呢？一起加入话题讨论吧！ [雪] [泪]
0,回覆 怒 台北就好了 我肯定立刻有床位立刻 右哼哼 左哼哼 回复 你联络？台北的吗？ 偷笑 [怒] [右哼哼] [左哼哼] [偷笑] [ok]
0,这个回答很赞，勾起了我对潮州牛肉火锅最强烈的回忆 泪 [泪]
0,第一张就是断桥残雪啊！！！ 抓狂 [抓狂]
0,这两天是干嘛了，曝光率这么高 黑线 ，吃个晚餐遇见 一曲柔魂 ，骑个自行车遇见 幸福 小小 干个早点居然可以遇见盈江的 盈江老许 ，呃 晕 [黑线] [晕]
0,我这几天在家都是穿的羽绒服 暖气什么时候来啊？ 泪 [泪]
0,偶买噶，应该让买家配个说明书 南京司仪阿拉丁 款圣诞帽 偷笑 小 造型 这是什么衣服，我买的？怎么穿噢 晕 汗 汗 汗 [偷笑] [晕] [汗] [汗] [汗]
0,天后。。这是什么概念。。。我很怕的，永远 岁好不？？。。。 泪 [泪]
0,刚发现规则都搞不清，还昏昏欲睡！我感觉我挂定了！我要丢人了！！我想好了掉下去的造型了！？！！？？ 晕 章梦莎莎莎 鼓掌 鼓掌 书书何 加油加油 [晕] [鼓掌] [鼓掌]
0,万恶的早点摊，吃坏肚子了，半夜肚子疼的要命，拉的都快脱水了 怒 [怒]
0,蜡烛 一起喝酒、一起抽烟、一起踢球，甚至于曾经同床共枕的兄弟，走好 泪 [蜡烛] [泪]
0,人生最悲催的是，活了 几年好不容易，喜欢个弟弟，下一场大雨给冲跑了。。。 泪 泪 泪 泪 泪 泪 泪 泪 泪 泪 泪 泪 泪 泪 泪 泪 泪 泪 泪 泪 泪 泪 泪 泪 泪 泪 泪 泪 泪 泪 泪 泪 泪 泪 泪 泪 泪 泪 泪 泪 泪 泪 泪 泪 泪 泪 泪 泪 泪 泪 泪 泪 [泪] [泪] [泪] [泪] [泪] [泪] [泪] [泪] [泪] [泪] [泪] [泪] [泪] [泪] [泪] [泪] [泪] [泪] [泪] [泪] [泪] [泪] [泪] [泪] [泪] [泪] [泪] [泪] [泪] [泪] [泪] [泪] [泪] [泪] [泪] [泪] [泪] [泪] [泪] [泪] [泪] [泪] [泪] [泪] [泪] [泪] [泪] [泪] [泪] [泪] [泪] [泪]
0,求图，求辟谣！ 笑哈哈 回复 走在左边的右边女子 左右不会是太骨感了吧？ 偷笑 走在左边的右边女子 回复 我要胖！我要胖！我要胖！ 好人老周 回复 江南 带感 回复 好人老周 吃货，吃货，吃货 抓狂 [笑哈哈] [偷笑] [江南style] [带感] [抓狂]
0,回复 红色玻璃鞋 祝这个宇宙好运 红色玻璃鞋 文泽 大雪的天啊。工作难度加强了。 抓狂 [抓狂]
0,码了一个下午的字，实习报告也才 ，谁规定要写 的啊，交上去又没人看，找段绕口令粘上去，直接凑到 ，哎。。。。还要继续码字。。。。 抓狂 [抓狂]
0,泪 泪 泪 抓狂 抓狂 抓狂 抓狂 泪 泪 泪 鼓掌 鼓掌 鼓掌 鼓掌 鼓掌 鼓掌 赞 赞 赞 赞 赞 心 心 心 心 心 心 心 心 心 爱你 爱你 爱你 爱你 爱你 爱你 从上个月底直至今日终究无法淡定！ [泪] [泪] [泪] [抓狂] [抓狂] [抓狂] [抓狂] [泪] [泪] [泪] [鼓掌] [鼓掌] [鼓掌] [鼓掌] [鼓掌] [鼓掌] [赞] [赞] [赞] [赞] [赞] [心] [心] [心] [心] [心] [心] [心] [心] [心] [爱你] [爱你] [爱你] [爱你] [爱你] [爱你]
0,大姐您这话说的我，转半天也没明白，好坏都没明白 泪 [泪]
0,泪 原来不是我一个人。。。 [泪]
0,霍霍要加油 我们还能吃森么 每日新报橙子 为了使大众修炼成百毒不侵，这些幕后的人们不知挨了多少骂，可大众还未修炼成功就很可能驾鹤西游了。 胖小嘴 我们不服毒都快活不下去了！ 美食环游 谁能告诉我什么东西没有毒？ 泪 泪 泪 [泪] [泪] [泪]
0,你老婆一年只许你操作两次你会怎么样啊？ 抓狂 [抓狂]
0,擦 ！这都可以？ 乐酷网姒寅 回复 刘大栋 哈哈 刘大栋 小葵花麻麻课堂开课啦 孩子在学校老是被揍，多半是不想上学，装滴！你再揍他一顿就好了 衰 葵花药业集团 小葵花妈妈课堂网 陈武涛 慕辰北 乐酷网姒寅 沉默的麦子程 [衰]
0,最爱的影片，最美的容颜。 主持人王馨悦 曾在少女时代，幻想过自己是 茜茜公主 ！ 泪 蜡烛 [泪] [蜡烛]
0,晕 神秘的风水学 道家辟邪伏魔手印诀 [晕]
0,：昨晚的火锅确实太不过瘾了，就那么小的一个锅，连个漏勺都不拿给我们，也没有肥牛 泪 咱们下次还是去吃正宗的牛肉火锅 [泪]
0,我 免费陪聊 听着很暧昧 原野部落空间 大家速度加我微信 随后领入群集合 入群后由 爱在蔓延安德森卡卡 免费陪聊服务 挤眼 粉熊与火鸡 耶 也 亮 悲伤 巴洛克的洛 陈大发陈大福陈大顺 粉熊与火鸡 嘉和万世晴 [挤眼] [耶] [悲伤]
0,全球经典音乐 泪 我和我的小伙伴都泪奔了，怒转！ [泪]
0,周日的下午，苦逼地裹在被窝里校对 抓狂 [抓狂]
0,话筒 翻译如下： 纳达尔 说：费雷尔这家伙在睡觉，我们拿舒缓泡沫去捉弄捉弄他 偷笑 。 费雷尔 醒了大叫： 抓狂 混球，你对俺干了啥？你个小兔崽子，你给俺这喷的是啥玩意儿 黑线 ？ [话筒] [偷笑] [抓狂] [黑线]
0,回复 闻博 哈哈 您是说身材么 泪 闻博 还真有点 可爱 南芳 雪沙 王鑫 我象外国人？ 哈哈 [哈哈] [泪] [可爱] [哈哈]
0,看一电视节目，强烈感觉毁三观！ 悲伤 [悲伤]
0,中国的食品安全真让人揪心，吃也不是，不吃也不是，这国家搞不好了 怒 怒 怒 。 [怒] [怒] [怒]
0,哭是永恒的主题！有的闹心了 恩晰不做女王 二逼瓦西里 泪 泪 泪 前路慢慢奇羞远稀。。。。。 [泪] [泪] [泪]
0,围观 一路狂奔，各种赶路当中 闭嘴 求筋斗云一个，有点悬 衰 [围观] [闭嘴] [衰]
0,快乐狐狸 好久不去北京了！ 、 、 、 、 、 、 貌似只去过这么几家！ 泪 妮妮大倪 快乐狐狸 氡氡轩岩 哈哈咱们一起吃 重口味女神 吃货有福了：北京排名前五十的餐厅，你去过几家？ [泪]
0,买书如山倒，读书如抽丝 失望 [失望]
0,今儿在医院，有个老太太。黑头发没多少了，脸上褶子用熨斗也熨不平了。喊我 妹妹，你眼神儿好，你给我看看这单子上写的什么 对不起，我眼神儿比你还差呢 ！ 汗 晕 [汗] [晕]
0,一个人在酒店的床上躺了一天，电视频道不停的转换，没你的日子度日如年，习惯了你一直以来来无微不至的照顾和宠爱，突然没你在身边就如同一个失去了方向的小船在大海中无助的摇拽，一天没吃饭，哪也不想去。明天一早打给南航，问问还有没有航班可以调换，我要提前飞回去 泪 。 [泪]
0,素质？ 林松 古埃及灭亡了但文明传承了，古中国存在着但文明变异了 汗 成东亮 耻辱 林松 巴黎协和广场立起了卢克索方尖碑，我们中国人在神庙刻下了无知与耻辱 泪 顺子 暴发户出国游 最好的未来 到此一游意义何在？ [汗] [泪]
0,回复 鹿 看第一眼我下意识拿镜子照照。奶奶的，明年考公务员吧 泪 鹿 你再熬夜 秋实 艾玛呀，老成这样了 [泪]
0,给小朋友们留着，各位老家儿们收了吧！化学金属活动性顺序表：钾，钙，钠，镁，铝； 锌，铁，锡，铅，氢； 铜，汞，银，铂，金。。。 由于太难背，于是化学老师教我们一个口诀翻译为一句话：捡，个，大，美，女； 身，体，细，纤，轻； 总，共，一，百，斤。 ：为什么我的老师当时没有交给我 抓狂 [抓狂]
0,噗憨声太大，确实睡不着了，只怪今天没喝酒 晕 [晕]
0,爆头了 晕 呵呵 香芋味可爱多 头条吊爆了！！ 同源康 笨笨笨达 拂晓的守望 修罗 爱 小 春哥 自由老盖盖 [晕] [呵呵]
0,本周的饼干，因为原材料问题，失败了 泪 所以沾上巧克力酱，味道如何，要等会见分晓 汪太可轲 [泪]
0,吉 美智子骨折脚趾。很可怜 泪 吉 美智子足 指骨折！ 泪 [泪] [泪]
0,难得洗个车，居然就下雨了 伤心 [伤心]
0,泪 泪 泪 他说他不等我，果然和好基友私奔去了！我的绿头盔啊！硬是硬的来！ 葡萄哈兮嘟 幽幽的 你看妖果然在期待那与众不同邂逅 [泪] [泪] [泪]
0,郁闷郁闷，兴奋的拿着广发卡去买星巴克，本来想小打劫下。结果点完单刷卡时，被告知余额不足。我无奈的给了服务员大洋，拿走了 杯咖啡。现在看着咖啡我这运气啊，早知道就提前问好这个卡是不是还能用？搞得我 抓狂 ，好吧， 失眠 今天晚上继续来找我吧，我奉陪到底。 [抓狂]
0,到早了，一进门就遭遇奇怪的检查，准备迎接各种高难度的重重安检 晕 嘻嘻 [晕] [嘻嘻]
0,您的意思是地铁不应该是普通人坐的？？ 财经网 微博动态 各种观点之涨价是提高地铁安全性必由之路 抓狂 [抓狂]
0,我遇到坏人了 泪 泪 泪 抓狂 抓狂 抓狂 泪 泪 泪 [泪] [泪] [泪] [抓狂] [抓狂] [抓狂] [泪] [泪] [泪]
0,哈哈哈哈赶紧拜干爷爷吧 舍庐鱼 太霸气了简直。 雅舍昊廷 霍 王琮 衰 衰 坊间盛传！ 徐德亮 舍庐鱼 王琮 嚯！ [衰] [衰]
0,心寒！！缺乏理智的人们 能彼此多一些尊重、理解与信任吗？ 急诊科女超人于莺 警察去哪儿了？全院的医生护士领导去哪儿了？只剩下孤零零的你，亲爱的医生，离开这家医院吧，这里不值得你付出，更没必要有半点的留恋 怒 ！ [怒]
0,老队长、马队和内少专辑？再看看现在的后防天团 泪 米兰新闻 转发微博 [泪]
0,有大鬼有小鬼 不好意思 偷乐 侯宁 魁隗氏从帝位降为侯伯？都是鬼啊 泪 [不好意思] [偷乐] [泪]
0,抓狂 我也想出去玩！ [抓狂]
0,今天还特地跟 的编导详细解释了 丝的由来，今儿就形容到自己身上了。。。 泪 [泪]
0,今天立秋，很怀念上周和几位肉食主食爱好者一起吃到的老北京酱肘子，还有米粉肉、干炸小虾、各种饼，尤其油渣儿饼和麻酱糖饼各种好吃，到今天还在怀念 泪 。没店名，门口就三个字：肉饼店，也没菜单，吃什么看老板心情啦。 心泉之家 霍 在吃 食尚小米 你们今天吃了么？ [泪]
0,体制内都是些啥货色呀，各个龌龊至极！ 衰 [衰]
0,突然失眠了 我咋一点睡意都没有啊 泪 [泪]
0,老天流泪为四年前的今天 泪 。告诉自己平淡即真！平安是福！ [泪]
0,额。。。请问，我是在操劳什么 衰 [衰]
0,不是被困在厕所，就是被反锁在 楼的房间里，看来要学会密室逃生啊 抓狂 衰 要多看看 盗墓笔记 吧 哈哈 [抓狂] [衰] [哈哈]
0,还真是 我在人民广场变炸鸡 衰 [衰]
0,还有空调呢 中壮 都有桌子了！简陋个啥？要啥自行车呀！ 怒 贾秉强 捡起来卖给废品收购站，也许够壶酒钱，姓金的这窝子都是些忘恩负义的主 不忍装饰的美 多朴实无华 偷笑 这算啥发射中心啊，看了就害怕。真不靠谱。 鬼之魂再世 掉在我 [怒] [偷笑]
0,店名字 游 ，每次去五道营必吃！强烈推荐！！ 他哥 居里樱桃 大众点评网 北京美食 抓狂 现在好想吃鳗鱼饭！！ [抓狂]
0,可能是拍电视剧吧，爱情雨。 北海道旅游达人 呵呵，心跳过快，脑子一片空百 燕子 为什么不帮我要张签名啊 北海道旅游达人 是今年 月份来的。 朵 最近吗？怎么又跑日本去了？ 陶陶 查北海道旅游的情报，突然看到这条。这不是逼我去占冠村嘛 抓狂 抓狂 [抓狂] [抓狂]
0,果冻的简单生活 下班后好饿，迅速去晚饭，吃饱后胃就开始巨痛，坐车下班回家，刚到家胃就不痛了！ 抓狂 抓狂 抓狂 [抓狂] [抓狂] [抓狂]
0,第四个是慈姑 音 吗？第三个不是芋头吗蒸熟蘸糖好好吃 块茎类食物爱好者现在饿了 泪 刘新征 回复 杨三 土豆红薯，第三个吃过，但不普遍知道，第四个是啥？是洋姜么。。。 杨三 土豆，山芋，芋头，地瓜。 刘新征 夏小喵 你们家一般咋叫得啊？ [泪]
0,晕 鄙视 抱抱！要提高警惕啦 慢卷袖 陈雨星 精品购物指南 小米表姐 颦颦有礼 打瞌睡的猫 新颜 闫伟 罗佳祺 赵亮 张倩 蓝色野百合 蓝海之声 土人小武 阿扁麻麻 小雁 太阳系之天上月 立恒 大仙 程 意 冬日山 [晕] [鄙视]
0,糟糕！头疼 泪 泪 [泪] [泪]
0,威武 威武 赞 赞 多少泰国人都在纠结这个词到底是什么意思 晕 晕 [威武] [威武] [赞] [赞] [晕] [晕]
0,你一路甜甜的陪伴 心 悲伤 [心] [悲伤]
0,我喜欢这样的大叔。爱送礼物的大叔你在哪呢，我在这里等你的礼物呢，你快来吧。 泪 [泪]
0,立冬了，吃什么好呢？ 抓狂 鼓掌 [抓狂] [鼓掌]
0,引以为戒，现在 也 不成过去那样子了。 幸福作坊主人 岁以前，是父母给的资本， 岁以后是自己的创造。吃光了父母的老本，创造了垃圾的自己。 任我行 杀猪刀 悲伤 [悲伤]
0,还有真的很肥很肥很肥 学学艺人减肥的毅力啦 泪 泪 泪 泪 泪 泪 我在 [泪] [泪] [泪] [泪] [泪] [泪]
0,我确定明早还要去上课吗？确定 泪 [泪]
0,小小苏： ：感动 哭了！！ 射手座沈沈 泪 少 黑白配！ 桃子子子子子 太感人了 太感动了 真的有感动到了 泪 泪 泪 [泪] [good] [泪] [泪] [泪]
0,新京报 怒 央视新闻 第一口奶黑幕 医生护士赚钱利器：新生儿的 第一口奶 为保证婴儿第一口奶是自家品牌的奶粉，多美滋每年都以各种形式给医院送钱，给医生、护士打款。多美滋每年在天津一个地区，花费在医院上的维护费就超过三百万！ 央视记者朱江 朱慧容 [怒]
0,中弘文昌物业真是垃圾 衰 海航文化陈伟 衰 首都 城管 新闻频道 海航文化陈伟 房子还可以，物业真垃圾。住了两年，暖气不暖，现在竟然耍流氓，不交取暖费，就不让业主买的货进地库，送货的物流和快递痛苦不堪。而小区周边混乱不堪的各种违法摆摊的就因为给物业钱了就可以逍遥法外 北京朝阳 [衰] [衰]
0,给我亲爱的爸看看，他还会怀念迷恋那些谎言不？ 泪 老猫猫 马珂 吃惊 吃惊 吃惊 大势将至 怒 怒 怒 [泪] [吃惊] [吃惊] [吃惊] [怒] [怒] [怒]
0,是在说南锣鼓巷吗 店主亲自劳作 天乘十几个小时，都不够交房租 泪 岂有此女 ，北京甚至用不了 年，还有同样命运的国内众多旅游城市。对于城市记忆与传统文化的呵护，也许政府该有所作为，避免自由化市场的短视。 威的生活便签 威感觉这就是 年以后的北京， 岂有此女 你怎么看？ [泪]
0,换句话说，这就是传说中的 爽死了？？？ 衰 迷失在爱情里的小羔羊 [衰]
0,深圳到厦门历时 个多小时，二等票才 ；从广州南到衡山西，历时才 个小时多点点，二等票却收了 元，真的不公平！ 怒 怒 厦门市旅游局 厦深铁路 票价出炉啦！元旦要深圳游的童鞋们赶紧行动吧！ 围观 [怒] [怒] [围观]
0,永远的协和 徐可可 帮忙转 阿凡卡 王昊 王厂长 怒 泪 斯坦 转发微博 [怒] [泪]
0,以前是喜欢什么杂志，就买什么杂志看；现在这个电子时代，是哪本杂志有我的插图，就有哪本杂志看。不过这两期木有，老爱卖萌的小编辑说这是给阿姨我看着玩的 泪 [泪]
0,来台中吃完饭赶上台风刚要到！微微细雨送我们进餐厅、时旬创作沙拉、蕈菇饮物、鱼皮野蔬、鲑鱼季饭、海鲜芝麻冷面、岩烧石板牛肉、石莲芦荟汁焦糖盐之花慕斯 馋嘴 馋嘴 这样吃下去腰围眼看要肥起来啦 泪 没人要啦 泪 晕 求减肥秘方 哈哈 达人揪团带路 台湾自由行 个人游台湾 [馋嘴] [馋嘴] [泪] [泪] [晕] [哈哈]
0,呀！上帝呀。这个有地方能学吗 抓狂 一弛 孟陌陌 王乱子 大仙女罗 曹涤非 晕 偷笑 酷 无语了！ [抓狂] [晕] [偷笑] [酷]
0,我想吃火锅。。。。。 泪 [泪]
0,向 左手 提问：怎么处理好孩子与旅行之间的关系呢？我身边的同事都是从怀孕到孩子 岁左右，基本上就不考虑出门旅行了，这样至少有 、 年要放弃自己的爱好。 泪 [泪]
0,泪 赶紧睡，晚安 [泪]
0,一直对激光手术后十年二十年的状况有疑虑，所以一直没有下定决心做。这下更不敢做了。可是我好羡慕不近视的人啊，睁开眼睛就是清晰的世界，不用面对戴框架呆板而戴隐形又干涩的问题 抓狂 抓狂 抓狂 [抓狂] [抓狂] [抓狂]
0,那个谁 芝麻！你能消停一会儿吗？！ 抓狂 摄影师与萌狗的故事 拯救弃猫 [抓狂]
0,呼吸道仿佛被插了根鸡毛掸子，一直通到肺里，不停的咳嗽！我就奇了怪了，我一不抽烟的人怎么能咳成这个死样子！！！ 抓狂 抓狂 抓狂 [抓狂] [抓狂] [抓狂]
0,冲蛋白粉小妙招 抓狂 。先半杯凉水化开。再热水加满容器。不停搅拌。终于没有那么多小疙瘩了。 [抓狂] [good]
0,这个年代，真心病不起啊。早上刚交了 ，下午跟我说欠费了，而且已经欠了 。不知道农村医保能报销多少啊？农村人，收入少，报销还要更少，真是有什么都不能有病。 泪 农村医保，现在癌症这种病能按多少比例报销？有知道的不？ 二狐 萨日照 福州医保 [泪]
0,农民起义了 石上泉声 晓飞 老关回来了 煤体 求扩散！！！ 怒 怒 怒 [怒] [怒] [怒]
0,地方保护 惩罚不足 这不是历史 泪 [泪]
0,我没啃 抓狂 不过这重庆带回来的小吃真的是太香了！我快 不住了！可惜我现在的胃也承受不了大早上如此重口味了！ 可怜 只能一旁流口水了 [抓狂] [可怜]
0,封面漂亮啊，腰封上的 林徽因 很抢眼 兔子 朗读者西西苏禾：好看 符马活：回复 于一爽 送你一块做裤子 花姑娘 于一爽 我稀罕这封面的花布 抓狂 符马活 吴阿仑： 符马活：回复 一航 谢谢你的点评 一航 腰封的字体还可以设计得更好看一些 [兔子] [抓狂]
0,感。欣语 难道毕业季节就是分手季吗。。我不要听到分手的消息。。 泪 泪 泪 不要。。大家都好好的，珍惜着彼此走下去。。好不好。。 可怜 自己努力着，祈祷着，感恩着，珍惜着，可还是没有结束单身，这是我最大的遗憾！！！大家都幸福的成双成对让我弥补这遗憾好不好。。 可怜 心 微风 月亮 [泪] [泪] [泪] [可怜] [可怜] [心] [微风] [月亮]
0,王艺达达达叔 裘裘需要一点好运气 小刘北鼻 迷彩小混混 右哼哼 给力 熊猫 兔子 威武 围观 抓狂 一起来庆生咯 哈哈 快乐呀 [右哼哼] [给力] [熊猫] [兔子] [威武] [围观] [抓狂] [哈哈]
0,经过 后宫生存能力测试 ，我的宫斗能力 ，宁嫔。人说无欲则刚，宁嫔不卑不亢，正是英雄好儿女；滴水之恩涌泉相报，爱人已死，亦不愿独活 泪 ；我的宫中知己是 珍宝贝 依然小白 ，如果身处后宫，你又会有怎样的命运？快来测测吧！ [泪]
0,想说：干嘛没有女同事这样对我啊？ 偷笑 偷笑 黄 哥 真想说点什么。 刘春 泪 [偷笑] [偷笑] [泪]
0,回来的车上我们才想起，啊！刚做的柠檬芝士蛋糕呢。。。 抓狂 抓狂 抓狂 [抓狂] [抓狂] [抓狂]
0,今天淮海路见一奇景 多么不情愿的小朋友。。。我要自己走路！！！ 抓狂 [抓狂]
0,我妈一脸狐疑地看着我说，你们公司是做什么的来着？ 衰 俺们是清白的 已经看到两张熟脸了，你们都还好吗。。。 明年 ，别再看热闹了，整个互联网行业都要菊紧了 [衰]
0,我原以为一辈子也忘不了的事，突然发现怎么都想不起来了。韶光飞逝，容颜易衰，我不爱一时，也不盼一世，唯愿守长情，我先忘，你再走。。。谁能再教下我，纸飞机怎么叠啊，说啥也不会了 失望 静静的鱼儿 转发微博 [失望]
0,你是把人忽悠到植物园，你没去么。 风神小邪 可怜的娃啊 偷笑 丫头 悲催首页值班没去成 泪 [偷笑] [泪]
0,好困呀 头疼、眼睛也疼 求睡眠 抓狂 [抓狂]
0,就是多吃了一些青菜 也不至于拉肚子吧 挖鼻屎 失望 委屈 可怜 悲伤 [挖鼻屎] [失望] [委屈] [可怜] [悲伤]
0,大早上起来想怒骂！！！带米娃打针，先去拿号再来接她，回去路上原本就窄的双向单车道被无良司机倾倒垃圾堵了一半，我前面的女孩堵了半天想掉头又不行，对面没有一辆车让的，我冒雨下去协调才得以通过。差点起大早赶晚集，那些人啊，我无语的诅咒，就该罚他一锹一锹把渣土吃掉 怒 怒 怒 [怒] [怒] [怒]
0,我桌上有烟随便抽 电子小 酒没事儿，越老越陈，就跟咱俩似的 偷笑 武悦 更悲催的是 烟也抽完了 抓狂 [偷笑] [抓狂]
0,可困死我了 泪 [泪]
0,你永远 岁，军师还有的长 哈哈 哈哈 差不多的明明 泪 是我吧？ 差不多的光光 差不多的亮亮 差不多的明明 差不多的溜溜 李君卫 游云弋 差不多的陈浩南 汪墨 张鸿 差不多的荷玛 [哈哈] [哈哈] [泪]
0,衰 上海广告媒体圈 兔子 五星 围观 [衰] [兔子] [围观]
0,珍惜我们的地球，爱护和保护动物吧 泪 心 何必如此对待它们呢？！ [泪] [心]
0,推荐一家店，汉口路老胖子鱼馆，怎么说好呢？鱼端上来的时候还没来得及拍就吃光了，赞的一笔，还有这地锅鸡，我可以负责的和你们说，我吃过南京最好吃的，入味的一笔，用了他们家一大包餐巾纸，基本上边吃边哭 撑死我了 泪 泪 泪 [泪] [泪] [泪]
0,喔喔！结婚证的照片要不要这么洋气啊！太好看了啊 杨幂：真心祝福你们！一定要一直幸福下去啊 泪 爱你 心 心 心 [泪] [爱你] [心] [心] [心]
0,做好准备，不要涉水！ 动感驾驭杨娃娃 晕 明早七点燕莎桥集合去昌平。。要不要开车。。要不要啊！不开会不会下雨打不到车，开了会不会被淹啊！ 泪 晕 晕 黄小健 已经通知有中雨 喳小圆 今晚是没下，看看明天吧 黄小健 请大家做好准备！扩散 话筒 [晕] [泪] [晕] [晕] [话筒]
0,怒 张洪生在传媒大学 实现法制社会很不容易 王甘霖 这样的判决，让我们对 法律 二字很失望。 迟夙生律师 怒 苗以升 政经观察员范利祥 法律从来都是惩治良民的。 中青报周凯 韩 雅沫 兴旺百姓苦，是与非，众人皆有论！人在做，天在看，世人都在看 [怒] [怒]
0,排山倒海！！！ 衰 [衰]
0,各种时间不够用啊 泪 我还想做莓慕传情，做个吐丝，再研究情人节做个啥呢，都中午了 可怜 [泪] [可怜]
0,官方你 汗 汗 汗 上海科技 黄浦江上游漂浮死猪事件 截止 月 日 时，全市共打捞死猪 具 抓狂 [汗] [汗] [汗] [抓狂]
0,泪 [泪]
0,回复 又被你发现了 酷 你又来得瑟了。 泪 [酷] [泪]
0,日常工作状态大揭秘，重点在于工程，这还只是一档日常节目而已，我们是有多么悲催？？？ 抓狂 [抓狂]
0,回复 是呀，这边这种都是小的 这么大还是 衰 [衰]
0,说走就走啊？ 幸福的西西米 啊？怎么说走就走了，太快了，都没有心理准备！ 泪 泪 谭小娇女士 本来今天要走的，但就是转运的问题，结果没走成。正都想办法呢。 幸福的西西米 亲爱的，哪天走啊？北北怎么样了？ [泪] [泪]
0,哈哈哈 搞笑糗事排行 好一个天真烂漫玉洁冰清头脑简单的菇凉 晕 [晕]
0,希望是真的 刘松 甲骨文 啊？ 黑马 抓狂 一朵午荷 任卫新 又一版。 酷 [抓狂] [酷]
0,三里屯， ， 楼，鸿雅依莲，美甲店，放着我一年前，最爱的各种歌曲 泪 泪 泪 杨子伶 亮 大爱漂亮的水晶 爱你 礼物 围观 威武 快乐，习惯的，快来噢 昆哥 左小强 翟艳丽 [泪] [泪] [泪] [爱你] [礼物] [围观] [威武]
0,警察局注册 衰 衰 衰 排队两个小时， 衰 衰 衰 午饭直接略过。明天一开学就是 各种鸭梨 泪 泪 泪 [衰] [衰] [衰] [衰] [衰] [衰] [泪] [泪] [泪]
0,我不行了，受不了了。快到明天吧 抓狂 [抓狂]
0,我的 还会回来么 泪 [泪]
0,这家 是我遇到最多中国人的地方 晕 ，六七桌客人就只前后两桌其他国家的或者说本地的？前后四五拨讲普通话的，真象提前回国了 我在 [晕]
0,呵呵 陈冠丹 太美了 抓狂 之前去那里遛弯儿的时候叶子还是绿的，没想到瞬间就这样了，必须再去 可怜 陈丹丹 木腾腾 杨如薇 马克与猫 [呵呵] [抓狂] [可怜]
0,七月六七号就可以回家了，近期的目标：为期末的考试事业而努力奋斗，坚决抵制挂科这一悲剧的发生！为暑假可以安心的玩儿打好基础 什么综合英语，什么语法，什么泛读，什么口语，什么听力，什么外教，什么计算机，什么近现代史 劳资豁出去了，拼了！！ 抓狂 抓狂 抓狂 抓狂 抓狂 [抓狂] [抓狂] [抓狂] [抓狂] [抓狂]
0,我接着拍！ 鼓掌 鼓掌 哈哈 俭小鱼 衰 泪 抓狂 怒 怕不怕巴掌拍掉了 菲比不能太物质 ： 鼓掌 鼓掌 偷笑 [鼓掌] [鼓掌] [哈哈] [衰] [泪] [抓狂] [怒] [鼓掌] [鼓掌] [偷笑]
0,相声艺人郭晨 苦涩命运之痛 文白雨云 紧急求助 陕西西安大肚男孩高江乐 患肾病综合症，全身浮肿腹胀如鼓，胀痛无比，幼小生命岌岌可危 泪 ，费用支撑不了几天了，急盼援手！捐款通道： 平台 微公益 心 恳请关注 超能悟空 在西咸 [泪] [心]
0,泪 杨凯 兰会所 营收的低迷会导致出幻想，幻想着家庭个人的消费来冲抵政府机构消费的滞涨带来的严重后果，原本时尚奢华的场所终究被一群疯狂人群所代替，而这些疯狂人群压根也不是你的受众，降价，团购，折扣，白送，畅饮，代金，白吃，折腾了员工，厨师，高级家具，劳民伤财，源于没有现金流。 [泪]
0,悲哀呀 怒 [怒]
0,对待恐怖要严惩不怠！ 怒 [怒]
0,谢谢，我们一定会努力呈现精彩 围观 威武 韩慧好哈 联系上就好了！我们一定会持续关注的！ 五月 回复 莉卷卷 泪 害羞 不过告诉你好消息，章申老师和王耀庆老师方面已经和我取得联系了，谢谢你，虽然不知道你是谁，我还是非常谢谢你的密切关注，一定不负期待：哈德 耶 [围观] [威武] [泪] [害羞] [耶]
0,连轧带钩 布什说逆咋才来捏 吃啥用的啊？齿儿都弯成那样儿了 乌溜溜的黑眼圈 晕 [晕]
0,兰童 左小祖咒 怒 天小胖的大胖爸 中国历史解毒 该父亲电话是通的，大家有疑问可以去求证。 [怒]
0,好累 家里网络又坏了 抓狂 数据信号还不好 这是想让我彻底休息啊！不管了！碎觉！ 哼 [抓狂] [哼]
0,衰 从牡丹园一直挤到宋家庄！迟到了！ 晕 [衰] [晕]
0,在网上买了一瓶特价的高级香水，名牌，超级便宜！本以为自己赚着了，但当我拿到香水的时候我彻底崩溃了！！ 可怜 浓香型 榴莲味 高级香水 失望 感冒 [可怜] [失望] [感冒]
0,明晚！！！角度！！！姿势！！！节 ！！！霸气！！！真棒！！！ 啊啊 抓狂 啊啊 哈哈 [抓狂] [哈哈]
0,擦 张超创见 这个早就用上了，不过我只知道在 下可以。 来园的喵美 你妹 泪 泪 孙 尼玛，连我都不知道 张德园 我都是装个 使用 何 登成 擦，白活了 泪 刘浩 嚓， 也有，忽然发现我的一部分人生也失去意义了。我都是先拷到记事本 [泪] [泪] [泪]
0,我想去看球 我不怕下雨！不怕远！不怕散场打车回家！从山里奔百十公里杀到工体我也愿意站全场不会嫌累不会喊前面坐下！我！想！去！看！球！！！我他妈的想去看球！！！可，时间他妈的来不及了 泪 泪 泪 我在这里 [泪] [泪] [泪]
0,我看完的第一反应居然是李老师又躺枪了 晕 哈哈 李伯清 [晕]
0,泪 我不回家了 [泪]
0,主君的太阳 第六集里被安乐的狗狗也太可怜了吧？看完都是泪啊！ 泪 泪 泪 [泪] [泪] [泪]
0,是呀 我在昌平呢 下的好大 赫茹 昌平开下啦 天气预报 过了城区，就是昌平和顺义，首都机场 抓狂 [抓狂]
0,常常感到自己很笨 我感到我需要学习沟通的技巧 我需要学习大量的沟通的技巧。不得不说 我简直就是情商界的一朵奇葩。 泪 [泪]
0,嚯嚯呵哈哈哈哈哈 这可真不赖杀猪夺命时间刀。 兔拉拉 杰哥 一弛 吾酷小宝 吾酷周小四 鼓手余伟民 音乐王璐 那时 花开 这位美女是谁呀 偷笑 岁月真是一把杀猪刀呀 衰 [偷笑] [衰]
0,晕就一个字 晕 [晕]
0,是啊 失望 [失望]
0,心形岛 受伤了 还记得这座被称为 情人岛 的心形小岛吗？ 可怜 它位于克罗地亚亚得里亚海岸边，自 年第一次出现在地图上，便吸引了人们的注意。最近，岛屿主人对其进行树木清理，欲将其开发成理想的婚礼举办地，这使得小岛从远处看像是一颗受伤的心 伤心 只想默默说一句：愚蠢的人类！ [可怜] [伤心]
0,中国男篮比赛还有 分钟开始！！目前战绩全负！！！ 泪 看这场了。。 [泪]
0,晕 晕 威武 宋洋美术 美图秀秀出新版了？ 乙妍 心理年龄也整过的 瞧这动作 狠不错 禾小米 究竟是何妖术？ 吃惊 这脸。。。。。太可怕了。。。。。 西祠响马 奶奶好 [晕] [晕] [威武] [吃惊]
0,好穿的鞋 泪 这两天的心烦事 人人自在 转发微博 [泪]
0,回复 嘻嘻 这大半夜的，又来馋人那 抓狂 [嘻嘻] [抓狂]
0,今天下午闯祸了。陪表哥一家子去看别墅，回来路上把哥哥家的钥匙弄丢了，门卡上清晰印了现在的住房地址。 委屈 委屈 委屈 大老远跑回望城唯一会丢的地方，还是没有找到。 失望 失望 希望不是被坏人捡了去。 悲伤 悲伤 生病 [委屈] [委屈] [委屈] [失望] [失望] [悲伤] [悲伤] [生病]
0,拨打公积金咨询电话 就像中奖似的 拼的完全是人品 占线正常 不接有理 抓狂 [抓狂]
0,怒 丰南电视台门口连车都打不到 我在 唐山国丰维景国际大酒店 [怒]
0,四的天下才播了山 一 住房有 性假窗 ， 想到在上海也有， 道是最新流行 ？ 晕 上海建筑贴 余个假窗户 下载客户端 [晕]
0,来广州四天了，这雨一直下，一直下，老天爷你也该歇歇了吧 衰 [衰]
0,厄。。这真挑战。。 汗 刘吻雯 额 下面是这样的 衰 [汗] [衰]
0,值得试试！ 歌莉 太 人了 抓狂 [抓狂]
0,妹，果真长大了，姐好欣慰 泪 [泪]
0,中国警察干点正事抓住厮来点狠的。 国庆 操你奶奶的傻逼老外 李永帅 大家转起来 怒 怒 怒 怒 怒 怒 杀了他。 怒 王星皓 臭 一个 怎么没整死他 泽浠 灭了丫的！ 杜翊杜骁航 欠抽！！！ 嗨 蛋蛋 操，混蛋，大 ， 。滚蛋，滚出中国。 怒 [怒] [怒] [怒] [怒] [怒] [怒] [怒] [怒]
0,现在房价高，我也是给逼的 失望 [失望]
0,男人角落 造谣绝对造谣 政府不可能不管的 泪 紫色 风铃子 泪 北平总督 北欧弓箭手 天啊 今晚让我大哭一场吧！ [泪] [泪]
0,泪 徐虹 这么贵 虎宝 转发微博 [泪]
0,在石最后 分钟上场！主罚全场唯一点球！ 酷 没看到 啊！韩国队 ： 领先后现场终于齐声大喊 中国队加油 好感动 泪 泪 泪 虞伟亮还是很神勇的！ [酷] [泪] [泪] [泪]
0,谁还敢吃养殖底细不明的鸡！ 陈姥姥小儿推拿 晕 吃惊 衰 [晕] [吃惊] [衰]
0,感情戏竟然是如此拍的。。 衰 当个好演员不容易 哈哈 哈哈 [衰] [哈哈] [哈哈]
0,回复 它眼睛可亮了，像两个小灯泡，离开的时候走得流浪感超强。 失望 [失望]
0,谢谢你，憨豆先生带来的太多快乐，一个角色是否成功，四个字 无可替代 ，再见了，憨豆先生 泪 [泪]
0,我感动了 泪 楚布 可遇不可求。对书对事对人，皆如此。难得。 陆源 你把编辑工作做成事业了。你是个好编辑，而且这样也很幸福。 [泪]
0,拿狗做比喻显你特么的多了不起呀！ 怒 三摩地素食 五岳散人 咬死疯狗不光荣！哈哈！ [怒]
0,事隔多年再次遭遇 诈骗 衰 奇 [衰]
0,全城大堵车！ 抓狂 路上都是幸福甜腻的情侣！ [抓狂]
0,多动症只有被抓住小辫子才能稳坐 小时 偷笑 老极在旅行 泪 已经编了三个多小时了，被几十人的苹果，诺基亚，爱拍围拍。 [偷笑] [泪]
0,腰围一米多的人凭什么和两个瘦子一起拍照 抓狂 抓狂 抓狂 抓狂 抓狂 他的眼里只有你 [抓狂] [抓狂] [抓狂] [抓狂] [抓狂]
0,气死了 抓狂 ！气死了 怒 气死了 生病 可怜的我感冒了，被听众发短信嘲笑说：声音太有磁性了，太像梅超疯！注意是 超疯 。哦。买噶，我疯了！ 风扇 [抓狂] [怒] [生病] [风扇]
0,周贱贱公司又有聚会，苦逼的林月珍同学只能在家捧着手机看美剧，这日子没法过啦 抓狂 [抓狂]
0,有这人工干点其他的不行啊？ 怒 [怒]
0,回复 咖啡领地 反作弊又多了一个数据项 咖啡领地 泪 都是你通过微博传染我的 [泪]
0,厌倦一切装 和假大空，你说你的，我行我的，我就是我，永远纯真纯洁纯粹，休想污染我！品格高尚可不是说出来的，别想着喝个茶念个佛，就是什么有品位的人儿啦！我只能下评语： 真够假的。 附庸风雅还真不如认真做人，对这些人渣，我只想说： 次奥。 怒 [怒]
0,前两天家人在阿母斯特丹机场 行李被盗 护照四本 英镑欧元信用卡 两台笔记本 一台相机四个镜头等物品转眼没 泪 泪 泪 提醒去国外的同胞 说中国话的现在在全世界都很容易成为目标 [泪] [泪] [泪]
0,死了我无数脑细胞 想了一路没想明白关系和称呼 怒 [怒]
0,老王 我为世界第二经济总量的首都而耻辱！ 怒 就邢军吧 新闻联播播了吗？还有什么比生命更重要的？ 贝月森 杨乐渝 伦敦谷哥 老王 德懋堂卢强 张长征神行神驻 赶快告诉亲朋好友 商业地产 天啊 [怒]
0,刚刚只是关注 幸福很荣易 一人， 微博小秘书 一下子送我 个关注，太大方了吧 衰 [衰]
0,回复 西航住温哥华大使 谢谢美好 爱你 爱你 爱你 西航住温哥华大使 生日快乐 哈哈 蛋糕 蛋糕 干杯 。顺便帮我查下 ， 什么花语。我打不开那个网址谢谢 偷笑 托斯卡纳 谢谢老友！ 爱你 我好感动 泪 [爱你] [爱你] [爱你] [哈哈] [蛋糕] [蛋糕] [干杯] [偷笑] [爱你] [泪]
0,全身 泪 [泪]
0,石小杰微博 泪 当地官员们少吃一口救救他们吧 [泪]
0,世外的桃源，一切都美得不真实 泪 我在这里： [泪]
0,春天来了，我要发霉。 衰 [衰]
0,好想吃炒鸡蛋和炸鸡 泪 泪 泪 泪 泪 泪 [泪] [泪] [泪] [泪] [泪] [泪]
0,二月天 晕 [晕]
0,啊。。第一次做披萨米有成功，影响了我进攻西餐界的信心。哼。谁来把这个吃了 怒 [怒]
0,鄙视 懒骆驼 基情澎湃啊，可惜距离太远，只能撸了。 叁魂不见柒魄 一打 ，居然是 情 ， 屎我了。 风惹尘埃 是够吵的，爱特来爱特去，好累的 哈哈 哈哈 哈哈 哈哈 年柿子 私聊一边去 衰 欧洲杯将是中国队问鼎 [鄙视] [哈哈] [哈哈] [哈哈] [哈哈] [衰]
0,回复 活力的么么兔 泪 活力的么么兔 怒 蜡烛 午夜的阳光奇奇 逝者安息 蜡烛 蜡烛 蜡烛 [泪] [怒] [蜡烛] [蜡烛] [蜡烛] [蜡烛]
0,衰 震惊 [衰]
0,更悲剧的是 同事今天第一天上班看到我 以为我去微整了 靠 汗 衰 [汗] [衰]
0,又陪着妈妈看明道这张包子脸了。。。。。。哪有王的气势啊。。。。。王的女人。。这片名看一次就想吐一次槽。。。。。。。 抓狂 抓狂 [抓狂] [抓狂]
0,我等到花儿也谢了。。。还有那一桌的好酒好菜 泪 [泪]
0,不过这周末我要飞成都了，不能跟你去了 泪 笑点低小姐 ：回复 你等我周末呗 昨天下午就去装孙子了，趁着天气好， 笑点低小姐 ：什么时候再去一次 ？ 笑点低小姐 什么时候再去一次 ？ [泪]
0,：有的司机真好 棉花小球 寒冷的夜里看到这样的故事，真好。 恋上 月的兔子 ：但是 有的司机就缺德了 冒充正规军。。。 怒 杨树梢 有的司机真的很好，同转 [怒]
0,要幸福啊 阿祖。 泪 泪 泪 [泪] [泪] [泪]
0,中国某些医生为了金钱效益连最起码的良知都没了！ 衰 张小涛 何杰 明白。 君 一直惊奇于国内医院的大小病都输液，连喝多了酒也是，现在终于有人提出了质疑。当年广东艺术家梁炬辉感冒后要是不输液就不会出事了。 常徐功 必看 [衰]
0,五月不减肥 六月徒伤悲 一身坑爹的赘肉尼玛伤不起啊。 抓狂 减肥才是王道啊！！！ 泪 泪 泪 柠檬汁能减肥哦。真的啊？反正你信不信，我信了啊。意大利进口的 柠檬汁在 号店搞团购，不抢几瓶对不起自己的肉啊 委屈 快戳啊 耶 耶 耶 [抓狂] [泪] [泪] [泪] [委屈] [耶] [耶] [耶]
0,怒 数十万有点夸张啊，不过让保钓勇士只身深入是特么让人看不过去，大陆媒体还恬不知耻说马英九怎么没血性，钓鱼岛是特么谁家的？！是马家的？！ 中国图书网官方微博 这是真的吗？ [怒]
0,哈哈哈 微博搜索 搜了下，居然是真的。。。。。 衰 [衰]
0,每项开销都留发票是个好习惯，起码你能粗算一下月平均个人花费是多少 汗 问题是就我这数学耐力，一算就烦 抓狂 滤一遍，待会儿让俺公司里专业的财会、出纳再细分。 国际影视文化传媒 [汗] [抓狂]
0,居然一天没犯困。现在也不困！ 抓狂 [抓狂]
0,估计我也是第三项了 泪 [泪]
0,走向地下的时候瞬间回忆起，四年前这里还是网球场的时候，在这里给采访对象拍过照片，一下子四年就过去了 泪 [泪]
0,一个电话搞了大半天才能登上微博。我真是个 白痴。 抓狂 抓狂 [抓狂] [抓狂]
0,猪笼四国 衰 [衰]
0,泪 姗 等我有机会演出肯定请你们三个伴舞 鼓掌 鼓掌 [泪] [鼓掌] [鼓掌]
0,终于盼来了秋高气爽的深秋 终于可以在不开空调的情况下完成妆容得瑟出门啦 偷笑 但是出油还是毁容啊 卡粉花妆还是存在呀 伤心 想想那些明星各种街拍都保持完美出镜 她们不会流汗花妆的吗 之前试用过中样现在神器正装入手 凯莉丝汀持久定妆喷雾 掌握使用技巧真的让你妆容无忧 [偷笑] [伤心]
0,手酸死咯 斤核桃全部切成核桃碎 不能用机器 机器会过度粉碎核桃 所以必须全部手切 泪 另外还有用了一瓶多百加得朗姆酒泡出来的美国蔓越莓 喷香！ 嘻嘻 大家不要催我哈 都是现做 早就说好了最快周末才出货 哪个再在淘宝上催我发货的就取消订单哈！ 打哈气 [泪] [嘻嘻] [打哈气]
0,我想知道有没有人看过伊藤润二的 寒气 ？什么赶脚啊？坦白说我是真的很好奇，但我实在没勇气尝试。。。 衰 [衰]
0,刚接到同事电话，告之我的 发什么网银之类充值的话。上 ，结果已无法登陆了，请我的同事及好友千万别上当啊，那不是我。 衰 急！！！ [衰]
0,恭喜出新作。每当我烦躁和功利心冒泡的时候，就会翻翻黎戈的文字，对我有宁神静心的功效 呵呵 黎戈 别哭了，我们开始预售 话筒 泪 开始预售了，最好的文字，最好的黎戈，世界末日前可以有的。 [呵呵] [话筒] [泪]
0,麻痹的 我想艾特好多人！！！ 怒 [怒]
0,我们这里是第一张叫葱，香葱，横切面是空心圆；第二张叫，青蒜。横切面是实心的。我要出去跑步了，冷静下， 泪 泪 泪 泪 泪 [泪] [泪] [泪] [泪] [泪]
0,扛了一天没扛过去，还是烧起来了 抓狂 抓狂 抓狂 泪 泪 泪 生病 生病 生病 [抓狂] [抓狂] [抓狂] [泪] [泪] [泪] [生病] [生病] [生病]
0,记得那些年吗？那些年我们为心爱的男孩织围巾，一针一线，饱含爱意。前年 我 买了 毛线 外面 花了 元 代加工织围巾 送给了当时的男友，他感激涕零，夸我温柔贤淑，到现在他也不知道那是毛线店大妈的杰作 衰 [衰]
0,终日忙忙叨叨，不知不觉大半年过去了 抓狂 ，我的长假终于要要开始啦！ 鼓掌 鼓掌 鼓掌 坚持最后一礼拜 委屈 委屈 委屈 委屈 黄小闪加油！ 奥特曼 奥特曼 奥特曼 [抓狂] [鼓掌] [鼓掌] [鼓掌] [委屈] [委屈] [委屈] [委屈] [奥特曼] [奥特曼] [奥特曼]
0,眼睛开始充血 刺痛。预感要得红眼病或者结膜炎一类 伤心 伤心 伤心 伤心 伤心 伤心 我是造了什么孽。最近总是那么霉 [伤心] [伤心] [伤心] [伤心] [伤心] [伤心]
0,回复 非著名主持人 王志 汗颜 衰 非著名主持人 王志 现在成鸡了 [衰]
0,过了深圳荷坳收费站没多久，就开始堵车 泪 [泪]
0,感激不 ！ 食邦 邦 支持 ，祝新 大 ！ 味 回复 张 支持！ 张 回覆 味 抓狂 晕倒 不过可以托朋友带回来 又或者我们去澳门的时候再买也不迟 期待哦 恭喜哈，希望能尽早看到大作 嘻嘻 味 今天已在澳 [good] [good] [抓狂] [嘻嘻]
0,材料是多了点，不过做法简单，泡好以后一锅熬！ 嘻嘻 胡同印的胡爷 五样，还简单啊？猫，加上虾、大鱼、小鱼、 游局网 哈哈，我的午餐比较简单，红豆绿豆黑豆薏米黑米粥，下午去采购点东西，晚上再做菜啦！ 胡同印的胡爷 咸鱼拌饭。 怒骂 [嘻嘻] [怒骂]
0,是想让他火嘛 凌乱 张胤 这个 牛了。。 衰 [bed凌乱] [衰]
0,记者伊凡 陈思成 为什么？？？ 怒 [怒]
0,春运的票 泪 害羞 [泪] [害羞]
0,介孩纸！你竟然借用我俩来卖萌！ 抓狂 [抓狂]
0,孩子太小，拉屎也真是挡不住，但大人应该弄个报纸接着，及时处理 烨子 ： 衰 皮皮 ： [衰]
0,美国人什么没有干过？美国人不是跑到巴基斯坦，把本拉登干掉了吗？ 环球游报 伤心 [伤心]
0,有调跑焦功能。不行就找适马上海代理。跑焦大王。 定焦摄影师 裤衩君 最后一张对焦距离我根本想都不用想。试了 张，统统跑焦。 伤不起啊 泪 我们都出完了，期待下 样样都追不上的涛声依旧 的作品 嘻嘻 [泪] [嘻嘻]
0,衰 冯利玮 ： 小盾 ：微博中毒，自动转发 [衰]
0,推荐。念的真好 乐的也不错 咔咔咔。 晕 [晕]
0,真他 的 怒 李冰冰 太缺德啦！！！憎恨！！！ [怒]
0,看的内牛满面，好人的幸福都在遗书之后哦 剩女宅男： 舒淇：有此狼 有何求呀 谢娜：看哭鸟 泪 [泪]
0,仙人板板些把路让开嘛！！！ 抓狂 抓狂 抓狂 [抓狂] [抓狂] [抓狂]
0,非上班时间地铁里的乞讨人还真多，最后那位老太太我非常无奈的对它说：没钱了，你这都第五拨了。 哼 看她的手比我的都嫩啊！ 怒 [哼] [怒]
0,两瓶啤酒喝晕了 什么情况这是 晕 晕 [晕] [晕]
0,怒骂 这种人渣 网站小 姐姐 奸人都长得差不多 [怒骂]
0,痘痘，黑头，缺水，粗毛孔，敏感油光，暗黄，整张脸都快毁掉了！肿么办？ 抓狂 凯梵蒂蜗牛原液面膜，圈内众多名人疯传的美白面膜，一款能让皮肤全能新生的神器！ 爱你 分钟急救肌肤问题，一片可以水润一周！识货的姑娘速戳： 去评论中找链接哦 。 [抓狂] [爱你]
0,本来是想买演唱会的票，结果被骗了 泪 买成 张网路游戏点卡，是叫什么一卡通，能充魔兽，梦幻西游什么各种网游， 我一个不玩网游的人，现在要转让这 张点卡，每张面值 元，有需要的人请联络我。 [泪]
0,既然用别人的照片 就请尊重别人的成果 标依一下出处处能死人啊 那年那月 你这是赤裸裸的剽窃！我们的照片和文字！请转图注明出处！ 怒 怒 黑摄会被抢注 [怒] [怒]
0,衰 不敢，怕怕 坚强的虎他娘：转发微博。 [衰]
0,纠结，本来今天要去公司加班，明天要出差，但现在宁愿在家看微博也不想去公司，怎么办？ 抓狂 [抓狂]
0,出差 到了首都就首堵 抓狂 我在 北京南站 南进口 [抓狂]
0,景默默 尹小牙 莉莉黄的夏天 昱飞 吴小洁 余三疯 仙女二美丽 你们都是 坏银 ，等我买完了才告诉我。 泪 嘻嘻 [泪] [嘻嘻]
0,我们这不兴这个，学 张绍刚 ，说我们这 害羞 葵 爷 村长逻辑 先不说 大陆能不能有反对的声音 ，单单就是看了蔡英文，马英九的演讲，我想对比听一下胡锦涛的演讲，想搜一下都不可能 胡锦涛当选 这如何让我们心里充满希望？ 零食控韩立春 有担当的一姐，好感动！ 泪 泪 [害羞] [泪] [泪]
0,说不出话来 泪 央广郭亮： 戴围脖的 试运营不能搭载乘客的 [泪]
0,哇哈哈哈哈，俺滴榜单又上点评首页了，还是最大的图哇 好激动 谢谢 大众点评网 北京美食 榜单地址这个 推荐 这些店真是存了好久都没去的好地方，不去枉为吃货啊 唉，求了半天单帅陪吃探店，也求不着 泪 好不容易有一个大帅哥报名还不在京 互联网分析师 李楠 [好激动] [推荐] [泪]
0,我总欺负谁？ 汗 李姐亚雯 正确！ 怒 怒 [汗] [怒] [怒]
0,尼玛，明天又要上班。下点毛毛雨，吹点小北风，这么冷的天，我起得来吗？ 抓狂 冷就冷吧，你也飘点雪花让俺兴奋一下啊。一切不以下雪为目的的冷都是耍流氓 可怜 [抓狂] [可怜]
0,小伙伴们，注意啦 话筒 话筒 北京好视力 的客服电话不能打！！！每天广播里铺天盖地的广告不绝于耳，引得我昨天也拿起电话咨询，想先体验一下再让老爸试试效果。结果今天就接到几十个回访来电，严重影响了工作和生活 怒 ，已经加入黑名单！好产品，何需如此推销！ 野千寻 艺术就是真实的谎言 [话筒] [话筒] [怒]
0,不知从几点开始就被震耳的鞭炮声吵醒了，打开手机才明白是破五的老习俗，我们尊重习俗，但您能不能尊重点都还在熟睡的大伙儿呢。意思到了就行了，为什么咚咚咚的没完呀。 抓狂 [抓狂]
0,怒 这哪家旅行社啊！求曝光！所以大家还是要慎选优质的旅行社喔！切莫贪便宜！！ [怒]
0,并背诵全文 怒 南京波西摄影 是的 神秘震惊事件 就是这些东东在我的童年里留下了难以磨灭的阴影。。。 [怒]
0,感冒我就忍了， 天 的季 ，可 什 嘴上 起泡 泪 受 我在 [泪]
0,他们的对话，好贱！他们的笑容，好贱！ 抓狂 [抓狂]
0,来至火星呗 衰 [衰]
0,要活的有什么用？严刑拷打？ 我是小小老百姓 啮齿类动物进化了上百万年 一切都以不被你抓住为进化方向 死的你都很难抓住 不要说活的了 衰 [衰]
0,陪完小朋友嗨疯后，再伏案准备明早开会资料，就象玩了一暑假后在最后一夜狂补作业一样的 刺激 汗 泪 [汗] [泪]
0,真的在听不？那我放花儿了啦 福气花：回复 谢小志 泪 志哥，不带你这样的 泪 汉代车里放听的还是你节目 泪 谢小志 你不在万家丽路回家，就准备等我下班来接你吧。 [泪] [泪] [泪]
0,美国人人民不远万里来到中国了 玩玉人 身份隐瞒的人，指望说真话戴表人民，基本次人说梦 阿文海天 这算什么话，没劲。 失望 掷地无声 谁信？ 黑色 吴总 行摄老李 风筝 汗 中美本来就一家，等奥巴马御任后可以给个政协副主席干干嘛！ [失望] [汗]
0,回复 晕 都说预计啦，当然还不知道 月几号，我也很想知道快点公布，免得被你们问的头晕 偷笑 不理那个没诚意的家伙 怒 月几号啊 偷笑 潘晓婷 回复 刘青 都说预计 月啦，还问。。。没诚意 抓狂 泪 刘青 哈哈，晓婷你真可爱，问一下片子什么时候上映啊 [晕] [偷笑] [怒] [偷笑] [抓狂] [泪]
0,太可怕啦，不会是有人放的火吧，可怜的猫猫狗狗呀 泪 [泪]
0,剧透啊！ 抓狂 北方的纳努克 通关，结尾有些慌，玩了几天下来，主角最后摔下悬崖，尸体顺河而下，最后被人火化了 [抓狂]
0,人家不是慈善吗！ 桃多郎 太不把海关放在眼里了 怒 [怒]
0,灰色暴利是盲目援助的动力，越不完善的地方越适合回扣援助，以便造富一批又一批的所谓爱心人士 中俊崔春婷 衰 三加姐 怒 一切的援助都是出自自己的利益。 [衰] [[怒]
0,肥盈丫丫 严厉抵制 怒 怒 ，朋友们行动起来，绝不能让美丽的羊湖变成娱乐城 薇薇一笑很倾城 人在天涯 毒药库 西藏 邦达仓大院 [怒] [怒]
0,回复 俱胝老衲 ？ 俱胝老衲 戴，变了。毕竟有正局级的位置 泪 [泪]
0,年底了，一听 喝酒 就神经质。 下班接到电话： 大梅，喝酒 顿时胃部一阵痉挛 不喝，我这两天喝多了 喝酒！ 不喝！ 那边急了 喝酒！！！ 不喝！！！ 我开始绞尽脑汁想借口 通宵没睡，真喝不了我 我是何炯！我想问 晕！咋有这种口齿不清的主持人呢，还让人活不 泪 何炯是头牛 [泪]
0,新浪微博网页版会遗漏部分微博信息啊，手机客户端反而信息更全 怒 [怒]
0,你怎么看着这么可恶呢 抓狂 [抓狂]
0,好地方上次活动没有去成 泪 [泪]
0,刚刚在某网站注册，验证问题是：熊猫和蜜蜂哪个不会采蜜？我答：熊猫。。。系统回覆我：回答错误。。。 疑问 疑问 疑问 。。。这这这，难道系统也过愚人节？？？？ 抓狂 。。。 [疑问] [疑问] [疑问] [抓狂]
0,深秋 午后 一壶 古树滇红 杯弓扇影 桃子的御品阁 ：桃子茶快被我喝完了 失望 我在 [失望]
0,途秀爱新奇 知道真相的我眼泪掉下来！！ 泪 揭露世界著名景点那些惊艳的照片背后！主页君觉得：即便真相让人如此的痛，我们也不能内心没有了向往和期待！ [泪]
0,是有多少人没懂 猪刚鬣 那个梗？ 晕 [晕]
0,，早知道不喝水了，这 厕所排队，又憋到人生的极限了。 泪 泪 泪 [泪] [泪] [泪]
0,衰 王先知 转发微博 [衰]
0,真是新闻联播安魂曲啊，有才。这熟悉的声音，代表我们放学刚回家，趴着写作业中，爸妈叫吃饭了 泪 好怀念。 考拉雪梨 本梨都反应过来了！乃是 无间道！改成这样，联播就得改午夜 点播出了！安魂！！ 偷笑 哈哈 想吃鱼的纪远远 汗 听第一遍都没有反应过来，好听 鼓掌 你说片头曲 [泪] [偷笑] [哈哈] [汗] [鼓掌]
0,了 我们爱讲冷笑话 车主 啊 衰 [衰]
0,包养确实不属于法定关系 冉广 晕 不是血亲 张振华 ：北京公安表态，郭美美与中国红十字总会无直接关联。。。那么请问有间接关联吗？？？？？ [晕]
0,雪虹坚持跳绳 小智 ！！ 淳爱动画 嘻嘻 小智 小智 猫大叔早睡早起 晕 扬扬扬 我们的小智！！！ 欢 刘老师！ 好好好喜欢他！！ ！！哈哈超口爱 不想做路痴 无 [嘻嘻] [晕]
0,高洋 村长 东 汽车族秋颜 怒 不想倒霉，所以转。 李耕轿车情报主编 转发微博。 [怒]
0,送你计算器你也不识数啊么么哒 北京 空亡线情人 我也得会用啊！你挤兑谁呢 泪 李千岁 我送你一算盘吧 北京 空亡线情人 大厉害！！！后半句说出来伤感情 汗 汗 汗 汗 [泪] [汗] [汗] [汗] [汗]
0,让你说到骨髓里了！ 泪 泪 泪 [泪] [泪] [泪]
0,还好现在都不转播火箭比赛了 衰 偷笑 莉莉 微乐迷 人类已经不能阻止民族风的传播了 吃惊 [衰] [偷笑] [吃惊]
0,哇，小时候的夏天一下子涌来！那时都是菜贩稍带手卖的稀罕水果。大人买菜归来如果从篮子里掏出这个，就能 找了你那么多年 泪 泪 泪 你要是真是苦瓜就说一声，我就不去水果店到处问了 [泪] [泪] [泪]
0,超级笑星 微直播 相声演员大春 相声演员张解 两位一上来就把小编给乐坏啦！ 哈哈 偶就常常去餐厅借厕所的说 衰 亲！你的红烧狮子头是要猪肉、牛肉、还是羊肉的？是要七分熟、八分熟、九分熟、还是一毛熟的呢？ 哈哈 [哈哈] [衰] [哈哈]
0,晕 今天起床就浑身发冷，结果现在还真有点感冒了。 [晕]
0,怒 健康教育何超 爱思唯尔医学网 这项研究发表在 上。在一些案例中，运动或能量饮料对牙釉质造成的损坏只需 天的接触就可以体现出来。而且能量饮料对牙齿造成的损坏是运动饮料的两倍。 牙医沈嵩 牙医刘敏 显微牙医 [怒]
0,好难吃的粉！这明明是下火锅的粉丝！寡白寡白的！而且都没得醋！！！ 泪 泪 泪 [泪] [泪] [泪]
0,确定是暖气管爆了 惨了 没暖气还漏水 泪 泪 泪 [泪] [泪] [泪]
0,回复 密密 留好了，以后能当道具租出去 密密 我家还留了个好大的听卡带的机器 据说还能做电台 但是我不会用 勇敢的马 回复 吴向飞 二十年前的磁带现在木有工具听了 泪 吴向飞 泪 上百年的厂牌说木有了就木有了 勇敢的马 百代华语巨星甚多啊 [泪] [泪]
0,回课回开了！ 衰 衰 吃惊 [衰] [衰] [吃惊]
0,上班累 泪 [泪]
0,怒 中俊崔春婷 吃惊 [怒] [吃惊]
0,还没吃午饭，各种会啊 泪 [泪]
0,衰 光明意识流 心理支流 [衰] [?]
0,各种乌龙 晕 [晕]
0,今天在果壳的知识青年烩真的被吓呆了！没想到大家这么热情。今天签的名，比过去一年在公文上签的名还多，照的相也是比三年照的份量还多。甚至看到江西来的同学，太感动了 泪 感谢当初姬兄的邀请，才有机会跟这么多同学见面！另外这两天跟果壳的工作伙伴接触，觉得这群伙伴真是超酷的，个个都特有意思！ [泪]
0,粉色太可爱了！ 甄琪 回复 库拉钩儿 这么应景儿但主角不在，真是太遗憾了 泪 朱莉 喵子咪 汪掉掉 库拉钩儿 婚礼到场不了了我 [泪]
0,雅 宝 双鱼是亮点 艾米莉 泪 [泪]
0,二十分钟前，目睹：小区门口，井盖大开，水窝飞速旋转，裹成一只黑洞，一个没注意就能把人卷进去。城市下水道危险 衰 [衰]
0,泪 听着好心酸 孟庆德 导演高晓舰 笔误： 花落梦己残 ，现更正！ 蜡烛 幽壹 朱门酒肉臭。。 蜡烛 [泪] [蜡烛] [蜡烛]
0,衰 亮冰娜预言 学术不精惹的祸 麦草动漫黄涛 哎哈。。 羽西私人助理乌玛 哈尼，你怎么看？ [衰]
0,本文力图证明：文科生传教，成果等于零 泪 假设我高升几个维度，是不是颈椎就不会疼，到时候我也没颈椎了 失去痛感了那其它感觉呢比如爱恨情愁估计也没了吧 这些东西都不再了还如何促使思考，人类还怎么进步 抓狂 都转无形化了，还有什么音乐美术文学 抓狂 抓狂 就像关在一片寂静无限大黑屋里的瞎子 [泪] [抓狂] [抓狂] [抓狂]
0,打开箱子拿杯子 结果直接被空箱子的榴莲味给熏翻了 糖品 你家的杯子要不要这么给力 抓狂 抓狂 抓狂 [抓狂] [抓狂] [抓狂]
0,刚才走在外面的时候竟然下意识抬头看一下月亮还在不在。丢人啊 泪 [泪]
0,唐湘玲 动态是这样的 是不是有点 衰 我今天中午再录一个不 的 我 习惯了 我尽量。。。 衰 [衰] [衰]
0,小编都看糊涂了 晕 晕 今晚十点。大家来辨别辨别？ 偷笑 偷笑 [晕] [晕] [偷笑] [偷笑]
0,大多数的物业服务挺让人郁闷的，你客客气气地跟他们沟通，通常都遇到不高兴或者没头脑；当遭遇恶声恶气时，他们才会提供服务不推卸责任，然后还要回访下。 伤心 [伤心]
0,赴考途中，乌黑乌黑的天，起好早 泪 [泪]
0,忍不住发上来让你们看看，我眼睛有问题？ 晕 这也太像了吧。。我穿越了。。 乔旎 奕辰 锐意 皮小驼 泥人 [晕]
0,只求商业化推手运作出来的快销品别糟蹋了 殿堂 二字。 太！绝！了！真的上升到殿堂级神曲的地位了！！！ 新浪娱乐 有潸然泪下的冲动，很忧桑 泪 泪 [泪] [泪]
0,以后每周最多吃两次，忍住！ 郭凯 从来不吃。以后更不会 衰 衰 龙哥的火凤凰 麦当劳！肯德基！垃圾食品中的速生垃圾！再也不会给闺女买啦！ 抓狂 [衰] [衰] [抓狂]
0,刚出公司地铁上收到开发说晚上 服务器会停一下，瞬间对明天休假有种不详的预感 衰 衰 衰 衰 衰 衰 衰 今晚要把外接电源电充满，以防明天手机没电 挖鼻屎 挖鼻屎 [衰] [衰] [衰] [衰] [衰] [衰] [衰] [挖鼻屎] [挖鼻屎]
0,正面宣传，反面宣传，都是宣传，这就是娱乐届的需要！ 陈业文新大都 这个说法好玩。 哈哈 热笔小新 中国好声音就是给酒吧歌手一个转正的机会 任卫新 如果此事确真，这就不好了。 酷 陈业文新大都 无语。 上街里 吉克隽逸 一定是编导这么安排的，对吧。 泪 [哈哈] [酷] [泪]
0,速度与激情 有剧情嘛？有 就够了 可惜还发福了 泪 我点评了 [泪]
0,旅程即将开始，猜猜我去哪？ 风还真大我的头发 风扇 风扇 抓狂 飞机 照相机 [风扇] [风扇] [抓狂] [飞机] [照相机]
0,被鄙视了，但是我的确没吃过金汉斯 悲伤 我在 金汉斯 新世界百货店 [悲伤]
0,只去过半月湾 泪 [泪]
0,想去海边 泪 我在这里 [泪]
0,我碰到一定扶，敢跟老子打官司，奉陪到底，以暴易暴跟丫玩。 词作家曾鸣 在中国，敢扶老人的人真的越来越少了 泪 [泪]
0,感觉像轻纱飞舞，其实是蚊子乱扑 怒 咬肿了 [怒]
0,我执着的饺子来了！ 抓狂 我在 [抓狂]
0,米歇尔体验北京公交，彻底晕了！ 北京有个最牛的公交站名，包含了东南西北四个方向，叫做 北京西站南广场东 ； 去一趟北四环就更有意思了，安慧桥东，安慧桥西，安慧东桥东，安惠东桥西，安慧西桥东，安慧西桥西 另一个则是最考验外国人汉语听力的报站，叫做 前门到了，请您从后门下车 衰 [衰]
0,橘猫猫 看不到二巡不开心 快来看 不要太爱我！ 醉 大楠 湖南卫视跨年 要命了 泪 宇清风 抓狂 抓狂 抓狂 抓狂 抓狂 抓狂 抓狂 抓狂 抓狂 抓狂 抓狂 抓狂 抓狂 微宇初歇 真够快的 李宇春 湖南卫视跨年 再不疯狂我们就老了 [泪] [抓狂] [抓狂] [抓狂] [抓狂] [抓狂] [抓狂] [抓狂] [抓狂] [抓狂] [抓狂] [抓狂] [抓狂] [抓狂]
0,靠谱！ 无痕轩 回复 欢乐大爷的大爷 闲了置忙了用，看看我刚才转发这小伙子怎么样？ 欢乐大爷的大爷 蜀黍。。。我还小。。。我还木有毕业。。。我九零后 泪 泪 泪 无痕轩 丫头啊，不小了，可以谈了 好孩子专用大电锯 挖鼻屎 大爷长大了 遥 准了！赶紧找一个吧 哈哈 [泪] [泪] [泪] [挖鼻屎] [哈哈]
0,我看这事可以，是不是史伯一条龙服务啊 哈哈 周 小尖果儿 弟兄们！史伯想咱啦！组团去丽江！ 张攀 史伯伯您还记得海河边的谦祥益吗？还有大金台。。。 王善勇 火龙果儿 我们天津欢迎您！来吧！ 许健铁刨花儿 泪 我们也想您 泪 史清元 想大伙了！ [哈哈] [泪] [泪]
0,居云慑月 说用这个存钱，我要到 岁才能攒够钱去 衰 说那还行，再有三十几年你就可以去了 疑问 你怎么看 熊猫 [衰] [疑问] [熊猫]
0,小的时候还能看到直径 米多的混凝土管子，现在几乎看不到了，城市变大变胖了，肠子却变细了，能不堵吗？别怪大雨，赶快往羊补牢吧 泪 [泪]
0,回复 刘越 不好意思啊。 哈哈 刘越 怒 [哈哈] [怒]
0,回复 蔡老板 是出差 抓狂 抓狂 蔡老板 小青开始婚假了 抓狂 抓狂 [抓狂] [抓狂] [抓狂] [抓狂]
0,豆浆也不是什么人都可以喝的，最近在喝豆浆，自制！ 一叶知秋 我每天喝两瓶牛奶，现在看来要改为喝豆浆？那大豆也是转基因的啊！你说呢？ 汗 抓狂 衰 雅虎之声 一叶知秋 看了这篇文章后，牛奶你是继续喝下去？还是从此不再喝牛奶？ 梦夏小嘟 静心如水 [汗] [抓狂] [衰]
0,帮转缉凶！ 怒 [怒]
0,伤不起 中俊崔春婷 闻所未闻。。。 晕 [晕]
0,希望以后恶狗把主人都咬死 衰 肿瘤学博士蔺宏伟 新闻联播，焦点访谈播出藏獒咬人，恶狗伤人的现实惨状 [衰]
0,一个个都出差，都出差！！！ 刘炫 芸窗 左小强 泪 泪 高亚宁 他们都不要俺了，都出差玩去了。 [泪] [泪]
0,今天上了佛塔俯瞰博卡拉全景，很美！就是太晒太热了！衣服背上有个洞，就那块晒红了，玩的不错，照片传不上来。晚上又开始下雨，本想徒步四天看雪山风景，现正是雨季，估计看不见了！还遭遇尼泊尔追求者，我英语又不好，跟他说不清！ 晕 [晕]
0,论：新闻记者进行马克思主义新闻道德观及职业培训的必要性和紧迫性！ 怒 怒 怒 怒 我在这里 [怒] [怒] [怒] [怒]
0,那约定好的怎么能乱改呢。必须拍外景！！！还得使劲拍。 兰毛毛 怒 怒 还说再拍不上就改室内，你以为你是我妈啊！让我干啥就干啥！再说我妈也没这本事！等下次再拍不上就砸店！ 艾米 你别去了，生气，态度超差！ [怒] [怒]
0,眼睛肿了。。。好疼啊。。。 抓狂 抓狂 抓狂 [抓狂] [抓狂] [抓狂]
0,回复 丁丁看世界 美的一塌糊涂的西班牙秋天啊 抓狂 委屈 什么时候才能去呀？ 丁丁看世界 回复 张晓鹏 现在是西班牙的秋天，赶上两天阴雨，但太阳一出，就美得一塌糊涂。你下次可以拐个弯过来转转 [抓狂] [委屈]
0,来去匆匆。。。 抓狂 我在这里： 闸北区 [抓狂]
0,等快 分钟都没打上车 泪 泪 泪 [泪] [泪] [泪]
0,这年头谁都不要把谁当 ，一些事情大家心里都有数，只是不想破坏这和谐不说而已。不说出来是为了大家好，但请 记住别人不是 怒 [怒]
0,太美好了 也被感动了 泪 殷殷 我希望一坐一忘开在：复兴门，因为我住在那里啊。三里屯的一坐一忘离我单位近，分店离我住的地方近。这样一来，我就可以说，要么我在一坐一忘，要么我就在去一坐一忘的路上，很美好。 一坐一忘 很想听听大家的意见 握手 [泪] [握手]
0,同一块面团，烤箱和面包机烤出来的完全不同，肿么回事啊？ 思考 思考 真郁闷！ 晕 [思考] [思考] [晕]
0,特别感谢梅华姐的邀请和为我做的苦心安排！！但距离实在间隔太远，一时回不去，下次一定不会再错过了！无论什么情况一定参加！！ 泪 委屈 [泪] [委屈]
0,晕 吐 热点 今日之最 转发微博 [晕] [吐]
0,林忆莲，终于比我等到了 泪 [泪]
0,幸福典藏室 那些年我们一起看过的语文课本。。。 泪 [泪]
0,臭男人，陪红颜们打扑克还没回来，姐还得表现得贤妻良母，在家精心烹饪着晚餐候着。这同学在一个城市真好，时不时的能聚聚，我一年才聚几次，忒不公平了， ，再不回来姐不装了，开火！送礼物也白搭 抓狂 [抓狂]
0,头痛、头痛、头痛 炸了算了 怒 怒 怒 [怒] [怒] [怒]
0,你不觉得这个特别像女仆吗？ 走你 郭丽雯 泪 装嫩 [走你] [泪]
0,泪 做这种事情真的不怕遭报应吗！！ 胡撸撸子 利用动物骗捐款都死全家 [泪]
0,为了收鸡碎甘多的稿费，四处奔忙，还要看客户和快递员的脸色 泪 我整天都提醒自己要学西人甘阔达，不为钱而烦心，但却变得越来越斤斤计较了。 衰 [泪] [衰]
0,我老板看来要从职业微博吐槽员转型职业吐槽自媒体啦，哈哈，各位要约搞的火速啊，开业特价酬宾 张碧仿 自己看起来 实在言之无物 惨不忍睹。对不起各位读者了 泪 [泪]
0,看这个微博，让我想起了今早的新闻，今天阿里巴巴股票已经停牌了，从原来的 多块跌到了 块多，互联网行业真实大起大落跌宕起伏，太刺激了 童思铭 这个有看点。 邢东辉 无热点。地球 衰 [衰]
0,音悦台 一代芳华 心 十年不忘 泪 一首 女人花 让我们一起安静的想念梅姐吧 心 十年思念梅艳芳 [心] [泪] [心]
0,哈哈哈哈，受不了了这个。 宋悦 鹏鹏小妞 衰 [衰]
0,最后那张太感人了 泪 幸好我家美宝在我身边睡得正香！ [泪]
0,回复 格格巫 三周没锻炼腹直肌消失了 泪 格格巫 介个，太诱人了哇！ [泪]
0,雷凯欣挺可爱的 看过康熙来了采访她 小胖 秦总太逗了，哈哈哈 鲁小伊 回复 秦小 蕾 痛并快乐着好哇！你装纯情对哇！！ 咆哮 秦小 蕾 表情很痛苦呀 鲁小伊 奥特曼 烨 镇静。。。 生呼吸 泪 雷 欣 做好 份工 [咆哮] [奥特曼] [泪]
0,我还是第 点！陈易生 感谢你帮我检验出我的基因缺陷 哼 别忘了临酒关怀 生病 吐 失望 委屈 害羞 可怜 [哼] [生病] [吐] [失望] [委屈] [害羞] [可怜]
0,少壮不熟，咱真喝不倒中壮。 衰 汗 中壮 拳、酒都怕少壮 偷笑 王岩 地产 有小兄弟叫板了 哈哈 下岗老农民 俺不在，老徐没对手。 王岩 地产 回复 阿木有木有 几个老兄可以与你喝酒 老徐时评 中壮 阿木有木有 你也喝啊？ [衰] [汗] [偷笑] [哈哈]
0,悠游台湾个人游 和 大魔王脆皮儿 的美食电影之旅 天天和你分享好吃哒 台中火车站附近 嘉义第一名火鸡肉饭专卖店 其实这家不算是什么知名小吃，不过，他家的鸡肉饭比胡须张家的味道要好，台湾美食都超级便宜，俩饭一汤才五十台币。想想我们内地火车站卖的那些加价方便面吧 抓狂 个人游台湾 [抓狂]
0,我要减肥绝不放弃 还有囡的高中 泪 我要减肥绝不放弃 我们的初中 [泪]
0,心 心 冯绍峰 泪 [心] [心] [泪]
0,发现自己就是一个傻瓜加白痴，一切都是自己想得太好了，从没这么悲惨过，只能买到站票，站着回去， 泪 泪 还不如要我命了吧！！ [泪] [泪]
0,心 温暖！ 茉莉 全时 泪 买！全买！ [心] [泪]
0,回复 染井吉野的你 大气污染的影响？ 大 染 影 ？ 染井吉野的你 我喉咙疼 泪 [泪]
0,回复 ，香港 也 滴 泪 我 新加玻回 ， 得香港 得多。新加玻都有 微 微风 微风 [泪] [微风] [微风]
0,抓狂 抓狂 抓狂 费明微博 费明微博 请放过盲人！你为盲人工作过吗？毕飞宇当过几年的盲校的老师并写出了原创小说！请不要踩着原著辛勤的肩膀去摘取名誉和金钱！ 编剧 转发微博 [抓狂] [抓狂] [抓狂]
0,除夕求放假 泪 [泪]
0,大凉，说头脑总会时不时的轻微振动一下，有点疼的那种！一阵一阵的！不会是什么大情况吧！ 抓狂 [抓狂]
0,爱。。。 泪 两天我就回来，替我看好你爸 偷笑 [泪] [偷笑]
0,休假 。第一日。 别走得太快，停下来，等一等你的灵魂 。迷路，在榕树湾村山坡的民房里兜了几圈，看家的老奶奶听不懂国语 泪 ，最后走着山路还是摸索出来，路遇两凶狗，没把我吓半死，直到看到 榕树湾索苦湾 的路标，我才放松下来 [泪]
0,衰 这日子。。。咋过啊。。。 [衰]
0,可怜 泪 文艺女青年 乐乐 这是我有史以来觉得最感动的话，谢谢王洪浩老师 真的，作为一个媒介，很多媒体都不能理解我们的艰辛。 [可怜] [泪]
0,靠！原来丫是花钱自己买的排名！鄙视！ 假平凹 妈的，和菜头涉嫌竞价排名！ 和菜头 泪 泪 泪 我能放弃这个品类吗？同意的回复 ，反对的回复 雕爷 这就是我跟大家常说的定位理论核心： 品牌即品类 一旦做到，你就赢了。 [泪] [泪] [泪]
0,刚睡醒，那慵懒和舒展的睡姿羡慕死我 我们的小猫越来越有模有样，只是一群大男人给起了一个雷人的名字：腰花！ 衰 [衰]
0,自己关门把手挤了 流血了 泪 我好笨 生病 [泪] [生病]
0,我要代表月亮 消灭 ！ 泪 [泪]
0,额 这是挤兑谁呢！现在正相反！ 泪 泪 泪 现在吃阳澄湖大闸蟹度日才能成为是贫困家庭呢！吃穷了！ 泪 泪 泪 泪 我无敌超级爱吃大闸蟹啊。 泪 馋嘴 馋嘴 [泪] [泪] [泪] [泪] [泪] [泪] [泪] [泪] [馋嘴] [馋嘴]
0,回覆 柠檬茶 我知 一向唔平 但 百 一碗公仔 真 要 柠檬茶 呢 一向 成五十蚊碗公仔 架 失望 醉 房 一丁 有 出 架 [失望]
0,我只能劝你千万别代言二奶啊 衰 包晓琰 熊丽电台 代言爆肚儿 名为 熊爆 杨雯 可以搭配一段相声，名为 杨相 ！ 秦洲同 代言会所 哈哈 小宽胖 沈爷可以搭配一款茶，名为沈茶，并且标明可以减肥，全称是： 有中国特色的沈茶治肚 。 哈哈 沈宏非 强烈要求 五岳散人 代言毛豆！ [衰] [哈哈] [哈哈]
0,晕 嘻嘻 [晕] [嘻嘻]
0,为他们祈祷 悲伤 兔大爷爷 真不愿看到这样的画面，天佑雅安 [悲伤]
0,支付宝年度对账单，看了后发现原来去年一年还亏本。真是入不敷出，我可以向央行发债吗？ 衰 衰 衰 [衰] [衰] [衰]
0,泪 泪 鼓掌 鼓掌 小兔 泪 [泪] [泪] [good] [good] [鼓掌] [鼓掌] [泪]
0,那天月食没看成，今天流星也没看成 泪 泪 泪 泪 泪 泪 [泪] [泪] [泪] [泪] [泪] [泪]
0,原来狐臭和烧烤的味道可以结合的如此完美。。。。。。纳粹的芥子气也不过如此吧 晕 晕 晕 晕 晕 还卖什么北京地图啊 卖口罩吧 一准儿发 鼓掌 鼓掌 鼓掌 [晕] [晕] [晕] [晕] [晕] [鼓掌] [鼓掌] [鼓掌]
0,大学期间我第一次当媒婆就成功撮合了王松和刘颖同学。两人对我真心感激，相约以后若生个女儿就取名王颖 泪 作业本 神奇的微博，博主与其老公竟然是在本人微博评论里聊上的 祝早生贵子，生了孩子千万别起名叫本本，谢谢 [泪]
0,哪里能汇聚用户，哪里就不愁应用开发者和应用使用量。 运营商不能为了做应用商店而做应用商店，汇聚人气的平台和策略在那里？ 网络应用多入口化是趋势。 任伟权 运营商又错过了 泪 孙 转发微博。 [泪]
0,这个非常过分。当年也在大润发门口被蒙掉过手机！ 怒 [怒]
0,学习粉丝团 设不设新的防空识别区根据国际法和惯例，以及我们自己意愿，管老美啥事？老美太坏了，这是要将军的节奏。我们要不设，说明他警告有效；我们要设了，他说我们是 加剧地区紧张局势 ！ 衰 [衰]
0,回复 未出土的小太阳 说多还真都是泪 泪 泪 泪 。。 未出土的小太阳 。。。。。。求别说 [泪] [泪] [泪]
0,以前觉得华少虽然丑 但还不讨人厌，看了几期中国好声音，彻底被他目光呆滞盯着题词器，崩豆似的突突突的播报给整恶心了 泪 嘴皮子溜是能耐，但主持人不是相声演员 嘴皮子不是用来炫技的，是要传递信息的 我要是赞助商 就扣钱 哼 [泪] [哼]
0,泪 耿昕 看了想哭 泪 开心 熊 太无人性！当人类如此不自觉时就需要有法律的约束去保护动物，不懂的爱护动物哪里是文明的社会。 [泪] [泪]
0,突然想起后备箱有听红牛，打开时我傻了 泪 泪 泪 泪 泪 [泪] [泪] [泪] [泪] [泪]
0,那明天去巷陌岂不是能看到铁掌柜 黑米粒 走入时间 巷陌咖啡的小谷子 今天做的这杯美式，有喜悦，因为掌柜的今天回家 太开心 ，也有失落，因为掌柜的一周之后还要走 衰 [太开心] [衰]
0,南锣鼓巷也变海了！ 泪 龙猫吃了 我去！真的假的？ 怪蜀黍福音 绿色草原海 海景房啊， [泪]
0,文字 这孩子是未来的政治家。 马 然 你这是中学生啊是华罗庚啊？ 耗子招笑儿 这初中生的水平把所有公知甩出六扔多远啊！论点犀利，论据全掐在咳了嗉上，党校的来了也不是个儿啊！ 无痕轩 泪 圆圆堆圆圆的雪人 一层窗户纸 [泪]
0,我和好声音真的没缘分，你们加油比，明天我去百度音乐听 抓狂 [抓狂]
0,看到 都爱疯了吧，要小心，停车的时候也注意关窗！ 天拓大胖 天拓用 的同学小心点啦！！ 张小胖 天拓俞文辉 朱凯亮 广州流野 衰 [衰]
0,心烦意乱。。终于说了，感觉像做了件坏事。。。 衰 [衰]
0,快递员分 次叫同一收件人下楼取 个快件 双方互殴 衰 前晚，重庆陈家接到快递电话，陈先生刚下班正在沙发上休息，老母亲放下活儿跑下 楼拿快递。拿好快递刚上楼，又接到同一个快递员第二个电话，气喘吁吁的老人再度下楼拿好快递，刚上楼，又接到第三个电话 重庆晨报 [衰]
0,用心去做每一件事，不断总结感悟等你的一定是好的结果！ 雅座白昱 可惜很多聪明人不明白这个基本道理！ 失望 朱瑞华 抛硬币的人 周鸿 可惜很多聪明人不明白这个基本 [失望]
0,可怜的越南 。 玫瑰玫瑰妈 哎。。。 马来西亚这种国家，点点点啊！ 北京厨子 伤心 [伤心]
0,抓狂 你交作业了么？ [抓狂]
0,嗯。 薛文 清华真出叫兽 衰 [衰]
0,搞定！终于是第一个办成的！兰二毛和 仇 于 ，神棍节，六一节结为夫妻，特此纪念，微博上向各位亲朋好友要祝福啦！也祝福身边的好友同样幸福，成双成对！宣誓好感动，老泪纵横 泪 泪 泪 [泪] [泪] [泪]
0,我想知道我们家的龟是怎么爬上来的？！ 疑问 思考 晕 吃惊 [疑问] [思考] [晕] [吃惊]
0,车被堵住，胃一直疼，悲催走路到阜成门坐地铁去朝阳门项目访谈，一想到从早上 点到晚上 点要在同一家星巴克约见三拨人喝三轮拿铁，我的小心脏已经提前开始麻痹了 抓狂 抓狂 抓狂 [抓狂] [抓狂] [抓狂]
0,海拔 米！在高原摔了跤！疼死我了！ 晕 我在 [晕]
0,泪 小小霓 好荒凉了 回复 北纬二十七度 其实我对三舍的感情更深些 北纬二十七度 也算是在这里等过人的 这个要感怀一下 [泪]
0,免费短信？试试！ 思密达 好饭不怕晚，终于上线了 泪 李政 百度开发者中心 中国移动飞信合作上线，框发短信！ 百度开放平台 东宝 百度开发者中心 [泪]
0,数据控啊 抓狂 [抓狂]
0,酒神的屎徒 告诉咱妈一定注意安全 泪 [泪]
0,今天腊八，没吃上粥， 泪 [泪]
0,老场坊，名噪一时的建筑，著名的屠宰场 抓狂 抓狂 抓狂 抓狂 抓狂 抓狂 [抓狂] [抓狂] [抓狂] [抓狂] [抓狂] [抓狂]
0,哈哈 抓狂 [抓狂]
0,土豆 泪 熊宝贝小窝 语 玉珠子 菠一菠爱旅行 可怜 可怜 咱们真的要去朝鲜啃土豆么 慧慧 对号入座啦 樱桃小猪儿 ，大宝你要抓紧啦 小了个橙子 [泪] [可怜] [可怜]
0,偷笑 哪里有！这一定这是宽屏电脑的原因 笑哈哈 徐菁遥 我会努力的 不过小编我腿有那么粗吗 怒 [偷笑] [笑哈哈] [怒]
0,看到东京的地铁路线图，有点晕啊，这才只是地下的 晕 [晕]
0,乐在旅途 戴着紧箍咒 卖起唐僧肉 俗话说的好：日防夜防，家贼难防啊！ 衰 最近旅途中的什么美食最火，好不犹豫的说：唐僧肉。。。来看一看，尝一尝了，不好吃不要钱了 偷笑 小编想说：老板你这么 ，佛祖他老人家知道吗？ 阴险 [衰] [偷笑] [阴险]
0,这家伙是不是有开学恐惧症呀！不至于吧， 度 抓狂 抓狂 [抓狂] [抓狂]
0,我在 中国，辽宁，沈阳 ，刚开始玩图钉 晕 免费下载 [晕]
0,又是砍人的 怒 传媒老王 北京怀柔发生疑因家庭房产纠纷导致的砍人事件，目前已造成 人死亡。 [怒]
0,想起看得我泪流满面的北京老爷子那篇。如今的北京叫首都。如今的中国叫。。。 泪 伤心 狮子座心理学 看得人五味杂陈，各种滋味。 复古老照片 [泪] [伤心]
0,卧槽啊， 版唐僧！！！！ 抓狂 [抓狂]
0,没办法，这是个缺失。保健科普不赚钱，没人做。电视上的所谓养生，都是骗人的广告。这需要医疗届的持续努力，用科学去反击骗子。 闫大夫的肝病科普 那么，老年人的日常保健应该相信谁？ 泪 广电不严格审查节目，封杀他。 [泪]
0,凌晨 点出门，手脚都没知觉了，这鬼天气冻死我得了，不是已经春天了吗，肿么还这么冷 怒 [怒]
0,不知不觉下周小路和倒桩要补考了，又是个大早，宝山练车，好想睡懒觉！ 泪 [泪]
0,泪 米兰内洛微博 转发微博 [泪]
0,百度一下发现的！问题！请问，心突突怎么办？有几点可能： 手动档的话，你启动后有 突突 的声音，你把离合踩到底，这个声音就会消失。这是传动系的一些机械部件的声音 有可能是汽油问题，但是像这种 来万的经济型轿车，有点声音正常。还像这种 来万的车？？？前门脸儿小裤衩儿，哪跟哪儿啊？ 怒 [怒]
0,每个人都在经历家庭，社会，情感，人生 在人世浮众的社会沟坎里，其实大家都清楚大国文明那个称谓在腐烂，受辱！但总能遇到拉稀喝油汤清宿便的蠢货！ 抓狂 无望的民众，被改造后的从众人们，小的可怜的范围内永远不知道世界发生的事情和变化，继续着做温顺的臣民，摇着尾巴。 衰 衰 衰 [抓狂] [衰] [衰] [衰]
0,他还和永城三中的一些在校学生达成协议，由那些学生负责介绍给他女孩，事成之后给予一定金钱。 记者在发稿前，也被别人劝说 最好不要先去采访，届时朋友会表示感谢 。 靠！这个衣冠禽兽人民公仆该是多有钱，一点道德标准都没有，什么都想用钱摆平！！！愤怒到不知道说什么好 怒 [怒]
0,不到医院，永远不知道什么叫：人山人海，人满为患！ 晕 晕 晕 [晕] [晕] [晕]
0,桃之夭夭 孩子，不要怕，你要相信你很快就可以回家了 泪 心 心 心 王荟王荟 曹保印啦啦啦 速查！速抓！ 陈士渠 已部署核查。 [泪] [心] [心] [心]
0,风之花 西啦啦 给你们！但是坏人西西你绝对不许盗用我的照片干别的事情！ 怒 [怒]
0,回复 肥天小飞猪 也不要洗碗，神马都不要 泪 肥天小飞猪 要不你洗碗也可以 亲亲 翔的落 我不要帅，不要做饭 泪 肥天小飞猪 这个必须转 翔的落 你做饭的时候最帅喔！ [泪] [亲亲] [泪]
0,对呀！可以买一本，然后找真人签名去 好办法 耶 耶 家有三好 哇哦！下周买本支持！啦啦！ 娜小鱼儿 求真人速来领取 偷笑 求亲笔签名版 抓狂 鼓掌 娜小鱼儿 回复 真面目素人 月中全国新华书店上市，下周，京东、卓越、当当有售 嘻嘻 多谢支持 兔子 [耶] [耶] [偷笑] [抓狂] [鼓掌] [嘻嘻] [兔子]
0,黄教主，还说木有穿战靴 晕 汗 吃惊 哼 说话秘笈 孙萌萌晒出了好多生活照 和众多明星的合影 好萌啊！！！ [晕] [汗] [吃惊] [哼]
0,帮转。小妞要有心理准备，基本找不着。 悦妞妞 朋友们帮忙转发下，谢谢。 泪 戴曦不是一般酒量 卿卿卿卿丶 郭默默 善美 黄子迪 精神失常的黑姐 给力厦门 晓君 猫啊爱寂寞 小姊 圈圈 沈柯 苏 神 病 肉 土肥圆菜谱 我是 是 [泪]
0,我可以打 个小时一天。那我日薪可以有 美金，人民币 每天么？比我两个月还多。 怒 怒 小挺 奇人 小 玟 佩恩 [怒] [怒]
0,泪 去现场的朋友帮我喊多几句 除衫 好嘛？ 泪 花心 [泪] [泪] [花心]
0,泪 钟 阿姆斯特朗带着谎言去了 [泪]
0,赵晓 衰 二代症久富田 人家三胖才叫自信。 章立凡 不怕不识货，就怕货比货 世袭制 威武 ！禅让制 衰 再也用不着雇用马屁文人反宪政了 笑哈哈 ！ [衰] [威武] [衰] [笑哈哈]
0,发言人被洗过脑 小勺他爸 抓狂 [抓狂]
0,哇塞，今晚 徐小妞 参赛的服装发布会就要举行了，虽然裘皮神马的不太环保，不过据说有国宴吃！！！沾光了，国宴啊，，， 钱 馋嘴 抓狂 [钱] [馋嘴] [抓狂]
0,我叫不高兴。。没头脑和不高兴。。。 失望 [失望]
0,这俩厮，想饿死我。。。好想吃火凤凰 泪 [泪]
0,每天吃了睡 睡觉 睡了吃 委屈 快变小猪了 猪头 不能在这么堕落下去了，我要减肥 泪 运动运动 奥特曼 [睡觉] [委屈] [猪头] [泪] [奥特曼]
0,雪 美女的 喔 雪风的禅 安格斯牛排要支持的 三分就好，柔嫩多汁 泪 还叫人怎么减肥 李幸菲 宸妈奋斗中 肚枪 爱音乐的贾璇 北大光华周海刚 陈之罡 刘倩 霍城 向大爷微博 寻味曾阿牛 中国流行色周一夫 [泪]
0,泪 哎，所谓新老交替的年轻人要明白主力是靠能力抢来的，能力不足还得靠老家伙。 [泪]
0,第 次求婚终于上映了！春节可以看了！我就是冲着 的女神造型去的！什么时候有盗版。。。 失望 我去电影院要晕菜的阿 [失望]
0,围观 围观 围观 素贴扬言灭了维稳中心。 衰 衰 看看谁更横 思考 思考 [围观] [围观] [围观] [衰] [衰] [思考] [思考]
0,泪 哎，难道我被青春撞了一下腰？腰扭到了，不能动弹，没有腰的日子真是难挨啊 [泪]
0,所以应该普天欢庆嘛！ 呵呵 手写瑶笺 各种国庆节促销 泪 [呵呵] [泪]
0,传说中的十一长假，原来是两个男人的十一 干杯 此刻和 张伟峰 同志一起吃传说中的东南味茶餐厅 两个单身汉的晚餐，耳边传来一阵又一阵 二泉印月 泪 衰 [干杯] [泪] [衰]
0,泪 真希望回到过去 [泪]
0,刘航 到底扯了多少毛啊，变出这么多分身，全世界都是 老邓 笑哈哈 刘航 兄弟咱别这样行么 泪 [笑哈哈] [泪]
0,中午与同事一起公司附近小餐馆吃饭，那菜端上来呛鼻的鸡精味，食欲顿无，刚才饥肠辘辘，楼下超市买点熟食，回家打开包装满屋充斥鸡精的味道。中国师傅们啊，离了味精鸡精你们不会煮菜了 泪 泪 泪 [泪] [泪] [泪]
0,弱 怒骂 刘天成 好吧 就算超了载 超载的货物没能压垮运货的车 却压坏了一座桥！ [弱] [怒骂]
0,大连你怎么了，重度污染 怒 [怒]
0,我讨厌坐地铁 更讨厌这个点坐地铁 太可怕了 想死的心都有了 地上堵 地下也堵 抓狂 [抓狂]
0,真的假的啊 迈克尔 詹姆斯 这是武汉的官员吗？ 怒 庆钦 奥特曼 曲飞 李刚 私家历史 是在演小品吗？ [怒] [奥特曼]
0,不拆了啊？ 失望 [失望]
0,超级笑星 幕后花絮 辣妹子李晗在规定动作环节抽中的题目是 痛不欲生 ，她的法宝是这一红一绿两个辣椒。 衰 花絮中吃一个，现场再吃一个 把小伙伴 赵继港 都给惊呆啦！ 哈哈 [衰] [哈哈]
0,回复 熊出没 真的 先见之明 偷笑 熊出没 真的 哈哈哈这个词是我们大学时班上同学说的最多的一句话，跌股的人 哈哈 哈哈 哈哈 谭育君 股改名为跌股 衰 侯宁 回复 郑文东 绝对 偷笑 郑文东 图亮了 [偷笑] [哈哈] [哈哈] [哈哈] [衰] [偷笑]
0,一进北京地盘就感觉胸口憋闷、喉咙干疼、眼睛流泪。。。这该是对帝都有多深的感情啊！ 泪 [泪]
0,男人容易吗？ 湘潭广电言思豫 额 谭总，你太坏了 抓狂 抓狂 抓狂 [抓狂] [抓狂] [抓狂]
0,一头飘逸的长发气质直接上去加十分好么！头发长的慢怎么办！ 抓狂 有了 头发增长精华液 ，改善你长的慢，改善你发质差，改善你爱出油！ 威武 洗 、 次头发就能感受到它的无敌，想要加速长发飘飘的 们必备： 去评论中找链接哦 [抓狂] [威武]
0,我擦 好吧老公 你赤裸裸的 短暂的 赢了我了 怒 [怒]
0,衰 迷上吸血鬼 吓人 衰 [衰] [衰]
0,蜡烛 蜡烛 蜡烛 日光微澜 伤心 蜡烛 蜡烛 蜡烛 蜡烛 蜡烛 蜡烛 [蜡烛] [蜡烛] [蜡烛] [伤心] [蜡烛] [蜡烛] [蜡烛] [蜡烛] [蜡烛] [蜡烛]
0,怎么都觉得今天是周五 晕 血压好像有点儿低，一站起来就迷糊。最近跑医院勤了点儿 [晕]
0,姚晨 天哪，救救孩子们吧。 伤心 蜡烛 陈辰的寻人启事 祈福！ 巨人程晨 为孩子们祈福！ 蜡烛 刘春 为孩子们祈福！ [伤心] [蜡烛] [蜡烛]
0,喜 有孩子的警惕起来吧！ 怒 怒 怒 怒 怒 [怒] [怒] [怒] [怒] [怒]
0,吃惊 吃惊 幸运，出门多个心眼 娜小鱼儿 晕 拐骗都用计中计了！ 皮丝芙慕 一身汗！ 姚晨 毛骨悚然！ 生病 易立竞 恐怖！ [吃惊] [吃惊] [晕] [生病]
0,公知只知道傻 上海殷慧芬 同问！ 泪 草民杜楠 悲催，你这样发言会被网评员们盯上的 黑线 [泪] [黑线]
0,引用运算符。现在还不能熟练使用的玩意。 失望 举个例子： 区域运算符 表示引用单元格 、 、 、 ； 实习 ， 联合运算符 表示 单元格 、 、 、 ； 实习 空格 交集运算符 表示单元格 和 [失望] [实习] [实习]
0,草根们的出色表演，如一碗香喷喷的米饭，却被一块石头磕了牙，硬生生被那位专业演员统统毁了！ 抓狂 [抓狂]
0,胖得我都想自暴自弃了 抓狂 汗 衰 [抓狂] [汗] [衰]
0,求探班哇 抓狂 抓狂 [抓狂] [抓狂]
0,我受不鸟了，寿星女 和淡定女 小黑 你们要不要这么美，这么萌？就我最丑啦！！ 抓狂 经商量，杀入星巴克， 宝宝饼 快来，点了你最爱的拿铁！哈哈哈 [抓狂]
0,，博客用别的网站音乐外链神马的最讨厌了，必须吐槽一下我浪音乐 挖鼻屎 ， ，节假日前的南站，生存环境太险恶了 泪 [挖鼻屎] [泪]
0,衰 微博搞笑排行榜 我爱北京天安门！ [衰]
0,出征 月 日在塞维利亚举行的戴维斯杯，对阵阿根廷的四大天王出炉： 和 是男一号和男二号，拼单打； 和 上男双组合。下图为 年捧杯的怀旧照。岁月，你为什么只惦记着我们？ 失望 [失望]
0,哥哥你和嫂子都火了 偷笑 合十微瓷酒吧 老卫 怎么就火了？ 短头发的大脸猫 老卫，你火了！ 偷乐 北京人不知道的北京事儿 别人家媳妇儿 合十微瓷酒吧 老卫：今儿中午切肉不小心划破了手指，血滴在猪肉上了，媳妇儿走过来看了看，淡淡的说：你是在滴血认亲吗？ 衰 [偷笑] [偷乐] [衰]
0,求辟谣 怒 于洲 吃惊 冰萱 真的吗？ 媒体人肖执缨 求辟谣！ 话筒 年的麦子 求辟谣。如果是真的，恐怕是李天一后面那几个人的力量更大吧 [怒] [吃惊] [话筒]
0,北京 ，又爆表了， 衰 [衰]
0,我爱满堂彩 高富帅老公 艾伦 为患上产前综合症的妻子 黄杨 着想，让好友郝建 沈腾 演自己孩子 邓眼珠子 晕 儿子竟从电视机里爬回家吓晕十月怀胎的 崩溃 乱入 温馨提示：当不明物体从电视里爬出来时，不要惊慌，立即搜索对付 贞子 的 种方法 开心麻花 [晕] [崩溃] [bm乱入]
0,这个结果很意外。 檐间飞鸟 我可以说脏话么？！ 怒 [怒]
0,震惊。不管要出大事的！ 抓狂 镇江市城管局 [抓狂]
0,清溪 红叶 老大看花眼红。。。 偷笑 爱你 小沛沛 你又怎 啦你？ 汗 存心 小兔子 心疼死啊？ 悲伤 我看 部 跟你犯 啊！你一拍 一下感冒一下扭 脖子一下皮 炎的， 在又眼睛 炎了你！！ 泪 晚上睡得不好睡得太少了 吧？下了 回 店好好休息，算我求你拜 你了！！ [偷笑] [爱你] [汗] [悲伤] [泪]
0,惺惺相惜， 泪 老大哥看着我 转发微博 [泪]
0,薛蛮子 六间房刘磊 今日一场雨，胜读十年书！ 泪 [泪]
0,我悲剧了，本周末要加班了！我的久石让呀！ 泪 泪 泪 泪 [泪] [泪] [泪] [泪]
0,今天是国际睡眠日，但愿今晚不失眠 悲伤 [悲伤]
0,真背，二十多年了第一次抽血碰到神经， 好麻 悲伤 悲伤 悲伤 胳膊不是自己的了！ 泪 泪 泪 [悲伤] [悲伤] [悲伤] [泪] [泪] [泪]
0,好主意 刘薇 晕 这方法不错 汗 汗 壹一 大嘉毅 你敢玩儿么？ 水滴 王朝巍 玩的就是心态。 秀秀 别给自己挖坑吧哈哈！ 杨奕微博 这个主意真不错！值得推广！同意的转！ 秀秀 哈哈 联合地产刘辉 好主意。 [晕] [汗] [汗]
0,吃惊 怒 怒骂 [吃惊] [怒] [怒骂]
0,因为理屈，所以必须先发制人。这招不应该对家人的。 泪 泪 泪 泪 [泪] [泪] [泪] [泪]
0,哪有绿的？ 疑问 周豆豆台球 婷姐我的绿色被挑走了咋办啊 泪 抓狂 [疑问] [泪] [抓狂]
0,孩子，你这是有多讨厌上学呀！ 晕 月 日在英国利兰市， 名 岁至 岁的少年潜入教学大楼，纵火烧掉了整栋楼。当天是开学前一天。当地媒体报道称，这 名在校学生因为不想回学校上课，就放火烧了学校。 [晕]
0,杯具了，用了你给我的那个 ，现如今我的 已经不能被电脑识别了，里面的歌儿也都看不到了！！！恢复设置也米有用！ 泪 [泪]
0,泪 白白 转发微博。 [泪]
0,生活啊！ 旅游中诱惑 看着心都酸了。 泪 [泪]
0,明天没的过。今天没的偷 泪 [泪]
0,机场，深夜，男人，背后的花，焦急迫切，等一个女人出现。 泪 泪 太感人了。。。估计是热恋 打哈气 睡觉 睡觉 做鬼脸 [泪] [泪] [打哈气] [睡觉] [睡觉] [做鬼脸]
0,这是谁写的，站出来，太打击人了 泪 泪 泪 不过后半段还是很中肯的 酷 酷 [泪] [泪] [泪] [酷] [酷]
0,你已落地，我还未登机 泪 泪 泪 泪 。没有我的飞机旅途寂寞吧 偷笑 [泪] [泪] [泪] [泪] [偷笑]
0,阿拉走了 有点失落 失望 [失望]
0,胡紫微 泪 [泪]
0,蕾女 就是要雷你！马上要大结局啦，圆圆要谢幕啦 哈哈 谢谢大家支持厚爱 泪 爱你 接下来 就请各位准备走进 电影院观看电影 来了 爱情喜剧哟 偷笑 世界末日论，你是信，还是不信呢？ [哈哈] [泪] [爱你] [偷笑]
0,衰 原来都不是什么好人呀？！！！ [衰]
0,筷子都摆好了啊，谢谢。我还是头一次见 上供给摆酸辣土豆丝儿的 泪 [泪]
0,看了男闺蜜 黄磊，致我们已经逝去的青春。 泪 [泪]
0,今天要飞的地方很冷很冷的噢！羽绒服羽绒裤伺候着，全副武装 熊猫 衰 [熊猫] [衰]
0,皮卡的姐姐病了，必须要开刀 泪 泪 泪 亲爱的宝贝不要害怕，我们都在为你祈祷，赶快好起来！ 爱你 爱你 爱你 [泪] [泪] [泪] [爱你] [爱你] [爱你]
0,谢谢各位亲友的见证，祝愿大家都找到自己的幸福哦 偷笑 心 芝小仙 哭得过于惨烈，让大家见笑了 生病 泪点低伤不起啊 可怜 妖性归 残善泯 泪 泪 太感动了 [偷笑] [心] [生病] [可怜] [泪] [泪]
0,楼上阿姨端来一盘诱人的凉面，我们刚吃过饭，并且吃得很饱，这会馋得我直流口水，该咋办？？ 馋嘴 抓狂 [馋嘴] [抓狂]
0,不光偷相机！镜头在机身上被偷走的经历谁有！ 怒 怒 王宁 相机被偷是我人生最悲催的回忆了了，大家注意啦 怒 走走看看的马 这个问题很严重，上海发生了太多起，多的数不清了 [怒] [怒] [怒]
0,趣分享 美国一男子用化妆技术把自己变成了真人版的 梵高自画像 ，帮他化妆的是他的未婚妻，他们买了一件如画中的服装，然后一步步的按照画中人物化妆，最终完成了真人版。老兄，你是有多爱梵高啊！切记不要像梵高一样，也把自己的耳朵给切了 衰 [衰]
0,回复 夜半烹油 就差两站。 号线被切了 段，乐观的估计明年能通到中国美术馆 夜半烹油 泪 我以为可以连上了呢，就差那么几站 伟业在路上 回复 夜半烹油 没呢，预计得明年国庆 夜半烹油 是啊？ 号没和 号连上吗？ 伟业在路上 回复 张碧仿 好快 [泪] [good]
0,山东省曲艺家协会 济南卫视 怒骂 打！！！ [怒骂]
0,回复 美日一曲 咱们的地球发怒越来越频繁了，看了这照片很忧心 汗 晕 可怜 美日一曲 回复 歌手晗月 板块构造论 简单地说，如果太平洋板块西面挤压欧亚板块，他的东面应该是往西北方向微移动的，这是因，后果就是日本地震，美国西岸到中美都有可能有海底火山活动。只是我不知道这次是挤压还 [汗] [晕] [可怜]
0,国庆节的景点是这样的。 抓狂 [抓狂]
0,以前是认识的朋友都问我坐深航的飞机 飞机 有没有折扣，现在是只要坐深航的飞机的朋友都要跟我汇报一下，感觉我像是 深圳航空 代言人 酷 一样，但我没收代言费啊。 抓狂 [飞机] [酷] [抓狂]
0,这不科学 闭嘴 抓狂 [闭嘴] [抓狂]
0,大早起，需要积极正面 郭小雪 泪 夏小姐 不爱 阳朔县等待戈多青年旅舍 大仙 魏公村长 号 中国之声 朝旭 李涵 贾闯 新年看到这样的视频 真是让人感动。。。 [泪]
0,是蛮像的 王传君 真假的？？！ 泪 泪 泪 泪 兄！我从 的时候就追到现在了！ 握手 [泪] [泪] [泪] [泪] [握手]
0,记得拿到时，卡带已经没了 贴，因为听说主音出完这张就那啥了 晕 没来急跟朋友说谢谢就飞奔往家跑 偷笑 当年的传言如果是有意的，这营销够狠的哈 人言可畏啊 陈砺志 很好听的一首歌，有时候你会以为它不是郑智化的作品，因为与水手以及其他郑氏作品完全不同。 [晕] [偷笑]
0,天津刚才在拉响了防空警报啊，这是什么情况？ 晕 抓狂 我在 [晕] [抓狂]
0,看来青岛也不好去了 悲伤 [悲伤]
0,布丁酒店 回复 奔跑的空调 泪 泪 来人啊，布布被调戏了，把这台空调给布布搬走啊啊啊啊 奔跑的空调 回复 布丁酒店 哈哈 布布会得到 杜蕾斯官方微博 提供的持久装 [泪] [泪]
0,阿宝与我 熊猫 妈妈，我看下米妮有没有雀雀哈。 汗 米妮是女孩，没有雀雀。 熊猫 妈妈你也是女孩，你有雀雀吗？ 黑线 我，没有。 熊猫 你有雀雀！ 衰 我，真没有。 熊猫 那你让我看一下嘛！ 凌乱 ： 说没有就没有。 熊猫 ： 那你怎么屙尿啊？ [熊猫] [汗] [熊猫] [黑线] [熊猫] [衰] [熊猫] [bed凌乱] [熊猫]
0,回复 雪山上来的都是客 人渣国外混不下去还是会回来的。 雪山上来的都是客 还是为领导干部作了不少事情的，比如，为领导干部提供了成为亿万富翁的便利条件，干女儿若干，家属帝国主义国家移民减轻国家人渣比例等 茉茉夏 这任领导人除了给世界捐款，真没干啥 失望 芳芳夏诺多吉 鄙视 衰 [失望] [鄙视] [衰]
0,昨天女儿出发比赛前， 问梳个什么头型，女儿说只要一个小辫，风阻小；又问带发卡否，女儿说不带了，减少重量。我说够专业的啊，什么时候咱们跑向世界，要整个 乐嘉 孟非 之类的发型，将风阻降到极致 女儿萌倒了 怒 [怒]
0,不看客服聊天记录还好，一看我还真睡不着了 泪 [泪]
0,当事人就藏头诗事件回复：本人平生写的太多，一个没记住。待回去翻翻有没有记录 晕 宥鸣：为啥我不知道还有诗这事？ ：那个藏头诗 我直记得有 水 榭 楼台 宥鸣 咱俩的忘记了 失望 ：我忽然想到他写给我仨的诗了，你还记得吗？ [晕] [失望]
0,马戏是不是只适合小朋友们看，欢乐，欢呼，此起彼伏。我却是饱含热泪，心疼这些表演杂技的小演员们，心疼这些驯服乖巧的动物们。希望他们热爱着他们的选择，享受着他们的表演和掌声，不觉其苦，更不是只为了填饱肚子，活着。 衰 我在 [衰]
0,最近连续 天各种疯各种玩各种早起各种开会。。。明早又要六点多起，可是居然又各种失眠。。。 怒 怒 怒 困死我算了！ [怒] [怒] [怒]
0,张小毛老豆 丸蔬鸭大魔王 晕 晕 挖鼻屎 挖鼻屎 韩金宇烩奶葱大魔王 神，你肿末了 熊猫潘大吼 走秀款 钱家斑霓 苏三离了洪洞县 [晕] [晕] [挖鼻屎] [挖鼻屎]
0,一早起来就负面 股票还没来得及卖呢 失望 [失望]
0,干脆让孩子们钻地缝儿里得了 怒 老王 转发微博 [怒]
0,冯老师好人哪 泪 阿申宝 茶人冯建华 您还是饶了高老师吧，还是麻豆腐吧 哈哈 南 师父这您就饶了我吧！ 黑线 茶人冯建华 要不等您回来我请您去喝碗豆汁儿？ 偷笑 南 抓狂 茶人冯建华 哎呀， 南 高爷，您说我要不要明天去吃一碗呢？ 偷笑 [泪] [哈哈] [黑线] [偷笑] [抓狂] [偷笑]
0,很想一试，不如你给我来张机票，我回来把 恤送给你。 卡卡 我赛 走起呀 奥利奥 巴士无误 我叫 鸟小寒 真是帅翻了啊 激动不已，求同往 泪 泪 泪 陈浅浅 [泪] [泪] [泪]
0,你个熊孩子，看在今年是蛇年的份上，放过它吧 抓狂 [抓狂]
0,每次离家，收拾行李的时候都特别难受。。。。 泪 [泪]
0,听不到了听不到了听不到了 泪 [泪]
0,加油 希望你创作出更多更好脍炙人口的佳作。 太开心 抓狂 抓狂 庄羽 回复 梦见周瑜 娱乐了人民陶冶了我。乐在其中。 梦见周瑜 真觉得作家是个辛苦的职业，努力的造梦，自己的泪先流两筐，再把伤心的情节付诸于笔端，用以娱乐大众，辛苦了，期待你的每一部作品，并祝暑期愉快！ [太开心] [抓狂] [抓狂]
0,马航飞机失联 此刻的我宁愿你们是被恐怖分子劫机，勒索钱财。我希望你们平安回来。祖国人民期待你们快点回来 泪 你快回来 ，别让我的心空入大海。 我在这里 [泪]
0,一秒变烤蹄花 夜宵夜宵 泪 泪 [泪] [泪]
0,我突然想起一事儿，我今天中午没吃饭 恐怖 ，没吃饭还四点半回来呢，这要是中午吃了饭，下班前就回不来了 抓狂 ，这一天啊。赶紧吃午 晚饭去 [恐怖] [抓狂]
0,超赞 张小小懒惰 去一次吧 异度肖邦 一次想这样疯狂一次，却缺少一种说走就走的勇气 失望 [失望]
0,汪汪在旅途 ，很好的一家 ，大路套小路，小路套小巷，本应很有感觉地一家摩洛哥风情酒店，但是到了才发现 一个人没有一个人没有一个人没有！！！！！ 衰 太恐怖了 衰 流泪 我在 [衰] [衰] [流泪]
0,快点放假吧。我要去喜马拉雅山上看海。 郭薇 怒 真的想让 成为现实吗？ 江湖一小猎 薛蛮子 环保董良杰 那里的脆弱生态环境根本经不起折腾。 [怒]
0,又开会 开你妹 这两天都不晓得开了多少会了 坐得老子腰都痛了 怒 [怒]
0,伦敦奥运，狭隘的一届 金针 是的，继续上演傲慢和偏见 千里兵锋 到底是谁违背奥林匹克精神？ 怒 陈向平 伦敦让中国观众彻底失望！ 弱 伤心 懒得理你 陈向平 当评判不公，英国怎么来激励下一代？伦敦，我看不起你！英国也不咋地！ 艹 忍花艹 艹 [怒] [弱] [伤心] [懒得理你]
0,翻译快哭了 泪 [泪]
0,一组震撼人心的纪实照片 观点联播 伤心 [伤心]
0,就怕大宵总说话！咱能把微博关了么 蓝鲸财经记者内参网 泪 [泪]
0,千万别病呀 晕 [晕]
0,艹 尼玛 米兰德比我们好像坐在国际米兰区 了 衰 [衰]
0,太难了 泪 泪 泪 [泪] [泪] [泪]
0,去哪吃 无肉不欢 发美食、玩游戏、赢平板！ 什么？吃了美食还能赢大奖？ 晕 没错！去哪吃新一波活动就是要让你爽到底！ 给力 给力 现在开始，发美食，玩游戏，就能赢平板！你还等什么？赶快来参加吧！ 猛戳活动地址 [晕] [给力] [给力] [good]
0,姐妹儿看后特别感慨！咋都那么瘦呀！！！ 泪 [泪]
0,这个！有钱没钱，回家过年！ 抓狂 抓狂 抓狂 [抓狂] [抓狂] [抓狂]
0,我偷看了一眼我侄子的，也是这种感觉 衰 [衰]
0,他自己就是个恶果吧 衰 姊妹 哈毒！ 吃惊 [衰] [吃惊]
0,昨天麦当劳一对辣翅 让我烧心一晚上 再吃辣的就抽我 梦游和逍遥 抓狂 抓狂 抓狂 每次都发誓不吃辣的 可一沾嘴就停不住 失望 失望 失望 [抓狂] [抓狂] [抓狂] [失望] [失望] [失望]
0,羽凡某个角度看着像。。。黄渤 晕 [晕]
0,终于悲催的晚餐了，在官方工作人员的代领下，先尝了特制鸡尾酒，浅尝一口，脸红头疼到现在。好容易打断官方的介绍进入晚餐 ， 还要去 ， 小时只在飞机上闭眼四小时的伤不起啊！赶紧蔬菜沙拉消火，起溃疡了已经 泪 黑摄会被抢注 [泪]
0,回复 摄影师小 那是，小日本折腾死咱们的 怒 摄影师小 回复 哥爱美食 袄 我接触的都是商业这一块的 所以不存在弱光 不过好机器 就是好 价钱好才是真的好 啊 哈哈 钱 [怒] [钱]
0,德钦御庭 今天的天空好像更蓝，连云朵都很少呢 再次见到日照金山 抓狂 羡慕阿，是有多幸运多惬意阿 鼓掌 [抓狂] [鼓掌]
0,发货找货包装和快递蛋逼这事比大便干燥还难受憋屈！ 泪 代购 [泪]
0,围观 财富难题日日解 泪 信托圈儿 曾经的 个人 据说在这几个文件出台的主席办公会上，某人抛出议题后，所有班子成员均默不作声，不发表任何意见。 只谈风月莫论国事 听说 办公厅乱成一团粥，丫文件太多了。 大咬在线 读明史，学居正，戒急用忍，谋划全局，或有胜机。仅凭书生 [围观] [泪]
0,死 小开开 了你我酒都倒在手 上了 快 道歉 泪 [泪]
0,刚回来看完 重播，很难平复心中的怒火，尤其是有毒玩具一条，那条肮脏生产线上的无良操作者，难道你们家里都没有孩子吗，若有的话，你会让他们吮啃着那些你们亲手制造出来的玩具吗？？？！！！亲眼看着这样的垃圾断送孩子们的健康甚至生命吗！！！底线沦丧完全没有丝毫顾及了 怒 怒 怒 [怒] [怒] [怒]
0,悲伤 关于母亲的感人的文字。 [悲伤]
0,抓狂 温暖帽子 围脖 手套 [抓狂] [温暖帽子] [围脖] [手套]
0,哈哈，还有几位作者的亲笔签名哦！ 花心 各种姿势的羡慕嫉妒。小编我还没有涅。。。 泪 [花心] [泪]
0,我！ 泪 我可以转告 关 向多亮表达纯纯你的爱，可我真的没天天和 孔二狗 拍拖 泪 泪 泪 这事儿看来闹大了，连我远在上海的好姐们儿都信以为真了 抓狂 声明一下： 孔二狗 刘春 和 他回精神病院了 是仨精神病，我是负责打针的！ 感冒 [泪] [泪] [泪] [泪] [抓狂] [感冒]
0,哈哈 哈哈 穆杉伯男 话说刚才背后拍我一下 给我吓坏了 太阳 泪 泪 啊呀妈呀，吓死我了。 [哈哈] [哈哈] [泪] [泪]
0,泪 岁的俊远 黄萝卜团 人生只争一口气 浩然 朱放克 音乐制作人旦旦 使 阿佳卓嘎 黑珍珠玛丽亚 玛吉阿米乐队 阿葜 老 藏族音乐人 明星经纪貊苒 那英 天杵乐队旦增达 [泪]
0,人！急！ 泪 [泪]
0,快三点别家吃完出来海底捞还排着呢。。。这到底是为虾米 晕 [晕]
0,活儿，不加儿化音意思就对了。 北京 小猫 字儿呢，你再不给我，宽粉就真的没有了 我就真的不开心了 怒 怒 寒江苦竹 怎么还调上坎儿了。什么都懂啊你可。 北京 小猫 报出子 给丫个空心果使这活儿，挺好 哈哈哈哈哈 有没有外地人我们北京人又不吃人 硕爷您学绕口令儿呢？ [怒] [怒]
0,额！这是让我打死三哥还是想让三哥打死我？ 闭嘴 晕 [闭嘴] [晕]
0,咋了，失恋了还是被罚款了 萧楚南 哎，都没个人安慰我一句来着 伤心 霍艾言 一周的时间够用吗，咋封存，啥形式 林颖 你的回答如此犀利 萧楚南 回复 珊珊 拒绝回答如此犀利的问题 汗 珊珊 为什么要封存开心？受刺激啦？失恋啦。 [伤心] [汗]
0,今晚吃 吃得好失望。大 竟然煮成新加坡版的味道。 怒 怒 怒 [怒] [怒] [怒]
0,霏宝哇 钟有娜天 抓狂 馋嘴 小哇菩提树下 转发微博 [抓狂] [馋嘴]
0,抓狂 强喔！ [抓狂] [good]
0,中国邮政 ，快递成慢死！给小鱼买了一个新奶瓶， 号从北京发货 这多少天了？还在路上爬着！ 怒 月 号 糖药七小七 用 给我寄来的小小浪和帽子，投递员直接就放在了门卫上，连电话也没打给我，还是门卫跟我说才知道。以后凡是淘宝商家选择这种快递公司建议最好别与其交易！ [怒]
0,回复 泪 想不完的问题做不完的事情，想吃点好的一个人又吃不完，找人陪我又没心思慢慢吃，没有假期一天十几小时工作，我以前也很帅现在都有白头发大眼袋了 哼 看你总是很忧郁 [泪] [哼]
0,失望 失望 减肥是一辈子的功课 生病 生病 [失望] [失望] [生病] [生病]
0,衰 任志强 尤其是一种没有特定标准的罪名，可以是个巨大的筐将一切行为都装进去。 漆洪波 王冉 与每个人都有关。 北京柳红 转发微博 [衰]
0,晕 晕 演员包雪松 还好摸的不是大姐 哈哈 哈哈 哈哈 哈哈 [晕] [晕] [哈哈] [哈哈] [哈哈] [哈哈]
0,真的很佩服你，做了 年的咖啡，每天至少要亲自做 杯的咖啡，现在还在做！？不像国内有的老板自己没做几年咖啡，已经敢开几十家连锁，做董事长，自己喝咖啡都指定手下给做，不动手只动口了， 失望 [失望]
0,美味可口，让你无法抗拒的美妙滋味的德庄火锅！悲剧的是我又吃撑了！ 抓狂 格桑花的等待 大田 厦门德庄火锅 厦门美食 厦门美食在热推 厦门美食大搜索 [抓狂]
0,我都爱吃，这是啥性格呀 晕 [晕]
0,苹果进水了，开不了机 悲摧啊 泪 [泪]
0,这个世界太虚伪了 生病 衰 衰 衰 我在 [生病] [衰] [衰] [衰]
0,无奈呀！ 泪 泪 汗 汗 告众亲 小厅可以吸烟 大厅为禁烟区 奥特曼 [泪] [泪] [汗] [汗] [奥特曼]
0,芹菜肉丝、毛豆辣椒、红烧鸭块。。。我老娘为了我的减肥大业费尽心思。。。。但是。。。这些我真的不爱吃啊呜呜呜。。。 泪 泪 泪 [泪] [泪] [泪]
0,可能性很高的，因为现在知识分子不够勤快要价高？ 姚尚朗 衰 狗屁，有木有调查啊，乱说 [衰]
0,现在都不敢看狗狗了 看到它东西也不吃一点精神都没有就心里难过 泪 泪 泪 [泪] [泪] [泪]
0,对于一个以考拉为偶像的人而言，最痛苦的事莫过于此！ 泪 [泪]
0,有朋友约上海，白天较量球技，晚上较量酒剂！白天输球的请喝酒，喝酒输的请打球！没过脑子就答应了，可转念想，这过的是个女人的日子么？竞技也有女子组吧？ 失望 黑线 [失望] [黑线]
0,以前那个旧车站，绿色的建筑，可惜了，八大处可千万别再拆了 衰 毒鼠强 长春也一样，有历史意义的伪满洲国火车站，被现在丑陋的现代建筑取代，新华社吉林分社和后边的政府官邸都是经典的建筑，在假与时俱进中灰飞烟灭 王晋的 有历史，没积淀；有文化，没传承。 [衰]
0,七夕节，似乎是为了异地恋设计的吧：隔着银河两端，大洋彼岸嘛。你们同城同区甚至同屋的，庆祝是为了啥呢 晕 [晕]
0,坏人！你们都是坏人，有人写，还有人转发 泪 泪 陆龙海产 道德仁义，孝顺为先。不要忘了最爱我们的人。 泪 何庆军 写这条信息的是坏人，弄得我有些伤感了 黑线 管理界刘琦 泪 泪 泪 [泪] [泪] [泪] [黑线] [泪] [泪] [泪]
0,今天不去练了，要发烧，浑身疼。 泪 生病 [泪] [生病]
0,江苏台太过分了！老人家受不鸟啊 失望 [失望]
0,张家口之行 下午的在崇礼的滑雪很开心，虽然木有人教，全靠自学，不过俗话没吃过猪肉还没见过猪跑啊，摔啊摔的手掌生疼，刚有点感觉就结束了，意犹未尽，以后冬天有机会可以再来。晚上的住宿太坑爹了， 泪 没有插座，只有一根网，坑爹的迎宾馆 泪 。很累，今天很早起，明天还要很早起。 [泪] [泪]
0,原来还有比我更惨痛的股民朋友。 泪 [泪]
0,衰 数据挖掘与数据分析 衰 侦探 衰 无敌小舒克 衰 蔡老板 衰 曹增辉 衰 守住每一天 衰 月痕冷 衰 丫头俊 衰 瑞瑞 衰 [衰] [衰] [衰] [衰] [衰] [衰] [衰] [衰] [衰] [衰]
0,看完就睡吧，睡着了就不饿了，明天去觅食，吃好吃的！ 围观 亲亲 什 照 我好饿 泪 泪 泪 泪 泪 泪 [围观] [亲亲] [泪] [泪] [泪] [泪] [泪] [泪]
0,中文是 不显好 么 懒得理你 想到原 完 完 之後 最怕 到那句 衰 [懒得理你] [衰]
0,你说行，我看还真行！！！ 木头西西：这个行！ 阿弥陀佛自在江湖 抓狂 这串烧绝对雷倒众生！ [抓狂]
0,感谢志愿者们的支持！热心的志愿者们表示非常愿意参加这样有意义的活动，但是这次活动由于是周三举行，很多人因工作原因遗憾无法参加。 悲伤 希望无法前来的朋友们帮忙转发我们的微博，让更多时间允许的朋友看到，更多地关注自闭症儿童！ [悲伤]
0,踩着巨高的高跟鞋，穿着和仙女一样的长裙子去健身房，碰到教练，吓的赶紧说，我是打酱油的，来洗澡。他乐坏了，说：别害怕呀 晕 [晕]
0,早上一屁股就把眼镜腿坐断了！这是本命年的最后一击么 泪 [泪]
0,这个时间，在家里自己做个这样的下午茶。发出来会被多少上班的人骂啊 抓狂 ！！ [抓狂]
0,真的没办法了 泪 电影工厂 转发 [泪]
0,客户不带几个？ 顾云 骨 家 怎 衰 [衰]
0,做头发去！要换发型吗？纠结 衰 [衰]
0,看到这个饿死了 泪 泪 泪 [泪] [泪] [泪]
0,约的哥们还不来球馆，再不来我都快冻感冒了 泪 [泪]
0,回复 晶晶汤 食材是有地域特点的你没有的选！腥味是宰杀手法的问题，通过技术手段是可以解决的！！多用活水冲冲就好。 晶晶汤 嗯嗯 一定要给中餐正名 不仅仅是外卖便宜货！不过原料真的是大问题！我好久没吃过河鱼 河虾 河蟹 还有牛蛙了 泪 肉都是腥味超级重 [泪]
0,泪 泪 泪 泪 泪 泪 我今天心里可难受了！我本以为我心里挺轻松的！可真到这一天就不是了！ [泪] [泪] [泪] [泪] [泪] [泪]
0,下午店里进出人甚多，一移动硬盘被盗，内有无数新疆、西藏美图，是我 年行摄之见证。已报案，希望渺茫。。。 泪 泪 泪 [泪] [泪] [泪]
0,晕 学苑女流氓 行尸综合症 [晕]
0,泪 我是李格 如何能让那些贪官看看 凯琳版权代理 范筱薇 图书策划人红嵋 范筱薇 老败 任文 炒着牛肉喝小酒 画不错 图书策划人红嵋 泪 王克勤 南极小七 瘦马古道 炒着牛肉喝小酒 [泪] [泪]
0,刘俊斌 打压房市好。 西域 于阗 叉，通胀的由来。 泪 泪 泪 泪 [泪] [泪] [泪] [泪]
0,距离能够产生美，却不能延续爱。 心 伤心 [心] [伤心]
0,旧金山时间 下午 点 分 在 牙医千方百计的劝说下，我纠结着做了个小手术，总算把横行霸道了几个月的智齿取了出来，这个疼哪。。。麻药退了，我象嘴里含着两橄榄 泪 泪 泪 希望下周在 的演出不要受影响。 [泪] [泪] [泪]
0,要发烧，浑身酸疼。。。 泪 生病 [泪] [生病]
0,挺励志的！！ 罗永浩可爱多：最近累胖了，还总拿这位胖导演安慰自己，没想到他倒瘦了 泪 [泪]
0,万网互通 明见的 滴钻石泪 一杯清茶文 小小菱角 乐圣师旷论学 挺靠谱童鞋 话筒 的爸爸 达洲青山 怒 围观 雨滴上的阳光 赞美诗 吃惊 老徐告知 转发微博 [话筒] [怒] [围观] [吃惊]
0,右手被蚊子叮了两个包 亲你不知道我要用鼠标的吗 很痒啊 泪 [泪]
0,李娜准备送蛋给文奇大妈吗？ 泪 [泪]
0,疾走无言 胡少的枪 冯抱抱的爸爸 高远 胡少的枪 许刚 无声年代 左小祖咒 韩峰 瑗 扩散 怒 杨文杰的围脖 扩散 扩散贴 阿建的马甲 爱伦 [怒]
0,好吧 我承认我能力不够 没设 。。。 泪 [泪]
0,从早上睁开眼睛就无数次提醒自己：今天是愚人节！为虾米还是这么不小心？！！ 抓狂 [抓狂]
0,肚子好痛呀。。。 怒 泪 泪 泪 泪 [怒] [泪] [泪] [泪] [泪]
0,首都之后再无北京 熠 对不起，北京，我保护不了你了！ 泪 [泪]
0,碰了一下 源 ， 果就悲 了 衰 [衰]
0,哇茂名都有份！不过在茂名一般都搭摩托卦。。 偷笑 坚挺小中中 去年才 个 晕 [偷笑] [晕]
0,偏头疼。。寒冷的季节赶紧过去。一到这个时候，浑身全是病。各种烦心事，没一件省心的 抓狂 抓狂 抓狂 [抓狂] [抓狂] [抓狂]
0,开会回来一看竟然有人给我点上了，有点丧啊 柴家川 泪 蜡烛 陈言 教我用的！都是我重要的老师 呵呵 [泪] [蜡烛] [呵呵]
0,常回家看看，回家看看 孙静 泪 泪奔了。。。 所以从现在开始每个年都要陪爸爸妈妈还有外婆一起过，风雨无阻 爱你 王赛赛 看的我好感动 泪 泪 泪 泪 [泪] [爱你] [泪] [泪] [泪] [泪]
0,不爱说话的 怒骂 ，喜欢吃美食 花心 的单身上班族今天遇到了好朋友 爱你 无线蓝牙 漫步者 魔砖 。马上要打开包装了 耶 亲爱的亲们 请期待美食搭配音乐的新世界 酷 余久久 [怒骂] [花心] [爱你] [耶] [酷]
0,回复 方恨少少 泪 我要当 方恨少少 回复 小柳菁儿 以转发为准，你还没编号。。。 [泪]
0,的确让人很尴尬 江筱湖 周冒是至今错的，尴尬和肺高中的时候改正的 罗渝 全中 李杨融容 晕 米 对那个冒上面是不是曰，还真是完全没有印象呢，中国汉字太吓人鸟 李杨融容 浅浅浅浅黛 神马都补血 嗯 呵呵 [晕] [呵呵]
0,把车钥匙锁在后备箱，备用钥匙在家里，家门钥匙在车里！这种死循环可还行 开车 ，开家门 这小风天气，今天骚气穿露背长裙，站外面快冻哭了 泪 泪 泪 [泪] [泪] [泪]
0,回复 真的 悲伤 不是吧 [悲伤]
0,块 呢 泪 和以前不一样 [泪]
0,亲亲大顽熊布兰诺 老乡老乡背后一枪 泪 黑白茶君 武三反思 赵士林 楚天一笔 江南 猫扑阳泉论坛 司马南他二大爷 布兰诺强哥 陈奎德 武三反思 亲亲大顽熊布兰诺 耋翁 楚天一笔 赵楚 忽悠忽悠就瘸了 黑白茶君 阿里公鸡 费明微博 杯水于沧溟 杰夫 哈哈 [泪] [江南style]
0,衰 小狮子 请勿喂食 怪蜀黍福音 黑线 [衰] [黑线]
0,上个月从德国定的 排气等了一个多月了，还没到货，真起急。今天过来西国贸这边只能换成 原厂的了。我等的花儿也谢了 汗 晕 我是在哪都不忘臭美， 偷笑 偷笑 可爱 我拍拍拍 的鞋子和短 ， 。 心 心 [汗] [晕] [偷笑] [偷笑] [可爱] [心] [心]
0,中行真是有够磨叽的，一小时只办了俩人业务。 怒 [怒]
0,， 天涯藤爬藤 怒 言之不足 再转！ 左小祖咒 ！ [怒]
0,我猜出来了 哼 小时候数学老师可没教这个符号怎么拼 抓狂 抓狂 抓狂 [哼] [抓狂] [抓狂] [抓狂]
0,在我家小区里流浪的一只小可爱，晚上散步时发现了它，小模样漂亮极了，应该是边牧的串儿，叫声还奶声奶气的。我刚刚喂了水和吃的，现在的它已经能和我捉迷藏啦，可见小宝性格很好，也活泼得狠！因为家里已经有狗宝宝了，所以想替这个小可怜找一个愿意照顾它一辈子的主人！ 泪 [泪]
0,回复 别啊亲！！！！我会疯掉的！！！！ 抓狂 抓狂 抓狂 嗯，没给你之前我帮你用 挖鼻屎 [抓狂] [抓狂] [抓狂] [挖鼻屎]
0,带状疱疹，戒酒戒辣戒海鲜 衰 [衰]
0,兔兔 现在离你最近的是凤凰！！！ 王丽 小 晕 晕 一 都麻油 看 要找 去了 [晕] [晕]
0,啊，我突然想起了一句话：请赐予我力量吧，我是希瑞！ 抓狂 ！ [抓狂]
0,重口胃肌肉男 哥，如何练成这种胸型啊？！ 泪 泪 泪 狐狸汪汪 花心 花心 [泪] [泪] [泪] [花心] [花心]
0,最悲催的就是回到家发现钥匙忘带了。只能在车里听广播静等 绿绿荔 回来！ 泪 [泪]
0,回复 心 多谢好妹妹，你是第一个买我东西的顾客，爱死你啦！ 我伤心了，你竟然不 我 泪 张羽 回复 小侨啊 可爱 喜欢的话，我可以给你们最低的友情价哦 小侨啊 收藏啦 虽说衣服没有适合我的吧，但是有几双鞋子还是不错的 吼吼 [心] [泪] [bm可爱]
0,昨天晚上梦见蛇了，而且被蛇咬了 好可怕 泪 [泪]
0,怀念冬日里热腾腾的苏州羊汤 泪 [泪]
0,摩羯座蜜语：伤不起啊 抓狂 [抓狂]
0,镜子 槽，老子哭了 寨主爷 泪流满面 欢迎回家 虽然这里的样子或许会让你们感到陌生 琴小酒 孩子他爹叫周泽楷 泪 那么多微博我都没转，这条受不了了 [泪流满面] [泪]
0,我只能说，又是一起似曾相识的令人愤慨的 被 家破人亡的悲剧案例！真希望不再有 又 ！ 王良其律师 蚌埠市蚌山区的王长双书记：请出示一下你的道德心！ 伤心 王良其律师 钟 过年了 的官员们，你们不能光顾着进京攻关搞定 不许新闻暴光，也不要光顾着迎来送往觥筹交错推杯换盏 这里 [伤心] [钟]
0,鱼鱼今天不高兴了，平时看到吃的就欢喜雀跃，今天看到吃的都狠含蓄，一点反应没有 委屈 不就是一天没给你们吃的吗，至于这样吗 失望 [委屈] [失望]
0,去年到过北京，有底子才感这么玩儿吧 衰 黄珂 这老太太可不简单，她可以唱得特好听，但很少那么唱。 廖阳 手欠了！我特么还以为是我的打开方式有问题呢！杀猪都比这好听一万倍啊！ 抓狂 李伯男导演 哈哈 哈哈 哈哈 哈哈 哈哈 哈哈 哈哈 哈哈 [衰] [抓狂] [哈哈] [哈哈] [哈哈] [哈哈] [哈哈] [哈哈] [哈哈] [哈哈]
0,没有坐到热气球 泪 [泪]
0,电视上到处都是选秀啊 啥时候选 啊 曾胜昔 这四个大咖站到一起，这节目就成了 泪 微博小百科 近期最火最好看的节目，一次看个够听过瘾！！ 鼓掌 [泪] [鼓掌]
0,这点儿发这个，不道德。 抓狂 抓狂 [抓狂] [抓狂]
0,这顿肉吃的，酒喝的，到现在了一分钟没睡 泪 悲剧啊！！！ 连名都改了 的晨年往事 美食达人 小禹 魔王 [泪]
0,，您也忒贱了吧！求人大附的数目 衰 俞 这是中国教育现状最真实的裸照！ 俞柏鸿 私人银行揽储，公办名校助阵。学校与银行 联姻 ，算是货真价实沾上了 铜臭味 ，只可惜教育公平被践踏得面目全非。 [衰]
0,回复 你挺有勇气的！ 衰 衰 衰 衰 新宿天鹅 潘帕斯的蓝天白云 [衰] [衰] [衰] [衰]
0,有件事儿，我百思不得其解 思考 为什么我的异性好友都是 怪男 呢？不带这样突然就播的 晕 韩兆的微博 各位亲朋友好友，由我编剧、导演并主演的电视连续剧 喜事连连 剩男相亲记 将于 月 日与全国观众见面。敬请关注！ [思考] [晕]
0,直到此刻我好像才发现，我还没有吃晚饭 可怜 我好饿啊 泪 泪 泪 [可怜] [泪] [泪] [泪]
0,又是一本超现实主义色彩的小说，读起来好费劲啊 抓狂 能力有限！太有限！！！ 委屈 [抓狂] [委屈]
0,下午茶 哈哈 ，是不是有些早啊 晕 ？ [哈哈] [晕]
0,全中。。。 董悦宁 吃惊 全中 衰 [吃惊] [衰]
0,超级笑星 视频回顾 究竟观音姐姐为什么要出家呢？这个问题让 马腾翔 西安李小龙 来告诉大伙吧 笑哈哈 善良的小编提醒大伙 刚刚吃饱饭勿看哦 衰 [笑哈哈] [衰]
0,同去同去，希望有机会我们同去！ 川藏王 我们也是走川藏线进藏 在红拉山没见到 泪 泪 下次一定去维西 老芒果 双念群 谢哥，这些滇金丝猴离你很近吗？它们现在生存状况如何？十来年前看过奚志农的片子，印象极深刻！ [泪] [泪]
0,最悲剧的事情在于：你心目的女 丝，竟是我心中的女神。 泪 泪 泪 [泪] [泪] [泪]
0,我特别佩服自己不管在哪个城市，不管这一天干了些啥，都能不早不晚紧赶慢赶的赶上晚高峰的最高峰 怒 衰 鄙视 [怒] [衰] [鄙视]
0,变态 衰 吐 不敢！果断不敢！ 衰 挺吓人的 [衰] [吐] [衰]
0,终于可以离开办公室，讲个好玩的再走。下午，办公室的丽娜说，今天你的背影特像 赵款款，我满心欢喜，因为她很瘦，不仔细看都找不到肩膀的那种， 睡觉 接着丽娜说，头发特像，靠，她是沙质头发，尤其的蓬。我 天前做的离子烫，昨晚写稿到 点，洗完澡头发没干就睡了，有那么蓬么，我顿时无语。 衰 [睡觉] [衰]
0,好久没骑车，都不会骑了。关键是不再是 斤。。。老觉得气没打饱。 衰 [衰]
0,回复 美女晶左左 喂，我们这儿严肃地讨论招聘问题呢，你咋这样啊。不许哭啊，第一天上班，不吉利。来，给哥笑一个 坏笑 美女晶左左 回复 死胖子小 有种泪滴为感动滑落！ 泪 心 [xb坏笑] [泪] [心]
0,大家还记得这张照片吗？怎么看怎么顺眼，现在的我怎么这么挫啊？！ 抓狂 [抓狂]
0,缺 和心眼儿 熊猫 熊猫 熊猫 杨 一 都不缺 洋洋 看英超的男人 缺 看着还不错 大连台萧萌 缺 与 ，不会吧，福运全在晚年！ 泪 泪 吃惊 衰 [熊猫] [熊猫] [熊猫] [泪] [泪] [吃惊] [衰]
0,又一次被点评网带的 地图坑了 怒 [怒]
0,孤舟 ：麦寇也走啦？ 赵亮 等待 侯乃森： 睡觉 皓迪 疯狂的舌头 董嘉琦被抢注了 露露 ：陈锋也走了 ？ 伤心 我们的猫王啊！ 酷小帽 ：陈锋刚走，赵总也走了 [睡觉] [伤心]
0,毁了，这是拆光重建做旅游地产的节奏 刺桐之泪 什么保护，什么复兴，通通 扯淡！一帮断子绝孙的混蛋！ 泪 小飞刀的刀 西街也逃不过，好东西都躲不过这帮装文化人的土匪 红袖添乱 图中看不到老房子，是要全拆了？？业内人士反映这图是赶出来的。 泪 反对没有调研的拆迁 [泪] [泪]
0,暑假来了，苦逼做旅游终于下班了，吃麻辣牛肉面。。。想想工作太辛苦了，再加一个许留山红白小丸子犒 自己 哼 。。。吃着吃着，突然忘了自己在减肥 泪 泪 ，咋办，算了，吃饱再说 汗 [哼] [泪] [泪] [汗]
0,我买滴 可爱 兔子 李李堂 潘叔的小衬衫很漂亮啊 潘晓婷 老爸和黎叔。。。 汗 晕 这谁的老花镜我都忘了 奥特曼 [可爱] [兔子] [汗] [晕] [奥特曼]
0,复活，甚喜 馋嘴 看到上下杭的消逝，甚悲 抓狂 [馋嘴] [抓狂]
0,最适合天蝎座？最适合有钱人 抓狂 [抓狂]
0,呵呵，好有爱的图片 吉尔 ： 晕 时尚趣味馆：图片太形象了 吃惊 [晕] [吃惊]
0,结束唱响后期回家，五一果真是劳动节 泪 泪 [泪] [泪]
0,还要特别特别谢谢我的 姜楠 女孩儿 熊丽电台 除了不停地向你们道谢，我不知道自己还能做些什么！ 泪 泪 大董大懂 红与黑经典之美 大董汤明姬 大董陈丹 大董高新宇 的小方糖 薇薇 [女孩儿] [泪] [泪]
0,我在清华的第一顿饭是在万人食堂吃的 外研老许 怀念清华的日子 泪 [泪]
0,维多利亚的秘密，小花边，天使的翼展，诱人的曲线，微风拂面，金丝飘绕，无尽的展台。换个台，饺子边，冲天炮，僵尸排队，一波一大波菜袭来。。。碎叫 晕 [晕]
0,回复 铁臂阿童妹 泪 好啊好啊，那我要厚着脸皮跟你去的 可怜 铁臂阿童妹 我请你做脸 [泪] [可怜]
0,抓狂 太不专业了是 月 日！晚 ！ [抓狂]
0,体检是人生最烦人的事儿没有之一，和护士无穷无尽的解释解释解释 抓狂 抓狂 抓狂 [抓狂] [抓狂] [抓狂]
0,他到底犯了什么错你们要这样对待他 泪 屁股好翘 心 我在 [泪] [心]
0,这种八股文源于何时？只知道号称 走进新时代 这十来年愈演愈烈，官员在公众场合已经完全不会说家常话、不会说人话了。中华文化经一系列破坏至文革彻底被断裂后，汉语之美在公文及领导演讲中基本荡然无存。背课文长大的这茬，只会用教条表达了。 衰 怀念那次唯一的名符其实的记者招待会，可为范文！ [衰]
0,这是一碗苦药汤，可是喝在嘴里我却感觉是甜的，因为心里的滋味比眼前的这碗药，苦的多 悲伤 [悲伤]
0,借我三千城管 还你世界和平 奥特曼 威武 百姓姚姚 这就是我们常说的老鼠屎，城管里的败类 媒品 回复 牛大带二妞 必须可以，我见他们一次翻一次白眼儿！ 抓狂 牛大带二妞 靠！！！ 媒品 我可以说脏话吗？不能！那我没什么说的了！ [奥特曼] [威武] [抓狂]
0,晚上接到曾探访的一户人家的求助电话，说某火锅店拒绝支付他家十七岁女儿的工资。 父亲意外爆炸身亡，母亲离家失恋。据舅爷爷说别人嘲笑她，她不做了。火锅店拒绝支付工资。同情！ 泪 [泪]
0,永远支持 爱你 爱你 爱你 ！ 心怡 回复 映霓 呵呵 支持 映霓 期待的不得了啦！ 抓狂 爱你 嘻嘻 心怡 耶 太开心 [爱你] [爱你] [爱你] [呵呵] [抓狂] [爱你] [嘻嘻] [耶] [太开心]
0,完全就是真实写照，读研 就是在用青春换学识啊 泪 泪 罗洁璐要潜心修炼 还我青春！哈哈 杨烁 晶晶汤 确实是个极不人道的东西！我也残多了 [泪] [泪]
0,上海大雨？ 广州的飞机起飞不了 泪 [泪]
0,在看别人吃。。 泪 泪 [泪] [泪]
0,泪 泪 泪 蜡烛 蜡烛 蜡烛 飞机 飞机 飞机 央视新闻 马航空难 马航 最后位置在南印度洋 马来西亚总理称，马航 是按南线飞行，最后的位置是在南印度洋、珀斯西部，远远超出想象，没有合适的降落地点。 [泪] [泪] [泪] [蜡烛] [蜡烛] [蜡烛] [飞机] [飞机] [飞机]
0,蒋大麦 听见没，我弟妹喜欢！还不赶紧的 汪晓雯 好喜欢 泪 [泪]
0,我谁来收了她吧 汗 衰 能别让她再出来吓人了嘛 抓狂 抓狂 北京微闻联播 吃惊 造型吓到我了 [汗] [衰] [抓狂] [抓狂] [吃惊]
0,想起了八国联军火烧圆明园！ 怒 广播 受制 [怒]
0,敢吃逗你玩 法规约束？监管者？相关部门？据说这几位大拿都很忙 泪 吐槽日 [泪]
0,我同事在京东买了一部手机，打开发现是一个用过的旧手机。情何以堪啊。京东，你怎么了？ 你的白儿 咦 之前谁天天哭着喊着我们是最便宜的 我们不怕比价！！！这会惨了吧，栽了 赛迪网 又又 要是便宜 ， 我都啥也不说了啊， 啊 泪 刘强东 赛迪小编 发挥群众的力量。声讨京东 [泪]
0,额，唯一开着的小卖部关灯关门了 晕 手机的电影居然误删了 抓狂 抓狂 抓狂 [晕] [抓狂] [抓狂] [抓狂]
0,虽然已经对各种美食丧失了兴趣，可是一无聊就又想去吃点什么。。 晕 虽然 食之无味，但还是会吃好多 泪 我是得了好吃病吧 衰 其实最想吃自己煮的白粥，但是煮粥好烦，每次都会从电饭锅里溢出来，好难收拾 晕 晕 我一定要自己做饭啊啊啊 [晕] [泪] [衰] [晕] [晕]
0,失望 失望 再这样晚睡早起会不会过劳死啊 书呆子 明天要把支付宝密码告诉娘以免 困 鼓掌 淘宝好上瘾啊。以前卖十个都觉得爽，现在卖一一万件都觉得不过瘾 实习 帅 照相机 做鬼脸 [失望] [失望] [书呆子] [困] [鼓掌] [实习] [帅] [照相机] [做鬼脸]
0,我老是觉得冷。妈妈关掉一块儿地暖。我就冷得四肢冰凉。左肩膀刺痛。 失望 衰 泪 [失望] [衰] [泪]
0,师父吃饭时别忘给我打电话啊！ 哈哈 海底的菲鱼 得瑟 见者有份喽 郑叶忘却 怒 起哄吧你们就！好吧，就订在十八大开幕那天吧！餐聚！ 大猫猫儿 同求 宿醉的猫仙儿 求衣，求食！ 海底的菲鱼 师傅，就如同你的衣食父母，没有他，哪有你的今天 [哈哈] [得瑟] [怒]
0,我们节目就叫 逍遥游哇，我嚼着不 嘛 晕 总不能叫 逍遥行，对不啦？ 高颂 节目名字天下游，快乐超级旅游，环球旅游家，立马就 了好多 旅游情报网 要带上 赵薇 的 天使旅游箱 吗？ 熊小猫 如果陈绮贞唱的是 旅游的意义 你还会喜欢吗？ 哈哈 哈哈 葵巴塞 [晕] [哈哈] [哈哈]
0,衰 内心都瘦了 转发微博 [衰]
0,星期二， 早安 ！热伤风感冒，依然难受，好困！外面还在下雨，必须起床了！ 抓狂 败家 小妞子 我是苏拉 腹黑 叔叔 [抓狂]
0,我整个人都不好了！ 泪 [泪]
0,回复 细细想翻火星 如果不是成熟的蜂蜜或掺水等劣质产品，这些蜜久置后都会发酵冒泡、变酸、是不能食用的。当然如果发酵不严重的话，在 左右水浴加热半个小时处理后还是可以食用的。 嘻嘻 嘻嘻 细细想翻火星 泪 请问点解会 架？ 细细想翻火星 好多广州人都唔知 野 大嘴米高 微美食 [嘻嘻] [嘻嘻] [泪]
0,回复 颖子时代 评论咋都是减肥 因为我瘦啊 泪 颖子时代 偷笑 三人真正的减肥餐啊！ [泪] [偷笑]
0,临清市先锋司法所 工作简报 今日工作 经过一天半的核查，总算把医患纠纷上访当事人修某某提供的医疗及各类花费单据计算清楚 当事人，把有些单据打乱重复复印，造成累计计算。 同志哥 我们真心帮助你，你别这样糊弄我们，给我们增加难题啊！实事求是为好 晕 。 话筒 [晕] [话筒]
0,着实要崩溃了 没一秒钟能歇着 午休被占用、水没时间喝、坐在空调大开的办公室里一身汗 说是想练分身术 简直就是分身乏术 晕 晕 晕 晕 晕 [晕] [晕] [晕] [晕] [晕]
0,泪 泪 泪 同 的 不 次了！ [泪] [泪] [泪]
0,续：今天上午 分到大卖场买完东西，再到服务台兑奖，被告知还要等到 以后才可以。哈哈没别的，就是气愤，以后拒绝可口可乐。 怒骂 [怒骂]
0,吃惊 闭嘴 失望 思考 亲亲 [吃惊] [闭嘴] [失望] [思考] [亲亲]
0,泪 泪 泪 莉莉妮特 温存的水洼 转发微博 [泪] [泪] [泪]
0,两点睡，六点半出门，奥运工作结束必定要变成个瘦子 晕 晕 晕 [晕] [晕] [晕]
0,看了一晚上广告 汗 怒 [汗] [怒]
0,我发现我错了 泪 这几天不断接到 微人脉 应用的邀请，心想这干嘛的啊，就加了吧，不然老接到邀请通知挺打扰人的，就加了。可能系统会默认加入应用后继续邀别人吧，加入后就不断被问 怎么回事啊 啥情况 ，于是不断跟人解释，说打扰了。在此向被打扰的同学说抱歉哈 嘻嘻 [泪] [嘻嘻]
0,衰 蝈蝈 座驾 场馆甲醛严重超标是不能忍的 拖沓孙天王 你们要是能率先动手，保证一呼百应，哈哈 郑小庆 这都是周瑜打黄盖的事儿，最后把组委会越惯越牛 挖鼻屎 拖沓孙天王 车展组委会就欠收拾，所有参展媒体都不敢报，拭目以待最后谁敢动他们 周洁 陈瑶 转发微博 [衰] [挖鼻屎]
0,打死不做日本人，过个圣诞啥都让俺干 泪 [泪]
0,晕 怎么就想运动了呢。。。 [晕]
0,完了！堵上了 晕 [晕]
0,刚出门车胎瘪了 ！！ 怒 怒 抓狂 我在这里 朝阳区 [怒] [怒] [抓狂]
0,诡异？刚看了一下，挺亮挺圆的。。。隐隐的头痛 晕 碎觉 月亮 [晕] [月亮]
0,抓狂 抓狂 抓狂 这颜色太美啦！尤其适合冬天！ [抓狂] [抓狂] [抓狂]
0,就是这个人，强行解开我的安全带，在我表示抗拒的时候她就是这个表情 最后我还不争气的哭了，吓哭了 泪 泪 泪 不就是拍个照吗，何必搞出人命呢 药 。 孙青 鱼小妖系蛀牙 伟锋 是水货 [泪] [泪] [泪] [药]
0,四年一届的奥运会真是不容易，四年的付出在最后时刻不能披上战袍比赛，这样的心情 泪 晕 希望海滨以后一切顺利！ [泪] [晕]
0,抄送 嘻嘻 马德龙 豆瓣霸气！ 刘忙 刚刚对话，我：哇噻！忽然发现国内几大互联网公司在这张照片里都齐了！ 老师说：豆瓣跻身于此表示很荣幸 我：我只是说我们阿里奇虎百度腾讯四大 老师： 衰 等以后我们豆瓣把你们四大收购内天 [嘻嘻] [衰]
0,哈欠一个接着一个，可就是在床上翻烙饼睡不着，听着老公熟睡的呼吸声，羡慕嫉妒恨，苦闷啊！ 抓狂 抓狂 抓狂 ，努力睡吧，最多只能睡四小时了，晚安！ [抓狂] [抓狂] [抓狂]
0,泪 空心菜 其实， 队迅速抢占了第一个宝藏以后就一直在等裁判 妈妈姓夏 。。。我们的队员 海角的阳光 我是艾雅 吴秋煌 安可曲 都是好样儿的 鱼蛋儿 上午 路线的 风惹尘埃 小浪队暂时领先 下午再接再厉哟！ 给力 给力 给力 [泪] [给力] [给力] [给力]
0,我决定等 头发 回来 衰 [衰]
0,泪 转 宝宝你去哪儿 范佳丽 徐广皓 心 抱歉半夜打扰您一下 两岁女孩 朱思佳 因患白血病 在苏州儿童医院 做干细胞移植手术。孩子每天承受着各种痛苦，却任然在坚持着。治疗加移植 至今共花费近 万！现移植平均一天 、 千元对于贫困的家庭来说太昂贵！恳求您帮孩子一把！求转发！求扩散！感恩！ [泪] [心]
0,码农们有木有躺枪的赶脚？ 衰 琢磨先生 第一种爱随时间而衰减。第二种爱随着时光愈发浓厚。第三种爱一见钟情而后几十年如一日。第四种爱从不感觉忽然发现是真爱。第五种爱爱的快去的快。第六种爱始终怀疑爱还是不爱。最后一种爱仅仅是做爱。 [衰]
0,怒 怒 怒 摄影师王龙伟 怒 潘燕 怒 侯钧升 原名侯祥玲 怒骂 任伟的空间 远东影视何亮 怒 怒 怒 雨桐 胡的 怒骂 管翌杉 怒 怒 怒 怒 董杰 操 周杰 是小胖子 彭 朋朋 姜婷 怒 怒 [怒] [怒] [怒] [怒] [怒] [怒骂] [怒] [怒] [怒] [怒骂] [怒] [怒] [怒] [怒] [怒] [怒]
0,冷笑话选极 侩子手 怒骂 鄙视 [怒骂] [鄙视]
0,不知何时闹钟没有打开 衰 ，不过生物钟还是把我叫醒了！ 打哈气 微风 微风 太阳 早上好！ [衰] [打哈气] [微风] [微风] [太阳]
0,习惯了 图宾根木匠 打嘴 怒 [怒]
0,晕 折腾了一下午，终于学会向现实低头了 [晕]
0,草菅人命 相声演员刘兰亭 这是真的吗？真是真的吗？这样的行为难道还让社会理解么？咋个理解法？ 郭津琳 连一个收废品的老人都不放过，简直畜牲不如 怒 怒 怒 怒骂 怒骂 怒骂 [怒] [怒] [怒] [怒骂] [怒骂] [怒骂]
0,蚊子大作战，完败。。 泪 泪 [泪] [泪]
0,停了一天的电，终于来了 泪 泪 泪 没有电的生活真可怕！ 我在这里 [泪] [泪] [泪]
0,泪 如果我真的很爱一个人，我不介意第二次与同一个人恋爱。 [泪]
0,请别自己地独占自己的生活，给妈妈留一点时间 双子座 女孩 泪奔了，让爸妈多了解我们！多关心一下爸妈，就算是一通电话 泪 [泪]
0,红旗渠 鄙视 生病 闭嘴 怒骂 吐 委屈 右哼哼 左哼哼 [鄙视] [生病] [闭嘴] [怒骂] [吐] [委屈] [右哼哼] [左哼哼]
0,过年回家 在我没回家时，我妈是 亲亲 ；在我到家那天，我妈是 哈哈 ；等我要走时，我妈是 泪 真实滴咱 妈 ，总是情绪多变却始终疼爱着我们！春节临近，盼望远方的孩子能够早日回家，成了千万母亲共同的心愿。如家祝愿每一位家人，平安回家！ [亲亲] [哈哈] [泪]
0,亲，准吗 柏洁 烂桃花不要来，烂桃花快走开 晕 [晕]
0,坏坏坏，坏人呐 怒 [怒]
0,泪 泪 泪 牛成志 笑人 伤心 伤心 泪 泪 [泪] [泪] [泪] [伤心] [伤心] [泪] [泪]
0,不住啊 泪 昆哥 很好的诠释 鼓掌 [泪] [鼓掌]
0,处女座怎么啦 怒 [怒]
0,催泪弹 瓦伦西亚俱乐部官网 泪 [泪]
0,这真是一个凄美的爱情故事 泪 我猜到了开头，却猜不到这结尾 [泪]
0,米斯白兰卡 有多少狗狗可以像小萨一样！！继续加油啊！！！ 雯 雯 。。。。。。语言无法表达我的心情。。。。 悲伤 [悲伤]
0,怒 是咯，把法院修那么奢华浪费纳税人的钱就算了，拍个婚纱照还不让取景！ 川报全媒体中心购房通 东亚新华地产官方微博 转发微博 [怒]
0,受伤了 悲伤 悲伤 悲伤 [悲伤] [悲伤] [悲伤]
0,电影手册宋健君 怒 郭小懒 转发微博 [怒]
0,泪 小姬 莫名感动，要流泪。 张泉灵 五岁半 [泪]
0,就是吃素的命，嘴贱吃了几只小龙虾，肚子疼了一晚上 泪 [泪]
0,鸟儿 抓狂 好大好棒的一只鸟儿。 国际影视文化传媒 丛枫 秀业田军 张滨益 夜千 卉 稻草田人 袋猫儿 导演罗雪 班师回超 李琴 吾酷小宝 [抓狂]
0,弱 弱 弱 弱 弱 弱 衰 弱 鄙视 荔枝娘 失望 蜗牛 失望 [弱] [弱] [弱] [弱] [弱] [弱] [衰] [弱] [鄙视] [失望] [失望]
0,确认身份 说加拿大地震砸死了 人，其中有 人为同一国家移民，经确认：有 名该国前局长， 名副局长。还有一被金子砸死的人，身上无任何证件，警方无法确认，加国紧急召见该国大使，大使看了一眼便说出此人名字。在场的所有人都很惊奇，大使淡淡地说：擦！这是我上一期党校同学 衰 [衰]
0,我 衰 [衰]
0,如此美的照片 天然呆达光 你的呢 山岚熊外婆 银装素裹，分外妖娆啊！ 任末末 晚起的人们没雪看，就这样没看到这场雪。。。要等下个冬天咯 伤心 [伤心]
0,怎么可能是黄贯中 衰 衰 衰 [衰] [衰] [衰]
0,清晨，二环路好静，我在回家的路上，整夜未眠 泪 [泪]
0,金喜善？？她们反正不知道体之发肤的道理 绕儿着世界飞 纳尼，是谁啊？ 疑问 扎特点咪 那尼！我还以为是赵薇他妈！ 熊 纳尼？？？越长越像她女儿了啊！ 法老之王 怒 张洲 阿拉蕾要快乐 纳尼？！左边是金喜善？！ [疑问] [怒]
0,赞 苗炜 手绘的美食， 殳俏 乐毛线 幸福来的太突然！！！！ 泪 [赞] [泪]
0,盘石微博 羡慕、嫉妒 泪 [泪]
0,寻美厦门 一定是不一样的缘分把五湖四海的我们聚在了一起，生命就这样有了交集、短暂但回味悠长。祝福大家一切顺利！灰机 ，坐在灰机上吃完饭了还没起飞 泪 你们还在玩么 琳琳姓吕 新鲜旅厦门 繁星满天飞扬 诗韵梦寻 摄影师 奥利奥爸爸 摄影师张国强 羽 觞 妈妈姓夏 [泪]
0,好多国资辈歌曲啊！ 晕 首我爱你中国、美丽中国、少年中国，中国味道 刘俊 赵本山走了，冯巩还活着，郭德纲诞生了 [晕]
0,泪 晕 哦 重口味呀 [泪] [晕]
0,铁鸟 翡翠湾永续农场 创始人 北京有机农夫市集 乐活先生要遭群起而攻啦 抓狂 乐活村 乐活先生 幸好我家距这个裤衩有 公里！ [抓狂]
0,那些年我长过的燎泡 这些年我交过的损友！ 抓狂 [抓狂]
0,没吃到 抓狂 [抓狂]
0,回复 又诱惑我，明明知道我对粉色系的多色款最没有抵抗力。 泪 心 韩婷微博秋秋桑老艾特 玖 摩梭夜歌 舒心 杨淇羽 赵子萱 [泪] [心]
0,一肚子的牛奶加龙井，尼玛，这个叫翻江倒海啊 泪 [泪]
0,病毒未死 衰 [衰]
0,各位好，我是来倒时差的，请多多关照！ 抓狂 [抓狂]
0,看的揪心 衰 [衰]
0,装了一下午才装了 盒 这个活是本身太费时间还是我打包太把细咯呢？ 泪 泪 泪 看这个低效率亲们要我做淘宝真的是好累啊 泪 泪 泪 [泪] [泪] [泪] [泪] [泪] [泪]
0,我靠！！！ 抓狂 灼冰 天阿。。最后一张。。。。羡慕阿！ 体育经纪康妞 我 ！！！！我也要去维琴察！！！我这辈子第一个热爱的外国男人！ 体育经纪康妞 天呐！！ 查无此人 请重新搜索 你居然找到了 泪 [抓狂] [泪]
0,、看美剧、刷围脖、签到、走来走去 抓狂 还是觉得时间过得慢 抓狂 抓狂 这会想去厕所卸妆换睡意了 泪 泪 抓狂 抓狂 抓狂 抓狂 抓狂 [抓狂] [抓狂] [抓狂] [泪] [泪] [抓狂] [抓狂] [抓狂] [抓狂] [抓狂]
0,好喜欢这件呀，可惜我高估了少爷他爹的身材，让同事 带回来的，又大又长 抓狂 ，看来只能便宜老吴了 偷笑 ，香鲜出炉哦 阿爱姆爱婆猪 请叫我吴胖子 [抓狂] [偷笑]
0,当年我高考的时候，和 睡在不足七平米的小屋里，七月桑拿天儿，吹着老式的电风扇，也没觉得难以入睡；时隔多年我却在高考前夜失眠了！！！这种巧合让人讨厌！烦躁，烦躁，烦躁！！！ 抓狂 抓狂 抓狂 [抓狂] [抓狂] [抓狂]
0,秒 和菜头 财财只有 秒钟的记忆。。。以及 秒的体力。 夏烈 这些 子长得都一样唉，菜头，你确定财神是需要一样的服务？ 酷 和菜头 财财，别难过。这些妹纸全是软妹， 林熊猫 有她们全部的联系方式，你找熊猫就都有了。 宁财神 晕 [酷] [晕]
0,啊？！也喜欢吃的。 宗俊 哎我还真喜欢吃港丽的菠萝油 ： 那就是国产的黄油都不能吃了？？ 抓狂 谢利治 ： 北纬一度的哈士奇 ：那新旺也完了 [抓狂]
0,张金朗 你别说天朝就那么木人性 晕 弱 余庆波 转发微博 [晕] [弱]
0,每天都在收拾背包，整理行李，翻箱倒柜，各种冬天的 和装备都整出来了。真是春夏秋冬都齐了。各种取舍，痛苦纠结啊 的包包，你承载了我多少心血 凌乱 悲伤 [bed凌乱] [悲伤]
0,泪 我脚着吧，喜娘是故意滴！当然，伴郎也是有意。呵呵，既然你情我愿，谈毛强奸啊 [泪]
0,神秘震惊事件 主人看到了快接狗狗回家吧 好可怜 泪 [泪]
0,回复 野兔家族 三个表代 野兔家族 约 亿块名表。 万党员 三个代表 维络城张毅斌 全国大大小小官员的名表加一起会是多少？可以建多少学校，培养多少小孩子？ 泪 贵 数不清的表，绝不是你的肚腩，而是省安监局长的肥官位！生死大权那！ 草民胡迎东 贵 [泪]
0,哈哈 哈哈 哈哈 施鹏鹏 来福，来出来打一顿！ 怒 [哈哈] [哈哈] [哈哈] [怒]
0,我拼命装得坚强装得镇定和坦然，就是想让你不要放弃！不要放弃一丝生的希望！ 泪 泪 泪 [泪] [泪] [泪]
0,酱油味儿雪糕 晕 [晕]
0,通货膨胀很厉害，钱毛了，抢劫都频繁了 抓狂 老豆 生猛啊 [抓狂]
0,没错！哪里禁得起 米呦 泪 茗左 有些时候是，三米开外雌雄同体，五米人畜不分。 [泪]
0,明晚广院葡语之夜。。。可是还有好多事 泪 其实我还挺想回学校的。。。哎，是不是该有的迷茫啊现在 泪 泪 泪 [泪] [泪] [泪] [泪]
0,还他妈有什么机会？，就说你能佩多少钱吧！！！ 瓷器光泽： 怒 混蛋！ [怒]
0,王阳明 进军内地影视圈 首度出演同志基情初吻秀 王 明 高以翔 ， 黑线 贴身诱惑、勾手、贴面 阴险 深情激吻！！！！ 抓狂 这个世界还会再好吗？ 泪 钱多多炼爱记 [黑线] [阴险] [抓狂] [泪]
0,谁 喜欢隔两天生病下阿，连续发烧两天两夜，一会高烧一会低烧好不容易今天下午退烧了一会现在又开始玩体温上升 泪 泪 我 在家拿温度计给自己身体做试验！！！ 泪 烦不了了，明天去上班！ [泪] [泪] [泪]
0,阿乱寻未寻欢乐 蓓老蓓 堇小月的春天 我要 抓狂 [抓狂]
0,这是真的吗？ 晕 金地利 草民嘟囔 是否又是死缓？且待下文！ 阅读社会 钱真多！不知咋个花？？ 刀锋社 还有还有 自由的天地行者 一笑不许说 转发微博 [晕]
0,如果是招聘销售类职位，特别是保险类的话，此问题倒是可以刷掉一批。我发现我这方面能力偏弱，以后要多去锻炼锻炼，未来去做保险推销，从最底层尝试一下。 我觉得这是正常人都接受不了吧 衰 邱志东 回复 帅帅 是的，脸皮薄、内向、自尊心强的人可能会接受不了 [衰]
0,百姓给脸不要脸 不知天高地厚，老百姓的脸你给得了吗。 怒 详情 [怒]
0,你一直在黑她 成都微吧 巫小刘走丢了 谢小颖颖儿 回复 鲜奶霜 连声音都这么假！ 鲜奶霜 也不觉得她声音有多好 谢小颖颖儿 靠，她肯定还要晋级 怒 怒 [怒] [怒]
0,在 买的哆啦 梦诞生前 周年的限量版迷你卡！真是后悔买的时候没看清楚，人家这可是迷你卡啊！我还以为是正常卡呢！ 泪 那么小，万一我给弄丢了，呸呸呸，这么贵，我可千万车弄没了啊！一定不会的！ [泪]
0,原来汽车电影院这么多车， 汗 汗 晕 衰 进来给只玫瑰 什么意思？ 偷笑 偷笑 可爱 我俩准备看 复仇者联盟，偶在排队租眼镜。好多人啊 衰 衰 衰 长血了，以后周末绝对不能来这儿。 徐杨 [汗] [汗] [晕] [衰] [偷笑] [偷笑] [可爱] [衰] [衰] [衰]
0,哎 我觉得丑的已经差不多接近我能接受的极限了 其实还比较符合我的审美了。。。 穆杉伯男 好丑的一款微单啊 失望 终于和 合体了 [失望]
0,偶左眼角膜软组织挫伤了 泪 自残的外伤啊，忌妆忌辣 [泪]
0,最近是跟 干上了。。。。求妙招，如何能安全去掉玻璃器皿上印着的 衰 [衰]
0,了？悲催啊 泪 [泪]
0,特别说一下这个 绿茶提拉米苏 ，上面绿色的居然是跳跳糖！！跳跳糖有木有！ 抓狂 抓狂 抓狂 抓狂 童真有木有！！！太特别啦！ 雕爷牛腩 [抓狂] [抓狂] [抓狂] [抓狂]
0,今儿又遇上 一折 偷笑 买四送一，五条腰带 偷笑 偷笑 哈哈 哈哈 ，靴子两折啊两折啊有木有，鞋啊木有号啊 抓狂 抓狂 抓狂 ， 大棉的才 你妹那就是条棉裤啊，木有号 泪 泪 泪 [偷笑] [偷笑] [偷笑] [哈哈] [哈哈] [抓狂] [抓狂] [抓狂] [泪] [泪] [泪]
0,晚饭后刚眯一觉醒来，好困，好累，难受 泪 晕 抓狂 打哈气 黑线 [泪] [晕] [抓狂] [打哈气] [黑线]
0,公众才女如此谦虚，还让我们这些 普通分子 活不活呀 泪 [泪]
0,平安北京 泪 我的旅行世界 北京也强拆？买个房子不容易遇上强拆无处说理 伤心 英子 走读大中华 这些你们会解读吗？这是真真实实的欺压老百姓，丑陋、肮脏的行为，难道我们百姓就该遭罪吗？连家都要没了，如何谈国？ [泪] [伤心]
0,亲切。牡蛎现剖现卖，鲜甜鲜甜的，北方吃不到啊 泪 [泪]
0,绯闻从未间断 泪 我这是要火啊！ 委屈 [泪] [委屈]
0,直通春晚 老爸说这五个扫大街的怎么还不下去。。。我 晕 哈哈 [晕] [哈哈]
0,衰 衰 衰 衰 衰 衰 衰 明天过后 哥老矣 一本书一句话一段情 喜欢吃榴莲的亲们要记住哦 [衰] [衰] [衰] [衰] [衰] [衰] [衰]
0,我也是刚健身完，好想吃一份台大鸡排啊，兄弟咱得忍住呀 泪 [泪]
0,太惨了 泪 钱文忠 天！这是真事吗？强制戒毒本为挽救生命，怎可又付出一条生命的代价？还是孩子啊！哀！ 王小萼 泪 冰蓝香草 太 可怜的孩子 恬淡如菊 这些人断子绝孙啊， 雾散云暖 天！发指啊！ [泪] [泪]
0,怒 怒 怒 怒 怒 怒 怒 怒 [怒] [怒] [怒] [怒] [怒] [怒] [怒] [怒]
0,球公 抓狂 [抓狂]
0,试着用 纪录了睡眠时间，深度睡眠时间很短，质量很差。 泪 [泪]
0,我的 坏了。谁认识会刷机的啊 泪 [泪]
0,忠心的朋友 泪 [泪]
0,我严重怀疑腹部锻炼到最后腹部紧实了，肚子上的肉还是继续晃荡 泪 尼玛这腹部减肥运动做得满头大汗腹部各种酸痛，可是小肚子一点没感觉 泪 泪 泪 泪 [泪] [泪] [泪] [泪] [泪]
0,泪 汪汪喵呜孤儿院 话筒 法律不是想当然，有法可依的前提是法律必须经得起验证。一拍脑门儿就做出的决定，必定不会持久。请当地领导们慎重考虑。 平安哈尔滨 [泪] [话筒]
0,三个可怕的事实！！！ 衰 [衰]
0,回复 微一个小博 不好意思，我是总秘书，小秘书听我的 微一个小博 回复 锦儿贝贝 泪 小秘书不让说实话，你也不让！ [泪]
0,原来觉得塞班也就是个一般的热带海岛，没什么特别。仔细看后才知道原来塞班的潜水资源这么棒，喜欢潜水却不去塞班看来真是太不靠谱了 思考 一定要在凤凰树盛开的季节去趟塞班岛！ 抓狂 [思考] [抓狂]
0,那就每年抽时间去 柯 冒得米米冒时间 抓狂 游局网 去走遍。。。 中国户外联盟 豹豹 小窝 拿来备用 游局网 游局网 虾米樱桃 游局网 游局网 [抓狂] [good]
0,我老了，不单能说出来，我还亲自用过 软件社稷师： 衰 小金毛 老了 独行驴：哎，老了 衰 [衰] [衰]
0,你想去哪里 大概什么时候 不会很久吧 王 回复 保持关注 会有的哈 又获奖了？啥时再出特价票呀，我很期待啊 泪 [泪]
0,疯了，这是中国价吧 猫猫小爪 有必要吗？！一个手机而已！要 块！！ 衰 怒 坚决不用， 全球时尚 好贵啊 推荐关注 苹果全球汇 [衰] [怒]
0,诅咒打狗的人 国小静不 吃茄子 一群活 ！ 汪与喵宠物超市 丰台芥末墩儿 汪与喵宠物超市 来福小院流浪动物救助 北京关爱流浪动物志愿者团队 不能这样啊 吃惊 爱唱京剧的蝴蝶 怒 念慈 拯救动物 怒骂 打狗者，惨死也！ [吃惊] [怒] [怒骂]
0,大学唯一一次挂科的，是会计学 他娘的咱年年拿奖学金耶！出来社会第一、第二份工作就是财务会计耶！然后，虽然不做财务了，也看十几二十年财务报表耶！这巧合，也太他妈的强大了 抓狂 吴志伟志吴 哎我大学英语两次 一次 一次 挂的，我怎么那么不相信巧合 [抓狂]
0,救救小猴们！ 爱心传递 贵州省旅游局 贵州卫视 贵州省公安厅 贵州人和国酒茅台足球队 茉茶墨香 支持！谢谢安安的呼吁！定会有更多人觉知的！ 平安 怒 无论如何它们也和我们一样是灵长目啊！怎么可以这样！当地的政府和动物保护组织可以帮助这些动物么？！还它们自由回归大自然！ [爱心传递] [怒]
0,社会冷漠如此，我只奈何！！！ 怒 怪叔叔胡鑫 侯宁 零五年初我呼吁徙木立信，重塑股市形象，后来庄心一副主席发话重塑股市形象，如今是否 该重塑社会公序良俗呢？也期待政府有所作为。文化体制改革，我看需要从重塑道德文化，重塑社会公序良俗做起。 [怒]
0,恋馆小憩 刚刚在对六级的答案，翻译题的 山顶 标准答案是 ，而我的是 。。。。 悲伤 以后再也不听歌了！ 转 [悲伤]
0,木有果粒 衰 奶奶扣 甘蔗水路边不是有好多么。。。 [衰]
0,泪 心都被萌化了。。 [泪]
0,狼 才女貌啊 抓狂 [抓狂]
0,张漪然 筱白 小时候觉得去趟五道口百货老高级了，跟溜了圈星光似的 真老顽童 五道口百货！！！ 泪 佐鑫 我们再也回不去了！ [泪]
0,你也可以带上你上戈壁时用的户外杯，个大还不必再花钱，也很有腔调的说 偷笑 那个东东 自己带杯子省 元吗 那像我这样追求外表和形式的 俗称装 ，必须先得花一百多块钱买个星巴克的保温杯啊。 开心地游走 我就是经常要中杯加甜点的那个，从没赶上免费啊 泪 [偷笑] [泪]
0,谁安排的位置 泪 不能偷鸡了。 我在这里 [泪]
0,给济南的朋友们推荐一特好吃的烤鸡翅，俩口子原本在山师东路水云间门口，我发现后每周必去报道，还专门带西班牙归国蜜友前去，可惜夜市突然没了 泪 万幸的是前几天在芙蓉街又找到啦，从贵和商厦对面通往芙蓉街的小路上，翅中每串 元 哈哈 的素年锦时 新年草 幸福济南 [泪] [哈哈]
0,以为钱包丢了，四处找都找不到。身份证、银行卡、准考证一堆重要的东西都在里面，把我吓蒙了 泪 还好是掉进抽屉下面去了！如果没有身份证我要回山东补办！如果没有准考证我 月就没办法申请证！两张银行卡没有身份证都没办法补办！阿弥陀佛！！！！！！ [泪]
0,变异的趣多多。。。吃完就有传说中的花花肠子了 衰 [衰]
0,你们两个。。。我也要 泪 泪 泪 泪 姊 等着！我也来了 [泪] [泪] [泪] [泪]
0,创想老刘 胡晖微博 泪 地方贪官和开发奸商 风 北京厨子 这些举国体制的牺牲品，被当成核废料一样，小心翼翼地藏在某个角落。就连大都市的上海，也找不到朱建华的踪迹。悲哀，无从谈起。 [泪] [ok]
0,的同事昨晚打着飞的 文莱皇家航空北京办事处 给我带回来了马来人家做的千层糕和其他小糕点，一贯吃饭前拍照的微博控，在面对如此美味和珍贵的点心前，居然。。。忘记了拍照。。。 害羞 面对空盒子。。。 泪 综艺 [害羞] [泪]
0,惠州交通状况出了名的差，工业园里没有出租车，只有摩的肆无忌惮的拉客，当地人为了降低出行成本，一辆摩的后面可以坐上两个乘客，我诧异！每天中午，我也必须坐上摩的，才能外出找到餐厅。今天我很荣幸的坐上了一位多天未洗头的大叔驾驶的摩的，高速行驶中英风扑面而来的浓郁气息还在我鼻中缭绕 泪 [泪]
0,岘港度假之旅 出来随便吃点东西再去山茶半岛 不饿。呼呼，好热的天儿啊！ 汗 汗 汗 越南回去黑了不少，再去菲律宾，估计回来你们就不认识偶了。 泪 泪 泪 衰 衰 衰 衰 [汗] [汗] [汗] [泪] [泪] [泪] [衰] [衰] [衰] [衰]
0,蹲厕还给 热点！高德你放过我吧，还能不能顺便给个坐便器了 泪 [泪]
0,记性真好 小苹果露 想起大学某日正在 上老外的商法课，忽然整栋楼震动，寻声望去，好多同学从楼上跑下楼，又一阵哄闹从楼下停单车的地方传来。原来楼上的同学发现楼下有偷车贼在作案，群情愤慨冲下楼去将贼捉个正着，狠揍之。。商法老师遂以此案教育大家，没有二手车买卖，就没有偷车 晕 。。 [晕]
0,唉 不应该啊，上海的公交服务向来是国内最好的，被她丢脸了 泪 泪 [泪] [泪]
0,六爷 真羡慕你 偷笑 偷笑 一根钢管儿 骚狐哈哈哈 兔子和狼 搜狐姑娘们太有牺牲精神了 晕 这长相身材干什么网编啊 杨铭珏 穿得和天上人间一样 干活比天上人间还累 挣得还没天上人间多 思考 思考 思考 [偷笑] [偷笑] [晕] [思考] [思考] [思考]
0,馋嘴 馋嘴 枝枝吱吱吱 我想回去 泪 泪 泪 吃汽糕 馋嘴 馋嘴 馋嘴 水墨婺源 这就是我的梦里老家 婺源！ 心 [馋嘴] [馋嘴] [泪] [泪] [泪] [馋嘴] [馋嘴] [馋嘴] [心]
0,怪人。竟然吃不下这边的饺子，为什么啊？ 悲剧：下雪啦 泪 冷 [泪]
0,衰 吐 晕 [衰] [吐] [晕]
0,狗狗强烈要求被 ，最终我还是 泪 泪 泪 刘春 放弃治疗吧，病友们已经病入膏肓啦，啥药都没戏 爱你 爱你 爱你 继续犯病吧 花儿大张伟 蔡 杨小蕊 王子子 叶静 刘亭作 刘滢同学 病友们，谁都不许吃药啊 抓狂 抓狂 抓狂 [泪] [泪] [泪] [爱你] [爱你] [爱你] [抓狂] [抓狂] [抓狂]
0,请问是起亚哪一款车型？ 易车网王勇 泪 [泪]
0,早上又去了 个报摊还是没买到 真的卖光了么 尽管有朋友说经观有些地方做的比较表面 过于强调抨击 但我的好奇心已经被抱着必死决心做这期的他们给勾起来了 失望 不过我最近 大爆发 继昨天一帮朋友给我提供采访对象联系方式后，今天又有朋友说要给我邮寄这期报纸 抱抱 [失望] [抱抱]
0,我们这次不是女生浴吗 徐源 小组里的男同学纷纷说和我们群浴很尴尬，其实作为本小组最胖的女生，和你们群浴我也很尴尬。 悲伤 [悲伤]
0,说好的一鱼八吃，猪是加菜好吧 挖鼻屎 南蛮洋芋 全猪宴的节奏 偷笑 菜农 女汉子 小小喔 拉 猪哥 斩了，加一桌 怒 宜良大锅米线 您再忍忍 害羞 小小喔 折腾了一天，喔妈深深的发现就是在三八节前你们男人过节的节奏嘛 酷 宜良大锅米线 恭喜你，答对了！ 南蛮洋芋 猪锅不是这 [挖鼻屎] [偷笑] [怒] [害羞] [酷]
0,围观 港城环保卫士 悲伤 悲伤 悲伤 悲伤 悲伤 人民群众利益无小事？？？！！！ 龙腾诸天 金箍棒看天下 济南公安 快乐小猪乐开怀 岚姐 家 微博小秘书 段郎说事 岚山环境 日照公安 新港之音 日照徐小警 [围观] [悲伤] [悲伤] [悲伤] [悲伤] [悲伤]
0,你以为我来月子会所是享受来了么？ 不要 不要 不要 ， 全是哦。据悉，现在金牌月嫂都每月挣 万了，我这顶多算是岗前培训，外加打入内部的商业间谍，再加上我会做点儿饭，年薪 万，妥妥滴不是梦啊，不是梦 耶 。 图 桃小桃桃 怒 [不要] [不要] [不要] [耶] [怒]
0,经纬林翠 泪 [泪]
0,怒 北京熊麦宠物医院 小口十驴 都这样了，发现人和朋友能救下来吗？ [?] [怒]
0,妹妹，恭喜哈，我承认是我晚了，你们都是对的 泪 [泪]
0,泪 冲动的惩罚！！！！玩网游也要见好就收啊！！！装备强化神马的统统是魔鬼！！！！ 伤心 [泪] [伤心]
0,天哪，这是在干嘛？？？？？！！！！！人怎能如此无知无耻 抓狂 童 标 延参法师 羊羊羊的洋 [抓狂]
0,这个我需要 衰 康定斯基 请找博尔赫斯预定。 小 求预定。 [衰]
0,低调的师父，想说不佩服不容易 抓狂 写的所有稿子，都可以当做教材来教育我们这些餐饮美食相关行业的从业者 [抓狂]
0,这不变相涨价嘛 抓狂 初丛达 真豪爽！ [抓狂]
0,我没去，你怎敢没了？ 泪 [泪]
0,一边是友情 一边是爱情 做人难哇 老宅的男 井哥啊，拜求井嫂打个折吧，还得攒奶粉钱哪 泪 [泪]
0,难道地球开启振动模式！尼玛滴！ 抓狂 新浪厦门 吉林松原市前郭尔罗斯县发生 级地震 据中国地震台网正式测定： 月 日 时 分，吉林省松原市前郭尔罗斯蒙古族自治县 北纬 度，东经 度 发生 级地震，震源深度 千米。 [抓狂]
0,靠， 晓飞 你才关注我，你还认不认你这个哥了 怒骂 [怒骂]
0,家有一宝的童鞋们，我先代你们体验一下医院流程哈！代谢病医院现场采集 嘻嘻 比任何超市、商场都繁华 泪 排队的我都看了两篇小说了，争取第五篇看完时能成功交上钞票 抓狂 抓狂 [嘻嘻] [泪] [抓狂] [抓狂]
0,这仅仅是太少的一部分了，不用去饭店的厨房 去调理批发市场看看吧。 钱文忠 吃惊 吃惊 吃惊 怒 怒 怒 吐 吐 吐 希望不是真的，希望这样的饭店是极少数！！！ 音乐人唐翌 隐林深处 一头漂亮小猪 吕文举 花猫偷偷笑 罗文彬的微博 少在外面吃可以多活十年！ [吃惊] [吃惊] [吃惊] [怒] [怒] [怒] [吐] [吐] [吐]
0,教育人才的流逝，直接的受害者是孩子们。 晕 汗 迷茫，混乱，无目的性，对于自控能力不强的孩子们，该何去何从 晕 疑问 [晕] [汗] [晕] [疑问]
0,丑 精彩语录 黑色的 年世界杯！！！ 怒 不管是不是韩国，只要玷污了干净的足球，只会遭来蔑视。 [怒]
0,回复 泪 回复 米有 抓狂 [泪] [抓狂]
0,活雷锋 衰 我们都爱重口味 雷锋，辛苦了！ [衰]
0,土豪金 瓜齿 土豪金阿 猪一样的队友 想到被狗追的那次了 泪 泪 泪 泪 泪 [泪] [泪] [泪] [泪] [泪]
0,不会做饭就没有人这样给捣乱了，对吗？ 泪 [泪]
0,然后，天天歌唱 你一定要幸福 衰 [衰]
0,原来失控是有原因的，控制了这么多年 晕 [晕]
0,回复 杜妍 那就好，台客栈正努力在改良软硬体中，希望让大家在乌镇台客栈吃的更开心！ 兔子 杜妍 那必须的，我觉得很好吃，还有别的炸的东西也很好吃 但是北京找不到哎 失望 [兔子] [失望]
0,不喜欢开车很久了，一直蹭车为乐！觉得放松自由。今晚 的聚会，本计划蹭 王小 的车！结果两位兄弟泪眼汪汪，把酒言欢！我变成司机送兄弟回家 抓狂 [抓狂]
0,哈哈，谢谢西施玲姐的强烈推荐！ 栋锵 栋栋哥没来得及和你合影 泪 [泪]
0,算完我都无语了。我是 失望 十几年后，姆们是活的更真了？还是藏的更深了？ [失望]
0,宵夜吃得不多，所以还没感觉到吃了没吃 哈哈 觉是不想睡了，直接睁眼等天明了！奇怪，怎么就没觉得困！ 抓狂 都说睡眠少的人容易肥胖，我不得胖死！！！ [哈哈] [抓狂]
0,杨钰莹 晕 吃了防腐剂啦 晕 晕 吃的什么牌子的防腐剂呀 抓狂 [晕] [晕] [晕] [抓狂]
0,的镜头测试水分很大， 还不如 分高。这骗谁呢 美图摄影日记 张千里 不测 算神马定焦测试？ 什么评测啊？为毛没有 ？直接被无视了吗？ 摄影 呃 我是定焦 前两名和倒数第一 衰 衰 我是神马套路啊 [衰] [衰]
0,这 泪 唐爱超 喻巴子 据中国地震台网消息， 年 月 日 时 分在天津市宝坻区、河北省唐山市玉田县交界 北纬 度，东经 度 发生 级地震，震源深度 公里 求辟谣 喻巴子 地震云，还挺准。 [泪]
0,这 携程是要闹那样 汗 衰 晓丹 三月的雏菊 王建峰 特别推荐给你，钓鱼岛豪华游。 [汗] [衰]
0,我的感冒还没好清楚，宝宝又生病了，不要啊！ 抓狂 抓狂 [抓狂] [抓狂]
0,动感十足，笑喷了 抓狂 有朋： 一年又快 了， 快 ！！ 分享自 拍客 下载： [抓狂]
0,冻，死，我，了 泪 [泪]
0,哈哈 太牛了，不过观众有点多，私密一点好 赵磊 怒 [哈哈] [怒]
0,我要瘦小腿啦！ 泪 [泪]
0,抓狂 你怎么啦？受什么刺激啊 可怜 额滴神呐 任伯睿 逆天了 林逗号冲叹号 笑哈哈 让你出名 全球热门收集 微博搞笑排行榜 搞笑 图精选 小玩子 林逗号冲叹号 老孙要逆天了 [抓狂] [可怜] [笑哈哈]
0,看完第一条才发现原来自己从未年轻过 泪 泪 泪 [泪] [泪] [泪]
0,酷 酷 ！ 耶 冯二程 准备好泳衣！ 兰毛毛 都学会了呢！我今天去医院检查出颈椎也有问题。只能游泳 壳子里的小恶魔 怒 怒 你教我 恶魔集装箱 我被人鄙视了 冯二程 壳子里的小恶魔 一定要转给你！！ 我 不住了 你再不会就 了。。 [酷] [酷] [耶] [怒] [怒]
0,真心感 亚航之家 乐翻婆罗洲 美丽沙巴 香格里拉丹绒亚路度假酒店 香格里拉莎利雅度假酒店 爱厉声 美珍 还有瑞霞姐姐 爱心传递 爱你们 爱你 沙巴的朋友们 心 只是只是我 月没有假期啦 可怜 不敢再向公司请假哇 泪 爱厉声 乐翻婆罗洲 旅游博客得奖公布， [爱心传递] [爱你] [心] [可怜] [泪]
0,国家体育总局一些人就是傻逼，不怪乎运动员有其他想法。 怒 怒 我在这里 [怒] [怒]
0,不 噢 哈哈 田树的厨房 终于看到这张饱受赞扬的大衣照片了 偷笑 偷笑 可是貌似我的表情有点 加痴呆 晕 偷笑 [哈哈] [偷笑] [偷笑] [晕] [偷笑]
0,小黑走了 泪 [泪]
0,肥肥的鹅肝酱， 欧元，吃得我好心疼！ 抓狂 圈 恩 外星的双子也会纠结的 快来吃哈！ [抓狂]
0,怒 萧含 王八蛋 ！ 怒 王亚军北京 王八犊子不认账 [怒] [怒]
0,趁孩子睡觉抓紧改 ，好容易写完了却被不小心覆盖了 顿时心里这叫一个恨！无奈又从新写，终于写完了，孩子老公在身边已是鼾声四起！ 泪 [泪]
0,张年 泪 泪 泪 抓狂 抓狂 喊我峰兄 转发微博 [泪] [泪] [泪] [抓狂] [抓狂]
0,口腔溃疡非常严重 偶尔吃东西还会咬到。。好疼啊 泪 [泪]
0,金正恩允许朝鲜妇女穿短裤 金正日要死不瞑目啊，这个忤逆子 怒 怒 怒 没准这个世袭的朝鲜皇还是丝袜控呢 哈哈 下一步是不是该像某国一样解放妇女的思想了？？ 挖鼻屎 话说朝鲜妹子水灵灵的，不穿也真是暴殄天物！ [怒] [怒] [怒] [哈哈] [挖鼻屎]
0,刚才去奶奶家的路上看到姆们亲爱的于老师啦！！！ 哈哈 哈哈 哈哈 老师爽朗的笑声瞬间勾起我好多儿时回忆，好想回到十八年前 泪 泪 泪 于老师说我又长高了 这几年是长了点，始终保持在 ，眼睛也更大了！ 我眼睛以前是有多小 泪 其实不仅大了，眼皮都由单变双咯 张路 [哈哈] [哈哈] [哈哈] [泪] [泪] [泪] [泪]
0,我又冲动了 怒 掐死你得了！ 刘春 你管不管你家狗啦！！！ 抓狂 孔二狗 手指头拆完线你就不需要我了。 爱你 黄小蕾 二狗哥一会儿我就回北京了，明天去拆线！你们要是特想我我就出门得瑟一圈 害羞 孔二狗 黄瓜蕾你手指头好的怎么样啦？！ [怒] [抓狂] [爱你] [害羞]
0,再次报喜，今儿银色的球鱼为我生了 多个天秤座银龙宝宝。上图是妈妈和分隔离在下面的孩子，生产盒外面的是爸爸。下面那张图是前天我的金色球鱼生的 多条处女座金龙宝宝，可惜的是他们的妈妈生完的第二天就去逝了。可见怀孕生孩子对妇女的损伤好大， 泪 哀悼。 泪 [泪] [泪]
0,被掏空的动物 小丸想呼吁亲亲们爱护我们这些珍稀动物，不要伤害小伙伴们！ 泪 没有买卖就没有杀害 [泪]
0,每次我这么说，都会被人笑个半死 但是，我真的想大声说一次：说话，真的不是我的强项！！！ 晕 [晕]
0,这货是马浪。。。 泪 [泪]
0,特别喜欢原木风格。 扎西拉姆多多 你喜欢这个风格吗？ 爱你 爱你 罐头 完全看不见太阳怎么破 泪 [爱你] [爱你] [泪]
0,泪 泪 这俩屎孩纸，说世界末日要吃点好吃的，带我七绕八绕，在众多店里选了一家泉州牛肉店，我表示，这是我吃过最难吃的芥菜饭，最难喝的牛肉汤。她们说，好吧，你此生无憾了！！！ 抓狂 抓狂 抓狂 抓狂 [泪] [泪] [抓狂] [抓狂] [抓狂] [抓狂]
0,张辛欣、张希哲、雷纳尔多 国安这几个厮，下赛季能别让我见着他们吗？！ 怒 怒 怒 怒 怒 [怒] [怒] [怒] [怒] [怒]
0,回复 娜 我也想啊亲，就是泡芙的赏味期就四五小时 我怕是没有快递接我这活儿 泪 娜 泡芙好有食欲。密封下做个远途快递。吧 洛凝 丝袜 你值得拥有！ 睡不醒 祥 我会带口罩来的，哈哈 感冒 感冒 感冒 [泪] [感冒] [感冒] [感冒]
0,结果是此两人搞了情侣眼镜！据说此张江宅男出门前打扮了一下导致已经迟到，然后明明应该坐到西藏北路的，他竟然坐到西藏南路，还很得瑟地给我打电话说他到了 衰 神奇小不不 吉 天海哥 舒克斯曼 [衰]
0,冷屎我了！ 衰 [衰]
0,总是爱穿有刺绣图案的衣服，一针一线丝丝缕缕都是生花妙笔，可又总是心疼为我做衣服的美眉，耗费这么多的精力 就为一件衣服 太奢靡了！ 泪 [泪]
0,泰国肿么春夏秋冬都排第一啊 吃惊 还有那个乌镇 衰 桔猪 霸气侧漏了 [吃惊] [衰]
0,这个要转！ 颦颦有礼 抓狂 言 娜 ：一幅欠抽的样儿！ 广告导报总编凌平 这个要转。。。。 [抓狂]
0,中文版： 晕 发衣服 时也要发说明书吗？ 一只好猫：哈哈哈，还能再欢乐些么？ [晕]
0,一场比赛，将朝鲜打回了原型 越封闭越容易自大自满，但愿这场比赛能让朝鲜的教练和球员明白这个道理，可是他们明白了又能怎样呢？朝鲜人民依然觉得自己可以征服世界，依然可以改变世界！无语问苍天啊 泪 [泪]
0,我们的酒店可以提醒顾客德国人有纳粹倾向，入住请小心。 张大峰 泪 李三哥代表 国人固然有很多不好的习惯，但是，一家酒店这样用集体概念来对待中国人很不讲究。试想想，我们把德国人都当成纳粹，他们会怎么想？ 洋插队的北京土著 吃饭时候打嗝放屁扣脚趾头都是中华食文化的一部分 [泪]
0,回复 张芳菲 我怎么舍得你难过？你的悲伤，就像秋天的落叶，飘落不在地上，而是在我心里 我愿意用我的快乐去温暖你的眼泪 张芳菲 回复 大卫独夫 吴志伟 你这样说让俺很是难过 衰 这么否定一个人你造会造成多大的伤害吗？很可能想不开，做傻事儿的 泪 [衰] [泪]
0,那就让他一个人走吧 勇敢地华丽的 祝福吧 失望 失望 失望 [失望] [失望] [失望]
0,怒 乙小 法克。。 使徒子 妈蛋！ 代码不存在 秋山老雷 这特么来的太晚了！ 超高校级的 青年 倪卖萌 艹 斯巴达熊喵 噗 死灵 [怒]
0,寒风习习，老人却在孤独的黑夜中颤抖，帮转 泪 [泪]
0,完蛋。。。兴奋滴升到 以后发现居然不能连 了！！！而且界面配色怎么变难看了啊！？ 实验失败小白鼠死亡 泪 泪 泪 肿磨办？？？？库克还我乔爷啊！！！ [泪] [泪] [泪]
0,公交 撞车了，背！要迟到了 泪 [泪]
0,还有我也没有机会呢，希望下次再有 嘻嘻 东北妞儿琴琴 抓狂 没机会了 泪 礁石 宇 哈哈，亲，时间来不及了哦，今天截止了 [嘻嘻] [抓狂] [泪]
0,长毛的鸡蛋 晕 猕猴那个桃 [晕]
0,真想直接去广州了，反正北京今天也不好降落各种航空管制 抓狂 心必女 能给这些美食家做好吃的，吃美了，本事，真的有！ 嘻嘻 威武 [抓狂] [嘻嘻] [威武]
0,这色儿，谁生的。 科尔沁夫 泪 泪 嘻嘻 嘻嘻 [泪] [泪] [嘻嘻] [嘻嘻]
0,我家的狗狗得过细小了单又拉血了怎么办啊？ 悲伤 急啊！ [悲伤]
0,今天遭某仙人发在朋友圈的豆花鱼手工面诱惑惨老 抓狂 右哼哼 ，看得到，吃不到，心头如刀绞 泪 。不解馋看来是睡不着滴咯，翻出冰箱里私家珍藏的剩角角整了一钵辣子兔丁手工米线 花心 ，勒下从脑门心心到脚指姆颠颠都舒服老，打个饱嗝，准备碎觉 月亮 。貌似 深夜发吃报复社会 要 重庆嘿好吃 阴险 [抓狂] [右哼哼] [泪] [花心] [月亮] [阴险]
0,围观 围观 围观 围观 什么情况啊？发生什么了？求解释啊！ 抓狂 抓狂 抓狂 [围观] [围观] [围观] [围观] [抓狂] [抓狂] [抓狂]
0,有一句话，很伤我，我想忘，却怎么也忘不掉！ 怒骂 [怒骂]
0,据说：如果一个胖子每天练瑜伽，三个月后，他 就会成为一个柔软的胖子 同理：如果一个胖 子每天都运动，他会成为一个健康的胖子 ；如果 一个胖子每天都节食，他会成为一个虚弱的胖子 ； 如果一个胖子绝食了，那么他会成为一个 死胖子。又快吃饭了。 泪 [泪]
0,吾猫王 飘絮 简直荡气回肠 呆肥肥呆 谁是谁的谁 最右！ 慧猫慧猫 突然好感动。。 泪 验算纸 一千多年都过去了，能站出来保护师傅的还是大师兄。 [泪]
0,爱，才是每个人心底真正的评委 泪 [泪]
0,你看你，暴露了吧 杨全强 你说的两个人有一个是杨师傅吧 彼岸 这是发型和照片的缘故，我见过真人，真正的美女。后来两个人还感叹学音乐的美女气质之美要胜过学画画的哪 哈哈 田艺苗 捂脸 泪 念锦瑾 原来田艺苗老师也是张大脸 [哈哈] [泪]
0,随手拍 今天附近新开张一个攀岩馆，开张第一天免费，结果几乎所有附近爬墙的小气鬼，包括我，都闻到腥味过来了，门口就要等几乎半小时排队，而且估计很多人打算在里面泡一天，连餐车都扎堆进驻。估计了一把形势，只能杀鱼而归，贪便宜不成还白烧一把油， 可怜 泪 ，杯具啊。 [可怜] [泪]
0,看来我必须要换手机了 泪 [泪]
0,唠叨 吃不是为了好吃，就仅仅是为了能活下去而已 泪 救济粮 还特么是狗粮 一样的乞丐晚餐 脱脂牛奶泡麦片 生病 [泪] [生病]
0,唉呦！漂亮！俺还没去过呢！决定！去。偶耶！ 抓狂 花心 [抓狂] [花心]
0,手边书的第 页第 个句子 ：以至于连体重计都不敢上了。 全世爱 家有虎崽 。。。 汗 话说，这这这，这句子，怎么感觉是为此刻的我量身定做的啊？？？ 抓狂 抓狂 抓狂 。。。 [汗] [抓狂] [抓狂] [抓狂]
0,妈妈 泪 好狗好猫义工团上海站 不爱它也请不要伤害它 泪 泪 泪 [泪] [泪] [泪] [泪]
0,飞机要延迟起飞，这延迟到几点才能到家啊？姐实在忍不住了，想骂人， 抓狂 抓狂 怒骂 怒骂 [抓狂] [抓狂] [怒骂] [怒骂]
0,晚安吧！今夜我的梦会是个喜剧！ 偷笑 巴黎水草 直接粉碎了 晓静 对男人的所有幻想 衰 晓静 我想说：世界如此灰暗。。。。 [偷笑] [衰]
0,泪 第一次在电影院看这么烂的片 第一次起来走入 我还算好 呆了 分钟 抓狂 围脖 诸葛 安慰一下你，你不是唯一一个倒霉滴娃 偷笑 偷笑 偷笑 [泪] [抓狂] [偷笑] [偷笑] [偷笑]
0,北京 国安 心正是佛心邪是魔 如果情况是事实，那中国足球绝对没有前途！ 怒 怒 怒 [怒] [怒] [怒]
0,决心学好英语 从下辈子开始 李冰冰：这个故事告诉我们，学好英语 很重要！！ 泪 [泪]
0,在 的我看到 抓狂 [抓狂]
0,传说刚刚成都又地震了 俺没感觉到 各位成都的童鞋 有赶脚吗 晕 [晕]
0,谈颖 李爽 泪 [泪]
0,刘洋 你刚才怎么给我打的电话？你不是在太空上吗？ 晕 晕 晕 晕 [晕] [晕] [晕] [晕]
0,飞机好小 泪 我在 [泪]
0,杭州去上海的高铁全面延误。连个时间都没有 泪 [泪]
0,三起？！说明那个地方是他们的习惯性作案地点！大家小心！ 百变花仙子 已经在一天里听说三起被抢了，都在东三环附近，大家小心，我也是 泪 同事的遭遇。女朋友们都警惕起来！ [泪]
0,泪 泪 泪 哎 绝望到极点的了也没能逃出来 蜡烛 黑色的泡泡 大马路上愣淹死人了 有多大脸，现多大眼 弱 王胖子 途胜车主吗 蜡烛 蜡烛 蜡烛 蜡烛 蜡烛 默哀 失态儿小姐 大斌子 头骨都撞碎了 泪 泪 泪 [泪] [泪] [泪] [蜡烛] [弱] [蜡烛] [蜡烛] [蜡烛] [蜡烛] [蜡烛] [泪] [泪] [泪]
0,大米啊大米，你半年里被人家追尾三次究竟是尼玛水平？ 晕 [晕]
0,晶爷片刻 听着下课铃声，突然想到了小时候，感叹这三十二年父母对我的疼爱！三十二岁的女人有几个可以像我这样不孝 悲伤 有的为人母为人妻有的孤独而我却可以活出自我 我想即我行 惜福 安之 努力 我在这里 [悲伤]
0,我们居然没给寿星拍 晕 柚子 真是够了！还给我裸体出镜！你们在棉花家大搞淫乱趴对不对！！！ 乔 唐 你们这些贱人，趁我不在竟然偷拍星空照 还裸体 我在斯德哥尔摩挨饿，你们却好吃好喝开淫乱生日大趴，真是要把我气死 [晕]
0,该信谁？ 吃惊 疑问 张耀辉 从容中道 真相需要查清，但无论真相是什么，丝毫都不损伤热心捐款人的美德。 中国典当联盟网 不会吧 田炜华 衰 王帅民 阿！ 孙意云 上海人民终得沉冤沼血 梁 真狗血。 洗马七个 这狗日的给安徽人丢脸啊 [吃惊] [疑问] [衰]
0,老子又喝醒了。 明可 长江边很多石头上可以戳个洞放他，我现在先去给他占个位置，写起，此处有人 镜享人生 重庆 八宝山没哈婆婆的位置、歌乐山也没有、他娃将无处安身 哈哈 明可 他敢回来？客死他乡吧， 哈戳戳 镜享人生 重庆 滚回来、落叶归根 神 浮 怒 [哈哈] [神?] [浮?] [怒]
0,为啥明天晚上啊，不是明天早上啊 玩家传播老张 回复 泉水无声 碎！ 怒 明天晚上见 哼 泉水无声 出得厅堂 入得厨房 切的手指 玩家传播老张 正所谓：出得厅堂 入得厨房 泉水无声 出息大了去了，亲 玩家传播老张 恩，切了 泉水无声 切手拉？ [怒] [哼]
0,蜡烛 那些年，天天见的老爷子。 泪 [蜡烛] [泪]
0,靠 流氓兔很文明 不偷工减料就不行！ 怒 上海官微精选 帝都墙倒 提醒魔都同学，新开通的地铁线，大家都当心些 奥特曼 [怒] [奥特曼]
0,不是男生禁止关注 坑爹呐！各种乱。。。 抓狂 [抓狂]
0,晕 今天的来宾们。 [晕]
0,湖北相关领导捧臭脚，没想到把多年前的臭裹脚布扯出来了 你扇别人耳光，公众还你一个更大的，出来混总要换的 衰 [衰]
0,你不是普通人，一普通起来就不是人！ 衰 爱嘎嘎的鸭鸭 我看成牙齿被嘴纯皮咬破了 [衰]
0,原来！你也早上班了呀？： 泪 第三天上班了 繁星满天飞扬 小伙伴们，第一天上班，你们都是怎么过的呀？！ 辛迪 姐姐 嘘嘘 阿奴 综于缘味 悠 删我贴的掉厕所 小小织女星 提线 木偶 [泪]
0,抓狂 抓狂 不就是起个名字嘛 怎一个人渣！ 林月珍 太尼玛没人性了！！！前两天豆瓣上还有个幼儿园老师直播学生的小故事，超温情 这两天就爆出那么多虐童的事情，以后给娃儿选幼儿园要慎重！ [抓狂] [抓狂]
0,给 清澈了无痕 我俩刺激完了 泪 泪 泪 心 心 心 [泪] [泪] [泪] [心] [心] [心]
0,泪 早到公司，没人多悲催挖，更悲催的是，明明有人，却还是在外面等了半个小时 苦逼 我要配钥匙 哼 [泪] [哼]
0,今夜城里注定不会淡定，在机场睡一宿吧，明天再进城。 飞常准 机场大巴还在运行！ 鼓掌 还有心情看海 怒 ，现在我们被机场大巴统一发配到三元桥，怎么回家还是没着落，我现在到是真有一种大海的赶脚。 抓狂 泪 晕 [鼓掌] [怒] [抓狂] [泪] [晕]
0,老爸在国外，又一年多没见了，好想他 泪 [泪]
0,泪 泪 泪 泪 泪 泪 泪 泪 泪 泪 泪 泪 泪 泪 泪 泪 泪 泪 泪 泪 泪 泪 泪 泪 泪 泪 泪 泪 泪 泪 [泪] [泪] [泪] [泪] [泪] [泪] [泪] [泪] [泪] [泪] [泪] [泪] [泪] [泪] [泪] [泪] [泪] [泪] [泪] [泪] [泪] [泪] [泪] [泪] [泪] [泪] [泪] [泪] [泪] [泪]
0,现场真的被偷走好几件，很难过 泪 难道是 [泪]
0,不知哪来的宝宝，太有爱了 泪 发出来萌一下 [泪]
0,华阳国际 唐志华 救救中国文明！ 王滨微博 靠！又来了一批要做历史罪人的官员！ 行者孙冕 拯救老上杭 万能的微博救救我们千年杭城吧 东南山豁大河通 汀水南来更向东 四面青山三面水 一城如画夕阳中。 不要让如画的杭川变成毫无记忆的高楼！ 泪 李 [泪]
0,不受欢迎 大嘴巴抽他 怒骂 [怒骂]
0,？！？ 信者得救 中山日报报业集团 王功权 高晓松 李开复 钱文忠 史玉柱 王功权 王石 王利芬 作家 照 家政策不 力， 大 境 劣， 商混 ， 店 困 ，一 曾 的城市文化名片消失了 浮云 蜡烛 剩下的 能 多久，文化大繁 怎 成 了一不靠 的口 呢 衰 [浮云] [蜡烛] [衰]
0,回复 无忌的泡菜 哪里像啦，哪里像啦 抓狂 无忌的泡菜 张杰，你好。。。 [抓狂]
0,刚回酒店，好累， 个小时的大巴 晕 晕 台式红烧肉。 [晕] [晕]
0,好像是这么回事 衰 程序员的那些事 衰 优势一、挣得多花得少，接触女人的机会少；优势二、人傻钱多好管理；优势三、钱多话少死的早 抓狂 [衰] [衰] [抓狂]
0,对，要提倡 百姓加班供州官享乐 大乙八郎 国航 能把你们飞机上这份垃圾报纸换掉吗？！ 衰 云棠颐合 环球时报这么喜欢加班，那把所有的加班都包揽了吧，简直神经病！ 涂劲军 环球时报应该送进精神病医院去 袁裕来律师 环球时报的思维像精神病人！ [衰]
0,多想再听您说明年再来啊！在我眼中您是最最坚强的人！ 曼联新闻 每次看这个都忍不住 泪 [泪]
0,佳慧你翻出来的照片真是。。。太丑了！我一直觉着我们去世博那次整个就是农民工啊，不过好歹也是回忆的见证，我不会嫌弃的。。。 泪 爱你 [泪] [爱你]
0,关键是这两种我都没碰到哇 泪 张晓蕊 推撞 茉莉香片 我在旅行的路上 人世间的感情不过两种：一种相濡以沫厌倦到老，一种相忘江湖却怀念到哭 可怜 [泪] [din推撞] [可怜]
0,紧急通知 话筒 熊丽电台 北京交通广播 爱犬小白 米兰 徐琳 斯斯妈 太恐怖了 世佳 到年底了，大家一定要注意安全，希望尽快抓到凶手 怒 祝愿这位科院学子早日恢复健康！ 杨凯 也太凶残了 小 吃惊 怒 喜笑 黄小杰呀 郑小果儿 吃惊 吃惊 保福寺桥南 [话筒] [怒] [吃惊] [怒] [吃惊] [吃惊]
0,太羡慕了，太感动了 泪 [泪]
0,反思，然后烦恼 衰 衰 衰 真的想家啦 抓狂 [衰] [衰] [衰] [抓狂]
0,光头老薛 晴天萝卜腿 哈哈 奘七七 泪 林书豪，罗玉凤和方舟子不会放过你的。 [泪]
0,泪 导演高晓舰 程中柳 任卫新 统计看来有问题。 叶匡政 转发微博 [泪]
0,泪， 歌手含笑 昨夜又梦见三爷了。。。 泪 [泪]
0,俞靓 情人节前夜听到的鬼故事 衰 美股牛哥 故事后段：他开始注射雌性激素。。。。。。。他的交易也确实有了更好的获利。他开始穿女性的裙子上班，并且居然和该老板发生性关系。 清华男本已婚 直到某一天，又给基金炒了鱿鱼，愤而起诉所有相关基金及老板。。 [衰]
0,呵呵 你们以为我一天到晚吃吃喝喝蹦蹦跳跳玩玩闹闹听听聊聊 汗 谁还不都是忙生计中偷闲而已 抓狂 而且，谁家没个老弱病患需要照顾，今儿还我轮夜班照护舅舅 [汗] [抓狂] [ok]
0,衰 多封邮件，密密麻麻，删都删到手酸，回复，归档，下班前还有 多封未读 衰 小长假的代价！现在要倒过来说： 节前节后辛苦亲爱的 李秋千 爱你 红枣咋也不来吃 委屈 [衰] [衰] [爱你] [委屈]
0,一边在医院输液 一边修图第二天 娘的每次输液居然要三个半小时 我哪有三个半小时可挥霍的 泪 泪 泪 失望 失望 失望 感冒 感冒 感冒 咖啡 咖啡 咖啡 我在 解放军 医院 [泪] [泪] [泪] [失望] [失望] [失望] [感冒] [感冒] [感冒] [咖啡] [咖啡] [咖啡]
0,其实哪都是火炕 不愿融化 冰 浦东新峥哥 高祯祥 程序员的那些事 肖辉 据说华为都是签下奋斗者协议扛着行军床加班的，普天之下难望其项背，更狠一点的，恐怕只有回到古代悬梁刺股那样加班了 梁涛 衰 [衰]
0,早晨阳光不错 太阳 路上行人不多 围观 虽然刚起不久 睡觉 有点想吃火锅 馋嘴 抓狂 偷笑 [太阳] [围观] [睡觉] [馋嘴] [抓狂] [偷笑]
0,居然没有南派三叔？天下霸唱？ 郝瑞 看了这个榜单，我怎么觉得我是从外星球来的？ 晕 晕 金沙江 朱啸虎 厉害 [晕] [晕]
0,斐大文 晕 王轶凡的微博 哈哈，现在看来确实不大正常啊 [晕]
0,非常理解 节奏大师 的选歌，都得挣钱。所以好多歌都是哭着打完的。伤。。。不。。。起。。。 衰 [衰]
0,我 好的男人，你 都不珍惜 抓狂 某个人，请去 嘻嘻 经典心理学 去死一万遍好么 [抓狂] [嘻嘻]
0,总有人撒谎，而大家也都知道是谁在撒谎 上上下下的幸福 任志强 看见了。 米瑞蓉 在最左边树下的城管手里在摄像的。 山野土郎中 隆裕太后 注意城管手中的秆坨！ 导演高晓舰 杀人凶手凶器找到了！ 怒 话筒 话筒 [怒] [话筒] [话筒]
0,师父。。。我会随便告诉你 这次在台湾，台湾人说我可以冒充台湾人吗。。。 泪 明明我和厦门女生说话一样而已！爱诗，小雪作证 爱吃同学 圣小雪 鄙视 [泪] [鄙视]
0,嗯 张泉灵 科普图，给儿子看。 不好好吃饭，白细胞就没力气了！ 一碗饭立刻吃光光。突然，抬起头来郁闷地对我说： 唉，其实细菌比较瘦，我们本来可以先饿死它的。 衰 [衰]
0,不应该大晚上吃瓜子的，嘴上起泡了 泪 [泪]
0,最近想少吃辣的上火的食物，可这样都不知道吃什么了 晕 [晕]
0,禽兽不如！ 蓝风 微博 这是他们亲生的孩子吗？虎毒还不食子呢。作孽！ 华表 宋小渝 ： 吃惊 伤心 香格里拉 ： 怒骂 郎哩个郎 ：可怜的娃，禽兽的爹娘！ 刘波 ： ： 小猪取经 ： 终结者 ： 刘鸿雁的世界 开心生活快乐人生 ： [吃惊] [伤心] [怒骂]
0,冷啊！得穿厚衣服才禁得住！ 抓狂 [抓狂]
0,确定牙疼是长智齿了，长了一半让牙龈顶着出不来，十一去把牙龈切开然后让智齿长出来，谁知道这有多疼？ 泪 泪 泪 [泪] [泪] [泪]
0,前俩月第一次买了个中兴手机当做第二只手机， 结果今天下出租的时候掉地下了被我踩了一脚就悲剧了 屏幕不亮了。 鄙视 下午果断去不夜城换屏幕。 不能摊便宜啊 泪 [鄙视] [泪]
0,妈的 欺骗老子情感 怒 经常璐璐 辛猿意马 曙光 江宁公安在线 无语 [怒] [c无语]
0,还没关门，叫秀岩 同学赶紧来打包一个 深小蓝 胡秀岩 我馋了 泪 泪 泪 泪 望京一号餐厅 回复 施元庆 鸡便宜，花椒贵 施元庆 这是在吃鸡还是吃花椒 [泪] [泪] [泪] [泪]
0,超忙的一天，美好加班梦想破灭，发邮件发到眼晕 晕 [晕]
0,世间最无法忍受的就是老人们受苦 泪 请帮帮阿婆 ： 南都广州： 奥特曼 赵四小姐：昌华街道民政科科长说： 来 童装大厦 捡垃圾是因为这里有空调吧，好舒服！ 又说： 是否为婆婆解决住房 他儿子能解决！ 多么无情！就因为婆婆一家不是广州户口吗？ 燕小窝 [泪] [奥特曼]
0,其实就是想破罐子破摔了 失望 付鹏的财经世界 高度赞同。。 [失望]
0,又白折腾了，什么时候是个头儿 泪 泪 [泪] [泪]
0,看来开坛作法的事儿要赶紧提上日程 沐童 唉，这顿饭蹭的，代价忒大了 乐梦融 小时前，我家洗衣机也坏了，现在门也拆下了 泪 沐童 老师要给力 [泪]
0,不仅仅工业污染可怕，农业污染更可怕，全是进口货！ 杨 毅敏 不取消特供，可能没有反思的制度压力，靠良心和道德，又能有几位程老师 失望 程国强观察 国内学界、政策界必须反思。 有粮不慌 思考 从吃饱到吃好 资源环境承载能力不匹配咋办？ 疑问 [失望] [思考] [疑问]
0,哎，问个傻问题，窗帘洗完挂哪晾干呢，刚想了半天，又挂回去了，一来挂着可以晾干，而来晚上也有窗帘拉了，只是一地的水擦都擦不完啊。。。 泪 [泪]
0,李妮娜 他跪着的时候我可不可以去扔东西？ 怒 开花包子 这傻逼也得判了去！恶意炒作！可以告丫诽谤！ [怒]
0,海蓝蓝 兔兔陛下 绯飞藤 晕 期待后续 崔婧 什么情况 黄花菜菜 要疯啊！ 大辉杨 小倔狗王小杨 老飞侠不会飞 神马情况？ 党颖 转发微博 [晕]
0,这奇妙的世界 抓狂 牛宝宝坐车去阿里 妈的我化妆都能比他漂亮。 挖鼻屎 [抓狂] [挖鼻屎]
0,泥马，这 害得我现在还下不了班！不停 泪 泪 奉劝大家不要跟她一起工作，虽然此人还有丁点儿天赋 抓狂 抓狂 抓狂 [泪] [泪] [抓狂] [抓狂] [抓狂]
0,今早发现各位文科森在奔走相告 汗 为什么就是不能放过数学不好的孩纸！！ 泪 [汗] [泪]
0,， 小时 分。 抓狂 [抓狂]
0,原来用佳能相机是可以实现穿越的！ 吃惊 皇家 ：感人。。。 泪 冷笑话精选：很棒！很感人。。。 [吃惊] [泪]
0,赛场附近有条河，里面有很多大鱼，一见有人来就都张着小嘴围过来要吃的，昨天买了袋面包喂给它们，今天再去的时候因为下雨河水上涨鱼都不见了 失望 配图 [失望]
0,你如今有小钱包了没那么自由啦 吃惊 叶江海 我望梅止渴就好，望梅止渴就好！兄弟姐妹们慢用！ 嘻嘻 陈玉霞博斐秀禾 回复 叶江海 等着你，一起来 蛙 一下 叶江海 回复 陈玉霞博斐秀禾 唉，您是回去，我是得飞去了 泪 [吃惊] [嘻嘻] [泪]
0,幸亏英语听力不考印度音 听的我头都大了！ 抓狂 [抓狂]
0,百变大咖秀 收官之战 绝版 钜献 咖啡们，百变大咖秀最后一期！先看看 孙坚 战袍！他模仿谁？这期 绝版 泪 总决赛，每个节目都是超级大秀 心 [泪] [心]
0,环球很邪恶 弱 玉翠文章 他妈的我活了 年没见过选票神马样 抓狂 怒 泪 袁莉 你永远无法叫醒一个假装说梦话的人。 王维嘉 汪潮涌 人民选出了不想选的代表 ，只能说环球时报真幽默。 [弱] [抓狂] [怒] [泪]
0,怒 怒 怒 节目圈大庆 多么王八蛋的红会啊！ 怒 怒 怒 刘 地盘 转发微博 [怒] [怒] [怒] [怒] [怒] [怒]
0,一笑尔过！ 老河北 李承鹏去当志愿者了，你呢？ 刘蕴山 学成心理变态了 海南梁山 怒 蒋方 舟子 南京的研究生素质这么差？ 叶子 吉吉 崔小豌豆 看这条截图内容。 [怒]
0,需要的话一定私信联系预定哦！ 嘻嘻 烂李子 红莲蓉蛋黄 豆沙蛋黄，蔓越莓 抹茶白巧克力这两种还在制作中呢，现在只能预售这两款哦！ 晕 晕 晕 吃栗子小姐 我要三盒白莲蓉， 盒红莲蓉 豆沙，争取尖来提！现在出门 分钟到，能提到不？ [嘻嘻] [晕] [晕] [晕]
0,为什么那些人总喜欢在微信上转发一些乱七八糟的东西 抓狂 抓狂 抓狂 抓狂 [抓狂] [抓狂] [抓狂] [抓狂]
0,蜡烛 ： 泪 梅华周 听听总理的声音！ 黄健翔 ： 南京周末 ： 铁道部不能代表政府 孙金伟 ：满大街都是。 旺旺小薇 这么好的百姓你去哪里找 ：泪流满面 耿志民 听得人想哭 [蜡烛] [泪]
0,太坏了，马上给新浪打个电话，单独开通 安未若 坏人。 泪 [泪]
0,哎 我们牺牲了无数兄弟姐妹们啊 泪 左影右虹 那个黄昏血雨腥风啊！ [泪]
0,没药。。。 冰凌灬小顽童丶 为何我总是对 如此钟意！这是病！ 抓狂 [抓狂]
0,这个，这个，谁能抗拒 抓狂 [抓狂]
0,有饭补哇！ 编辑段洁 我刚求你收留，你咋不要我 右哼哼 闫洁 回复 秦庆瑞 在贵圈混不下去啦，想去老段那，刚刚还被他拒绝了 悲伤 秦庆瑞 闫兄还在做电子书吗？ 闫洁 把我招过去吧，就是不懂策划 嘻嘻 [右哼哼] [悲伤] [嘻嘻]
0,太感动了，太伟大了，我们苦点没关系，让世界人民用上便宜油 泪 刘芮东 大领导不知道！ [泪]
0,雾霾仍然深重，北京今天仿若梦游之城。车行立交桥上，置身仙境一般，真个是纵使相逢应不识；开动起来，雾雾 绰，又恍惚有齐天大圣的错觉。 浮云 浮云 不知新华门里，对 两桶油 这俩不争气的亲子鉴定如何了？ 疑问 怒 [浮云] [浮云] [疑问] [怒]
0,不得不佩服人家德艺双馨啊 科幻任冬梅 同学刚买房，四环外 一坪，总共才 坪左右，首付加上各种税费中介费一共就有 ，还要贷款 ，这还是没加 税以前的价格！而据她说，旁边的新楼盘开盘价 衰 董曦阳 他这样说，让我一下子把他划到不靠谱的一类人中去了 哼 [衰] [哼]
0,无聊找星沙，真是异常痛苦，放弃了 小白的囡囡 猪猪骨头汤 小老虎风妞 抓狂 [抓狂]
0,此贴必转，看看少儿频道都教了孩子什么 怒 光头王凯：你就从了吧，兴许不疼。。。 [怒]
0,兔哚哚： 泪 天啊！！ [泪]
0,看得我眼眶都湿润啦！童年啊 泪 曹云金 车身涂鸦哥 坚持不懈 章 宁 小宇 鬼狼 焦通 王硕 猫薄荷菁 可山 [泪]
0,回复 古脉静香 我勒个 晕 古脉静香 看你的表现，最好多带点，家族大，分不过来。 大圣 韩 垃圾紫砂壶和紫砂摆件！！！ 右哼哼 左哼哼 求求我来云南给你带点好的！！！ [晕] [右哼哼] [左哼哼]
0,肚子疼 泪 [泪]
0,这几天天天都在心痛！ 大洋先生 微博宠物 新浪宠物 唉，静静的睡吧，孩子走好 蜡烛 老咪飞猫腿 泪 我是袋袋 可怜的孩子，终于在临走的一刻叫到主人了 泪 贵阳晚报 [蜡烛] [泪] [泪]
0,晓晓岛 谁用谁知道到底有没有这么夸张 泪 眼球追踪和手势感应能这样表现，，，增腻害。。。 [泪]
0,这就是 季昭 艺彩昭和、同鞋与本人 梧桐小余、共创作的梧桐第五代菜牌，经过我俩多年积累呀 泪 [泪]
0,回复 蕞 你还笑，这窗口还没开，大屏幕显示没号了，我真晕，起了这么早，就是想挂个专家号，结果只能挂到下午的普通号 晕 好多大爷大妈都在抱怨。。。真想投诉 蕞 偷笑 [晕] [偷笑]
0,这是着火了 衰 [衰]
0,在懂甚 叫禽 不如了 於 舒淇 感 泪 蛤蜊咖喱 这段视频永生难忘 学习焦裕禄 郭德纲 唉！我养狮子去。 李楠 看一次哭一次 吴鹤臣 故友重逢 [泪]
0,娱乐至死 衰 衰 衰 [衰] [衰] [衰]
0,回复 山岚熊外婆 顶着暴雨开车回家，一路胆战心惊的，生怕被雷击停电追尾 山岚熊外婆 不要再瞬间暴雨啦 抓狂 [抓狂]
0,小眷顾，没觉得 泪 翔 鼓掌 鼓掌 [泪] [鼓掌] [鼓掌]
0,默默的看 任卫新 甭管是谁，只要到这里来都得乖乖滴。 酷 石小杰微博 伙食出了问题 没上硬菜吧 偷笑 侯宁 这表情，难道股市让文学艺术家都莫言了？ 晕 毛大庆 哈哈哈！让我想起另外一个时代。 [酷] [偷笑] [晕]
0,音乐 音乐 音乐 后 来 终于在眼泪中明白：有些人，一旦胖了就瘦不回来 伤心 [音乐] [音乐] [音乐] [伤心]
0,回复 尘世多可爱 世界才不会呢，我一直都在的。就是现身一下，然后就继续自由奔跑、潜水什么的 尘世多可爱 额。。。世界啊我曾经来过，世界啊我走了，世界说你丫儿谁啊 悲伤 [悲伤]
0,哈哈 一毛不拔大师 天下 丝是一家！ 鼓掌 刘春 抓狂 李开复 哈哈 [哈哈] [鼓掌] [抓狂] [哈哈]
0,靠， 蔡鸿岩 没有信仰的国家有多可怕 汗 刘旗辉 抓狂 李三哥代表 这个国家的教育出了大问题，每每发生这样的恶性事件，我们很少从教育上寻找根源 春江风雨花月夜 操，如果把爱国主义教育换成人性教育，估计这种事肯定能他妈少点儿。 怒 [汗] [抓狂] [怒]
0,发现胳膊全变成 肉了 必须锻炼 怒 [怒]
0,我饿了 饿了 饿了 饿了 啊啊啊啊啊啊啊 抓狂 抓狂 抓狂 抓狂 抓狂 抓狂 抓狂 抓狂 [抓狂] [抓狂] [抓狂] [抓狂] [抓狂] [抓狂] [抓狂] [抓狂]
0,看到我宝贝弟弟各种健身，我好惭愧 天天暴饮暴食的我身材直逼小恐龙 泪 月亮 [泪] [月亮]
0,再想想刁难你的大便脸妇女买报纸的钱，还是咱们老百姓给她发的，会不会更负能量了 泪 不过要顺道赞赞 广州公安 的办证机构，至少我感觉他们的服务意识都很棒了 [泪] [good]
0,真好 呵呵 ，这就是一直最想做的事情，可惜我吃的苏氏牛肉面 泪 [呵呵] [泪]
0,衰 要了亲命了，真是作死不分地方啊！ [衰]
0,公爵的暗夜城堡 高考大王 抱恙的大妃 泪 [泪]
0,爱心游 遨游网 北京的童鞋们，支持房山，要么报名，要么转发，要么 泪 [泪]
0,买单的已经发话啦 偷笑 欢迎来享受美味 笑哈哈 娟娟 下次去一定要吃吃吃 嘻嘻 宫元书美食摄影 哈哈 来 还有咖啡！ 娟娟 回复 轶凡乐学成长空间 是啊是啊。。。我也好馋。。肿么办肿么办 抓狂 抓狂 抓狂 也许去了北京宫大师会请我吃滴 馋嘴 馋嘴 哈哈 [偷笑] [笑哈哈] [嘻嘻] [来] [抓狂] [抓狂] [抓狂] [馋嘴] [馋嘴] [哈哈]
0,小怪 作妖儿 被追骂了 衰 衰 衰 文章出轨 姚笛有错没错 容祖儿怒斥杜汶泽 [衰] [衰] [衰]
0,请处理好感情关系，不支持拉仇恨。 元 艾玛，姐，你咋不早叫我呢？哼！ 风林火山私家牛板筋火锅 我姐背着我去你家吃饭了！ 泪 珂伊 是的！你地盘？来吧 元 姐姐是不是在吃风林火山牛板筋火锅啊！啊哈哈！ [泪]
0,先有鹰还是先有猫还是先有猫头鹰啊 晕 [晕]
0,啥时候再来呀，想 泪 漂漂常 [泪]
0,经济发展和道德似乎没有必然联系吧 抓狂 [抓狂]
0,明年就 年了，生肖一轮回 泪 泪 泪 泪 泪 [泪] [泪] [泪] [泪] [泪]
0,物业费都交不起了，坑爹啊 泪 抓狂 那年那月 [泪] [抓狂]
0,饿醒了，饿，饿，饿，饿。吃不吃啊？懒得动。人格分裂中 抓狂 [抓狂]
0,现在真心觉得，找房子不比找老公容易，看了无数房子，怎么就没有一个靠谱的呢 泪 泪 泪 泪 泪 泪 [泪] [泪] [泪] [泪] [泪] [泪]
0,一觉醒来，倍想家，思念回到海丰的热闹。。如今，又冷又饿，好想念过年的繁华。。更想念好友间的相聚。。。 人一到期末，就倍想家，想海丰。。 特别是你们倒数回家的日子，我还要在广州受苦。。。。 泪 神马 ，有得回家，神马都是浮云。 [泪] [神马]
0,龙熙话题 圣诞节没有收到礼物是神马样子的表情 泪 [泪]
0,回头想想，突然觉得自己真的错过了很多。 泪 [泪]
0,一 直没去过拉萨，居然 汗 后海吹小风儿 没一个去过的！ 怒 [汗] [怒]
0,你饿不饿啊 你饿不饿啊？我不理你了啊。 狗说 ！看到这个话题小编第一时间想到的就是还没吃到嘴的包子！多想大喊一声，我饿呀 泪 [泪]
0,其实邹凯就是落地有小步挪动 二货裁判！ 瑞秋儿 还好是荷兰飞人赢了！德国不要脸的。裁判拚了命压制我们的完成分 以便为后面的选手留条后路 怒 所以中国的唯一出路就是拼实打实的难度分 同时减少失误！ 多亏不是德国第一要么我又要气轰了 飞人得了我还能忍耐！起码落地也完美！ [怒]
0,再酒店又换了 万 偷笑 ，和团友拼车去市区吃海鲜，出租车可以坐下 大 小，车费 万 千，折合 多元人民币。越南流行骑摩托，所以出租车都是游客座，非常贵 泪 再度越南 [偷笑] [泪]
0,哇！ 史帝文 那阿拉们以后买各大品牌和厂商的产品都有 折扣伐。 抓狂 抓狂 酷 酷 碧朱 金澄顺 洪璐 雨娟儿 [抓狂] [抓狂] [酷] [酷]
0,您拍时可注意别吓着俺爹呀 晕 [晕]
0,月。。。你赢了 任轶洁 求组局！！！ 馋嘴 馋嘴 月以后 泪 泪 [馋嘴] [馋嘴] [泪] [泪]
0,回复 傲绣网 受宠若惊，唯有继续努力 泪 嘻嘻 傲绣网 纪实感很强 [泪] [嘻嘻] [good]
0,泪 老维子 感动中国 爱洒人间白芳礼！ 沈东： 化妆师史林宽 转发微博。 [泪]
0,泪 大手牵小爪 草西笑嘻嘻 无 [泪]
0,写得真好 泪 菠萝 当年我和我妈的大爱。说影响了两代人一点都不夸张。但赵老师的模样却没怎么变，依旧青春貌美。就是胆不太好，远视，也不怎么写博客了。其实比起这剧，我更有感情的是您的博客，高考结束那年，每天新闻联播过后，切半个西瓜边用勺舀着吃边看您的博客，半宿半宿的熬夜不睡 [泪]
0,台在播长沙的节目，正起劲吹着橘子洲的烟火晚会，据说每周都有，次次不落。仔细想来，没有伟大主席的诗句，就没有橘子洲的知名，就没有形象工程的土壤，就不会有每周那么多地方财政的浪费。哎！ 泪 [泪]
0,今年看的第二部佳片 无法触碰 ，整个电影幽默和温情并存，是非常值得一看的电影 看完的感受无法形容，愿还能遇到这类的片子 泪 泪 泪 [泪] [泪] [泪]
0,感动！ 魏 当年看这故事的时候就鼻酸 泪 好感动 格格就是我 魏 家政女皇小妙招 愿你和我一样，被这个故事所温暖 就要这样谈恋爱 [泪]
0,人数又上升了 泪 生命真是极度无常，你根本不知道下一秒将会发生什么！回想 年春节上里古镇游玩，印象颇深！雅安有三雅，雅雨雅女雅鱼，茶叶也好。古镇石板铺砌的街道在细雨中泛出光亮，街旁有许多大树木质青瓦民居错落有致，一条小河流经古镇，架有 来座古桥。韩家大院保存完好雕刻精湛，保佑雅安！ [泪]
0,差点没撞上另外一边的公交。。。师傅说你吓死我了，我瞧着内车呢，玩你手机且！。。。咯。。。咯。。。 喝水 。。。咯。。。咯。。。 泪 现场直播 [泪]
0,根本不用看，第一总是我 泪 [泪]
0,我的确抵挡不了 的东西 怒 [怒]
0,你们都看过了吗？这么多年想看一直没看成，今天在飞机上，前十分钟竟然看得哭出声来。一边哭一边想，真没出息看个动画片至于吗你。然后见到 ，他刚好也没看过，就给他讲了那个开头，讲着讲着又泣不成声了。短短几分钟怎么能这么会讲故事这么感人啊 泪 泪 泪 [泪] [泪] [泪]
0,食堂的煮鸡蛋护皮！到底有多护皮多难包呢？就是一个好好的鸡蛋包完就剩蛋黄了 我我真尽力了！ 失望 [失望]
0,悟空被大妈欺负了 泪 泪 [泪] [泪]
0,人生就是无数次的第一次构成的，再这个双台风登陆的日子，第一次和交警叔叔打交道！ 晕 [晕]
0,招商银行 在你们北京这里办个金卡业务都可以让客户办哭了。 失望 [失望]
0,杀千刀的人贩子、人渣！ 怒 怒 怒 焦佰成 温暖甘肃 希望孩子能早日回家！ 泪 上海 上海的朋友坐地铁的时候看到乞讨的多留意下！ 话筒 宝贝回家 微博打拐 随手街头救助 唐古拉 金龙 费旭明 我是孟霖 小兰州 上海发布 老大笨象 我们都是甘肃人 甘肃互助会 [怒] [怒] [怒] [泪] [话筒]
0,防冻液漏光光，幸亏开到镇子上，等待修理中 衰 我在 [衰]
0,吃惊 怒 怒 鄙视 薯唛 应记，佛山人的痛 泪 泪 饮饮食食 讲真，应记唔好食 而家仲要将人地食剩 回炉再处理， 孤寒就唔好系佛山开分店开到四围都系啦！佛山 食货注意啦！ 尚豆小厨 薯唛 飞越迷雾者 家俊邱 [吃惊] [怒] [怒] [鄙视] [泪] [泪]
0,兔朵朵的花匣子 陈盼 倒霉 缺钱 烦躁 泪 [泪]
0,你怎么欺负我弟弟 怒骂 。。 他先打我弟弟的 哼 。。。。。 笑哈哈 [怒骂] [哼] [笑哈哈]
0,闺女发烧，要去医院，今天车限行，又打不到车， 怒 怒 怒 怒 ， 豁出去了，先去医院再说 我在 [怒] [怒] [怒] [怒]
0,孩子需要平等对话 可爱 何刚 好孩子啊，挚爱情深一对父女 伤心 [可爱] [伤心]
0,退可怕了。。。。。。。。 衰 [衰]
0,我和牛舌饼又掐架了 差点把它酥皮丢落一地 啊哈哈 好累阿 我也被 了 直接嫩牛五方变成 了 削圆了 晕 晕 梦游和逍遥 [晕] [晕]
0,无论如何，你们公司这种做法是黑店的做法，在柜台也已经强调过一小时，你们的服务非常不地道 怒 柏悦汇 您好！您在这边开机时无预设一个小时唱歌时间，所以买单时以电脑计算的，没有故意多算您的唱歌时间，有抱歉的地方请原谅 ，不好意思 [怒]
0,以后她搬去螺洲 悲伤 [悲伤]
0,破腰疼一天了，天儿你是变还是不变呐，不带这么折磨人的 泪 泪流满面 泪 [泪] [泪流满面] [泪]
0,回复 孤独行走了七天之后，今天终于在金庙偶遇独行 ，终于见到了国人。 泪 金庙是锡克教的圣殿，所有人必须包头赤足才能入内。 [泪]
0,我 年丢狗的情景 历历在目！ 深圳陈彻 周周美圻 人间有真情，人间有真爱 泪 [good] [泪]
0,当你做对的时候，没有人会记得；当你做错的时候，连呼吸都是错 泪 [泪]
0,泪 泪 泪 这床好硬！各种失眠。我在这里 江苏省 扬州市 邗江区 康民路 我在 [泪] [泪] [泪]
0,走得累死我了 怒 哼 艾晓霏 海毅 [怒] [哼]
0,列表质量太差了，今天要好好优化下 怒 [怒]
0,当地时间 ： ，今天到达维也纳，满脑袋都是浆糊 泪 泪 泪 ，为什么地球要是圆的，为什么要有时差的区别，估计等我倒过时差后也该回北京了，然后接着再倒回北京时间，服了 伤心 。送照片 [泪] [泪] [泪] [伤心]
0,我不敢睡上铺 泪 [泪]
0,每天一盒呢 泪 [泪]
0,不敢开声音，看着就难受。希望它们都找到自己的家 美伢姐姐烤红薯 心碎，请不要吃狗。 吴文淇经纪人 他们的哭声 听的我好心碎哇。。。 泪 我家狗听到后 本来在睡觉 突然 跟着一起哭 一定是听懂自己的同伴的话了吧 [泪]
0,含泪转发 泪 [泪]
0,好声音都开始了吧？我还在外面呢 泪 [泪]
0,银行闹钱荒的原因 衰 [衰]
0,辛苦啦 娟 泪 大家都 不得！ 真是 百年 得一 的 心 ！期待宣 期再 ！ 馋嘴 波 仔 可惜，宣 是不能再煮了，去出食吧 [泪] [馋嘴]
0,回复 邓兆琨 这不只是好不好看的问题，是诚信问题 挖鼻屎 说好 是与众不同，走的是品味路线，现如今，就一 土豪版 泪 泪 邓兆琨 可以说 真心不好睇吗 泪 [挖鼻屎] [泪] [泪] [泪]
0,汗 等风来 这个影片真滴好烂 汗 观看过程几次相离开 却充满好奇 汗 这个影片到底要演什么 汗 体现什么 吐 怎么那么烂还能上映呢 我晕 晕 和成龙大哥的 警察故事 还有其它影片真的没法比 晕 这个片子真滴太烂了！就连海报都丢在影院的角落里 还是看完吧 泪 真悲催 悲剧呀 [汗] [汗] [汗] [汗] [吐] [晕] [晕] [泪]
0,怒 小羽酱奋斗 菲仔欢乐多 许装装 吐 范里砂 。。。 陈 水星 哔哔哔 喂 请问是艾薇儿吗？快来查婊啦 迪西 吃 瞌睡都吓醒了！亲真的别再耸肩吐舌，做自己好吗？！ [怒] [吐] [吃?]
0,大早上出门赶上了昨天暴雨的后遗症 电梯停了 拖着巨大的箱子生生从十一楼挪下 晕 晕 晕 好事多磨 好事多磨 耶 [晕] [晕] [晕] [耶]
0,今天累了，开完会早点回家。 晕 [晕]
0,给实兴腾飞房地产公司排的音乐快板今天演出了！终于不用起早了 泪 [泪]
0,馋死我啦 环球街拍 榴莲新吃法！！ 抓狂 ，推荐关注 私房菜 [抓狂]
0,我要回去！！！今天加入抢票大战 晕 晕 晕 。。。就姐这实力。。。 汗 衰 哼 [晕] [晕] [晕] [汗] [衰] [哼]
0,想纤体的我，却在美食面前投降了，晚上开斋了。不说了，回家反省去！ 汗 泪 还有啊，怎么拍的那么傻呢！！！讨厌！ 哼 [汗] [泪] [哼]
0,上海哪天不低温非要今晚它低温，深夜到上海穿着单薄的我情何以堪啊 泪 [泪]
0,我就经常是想找人倾诉，可实际是想让那个人和我一起静静的待着，什么话都不想说，可实际到了那时，又觉得对不住那个陪我的人，想办法来找些话来说，更累 衰 泪 摩羯座，请收信。 [衰] [泪]
0,泰国的网啊 衰 不折腾了，真是伤不起 浮云 。在曼谷，芭堤雅，普吉岛 当地人好多都会国语耶， 俺好像不像是出了国门耶。 酷 [衰] [浮云] [酷]
0,暗恋我就直说嘛 何必高达拉 虾妞 老师掩护呢？ 嘻嘻 懒得理你 韦所煜为 雨娟儿 虾妞 晕 [嘻嘻] [懒得理你] [晕]
0,那次是我连累了大家 泪 杜海涛 吴昕 谢娜 张杰 谢娜 昕昕我懂 偷笑 ，咱臭回去 哼 [泪] [偷笑] [哼]
0,转某人 全球时尚最前线 中国父母伤害孩子的 七种武器 内牛满面啊 泪 [泪]
0,吃惊 李开复 晕 [吃惊] [晕]
0,开着会，突然饿了，又开始想念四川的美食，尤其是冷锅串串。可惜我不能吃 泪 安欣 陶迷心窍 芸 众生 静心清思 雯雯 [泪]
0,如果你在职场上有一个下属的话，碰见你给他的工作任务老是不能及时完成，不督促不会提前完成，从不主动，从不汇报，等着你去问他，你怎么看这问题。如果是你，你该怎么办？ 怒 挖鼻屎 [怒] [挖鼻屎]
0,鄙视 中俊崔春婷 晕 [鄙视] [晕]
0,衰 衰 衰 小麦色辣椒 看了这则新闻后，我要开始坐立不安了。 爱吃小泡椒 吃惊 吃惊 [衰] [衰] [衰] [吃惊] [吃惊]
0,沙巴潜行 昨晚相机没充电，今天第二潜潜到一半就没电了 泪 。回房也没电可充，因为马布岛至今未通水、电， 是 才发电的。 我在 [泪]
0,回复 小丸呆 这回彻底知道了！ 抓狂 小丸呆 回复 贵州媳妇 吉野家的东西好难吃。。又贵 [抓狂]
0,回复 猴子佳佳 ！ 嘻嘻 嘻嘻 猴子佳佳 没事儿，以后还有的是机会，下次带你吃遍纽约，然后你再回北京推出一本吃在纽约攻略分享给大家吧 鼓掌 黄太吉传统美食 回复 猴子佳佳 这次到不了纽约 泪 泪 猴子佳佳 哇哇哇呜 又来美国考察啦？ [嘻嘻] [嘻嘻] [鼓掌] [泪] [泪]
0,我们在呼唤诚信，但又是什么让人不诚信、不敢诚信？更深层次的原因是什么？为什么敢作假？呵呵，答案其实很简单！ 秋客 蜡烛 邵阳沉船事故 着面 一切 ： 天津老马 ： 徐小平 六间房刘磊 悄悄地我死了，正如我悄悄地来。。。 泪 [蜡烛] [泪]
0,别动不动就拿东北人所谓的口碑不好说事。 怒 [怒]
0,唉， 哪儿都好，就是不禁脏。这鞋要是穿起来，半天儿下来就变小花猫儿了 晕 [晕]
0,我只想知道我通知栏的广告是谁给我推送的 怒 [怒]
0,刚刚整理了一下手边的翻译协议，发现推期交稿的比例好高啊 亲们，过了交稿时间还没交稿的联系我一下吧 泪 泪 泪 [泪] [泪] [泪]
0,敢动中国 晕 王石 王利芬 中间的最引人注目！ 刘力博士 黑云豹 如果说三女子有罪的话那么被他们搞垮的人就是罪大恶极了 [晕]
0,晕 最爱 宇 这个 [晕]
0,那些年，曾经努力过取得阶段性成绩的人们。你今日的成功可能缘于你有一个好的启蒙老师，有一个允许你犯错的平台。可随着日新月异的变化，新人们在当下，要遵守新游戏规则，机会是留给有准备的人，机会也是平等的，不用心，不懂游戏规则，你定会出局。这个行业，不能犯错，哪怕只有一次也不行。 怒 [怒]
0,该死的蚊子，你们就不能换换地方吗？干吗总围着手和脚不停的狂轰滥炸！痒死啦！ 抓狂 [抓狂]
0,这山路颠簸得我的脑袋都快掉下来了。。。 泪 书都看不了啊啊啊 抓狂 [泪] [抓狂]
0,这才是伟大的爱情 璇 ：我爱你，我管你是什么。。我不爱你，你是什么我都不管你 星座秘语：我哭了。。非常非常感动。 泪 [泪]
0,谢谢夸奖 哈哈 你玉姐姐 悲伤 好吃木有办法啊 委屈 菊儿小枣 姑娘，胃是咱自个儿的 可爱 你玉姐姐 我噻早聊啊，直接晚饭明早饭了 馋嘴 菊儿小枣 可以呀 可爱 你玉姐姐 要能打包更美了 花心 菊儿小枣 一人一份可以免费加饭加卤，大冷天吃饱啦不想家 可爱 [哈哈] [悲伤] [委屈] [可爱] [馋嘴] [可爱] [花心] [可爱]
0,我对儿子说：你怎么也得钢琴十级，英语八级吧，要不就太普通了。儿子说：可我就想当个普通人呀！突然间我不知该如何回答。。。 晕 [晕]
0,，头痛。晚上喝咖啡 看恐怖片 稿子写不完 睡不着 泪 今天闭关造字，谁也别理我 委屈 [泪] [委屈]
0,努力再去啊！多去几次 偷笑 小妍严重缺 皆 又想吃了 一年吃一次 伤心 好煎熬 [偷笑] [伤心]
0,官场潜规则，如有立功必死无疑，种种乌龙能让此猪活下去吗 抓狂 怒 顶 国泰君安期货胡文辉 网友都很明白啊。 但斌 李文的围脖 哈哈 当官不为财请我都不来 哈哈 琢磨先生 要是有立功表现，那就必死无疑了 王冉 哈哈 王巍 六六是个明白人啊。 [抓狂] [怒] [顶] [哈哈] [哈哈] [哈哈]
0,动漫梦工场 好感人 泪 [泪]
0,请远离米奇！！！ 酷 怒 [酷] [怒]
0,怒 这样的事情，国家必须重拳出击，让不法商家赔不起，牢底坐穿，甚至是该杀的就杀，否则 ，老百姓真的是没活路！ [怒]
0,短短 分钟时间，被赞 多。我认真写菜谱时，你们 个赞都没给过我。世风日下，人心不古啊 泪 文怡 这么多年来，我对你们怎么样？每天陪聊，从不急眼，有求必应，有问必答，精心写菜谱，热心组团购，免费课不断，抽奖玩不停，我就想问问原帖的 个赞，是出于什么心理？难道这个世界没有爱了么 [泪]
0,悲催啊 六点起床 太阳 太阳 底下晒了半天 大汗淋漓就拍了这一场戏 还是两只脚 抓狂 ，那 一双脚 是我的 如假包换 [太阳] [抓狂]
0,这个好！！ 宁海金海豪生大酒店：回复 小妖精婴宁 呵呵！大学也可以，研究生、博士生 小妖精婴宁 转发此微博 可惜额毕业很多年了，木有学生证 泪 宁海金海豪生大酒店 喜欢的同学请参加！ 围观 宁海金海豪生大酒店 喜欢的同学请参加！ 围观 [泪] [围观] [围观]
0,天的度假结束 泪 个月的产假结束 泪 明天要开始上班了 悲伤 看着身边熟睡的小宝石，真的好舍不得。。。也许他也知道妈妈要上班不能整天陪他玩了， ，昨晚在台北捷运，小宝石开始不停的叫爸爸妈妈了，心肝都快融化了。。。哎，希望我们都可以很快适应，我们一起加油！ 彩虹 [泪] [泪] [悲伤] [彩虹]
0,你玛！糟蹋东西啊 抓狂 这个应用是为了气死编辑吗 怒 [抓狂] [怒]
0,大爱如海 出版人七七未央 泪 不要走 江宁公安在线 泪 [泪] [泪]
0,洋早点 一起来做中国好早餐 鱼松糍饭团。剁个榨菜又让食指翻花了 估计照此下去，洋洋学期结束我的手也结束了 晕 天天迷迷糊糊做早餐 嘻嘻 猫宁 [晕] [嘻嘻]
0,昨晚梦见我晒成小麦色穿着 可劲儿得瑟，醒了还挺激动，我属于晒伤了还没晒黑只好用仿晒喷雾假装性感的人 刚一看防晒霜 就知道，这回晒伤大概不会了，晒黑估计又没戏了 没买假装晒黑喷雾！肿么办！ 泪 [泪]
0,回复 纹雯 今天还在值班啊 抓狂 纹雯 回复 狂热的炸酱面 明天我就休喽 [抓狂]
0,官员靠放，环保靠吹！ 衰 于金平 博 转发微博 [衰]
0,云蒙山：攀爬主峰则更多是对意志的考验 下雨的山路确实不好走 而且山势峻峭 更增添了征服它的欲望 意志不够坚定的可要做好心理准备 似乎行走的轨迹断了？ 悲伤 [悲伤]
0,看来是新的领导思路问题了 树挺 赞 赞同，会者不难。昨晚所有菜没有味精和鸡粉！ 心泉之家 彭总，白天鹅重张之后能不能办个怀旧美食月之类的？或者把其中容易操作的几道菜加到菜单里？ 哈哈 抓狂 今晚品尝传统粤菜，太史田鸡炖冬瓜、黑松露菌麒麟葵花鸡、柚皮焖鱼肠、山泉水浸中华 [赞] [哈哈] [抓狂]
0,这个天气热死啦，， 抓狂 抓狂 抓狂 抓狂 [抓狂] [抓狂] [抓狂] [抓狂]
0,放假找乐 公交车上一年轻潮妈喂奶，宝宝吃得不老实、吃一口玩一会。妈妈生气了 吃不吃？不吃给旁边的叔叔吃了！ 孩子老实了一会又调皮，妈妈连说了几次。坐旁边的叔叔终于忍不住了 我的小少爷，吃不吃给个准信！叔叔都坐超两站了 抓狂 祝大家今天放假回家坐公交的都有奶吃哈哈 推荐 赶叔 [抓狂] [推荐]
0,真心觉得我们中国的点心哈嗲！除了这个包装，里面的内容可是一点都不输给鬼子的和果子啊！鲜花饼太赞了！！！ 抓狂 爱你 小莱飞车与拉布拉多 [抓狂] [爱你]
0,虽然我是典型的喵星人死忠粉，但实在拗不过晴天先生还是养了只汪汪，说起国民傻逼宠物萨摩耶，那简直就是一部考验身心的血泪史 蜡烛 我能说我心里的理想犬种其实是小柴么？ 泪 [蜡烛] [泪]
0,做男人做到甘，鄙视！ 衰 衰 怒骂 正在直博 苦命的人 [衰] [衰] [怒骂]
0,西餐几步做 出锅是叫走起吗 抓狂 抓狂 抓狂 [抓狂] [抓狂] [抓狂]
0,都怪你 泪 我还穿的高跟鞋，现在脚疼死了，没钥匙的下场补偿我一双平鞋！ [泪]
0,我居然被夹到手了！！居然肿了！！ 抓狂 [抓狂]
0,哼，学我 衰 [衰]
0,生日快乐 蛋糕 冯绍峰 六年了！大家都长大了，哥也变成叔了 泪 。。六年，有太多改变，和永远不变的我们，谢谢大家陪着我风雨同行，生日快乐，峰家人 心 蛋糕 蛋糕 [蛋糕] [泪] [心] [蛋糕] [蛋糕]
0,一切太意外 太多话想说却在此刻无语了 泪 缅怀 戎祥 大哥！ [泪]
0,重。。。。重。。。口味。。。。。 悠长假期 衰 [衰]
0,行色匆匆无影脚。地铁真是个高产的地方，一路走一路拍，我有多无聊 衰 [衰]
0,洪晃 人口红利就是把中国人贱卖了吗？ 王利芬 正略钧策赵民 不公，从这里开始。 神闲姐姐 元芳视角 我为人口红利被吃光后的社会养老保障体系深表担忧 入不敷出，养老基金巨额亏空 泪 ，愿与有识之士一起发声 话筒 [泪] [话筒]
0,我喜欢白色，那是男还是女 晕 黄晓靖 憎恨粉红色的飘过 [晕]
0,晕 ？？？ 几米漫画故事 好神奇的星座 赞 强烈推荐关注 星座爱情 带你进入 星座的情感世界 心 [晕] [赞] [心]
0,恶人！我现在相信世上真有这样的恶人存在 怒 朋友张运和 地处偏僻的贵州，这里还没解放吗？ 邓飞 书记，她还是个孩子。 [怒]
0,姜靖 转给你家虎威看看：原来是保龄球，？！现在也是保龄球啊？ ！ 晕 [晕]
0,今天 激安，想起去年 激安我两去扫货，话说去年买回来的我现在基本上都闲置了 委屈 好想念激安完然后去吃红豆牛奶布丁诶 泪 一年真快 [委屈] [泪]
0,一个会的主持人太重要了 衰 好无聊的主持 真的还是蛮好的，讲了 遍，好泥煤啊！ [衰]
0,一个人用二胡拉 雪之华 ，感动了 泪 一人 二胡 雪 手 感 泪 [泪] [泪]
0,心 每次拿你开玩笑，其实导演组的女生们都好爱你 泪 [心] [泪]
0,祖美食 新菜单 ：上图旧菜单"龙虾意面 配樱桃番茄和新鲜罗勒" ；下图新菜单"龙虾意面 配蒜茸松子酱" 贵了 换来什么？整碟意面份量减少不放凹碟而放平碟、龙虾肉变小粒份量减少、 不 、不够热、味道平凡 唉，怎敢再推荐？ 泪 [泪]
0,天天向上 ： 曹格，加油 舞台上金曲歌王 曹格 ，私底下却逢比赛必紧张，并因此拒绝 我是歌手 第一季的邀约。 吃惊 天天兄弟传授花样解压法、 芒果洪涛 送上加油 、全场观众齐聚呐喊，令曹格感动不已。 泪 更有曹格父亲高歌惊喜出场，第一次说出我爱你，引发曹格泪流现场。更多精彩尽在今晚十点！ [吃惊] [泪]
0,干嘛爱特我！妈蛋！ 抓狂 [抓狂]
0,吃惊 吃惊 吃惊 长春国贸 信息量好大啊 衰 [吃惊] [吃惊] [吃惊] [衰]
0,尼玛啊 号高速，我记住你了。 泪 [泪]
0,采购年货，打扫卫生终于完成了。 晕 和儿子刚归置完卫生和整理不用的书。这活干的，减肥了。 [晕]
0,漂亮诶小编去咋没看到呢 抓狂 [抓狂]
0,香草的时代 尹老师的手机不给力啊 拍的镁铝们都看不清 偷笑 黄新阳 大江网毛宁 这一站，再也不爬山 哈哈 泪 [偷笑] [哈哈] [泪]
0,教育 刘旗辉 可以骂人吗？我靠 黄茜 丢脸！ 怒 王强 吃惊 [怒] [吃惊]
0,敢吃逗你玩 风靡的猫爪汤圆，今个也来凑热闹试着做了一回。。。。。我滴个神啊！区别怎么就这么大呢！ 衰 [衰]
0,得意 抓狂 来一碗 浓汤泥鳅粉条 ，应该是不错的选择！ [得意] [抓狂]
0,有个万能的哥哥，机油都自己换了 晕 [晕] [ok]
0,一场的演出，来来回回改时间，彩排时间一改再改，耽误了不少事，全撞车了，好无奈！真不是闲人，随叫随到，讨厌这种被忽悠的感觉！ 失望 [失望]
0,最 刺激娱乐项目 ：美国大峡谷的 死亡电单车 你敢玩下吗？ 黑线 衰 吐 长隆集团 深圳欢乐谷 香港海洋公园 香港迪士尼乐园 [黑线] [衰] [吐]
0,平时就这样，楼主和主页君是想奔 去吗？！！ 哼 穷游网 南京路也已 沦陷 抓狂 拍下你看到的人山人海 景点坐标，添加话题 ， 穷游网 ，看看国庆出游有多苦逼吧 阴险 [哼] [抓狂] [阴险]
0,最后的好可怜 泪 [泪]
0,我也如此 哈哈 求女神 新拉链 急死我了，拉链的男粉丝比例大于女粉丝，没前途啊！ 泪 [哈哈] [泪]
0,抓住先刨他们的皮！逼我爆粗口，你妈比的！畜生！！！ 演员男陈一 你们两个小杂种！不得好死！ 潘婕 怒 汗 怒 怒 怒 汗 疯人陈岚 瞧你们那个操行！ 怒 余耕 这种垃圾应该直接被消灭！！！ 费煜 嘻哈包袱铺程林 我操你大爷 仨 怒 [怒] [汗] [怒] [怒] [怒] [汗] [怒] [怒]
0,看吧 让你刺激我，我的回复里都看不到这条，必须到你主页上才看得到 挖鼻屎 挖鼻屎 泪 泪 泪 [挖鼻屎] [挖鼻屎] [泪] [泪] [泪]
0,有种跟死神擦肩而过的赶脚！！ 衰 衰 衰 [衰] [衰] [衰]
0,请问，我的粉丝中到底有多少病人？ 抓狂 统一回复：祝大家早日康复！ 爱心传递 [抓狂] [爱心传递]
0,金钱论语邓良平 王克勤 记录： 南方周末 新年献词汇总 饭小团 一句真话能比整个世界的分量还重 在这里，真的还可以读懂中国吗？ 中文网 泪 年：总有一种力量让我们泪流满面 [泪]
0,摩羯座网 伤心 [伤心]
0,复赛。 ： 。第六个小时，还有 个选手。 抓狂 [抓狂]
0,晕 变身啊 [晕]
0,流浪的牙膏皮 泪 遗忘骑士 董向辉 泪 小猪 引号是今天才学习的怎么用直接打出来 小猪 贾肇 比你们都。。。。 飞轮申桐 志飞 就叫我飞吧 老五 [泪] [泪]
0,我的黄金假日 端午假日最近一波：童年木有的萌物 泪 黄金假日旅游 [泪]
0,晕啊 离家还有几千里 抓狂 简白 旅行家，早安 泡鱼儿 说点别的，今天就回家 早安 哈哈 茶叶的视野 旅行家，早安 [抓狂] [哈哈]
0,比电子书的开价好多了 出版人诗飞 衰 [衰]
0,对，超级麻烦 衰 衰 衰 [衰] [衰] [衰]
0,吐鲁番火焰山景区的铁扇公主，好 亮 ！ 在新疆吐鲁番火焰山风景区，铁扇公主早已 衣不遮体 了，由于游客参观游览时举止不雅，攀爬雕塑摆酷照相，导致铁扇公主 敏感 部位 裸露 ，牛魔王坐下骑的牛牛鼻子也 失色 了 泪 禽手，请放开公主！！！ 拍砖 悟空，是你干的么？！ 哼 凤凰网 [泪] [拍砖] [哼]
0,新一轮恶性循环开始，早饭没时间吃，中饭下午吃，晚饭半夜吃，尿尿攒一块，便便需顺路，睡觉随时倒，喘气最好省，睡的比猫头鹰晚，起的比大公鸡早！ 泪 其实吧也就是那么一事儿， 咋忙成奏样涅？！ [泪]
0,寒食节！先人的义和德去哪里才能找回来？！ 泪 泪 [泪] [泪]
0,什么情况？微博被和谐了！好友看不到我发的微博 抓狂 我要说 厦门警方在线 厦门思明公安 厦门小鱼网 新鲜旅厦门 厦门大城小事 厦门街头巷尾 厦门情报 厦门时报 新浪厦门 厦门身边事 妈妈姓夏 志远天下行 厦门市民高度 懒骆驼 风惹尘埃 年柿子 日报陈小莼 小螃谢 雁 羽小觞 [抓狂]
0,亭林镇工作室 丫会康复的 泪 姚晨 没事，吃点板蓝根就好了。 可怜 亭林镇工作室 今日最悲情照片 [泪] [可怜]
0,全球时尚 七夕浪漫 推荐，画面实在太唯美了！ 泪 几米童话集 难得一遇的清新广告 ，看完心情好美丽 [泪]
0,委屈 来到香 港美酒佳肴巡礼 却不能喝酒的酒鬼 很生气 哼 ，我好想喝 泪 泪 我在 球 易 [委屈] [哼] [泪] [泪]
0,好想有这样一次偶遇 晕 微博小百科 这就是音乐，洗涤了我们的心灵！ [晕]
0,我也想看 偷笑 偷笑 偷笑 偷笑 偷笑 抓狂 抓狂 抓狂 抓狂 抓狂 笑话 [偷笑] [偷笑] [偷笑] [偷笑] [偷笑] [抓狂] [抓狂] [抓狂] [抓狂] [抓狂]
0,你们两个 怒 [怒]
0,你占了其中几样？ 海鲜不吃。 花椒不吃。 葱姜蒜不吃。 辣的不吃。 香菜不吃。 羊肉不吃。 蛇肉不吃。 牛肉不吃。 芹菜不吃。 鸡血鸭血不吃。 动物肝脏不吃 苦瓜不吃。 鸡蛋黄不吃。 韭菜不吃 衰 挑食不是好吃货哦 嘻嘻 [衰] [嘻嘻]
0,沉痛悼念津门单弦名宿李 鹏先生， 泪 泪 泪 今日赴津吊唁！ 蜡烛 蜡烛 蜡烛 [泪] [泪] [泪] [蜡烛] [蜡烛] [蜡烛]
0,我的鼻子有肿了 抓狂 [抓狂]
0,今晚奥运会开幕式？ 晕 我都忙晕了。。。 泪 [晕] [泪]
0,晕 扑克 张红 记者小金 ： 人一月刀人韦 转发微博 [晕]
0,一声叹息 黄庆 游离现场 上海人啊 求人肉 冰城粉狐 张醒生 最可气的是车上还有孩子，这一幕发生在孩子眼前，对他的影响也许是一辈子！ 可惜我是女流氓 怒 人在做天在看！ [怒]
0,泪 新买的咖啡翻倒在毯子上！ [泪]
0,这是魏先生最后一天发的微博，五天后已不在人世。 泪 好人一路走好！ 蜡烛 蜡烛 蜡烛 魏继中 寻人总动员 段郎说事 交警陈清洲 热点联播 平安武昌 张智勇律师 佛山背后 豫南交警 胡 宝贝回家姜欣荣 白帆 最美洗脚妹 刘丽 志愿者彭高峰 围脖摘要 幽灵燕子 子妍 [泪] [蜡烛] [蜡烛] [蜡烛]
0,对话： 小肥羊什么时候卖给百胜集团了？ 儿子： 那有什么，喜羊羊和灰太狼还在美国上映了呢！ 晕 晕 晕 [晕] [晕] [晕]
0,泪 八卦 我实在是太 了 你听说过安利吗？ 肉食系小猴子 魅力少妇因富豪丈夫意外失去生育功能，现特招品貌端正的健康男子求精，受孕成功重奖 万 耽美小王子 一人当兵全家光荣 茶水部主管 中国山东找蓝翔 这就是长春 长春技校是你的首选 [泪]
0,我这个周末不在北京，结果下雪了，等了一年，结果这个结果 泪 许耀汉 就是这种精神，我要是人在北京，估计现在也在街上！ 墙根网 蜗牛 网际飞侠 大家都行动了吗？ [泪]
0,林肯公园一期，漫咖啡和建设银行中间！ 抓狂 抓狂 王小墨墨 亦庄具体地址哪？快扩散。。。 [抓狂] [抓狂]
0,回复 鹈 血 哈哈，每次吃烤肉宛，我也总是喜欢到最后挑油渣吃 鹈 血 烤五花肉 抓狂 ，可喜欢吃烤的有点焦的啦，每次吃，都会想起小时候的油渣儿 [抓狂]
0,一个人经常说话不算，推卸责任，不听劝自以为是这样的人能用吗？ 怒 闭嘴 [怒] [闭嘴]
0,没有看到的同学也不用桑心，过几天会放出链接的 爱你 悲伤 悲伤 悲伤 没看到，太伤心了，有录像或者找到链接的给我说一声哈！ 非厨房 看 到 了 话筒 ！ 汗 汗 汗 汗 怎么放人家用菜刀的镜头呢！一点不温柔！ 挖鼻屎 刚播完，美女同学们看到你们了吗？ 心 [爱你] [悲伤] [悲伤] [悲伤] [话筒] [汗] [汗] [汗] [汗] [挖鼻屎] [心]
0,回复 刘嘉 偷笑 偷笑 刘嘉 抓狂 抓狂 抓狂 听节目听晚了 你笑得很阳光啊 [偷笑] [偷笑] [抓狂] [抓狂] [抓狂]
0,痛色囡囡了 泪 泪 泪 泪 泪 泪 泪 泪 泪 泪 泪 泪 [泪] [泪] [泪] [泪] [泪] [泪] [泪] [泪] [泪] [泪] [泪] [泪]
0,寂寞的孩子好想要只加菲猫 泪 [泪]
0,泪 泪 感动中。。。 [泪] [泪]
0,回复 名都和源 最近瘦了木？我好像胖了 悲伤 名都和源 爱你 小魔女 回复 宇 我就去过一次，还不错 宇 这家好吃吗？ 小魔女 哈哈 [悲伤] [爱你] [哈哈]
0,怒 暴力机关中的一员 原来昵称可以 改啊 减肥为了 寡人在魔都 嘻嘻 你们这帮屁民，不打你蛮好了 卓卓 你们去广灵四路这里看看 海 的车是怎么开的就知道了 野哗哗 勃派领袖 风行天下老阿姨 [怒] [嘻嘻]
0,没喝咖啡没露可。好几次摸错档把 衰 [衰]
0,突然的，好想吃北京稻香村的糖火烧 泪 ，想当初从北京拎回一大袋稻香村的点心，吃得爽死了，真是太美味了！！不过老字号也不一定都对我胃口，广州的莲香楼就是 可怜 。我还是和北京有缘呐 馋嘴 ：图片不是稻香村，是北京白魁老号饭庄拍滴 太开心 [泪] [可怜] [馋嘴] [太开心]
0,文化部不让 唱 抓狂 把我最爱的一首删了！！ 怒 包涵 煞笔吧他们 烦死我了 叶三 ：我操，真的假的？ 什 什 ？ 什 ？ 不 唱 。。 道 人最熟悉的一律禁唱 [抓狂] [怒]
0,泪 泪 泪 泪 泪 不敌你一笑动心 佳佳 泪 泪 泪 雅 泪 泪 泪 [泪] [泪] [泪] [泪] [泪] [泪] [泪] [泪] [泪] [泪] [泪]
0,看完少年 ，流了鳄鱼的眼泪结果脸就皴了真讨厌 衰 。 音乐太好，似乎重新激起咱对印度风 什么的爱好。李安真赞 印度文化真迷人！片尾是不是出现了感谢所有工作人员的字样？可惜我那会儿正走到门口没看清貌似是个很大的数字。 [衰]
0,我突然想起 扫舍跟我说的一句话：虽然宰猪是从胖到瘦的顺序，但总有一天会轮到你。有木有 泪 出版凤凤 偶做的书都不在此列，哈哈哈哈。 [泪]
0,泪 我这里木得看哦 王星餐饮品牌策划人 哈哈，寄一本看看！ 邱十九世界 杨迪的甜筒乐园 王星餐饮品牌策划人 瞅瞅 [泪]
0,您从美帝肥来时候在空中伸了个懒腰，无数陨石碎片就袭击了俄罗斯，居然您还不知道，以后记得坐灰机时候别乱伸懒腰。 任末末 我擦。。。 小涛 我以为你开玩笑的。。。 衰 衰 [衰] [衰]
0,为啥看到东莞产的不想喝了？要大力喝。。如果你不喝，工厂停业，女工下岗，只好到桑拿上班了。。 泪 [泪]
0,平安北京 大可 王然 殷俊俊 再见雨辰 贩子范 蟑小兽 大白 君 刘芳舒 快乐生活一点通 求转发 抓狂 抓狂 [抓狂] [抓狂]
0,太阳的 怒 [怒]
0,哈哈，太逗了。 门小薇子 不知道为什么 扑哧就笑了 回复 呦呦 全程保持播音员二级水平，最后没搂住，顺嘴说了句，赶紧的呢，大伙儿等着您呢 衰 呦呦 哈哈，中文 级的吧 [衰]
0,老妈回来我身上各种毛病就犯了，什么腰酸背痛腿抽筋，什么叫臭毛病，这就叫臭毛病 怒 [怒]
0,可惜这 号公路只有十分之一是白天走的，其余都是晚上通过。 抓狂 狐狸美 另外一种美 [抓狂]
0,无信仰的可悲 神州八号 无差别社会 王再岭 向远宏 抓狂 汗 [抓狂] [汗]
0,哈哈哈水龙头或淋浴的水变成血 都被 年代港片害了 王菊花儿 不是镜子里的她七孔流血吗？ 遥大玉儿 以前都觉得没什么，以前看了个图片，就是个女生趴下洗脸，然后镜子里的她，举着把刀。看着洗脸的她。 泪 。 休闲璐 看了评论，我错了。。。。 [泪]
0,我靠我忘了今天我限行了 泪 [泪]
0,链接的新闻上写着 注册资本 万元 ，这边又说是 亿，出入太大吧？ 图书策划人向雷 一家图书公司，竟然投资 个亿，太阔气了吧！ 衰 [衰]
0,阿弥陀佛 蜡烛 蜡烛 于鑫鑫鑫 阿弥陀佛 蜡烛 蜡烛 精品传媒王瑾 我佛慈悲！ 赵凡锐 我佛慈悲 朱晓丹 阿弥陀佛！ 毛大庆 阿弥陀佛 周稚舜 南无阿弥陀佛！ 加 组合 胡明 杨都海 江上老夫子 神仙莫莫 再一次忍不住掉下眼泪。。。阿弥陀佛 泪 [蜡烛] [蜡烛] [蜡烛] [蜡烛] [泪]
0,原来程序员是一个高危行业 衰 [衰]
0,拍的不错呀。我这次去香港新买了银广！又烧钱了 泪 泪 [泪] [泪]
0,回复 号店 打客服有什么用啊！送两批货都没见到发票！无法签收，耽误了快递师傅的工作不说，也耽误了我们的使用！ 怒 怒 怒 号店 您好！如果您的发票有问题，您可以电话联系我们客服热线 ，会有人员帮您处理，谢谢！ [怒] [怒] [怒]
0,抓狂 介 泉！！！ [抓狂]
0,国家的悲哀 九州海涛 文化大国文化强国，书店愈来愈少，肯定是不对的。 泪 花老虎 遗憾啊。民营书店的衰样。难道就不能跟法国学学文化补贴吗？ [泪]
0,一晚上把 生死大营救 最后几集看完了，心理战看得很过瘾，这不咱也终于弱勒个智的追了一把剧，还是国产剧 困 都没有哈韩哈日的那么潮流 失望 [困] [失望]
0,回复 糯米妈咪 泪 如何控制呢，现在淘宝来了个狠的，记住俺帐户了，根本不用输号，发到手机上一个确认码，敲进去直接划钱 伤心 糯米妈咪 谁说不是呢 唉 [泪] [伤心]
0,抓狂 抓狂 抓狂 抓狂 抓狂 抓狂 刘忆斯 抓狂 抓狂 抓狂 抓狂 俞晓群 抓狂 抓狂 抓狂 刘忆斯 抓狂 俞晓群 抓狂 [抓狂] [抓狂] [抓狂] [抓狂] [抓狂] [抓狂] [抓狂] [抓狂] [抓狂] [抓狂] [抓狂] [抓狂] [抓狂] [抓狂] [抓狂]
0,旅行分享 旅游目的地分类大全，最后知道真相的我眼泪就掉下来。。。 悲伤 [悲伤]
0,最近的日子被荷兰供货商折腾 ，我体会到什么叫有滋有味 的工作！ 泪 [泪]
0,一声叹息 金雪航 纯爷们儿 谭育君 衰 无语 刘胜军改革 路见不平一声吼啊！ 李 晓舟 王秋铭 致敬 再次 北京爷们 [衰]
0,抓狂 [抓狂]
0,回覆 杜小杜美 哪部分让你哭了？ 杜小杜美 热泪盈眶 泪 [泪]
0,泪 潘石屹 我啥就高兴不起来呢？ 张欣 我昨天看到普京那么雄赳赳的走进这扇大门，想起戈尔巴乔夫，想起邓小平，那些相信改革开放能改变国人命运的人，突然很难过。 [泪]
0,赐一丈红 徐美美 熊猫罐头 屏蔽他们 怒 有了夸夸的你真心美 爱你 徐美美 每月报销药费那天，我都要忍受这种无边无尽的摧残，我想说，真是够了， 你胖了 这不是一句夸人的话，不要拿它跟我套近乎 怒 [怒] [爱你] [怒]
0,更是灵魂之旅 哈哈 哈哈 太多人叫张宁 眼睛的天堂，身体的地狱呀 茉莉香片 明年我一定要去，你愿意与我同行再次上路吗？ 彭跑 明年新疆西藏一定选一个吧，受不鸟了 泪 呵呵 张晓蕊 哥们你太行了 茉莉香片 哥们儿你太行了，都可可西里了！加油 鼓掌 鼓掌 [哈哈] [哈哈] [泪] [呵呵] [鼓掌] [鼓掌]
0,回复 可欣 是的，都太客气了。公开场合就这样，别的场合可以想象。 阿秀秀 天呀，原来如此，无语。 衰 初雪漫步 我要是主持人，绝对一话筒摔死她 主持人经纪芸陌 我的天啊！可见艺人有个好经纪人是多么重要！ [good] [衰]
0,衰 动我心 吓死人了 哈哈哈 [衰]
0,釜山，打一美国城市名：拉斯维加斯 熊猫 如果说北京堵车，请来釜山过周末，今天堵车堵得我要疯了， 泪 [熊猫] [泪]
0,分钟跑步机 速热身，郑多燕综合全集 哑铃大半集 大半集上臂，腹肌撕裂者 集！折腾到现在，大汗淋漓，衣服能拧出水来！ 晕 晕 晕 听着膝盖、大臂、肩胛骨咯吱咯吱响，才想起很久没全身大运动啦！饿！仿佛隔着肚皮能摸到胃 忍了，洗刷刷后开始 阴险 阴险 阴险 小腹肌，等我哟！ [晕] [晕] [晕] [阴险] [阴险] [阴险]
0,骑马舞那段最 了，手抖没拍好照片。 泪 起床困难儿童 [泪]
0,笑死了。。。。。 可怜 可怜 爱你 夏林菲 我都感动哭了 画下天籁 没关系，你开心就好， 泪 精选 字幕版嗒 [可怜] [可怜] [爱你] [泪]
0,须叔重口 南宁扫黄 老人色情服务 ，扫出系列故事会！ 媒体报道南宁老人色情服务泛滥；于是 月 日，民警深夜扫黄，站街女仓皇上树！ 吃惊 故事还没完：这名浓妆艳抹一身女装的 罗姓女子 被抓后，竟被戳穿是男儿身！ 伤心 此次共抓获 名男扮女装者，均涉嫌拉客招嫖。尚不好定性 衰 孤岛森林 [吃惊] [伤心] [衰]
0,这幅图好熟悉。。。。。。。。。 英歌彦语 回复 随便 苦情！ 鼓掌 鼓掌 泪 随便 琴筝弹泪水 英歌彦语 鼓掌 鼓掌 好句！ 天涯方竹 翠蕉临绿水 清月倚红楼 [鼓掌] [鼓掌] [泪] [鼓掌] [鼓掌]
0,我院也沦为叼飞盘的主了 泪 美国客 摘原文：美国处于 更年期 ，肌体老化衰退，保守自恋，恐慌焦虑，易患更年期综合症，中国则处于 青春期 ，长得快跑得快，富于梦想，求新求变，乐观自信，易遭遇成长期的烦恼。 汗 中科院报告写出侃爷特色 吃惊 [泪] [汗] [吃惊]
0,生活单调了，身体不需要动了。在向 里的地球人演化 抓狂 [抓狂]
0,衰 黑白分明老王 国人将至，片瓦不留！ 衰 山中野猴 我也要去 [衰] [衰]
0,不知道是不是我特别欠缺打车运，总是碰到怪司机！刚刚上车明确交待去西直门嘉茂 一个电话的功夫 他从积水潭桥呼啸着就奔东而去了 我弱弱的问：您这是要去哪儿啊 泪 师傅理直气壮接连质问：你不去东直门嘛？！ 晕 唉呦西直门啊！那你也不看看我在哪条线，你也不说！ 泪 泪 我 还没急呢！你急！？ 怒 [泪] [晕] [泪] [泪] [怒]
0,富顺儿歌：二师兄耳朵长，遮风遮雨遮太阳 黄天 你表挨特锅了，刚看到三锅发的延时猪头宴 泪 泪 泪 肠子都尼玛悔青了 怒 [泪] [泪] [泪] [怒]
0,回覆 美味的 西通常都好肥 嘻嘻 好美味不 好肥！ 抓狂 [嘻嘻] [抓狂]
0,等下雪的时候我就去，兔子现在台湾呢吧！ 南薰绣楼民宿 兔子还不快来？ 兔子绕南 泪 [泪]
0,最近有件事儿让偶超崩溃 泪 泪 泪 某些亲爱的朋友们总喜欢把自己宝宝的头像放在自己的头像框里，然后再整一个很有个性的签名，比如：猫头鹰、大姨父、过山驴 最后玩儿命给你打招呼疯狂请求添加好友 抓狂 抓狂 抓狂 苍啊，天啊，难道姐是验 的吗？ 蕾女心经 [泪] [泪] [泪] [抓狂] [抓狂] [抓狂]
0,苏老师舞蹈排得太顺，走了，哈哈 苏洋 为什么为什么为什么！！！！！！！ 抓狂 抓狂 抓狂 海生 我的侧脸也是这么帅 [抓狂] [抓狂] [抓狂]
0,北京何时才能出现？ 侯宁 鼓掌 断供房批量拍卖 泪 [鼓掌] [泪]
0,我的爱有多深，我的牵挂和不舍便有多长。 前两天见到 三毛真相 作者马中欣，他说 三毛的死纯属是个意外 泪 [泪]
0,绝对不能再胖了！！！ 泪 [泪]
0,素质哦。 人肉！啥么事！滚出上海 怒骂 [怒骂]
0,还让女人肿么活啊。。。 醉眼 晕 虾妞：这个真的，很难辨啊。。。而且还长的挺标致。。 [晕]
0,文章同 你的戏总是那么容易让人心疼起来，是编剧厉害还是你的戏好呢？ 实用小百科 看一次哭一次！ 泪 [泪]
0,好奇怪的发型 衰 [衰]
0,赶紧再超发几十万亿人民币 衰 中岛 转发微博 [衰]
0,道私房菜 不是我后悔，是我不能面对现在的结局。 失望 [失望]
0,哈哈哈， 型准 葛格：我不是 型，我不是我不是！ 抓狂 抓狂 抓狂 萌子 我果然是 型血 [抓狂] [抓狂] [抓狂]
0,呃 抓狂 衰 [抓狂] [衰]
0,打个喷嚏闪了腰 泪 [泪]
0,这个说的怎么那么像！哈哈。 麦斯蒙市场咨询 傲然王 洋洋洒洒千百字，其实不过三个字：不分开！ 佳梦 唐一申 你看这经历像谁？ 佩 王儿 泪 生命轮回，情满心头。 [泪]
0,回复 姓罗名晶 我思考的习惯是需要在巨大的压力下，洗澡时，或是可以抽烟，可惜机窗内都不合适啊。 泪 泪 抓狂 抓狂 抓狂 姓罗名晶 难得可以慢慢地走来走去，思考问题。 集创 这就是不提前买机票的结果。以后一定未雨绸缪。现在两块电池都快没电了。后半夜怎么过。 泪 泪 泪 泪 [泪] [泪] [抓狂] [抓狂] [抓狂] [泪] [泪] [泪] [泪]
0,终于和你一起唱了当时，圆满了 泪 爱你，我爱你 泪 [泪] [泪]
0,怒 阿宽兄弟 今天正和一个朋友聊天，他小时候在地方艺校课上时被老师把大腿肌肉直接撕裂，被迫放弃已经学了三年的舞蹈，文化课全耽误了，现在看舞蹈心里还隐隐作痛。 舞蹈中国网 深表同情！望孩子伤情早日康复！尤其是这幼小的心灵，要承受这么大的打击 ！希望孩子康复后不要放弃， [怒]
0,黄老斯家的砂锅不会爆炸吗 衰 [衰]
0,泪 问题很严重 的角落 我也挂过，但那时我挂出来的显然没你这么可怕。我肩膀两处颜色明显些，其他地方类似抓痕。看来你问题不小啊！ [泪]
0,康马斯 笨笨晓晓猪 求法律专家作答。是这样吗？ 泪 泪 [泪] [泪]
0,这是给了她们多少钱啊 忧郁的王飞 田甜 甜文静 当个服务员容易么？ 衰 相声演员刘兰亭 藤儿 星缘客栈 周 小尖果儿 行者磊磊 弄五千个都能去保卫钓鱼岛了吧？ 相声演员刘兰亭 真难为这些姑娘们了，这一顿折腾比干一个礼拜活儿还累，看劲头拉到前线都能打仗啦。 [衰]
0,怎么不把高考日子改了呢！取消得了！彻底给各国大人物行方便！ 怒 [怒]
0,胃又疼了，怎么疼的都想哭呢？ 泪 [泪]
0,泪 泪 心 心 卡卡 笑忘书 作为体验过港中旅人文、自然等独特一日游线路的旅人，我要赞一下他们的服务和品质。这是一家有历史有操守有情怀的大社 。 小仙儿 爱拉 梅妞妞 香港中旅 请各位同学帮忙转转，谢谢哈！ [泪] [泪] [心] [心]
0,末日来了，发烧眩晕中 晕 [晕]
0,真汉子在宠物医院的最后一刻显得无比忧桑 晕 [晕]
0,号地铁线限行了！ 号线入口处顿时水泄不通，场面相当之壮观，好多人拿出手机拍照记录下当时的 盛况 ，我却被挤得手都抽不出来了。。。 被撞衫的井 亲爱的，你在 号线还好吗？ 偷笑 宋阳爱吃肉 号线限行是因为人太多把车门挤坏了！现在相信了吗？ 抓狂 郑皓南 今天我也 号了。。。 晕 [偷笑] [抓狂] [晕]
0,上次跟好友登泰山的照片来了，我觉得这张特别的浪漫，记得在纳木错看日落的时候是我爸陪着我，在泰国看海是我妈陪着我。为什么我每次有浪漫景色的时候身边都是女朋友陪着我，要不就是我爸，要不就是我妈！！！ 泪 泪 [泪] [泪]
0,预装太多了。倒是方便啊 晕 [晕]
0,流沙流沙漫天飞 衰 [衰]
0,女人是烦 抓狂 [抓狂]
0,各种欢乐 哈哈 感谢 全球设计师集合店 爱你 马为蕾连夜赶制的制服 泪 [哈哈] [爱你] [泪]
0,感冒 感冒 感冒 昨晚病痛又加重了 又折腾了一夜 悲伤 疼得我一夜未睡。最近视力很迷糊！总是犯困、经常眼前发黑。痛起来心情很糟糕 悲伤 不过现在科技真好。白天一检测、身体各项体能又出问题。真希望这些仪器有效果。让我快些健康 不再那么痛苦。 我在这里 [感冒] [感冒] [感冒] [悲伤] [悲伤]
0,这脸上是什么啊，看上去就很恶霸！ 永远的汉顿 ：转转吧 上海潮流情报： 路女司机被乘客毒打扔出车外 刚刚又看到新闻说这事，说凶手还没有抓到，恨啊 抓狂 有看到的童鞋请立即通知 [抓狂]
0,丹哥说：几月不见，咋变了模样儿？ 也就是说，俺已变得不像俺了 思考 ；更恐怖的是，自从带耳机听歌后，就有了失聪的迹象 黑 ！呼 难不成，俺老得很严重？！ 抓狂 圣诞节耶 不要这样好不好！ [思考] [黑?] [抓狂]
0,回复 顽顽咋了 晕 我也至少它至少几百岁啦 顽顽咋了 很久很久以前的 [晕]
0,与人的健康相比太廉价了吧？ 泪 泪 真不知道伊们早干嘛去了？？ [泪] [泪]
0,原本以为是一篇教你怎么说话的文，没想到看完后泪流满面！ 熊猫儿宝宝 乐颜 熊猫儿宝宝 看了要是哭了不要怪我哈，反正我是挂着眼泪睡觉去了 泪 小邸电台 夜深了就更容易触动泪点 经常璐璐 看得眼泪乱飚 [泪]
0,看完 最新连载，富奸就是个各种创造最强后又轻而易举灭掉最强的坑神。蚁王直接被炸弹轰死了，奇伢无所不能的小妹只用奇伢一句话就能搞定。好吧，唯一欣慰的是小杰和金见面了 柯南和猎人真是毁青春的漫画 衰 然后又是无限制休刊中 [衰]
0,累了 号哥是剧务和艺人统筹及龙套， 号哥是抽奖小工、话筒架、过气 泪 [泪]
0,许小鸵 才 年？？ 怒 [怒]
0,维稳，维稳，越维越不稳！ 还他自由 一懒无疑 韩志国 薛蛮子 转发 抓狂 交大浙江人许慎之 说实话，维稳力度越大，有人会更加有恃无恐，而这样的事件也会越多。又是一个村长，名叫游济安。 [抓狂]
0,哎，无语 崔丹华 一国两制下的移动两套，明显的欺负内地钱多人傻 冷笑话精选 呃。。。 泪 [泪]
0,怒 怒 龚晓明医生 本来一个流产手术大概下来应该是 元就可以了，看看这位姑娘如何在宫颈糜烂 人流套餐 微管可视 子宫康复仪一步一步被消费到 元，各位请转发让更多身边的人知道这骗局。 [怒] [怒]
0,怒 ：真是惨无人道； [怒]
0,智慧小巫：在这个性别混淆的年代，请擦亮你的双眼 晕 [晕]
0,如果时间可以倒流，我会不会勇敢一点 悲伤 [悲伤]
0,好像全校，十一只有我们班，不放假。好开心啊。 泪 我们的学费交得好值啊。。。。。。 锅锅 雪候鸟 橙子亮亮 娄大阳阳 赵小萌萌 侯小娜 杨雅淇叶叶叶叶 颜筱懿 [泪]
0,回复 黑米粒 爱你 我爱听、可他们都喜欢那些美女、 万步健走吴树生 传媒邵鹏飞 不管我 抓狂 黑米粒 都没有你美！ 无须豆蔻 看见美女就重色轻友、哼不管我 抓狂 万步健走吴树生 我必须得保护他们 午马 青花瓷 你也太霸道了吧 偷乐 把自己说的好像是大英雄似的 哈哈 [爱你] [抓狂] [抓狂] [偷乐] [哈哈]
0,继续饿着等审稿 泪 孙静 麦子豆 以后让领导给咱屋里准备点吃的，同意不 馋嘴 [泪] [馋嘴]
0,致脑残的青春 胡采采 我也是脑残粉。。。 郭敬明 泪 泪 泪 泪 泪 泪 泪 泪 泪 电影小时代 说出了多少人的心声！赞一个 [泪] [泪] [泪] [泪] [泪] [泪] [泪] [泪] [泪] [good] [good] [good]
0,！你 我太感 了！ 泪 [泪]
0,还去马来西亚？ 经纬飞越 抓狂 晕 吃惊 汗 大马虎 含笑 百度旅游 百度新闻 [抓狂] [晕] [吃惊] [汗]
0,伤心 一君呢 为什么我们没做出这个题？ 泪 我可以说触目惊心么 财经网 时代周刊 淘宝腐败调查 淘宝小二花样繁多的腐败形式遍布了整个淘宝系。从个人索贿发展到淘宝从技术人员、活动策划人员到客服人员全方位跨部门、跨专业的团伙性作案， [伤心] [泪]
0,听惯了你解说的的德甲 泪 难道说赌球公司真要浮出水面 衰 博斐秀禾 蜡烛 蜡烛 沉痛哀悼，一路走好！ 彭涌 爱美食 兄弟，一路走好，悲痛万分，悲痛万分 蜡烛 蜡烛 蜡烛 蜡烛 蜡烛 蜡烛 蜡烛 蜡烛 蜡烛 蜡烛 蜡烛 蜡烛 [泪] [衰] [蜡烛] [蜡烛] [蜡烛] [蜡烛] [蜡烛] [蜡烛] [蜡烛] [蜡烛] [蜡烛] [蜡烛] [蜡烛] [蜡烛] [蜡烛] [蜡烛]
0,这么洋气 抓狂 我们也要 桔子水晶俞萍 回复 桔子水晶赵震 大连水晶一层橱窗 桔子水晶赵震 这是哪儿？ 挖鼻屎 桔子水晶俞萍 门口橱窗摆上了？这么好看？能来个全景吗？ [抓狂] [挖鼻屎]
0,我和三师弟在呢，二师弟 椰风野树 睡觉了，你可以过来了 哈哈 天域 该谁值班了？ 游走的胖纸 回复 陈凯斯 我们要是在惯蛋，就该有人发微博说我们有病了 哈哈 陈凯斯 灌蛋没 睡在我上铺的一直在讲电话 有病！ 抓狂 [哈哈] [哈哈] [抓狂]
0,中国现如今，男人们在外应酬，吃吃喝喝貌似是很风光的表现。 晕 酷 干杯 月亮 打哈气 神秘中国风 为什么北欧全球幸福指数第一！！ [晕] [酷] [干杯] [月亮] [打哈气]
0,万受伤害的女性 衰 联合国 人权事务 据估计，中国有 万女性陷入了与男同性恋的虚假婚姻。大多数 同妻 在婚前不知道她们伴侣的真实性取向，从而成了传宗接待的工具或者掩盖其丈夫身份的保护伞。 [衰]
0,哎呦卧槽经不住想骂街 董爷 真他妈长见识 ！ 奥特曼 凉菜王 没功德！遭天谴！ 允钺妈 看来新加坡地铁不让吃东西是有原因的。 水煮樱桃 衰 李瑜同学 我滴个娘唉 哥改名字了 飞水涟漪 [奥特曼] [衰]
0,粗花 偷笑 困 泪 [偷笑] [泪]
0,为什么大家听说额要去做白水漂流都那付表情 晕 ，今天在各位 天生异狐 穆杉伯男 太阳 一熊微博 朱文博 的鼓励帮助下完成了赞比西漂流，必须的瑟一下 嘻嘻 [晕] [嘻嘻]
0,离开公司前看了眼小花，好像快死了。。 泪 而且我发现我的花茎上布满了小虫。。。看了一眼你得 小坦克 缪士颖 也有少数几个小虫。。。不知道是不是虫的原因。。。 泪 不知道怎么驱虫啊啊啊啊啊啊 啊啊啊啊啊 [泪] [泪]
0,好孩子要坚强！ 泪 董崇飞：感同身受！ 齐鲁网 泪 泪 泪 山东手机台 好孩子！ [泪] [泪] [泪] [泪]
0,登凤凰岭 花絮 泪 [泪]
0,我也想要个广院寒假呀 抓狂 辰小匀 圣诞老头，请再赐我一个广院版寒假吧 泪 泪 泪 [抓狂] [泪] [泪] [泪]
0,层好闷呀 求新鲜空气 泪 [泪]
0,恩，下任校长就你了！ 祭小司 河大可以搞两千年校庆，校史直接洛阳的太学。 小车慢开 河南大学也可以搞千年校庆 祭小司 某些 千年学府 甚至将校史上延到了宋朝。 某校躺着中枪！ 衰 小车慢开 杨锦麟 大 高校， 相百年， 春：才一 的江南大 ，竟 念百年校 了！ [衰]
0,这是年纪大了吗？头不疼了，又开始咳嗽了。 怒 [怒]
0,当世界，被风吹落，而我的脑海里却只有你在游荡 你是否忘记了我们的曾经？ 心 心 伤心 [心] [心] [伤心]
0,第一次对 星期五 毫无感情 黑色星期五有木有 泪 [泪]
0,为爱痴狂 骑呢火星日日有料爆 无敌好听啊 抓狂 爱你 ！！！ 中国好声音 郑虹 李代沫合唱催泪情歌 如果没有你 好纠结啊 抓狂 [抓狂] [爱你] [抓狂]
0,没有人做饭的日子不好过啊 抓狂 泪 [抓狂] [泪]
0,俺是花钱第一的狮子痤呀 抓狂 那财运呢？ 丝讲故事 花钱最可怕的星座 但愿没有你！ [抓狂]
0,象我们这种跑不快的以后还活的起吗？ 晕 翡翠岛女神 和和大宝 不止一次看见这张脸了，怎么还没抓到？ 张大闹闹 尹馨梓 什么社会！ 黄涛 报警 导演马进 姜凯阳 的空间 唐蕾小酒馆 以前听说过终于有人拍到这种人渣 怒 没人管了吗 平安北京 [晕] [怒]
0,要对自己负责任！！ 可怜 丸子妹你妹 泪 [可怜] [泪]
0,害羞 害羞 最近照相感觉眼睛越来越小了，怎么办？是妆越化越淡的原因吗？ 失望 朱马哥 旺夫像 郭蕊 老先生随意而谈的经验看法，在我们看来都是非常有借鉴价值的投资理论。 威武 威武 发红包 发红包 [害羞] [害羞] [失望] [威武] [威武] [发红包] [发红包]
0,确实美味，可惜该品种被糟蹋中， 泪 很难吃到生长海域原味，在国内被养过或已参入其他生蚝 [泪]
0,林小英 抓狂 日化 这才是和谐社会的公务员 怒骂 [抓狂] [怒骂]
0,早发现是一个人啦哈哈哈哈貌似第一个不错 好火药 搞半天好多人不知道这四个都是我 抓狂 这都能重名啊我擦 好火药 都是同一个人 [抓狂]
0,我的天哪 泪 我想见我家少爷 如果这次去不了 下次要什么时候才能再看到他呢 思考 [泪] [思考]
0,真羡慕有老公陪着做的，我只有一只爱犬陪着，除了做东西，还得照顾它的馋嘴 泪 [泪]
0,悲催的。一晚的睡眠被分割几段，小腿抽筋抽上瘾了。。痛苦的想把它送肉联厂。 泪 [泪]
0,那怎么办？ 嗯？咬碎吞下去？ 情报啊！ 泪 我电视剧看多了。大家转转，让更多的人知道这常识。 [泪]
0,什么叫人工又少？ 郭燕娃 以后只能靠你养了，糟糠之妻不能忘 泪 人 音 赫然在列哇 害羞 害羞 害羞 害羞 害羞 [泪] [害羞] [害羞] [害羞] [害羞] [害羞]
0,如果这次因为 导致公司旅游被迫改期或取消怎么办啊。。。 抓狂 许军 的哈哈岁月 [抓狂]
0,，我想和我的智齿谈谈。 抓狂 生病 衰 [抓狂] [生病] [衰]
0,年后 年来从没有过的如此公然的倒行逆施。 北京厨子 显而易见的一次逆袭 陈业文新大都 文革幽灵一直在游荡。 怒骂 风月史鉴 文革就在眼前。 摄影师王麒 他们的背后有 方便面 和 常青树 的影子。 [怒骂]
0,住院 第一夜，谢谢各位媒体大佬，亲朋好友的热切关注，小的在此一并谢过。由于病房管理极严，每日探视开放时间仅三小时，且每次只允许两人上楼，故恳请各位千万不要冒然前来。到时候搞成媒体集会，以各位腕儿的脾气，小的实在开罪不起 汗 晕 泪 。再次由衷感谢大家 心 心 心 [汗] [晕] [泪] [心] [心] [心]
0,。。。。。 衰 衰 吃惊 吃惊 [衰] [衰] [吃惊] [吃惊]
0,台球那次！ 风神小邪 不能够！我是那样滴人咩 梦 落 你是把人忽悠到植物园，你没去么。 风神小邪 可怜的娃啊 偷笑 丫头 悲催首页值班没去成 泪 [偷笑] [泪]
0,伤心 蜡烛 蜡烛 蜡烛 蜡烛 蜡烛 蜡烛 蜡烛 蜡烛 蜡烛 蜡烛 [伤心] [蜡烛] [蜡烛] [蜡烛] [蜡烛] [蜡烛] [蜡烛] [蜡烛] [蜡烛] [蜡烛] [蜡烛]
0,全国人民将又一次喜迎油价上调了！再这样调买车的激动都被调没了。。。！ 失望 失望 [失望] [失望]
0,末日指的是人类自取灭亡 泪 北京消防 泪 [泪] [泪]
0,信用卡找不到了。。。。。 泪 [泪]
0,快让我回去做版吧，我转晕了，好饿，求年会早点结束！ 晕 浮云 [晕] [浮云]
0,完了，最后名 泪 泪 十一月最 心最幸 耶 嘻嘻 嘻嘻 嘻嘻 可能是 十一月在巨蛋的 大 要大 了！ 哈哈 哈哈 哈哈 [泪] [泪] [嘻嘻] [嘻嘻] [嘻嘻] [哈哈] [哈哈] [哈哈]
0,武小兜： 吴尊家的宝：扑街！ 怒 宝二爷怎么还不来？ 假装很享受：请注意那辆警车，亮了，亮起来！！！！ 天佑中华 ：请大家注意：警车的牌照！ [怒]
0,泪 魔鬼媳娌 赞 作家 天佑 这个要扩散，不靠他们，靠咱老百姓自己。 [泪] [赞]
0,爱能创造奇迹 咱们一起去旅行 伟大的母爱 泪 [泪]
0,实验室今年顺利毕业四个博士 干杯 ，为了将来，以后得好好科研了，不再贪玩了 泪 。 我在这里 [干杯] [泪]
0,就在刚才 我已经吃掉了四个做失败的白糖米发糕 泪 第五个试验品还在锅里，谁救救我吧，真的吃不下了。。。嗝 嗝 [泪]
0,回去换身衣服准备第三场 抓狂 [抓狂]
0,贵州酸汤在北京已死！小有盛名的三个贵州人也不过如此！酸汤虽有木姜子油的清新味道但汤入味不深，缺少功夫！更可怕的是一盘血豆腐是臭的！虽说服务态度不错重换一盆酸汤和料，但吃兴大减！ 泪 想念贵州呀！ [泪]
0,不折不扣的作秀！！还是我党真实！！ 袁腾飞 帝国主义头子都是作秀 嘻嘻 历史尘雾 这不是历史 怒 [嘻嘻] [怒]
0,额 如此说来，幸好咱们的妈们智商令人捉急 偷笑 闲情偶记 张晨初艺术空间 云相公 不想当妈，可我是笨蛋 黄诗韵很狗屎 卧槽 难道我这么喜欢小孩子是因为我智商低？！！ 糙男安先生 生活至上 陈博梅 晕 [偷笑] [晕]
0,十一长假结束了，讨厌的星期一又来了！ 汗 抓狂 图片是西方建筑发源地之一的希腊雅典的卫城，和所有的现代城市一样，雅典也面临着传统与现代发展的碰撞，他们不允许现代建筑遮盖古文明的风采，国家规定任何建筑物不能高于卫城。感受着卫城的圣洁典雅，断壁残垣上依稀可见的伟大雕刻太壮观了！ [汗] [抓狂]
0,今天早晨 点起，七点半出门。青年路 双井 机场辅路 十八里店。整整三个半小时在路上北京半日游。 睡觉 衰 此刻终于能坐下喝杯水。 [睡觉] [衰]
0,我擦 刘锡铭 光头王凯 年了，白看了 泪 [泪]
0,我已经在小区楼下疏导快两个小时交通了 终于可以回家了 但电梯又坏了 楼呀 开爬 泪 [泪]
0,我就在淘宝上搜了搜出前一丁，新浪微博就开始每天给我推荐各种速食面、米粉之类的 衰 [衰]
0,哈哈 跑滩的菜蟹 他逛窑子去了！ 张小云 为了他的伟大作品，他已经 个月没到中南海上班了 泪 子梵梅 焕光这窑什么时候能造完啊，好久没接见我们了 萧春雷 跑滩的菜蟹 瀚堂主人 流光闪 男人惊慌地老去 陈文令 高孝午 厦门蓝兰 海 中央 鼓浪屿杨桃院子 半村半郭 张漫青 [哈哈] [泪]
0,和好友去明洞逛街，很喜欢这里的美食和服装店，居然还有 折扣店，大采购！街旁的化妆品店实在不大吸引我，我用惯的牌子这里都没有。今天身上穿的是我们家 的皮草，赢得很多路人的目光，估计是这件衣服强大的滩羊毛领很抢风头。副作用是人家一开口居然都是直接和我飙日文 泪 泪 泪 [泪] [泪] [泪]
0,回复 小池 目前 泪 [泪]
0,林小姐的故事同样难过。 点就起床收拾行李去机场，结果生生在飞机上坐了一个半小时才飞。到酒店了，突然心跳加快、头晕恶心。还想起昨晚跟你讨论的话题好恐怖啊 王檀冰 焦中华 焦小姐的故事也很难过，想早点回北京讨论完善 ，飞机至少推迟近六个多小时，不知道今天能不能回到故乡 泪 [泪]
0,回复 波 和美女服务员打好招呼，明天回来时，预留两份 偷笑 波 旁边梅菜扣肉味好香，经得起诱惑。 抓狂 [偷笑] [抓狂]
0,我爱大家 哈哈 怒 萝卜欣儿 我们会永远爱你！ 爽爽蔡 奥利奥 [哈哈] [怒]
0,又是个好姑娘！对生活有希望了 签名档 广泛宣传下！近期要去西藏的人留意了！ 西藏 邦达仓大院 回复 米粒 不是吧，你住了那么几天！！！ 米粒 什么什么，我怎么就看见一个院子！ 泪 泪 泪 还有图书馆！都不宣传一下！！！ [泪] [泪] [泪]
0,十一面市，敬请期待 子燕 回复 妮雅维娅 嘻嘻 泪 痛并快乐着 妮雅维娅 十一面市，大大的期待 呵呵 新坐标旅游杂志 厦门市旅游局 自驾游福建！真令人期待啊 鼓掌 [嘻嘻] [泪] [呵呵] [鼓掌]
0,看到这个视频，我疯了！ 衰 吃惊 吃惊 真疯了！！这是企业文化还是在折腾人 [衰] [吃惊] [吃惊]
0,偷笑 山里来的风 某地一头不孕不育的猪，自从唱了红歌，一胎产下 头小仔，大丰收啊 小乐弦子 红歌的确是有这个功效 赵何娟 泪 比毛主席语录还有用吗？鸡冻地奔走相告，以后我就靠红歌了 山里来的风 奶奶米亚，太牛鸟。 [偷笑] [泪]
0,哦，天朝的天才设计师！ 衰 [衰]
0,停水 抓狂 抓狂 抓狂 抓狂 抓狂 想骂人 怒 怒 怒 难得长工今天勤快啊！ [抓狂] [抓狂] [抓狂] [抓狂] [抓狂] [怒] [怒] [怒]
0,啊就，啊就，啊就又败家啦 泪 我在 [泪]
0,每次果姑娘热情满满的做各种手工让我随身携带时，有谁能够体会我当下心情的复杂啊 哼 哼 晕 晕 我在 [哼] [哼] [晕] [晕]
0,蔡鸿岩 津梅 悲伤 建 直接去找北京的温神医！ 亮亮羽 看得我心疼啊！ 泪 朱晓丹 太可怜的小姑娘了，居然笑起来还那么漂亮。你每天都在痛着吗？ 泪 生病 万能的微博和拥有超多粉丝的好人啊，帮着转直到神医出现吧！ 毛大庆 任志强 蔡鸿岩 全忠 [悲伤] [泪] [泪] [生病]
0,他 年的兔子？？！！！ 抓狂 全球时尚 帅！！ [抓狂]
0,孩子发烧 度，我说研究下病因，看看大夫昨天怎么说的，打开病历， 怒 这 谁看的懂，坑爹 [怒]
0,经常有人问我： 你是怎么把这么多各色的人凑到一起的？ 我真无法回答 有一天，一个最各的朋友说 "你这人和别人不一样，挺各的！"天，原来每个人的都觉得自己是正常的！ 衰 [衰]
0,我家二狗子只会叼垃圾给我 泪 麦田的果子 猫猫以为自己是顶梁柱，要养活全家！ 泪 治愈系心理学 吃惊 [泪] [泪] [吃惊]
0,你那是廉价航空吗？怎么还不发吃的？投诉他们 空心菜爱 甜了个甜，我饿了，乘务长不发吃的 路喜喜 咪咪，你保重啊，咱不至于的 吃惊 空心菜爱 无语。。。其实我是饿了 失望 [吃惊] [失望]
0,看了视频就把我吓住了，那个年代的中国体操真是什么逆天的动作都敢做啊！真是太牛了！我估计被禁的最主要原因就是因为其他国家的做不到就给禁了得了。 抓狂 [抓狂]
0,无底线 天津李延亮 这也叫记者？这这这这 天津花旗 这某报是中青报，这记者真的没有下限了 怒 [怒]
0,开始大兴土木了 贾军 晕 晕 晕 晕 晕 [晕] [晕] [晕] [晕] [晕]
0,这脸有时候要有时候不要 看来我就没要过脸。 衰 冷笑话精选 经常既不要脸也不要命的同学们就自觉转发吧。。。 哈哈 [衰] [哈哈]
0,不幸发生， 在京珠高速往虎门方向万倾沙分叉路口处 ，一粤 车，前撞后追，可能报废！！！ 泪 望人平安！ 深圳交通广播 发仔 [泪]
0,长期加班，易脑残 吃惊 香港大学对 名白领做调查，超半数每周加班多于三天，大部分在休息时都要接听工作电话或接收电邮，更因压力大出现 断片 、工作甩漏、精力不集中 注册营养师指出长期受压，会增加脑细胞的破坏。建议 再忙也要吃早餐 每天吃新鲜蔬果 学会主动休息。 中新网 伤心 [吃惊] [伤心]
0,回复 好人老周 原来岁月蹉跎竟然是这样的 哈哈 好人老周 回复 有福社长 多岁月木有机会吃了 泪 有福社长 老周实属能吃会喝啊！ 哈哈 好人老周 回复 走在左边的右边女子 饺子最美味。但福建美味中，印象最好的是闽地的佛跳墙 走在左边的右边女子 我今天中午吃饺子 [哈哈] [泪] [哈哈]
0,打了鸡血了，不到五点半就起床，其实好困得，为啥最近睡眠一直这么差呢？再这样下去受不了了。 泪 [泪]
0,回复 小肥鹅妙妙 恭喜恭喜，好好养身体 小肥鹅妙妙 回复 好啊 很愿意把幸福传递给所有人 看了幸福吧里的文章，写的都太好了 我没有那么好的文笔 呵呵，等有时间会和幸福人分享我的幸福事，最近正忙着给娃过周岁照周岁照呢 挤眼 本来娃是 的预产期，不过 就出来了 失望 [挤眼] [失望]
0,普天之下，莫非王土，再别只骂微博了！ 来去之间 还有这些号啊，居然没关注过 衰 陈朝华 飞机 崔向红 转发微博 [衰] [飞机]
0,好家伙 咋的了这是 吃惊 孙雪 晕 晕 泪 泪 抓狂 抓狂 委屈 委屈 委屈 [吃惊] [晕] [晕] [泪] [泪] [抓狂] [抓狂] [委屈] [委屈] [委屈]
0,别迷恋 啦， 是个传说 偷笑 。一如当年的小灵通 中兴 王勇 千元智能新标竿 已全面上市，屏幕更大 ，速度更快主频 ，内存更大 。 爬墙头采红杏 一代平民神机！不能就这样被父母抛弃了！ 泪 泪 泪 泪 [偷笑] [泪] [泪] [泪] [泪]
0,怎么下得了手！ 老桑 草！ 哇靠 老天 你们你们 天哪！ 抓狂 抓狂 抓狂 卧槽尼玛！ [抓狂] [抓狂] [抓狂] [?]
0,从 自由行官博投票看，无锡、徐州明年有希望 的样子 一说台湾，旅行社第一句话就是问户口在哪里 伤心 伤心 伤心 清华南都 哈哈 台湾我一定会去征服你的 [伤心] [伤心] [伤心] [哈哈]
0,藏区摄影旅游 唐建 泪 [泪]
0,纸巾 湿巾 五串钥匙 俩粉饼 俩眼影 俩眉笔 仨口红 俩唇膏 睫毛膏 眉粉 盾 钱包 俩卡包 行驶本 驾驶本 好像还有好多别的 泪 [泪]
0,现在最最悲哀，最最欲哭无泪的应该是那些拿起盐罐子却发现没有盐的煮夫 主妇了吧！！买都没地儿买去啊！！！ 泪 泪 [泪] [泪]
0,回复 炸酱面搭配糖蒜 失望 炸酱面搭配糖蒜 怎么了？这是 [失望]
0,最近的旅行乐趣统统转嫁给了败家这件事 这难道是因为没空旅行而寻求的短暂心里安慰模式么？ 这样会不会不太好啊 思考 失望 鄙视 汗 翟猫猫 我是 猫眼 [思考] [失望] [鄙视] [汗]
0,剩下的全是羊毛衫，要手洗， 抓狂 ，有什么办法机洗不缩水么？！ [抓狂]
0,晚安山东 作为一个专业的睡神，这种事情绝对不能忍！ 抓狂 [抓狂]
0,我也是 女鬼 吗？！！ 小 刚哥 明天我还去吗？ 衰 衰 生病 生病 霍小刚刚 今夜 办公室 有鬼！ 尖叫 尖叫 图为今夜游击队的部分女鬼们 小 哦买噶 有鬼！！！ [衰] [衰] [生病] [生病]
0,晕 花心 泪 [花心] [泪]
0,在一声欢呼中直升机一头扎进河里了 衰 [衰]
0,我可以回家了么。。 泪 [泪]
0,闯祸了闯祸了 泪 泪 泪 煮玉米变烤玉米了！ 生病 生病 生病 衰 衰 衰 [泪] [泪] [泪] [生病] [生病] [生病] [衰] [衰] [衰]
0,期待！ 儿女冤家 之后再一部自己感动滴作品！ 泪 泪 泪 [泪] [泪] [泪]
0,泪流满面 泪 郭万怀 爱你 爱你 爱你 [泪] [爱你] [爱你] [爱你]
0,好吧我知道他们都委屈啥了。一年就区区一周左右可以 瑟 啦啦啦街上好空 我感觉回到了小时候 花心 然后突然有人冲出来喊 呸你闭嘴你歧视我 你说能不闹心吗？再一瞧貌似压根没来过就。真是没地儿说理去。一个礼拜都不让踏实还让活不？ 泪 [花心] [泪]
0,怎么啦 怒 [怒]
0,最近压力让我头痛 衰 晕 [衰] [晕]
0,到早了，大门紧闭，快来开门啊！ 泪 [泪]
0,怒 禹加峰：忽悠水平超本山！ [怒]
0,猫掉鱼缸里了 泪 。 [泪]
0,尤其是 末 初的一代，吃着苦、做着试验品还挨着骂 听语漫步 神门时代都赶上了 哈哈 大漠孤狼 泪 俺这六零后更惨啊！ [哈哈] [泪]
0,感人！ 泪 吴小军 出石落水 眭群 挺感人的，我看过美国另外一个摄影师拍的在父亲临终前跟他在一起生活的那段日子。其实摄影就是对生活的一种记录。 馒头 转发微博 [泪]
0,拍完了呀。 小 什么时候来天津拍 泪 董克平 谢谢！ 风中彩虹 要看 馋嘴 [泪] [馋嘴]
0,回复 瘦成闪电心中有变成云的梦想 很多朋友问我，你是不是换工作了，我说为什么？他：哦，还以为你调去加油站去了呢。 晕 瘦成闪电心中有变成云的梦想 哈哈，中 [晕]
0,这是谁干的 晕 [晕]
0,哼 怒 怒 怒 怒 [哼] [怒] [怒] [怒] [怒]
0,泪流满面 每一个老北京都只能苦逼的看着北京就这么被 了 只想说：你大爷的！ 兔兔佛经 鸥子 泪 [泪流满面] [泪]
0,畅聊旅游那些事儿 体验师的工作没有想象中那么轻松，往往是顶着烈日或暴雨行走 个小时，然后对着电脑在夜色中工作好几个小时，一天的内容很充实，有时也很累。没有体力和意志，坚持不了。 衰 [衰]
0,回复 彼岸无花君子为她醉 很难 伤心 彼岸无花君子为她醉 泪 好点了没 五月 看护 生病 妈妈。 大理小蔓 回复 风月大理 酷 酷 酷 风月大理 悲伤 可怜 生病 大理小蔓 两三天吧 风月大理 回复 大理小蔓 哪哈回来 [伤心] [泪] [生病] [酷] [酷] [酷] [悲伤] [可怜] [生病]
0,尼玛，买一个客厅灯的灯泡就花了我几百大洋。。。。要不要人活了。。。。 抓狂 [抓狂]
0,谁能告诉我为什么我家里门窗关的好好的早上七点半卧室里会有一只鸟在飞！？？？吓死我了，一共那么大点卧室，它不停扑腾 我盖着偷摸开了窗它也没找到出口，难道它还不想走？到底怎么回事？我怎么办？贼害怕！是报喜鸟还是急眼的家雀？茄丁保护我！！ 抓狂 抓狂 抓狂 抓狂 抓狂 抓狂 抓狂 [抓狂] [抓狂] [抓狂] [抓狂] [抓狂] [抓狂] [抓狂]
0,附近医院的儿科急诊。这个点么多人 衰 [衰]
0,泪 又胃痛，我的胃现在是有多嫩 [泪]
0,美中不足啊 回复 这 起高了一个调，完全发挥不出来 泪 回复 哈哈哈，为啥？等 回来咱一起唱歌去，才发现你唱歌好听 开心 开心 音符 音符 音符 转发微博 [泪] [开心] [开心] [音符] [音符] [音符]
0,回复 汤昊龙 哈哈哈，人家官方应该有答案的，多 人一下 嘻嘻 汤昊龙 哥哥我错了！！！我不是这方面的砖家！！ 泪 泪 差不多的光光 回复 汤昊龙 灰的问题道不是大问题，现在这样的做工与装配工艺，我开始担心屏幕进灰了 [嘻嘻] [泪] [泪]
0,为何木有我 衰 金光琦 钱 恭喜 位幸运新会员！ [衰] [钱]
0,回复 模特张一彤 我倒是希望厂商能给你换一套衣服，我拍出来的都是一个颜色。。。 泪 模特张一彤 还不知道。。到那造型师弄。。不过说还是清新点为主 睡觉 那天那个不做了。。 哥爱美食 不胖啊，估计是镜头变焦太大的原因，哈哈，你今天有什么新变化么？ 嘻嘻 [泪] [睡觉] [嘻嘻]
0,据传蒸茄子汁专治屁股沉 衰 衰 衰 [衰] [衰] [衰]
0,周末大清早的公司集体活动特别冷 晕 [晕]
0,谢谢啦，这个称号我的朋友早就封给我了，呵呵。 精诚李晶晶 一曲 世 耶 。五一聚会家里亲戚长辈们又欢乐的对我说：这孩子还是脸上有点肉好看啊。 围观 。说话间就差上手捏我脸了。 抓狂 。 [耶] [围观] [抓狂]
0,大太监，名媛望族每天只更新一集，求推荐其他 片子，没的看睡不着 泪 [泪]
0,谢特 怒 影视群演马岩 天津寂寞天使： 微笑天使秦源 是亲妈么？ 媛小荣 怒 拥有 小气质的小女人 转国内 外事件 媛小荣 怒 怒 怒 如此的灭绝人性天理难容 小公主的天使心 怒 [怒] [怒] [怒] [怒] [怒] [怒]
0,回复 你是说我的冷笑话和老师讲课一样效果么。。。 哼 难道不该是虎躯一震？ 说个冷笑话来 让我自动进被窝 不愿躺床上睡觉哇 抓狂 [哼] [抓狂]
0,内伤了 胃痛啊 抓狂 [抓狂]
0,现在才下班，休假回来第一天上班就悲催地要 ！ 泪 泪 泪 [泪] [泪] [泪]
0,再也不想去体验了 泪 吸尘器，受气筒，活靶子 省城轻骑兵 路灯摄影 大湿的长微博 给力 西清综合警务服务站 手握方向盘，脚踩鬼门关！为自己，为亲人，为大家，请遵章驾驶，文明驾驶！ 单行道 遵守交法，就是爱护自己和家人 [泪] [给力]
0,孟晖 楚惜刀 一直在娱乐状态怎么破！工作状态会陷入无边资料怎么破！ 泪 [泪]
0,刚听住 楼的某女说晚上被摇了三摇震醒了。。。俺怎么完全无感啊 晕 [晕]
0,被蚊子亲醒了 抓狂 抓狂 抓狂 [抓狂] [抓狂] [抓狂]
0,好多版本的说 衰 却都很回味 悲伤 静默闹 碧海蓝天饿小嘛 苏颜白 觉得你们也会有感触吧 小坦克 缪士颖 很有寓意的故事 思考 思考 思考 这个结局是叶念琛的调调 [衰] [悲伤] [思考] [思考] [思考]
0,所有的回复都显得苍白无力。 王劲松律师 曾维昶律师 抓狂 李开复 转发微博 [抓狂]
0,五一劳动节，所以劳动才最光荣嘛！元芳，你觉得呢？在家睡到自然醒的童鞋起来劳动啦！ 抓狂 陈大宇的窝 彩色流星 芽菜芽菜 楞娃楞很 我在 [抓狂]
0,祝你乘风破浪，祝你晴空万里。 慕罹 岁月变迁，彼此成长。 杜骁 你这残酷的温暖！ 泪 啊桂啊桂啊桂 皿 转发微博 [泪]
0,蜡烛 怒 无话可说！ [蜡烛] [怒]
0,抓狂 木听到！您不能叫我一声么 唉呀！ 可怜 一弛 回复 孟陌陌 分钟，许冠杰 张国荣 沉默是金 孟陌陌 第一首太给力了，差点泪奔 一弛 晚上到了。 一弛：马克。晚上再来感动 查可欣 前 分钟和最后一首 所有的青春岁月啊，很多画面竟然都看过。。。 创意工坊： [抓狂] [可怜]
0,泪 泪 泪 新浪科技 转发微博 [泪] [泪] [泪]
0,味道工坊陈乐乐 为你打双水晶鞋 瓶子小煜 吃惊 桃粉香槟 衰 衰 衰 衰 衰 衰 [吃惊] [衰] [衰] [衰] [衰] [衰] [衰]
0,难道这就是命吗 衰 [衰]
0,你吓死我算了！ 抓狂 [抓狂]
0,明儿早班必须睡咯 泪 。 [泪]
0,紫悦 装模作样实在可恶！ 洪晃 抓狂 怒 平平她姨 政协委员的鞋一一邪呀！ 怒 转发微博。 [抓狂] [怒] [怒]
0,友情帮转，来不到 泪 最重庆 黄奕 陈弓 陶喜宝 唐畅博虎 馨情直播 露 杨洋说美食 灵感大王 重庆崽儿龙勇 黄茜 [泪]
0,学学微脖撒娇 衰 俺的午餐 衰 乐活老窝 [衰] [衰]
0,踩死了只蜈蚣，罪孽了，忏悔下 ！ 泪 [泪]
0,跟了马丁西克塞斯，命运也开始有点儿类同 张小达 毛利斯球 泪 得换新硬盘，不然图都要放不下了 今年也是打卡收图呢 出浴 [泪] [bed出浴]
0,射手座是今晚没玩尽兴 抓狂 [抓狂]
0,话筒 独生子女的忧伤！谁能懂我？ 委屈 失望 心 [话筒] [委屈] [失望] [心]
0,刘海上有三个小卷是想闹怎样 抓狂 抓狂 抓狂 ，我不要变阿嬷 泪流满面 泪流满面 泪流满面 椰子澳洲海带 断了兔子的耳朵 [抓狂] [抓狂] [抓狂] [泪流满面] [泪流满面] [泪流满面]
0,我在协和广场边上目睹了一辆跑车冲入人群撞翻国庆观礼台护栏后逃逸的事件，巴黎的狂人司机还真不少。同胞们保重啊！ 虫堡堡 人到了异国，对弱者同胞格外亲 泪 堡堡虫 [泪]
0,又 ！ 抓狂 [抓狂]
0,已经不开了。。 泪 幸福小不点的快乐生活 想尝尝，你们去过吗？ 夜千 兔拉拉 [泪]
0,衰 小编也没有感觉到。。 银川晚报 网友称银川地震，小编没感觉到，其他人呢？ [衰]
0,黑白立方 泪 泪 泪 [泪] [泪] [泪]
0,不 的！ 怒 [怒]
0,怒 蜂飞舞蜂业总经理赵鹏 怒 投资人魏巍 如此畜生父母 薛蛮子 每看一次转一次！是不忍孰不可忍？禽兽不如，何以为人 [怒] [怒]
0,木棉花 木棉花 海外阿 被便衣警察打死 泪 耶鲁校友 这个倒是有，我 年在纽约看报纸恰好知道一起。一个摆摊卖 的小伙子跟警察叫板，被乱枪击毙。链接 飞扬南石 面对这 万起逮捕，有没有一个小贩敢拿起摊子上的东西砸警察的。 [泪]
0,是啊，满到我花台上面了！ 泪 饭饭饭饭饭啊 这两天，乌镇人爆满了吧。 [泪]
0,怒 怒 粥粥生活 鄙视 怒 京京丶 要爽由自己！ [怒] [怒] [鄙视] [怒]
0,哼 哼 安卓市场下载了一个外挂拼音输入法。唉 衰 手机摔的系统里的拼音输入法罢工啦，动不动还档机，看来真要换台新的啦 可怜 对儿勾儿 大寒江 长腿叔叔 我英文忒不灵的 晕 [哼] [衰] [可怜] [晕]
0,方舟子胜了是我们大家的悲哀，在没有充分证据证明转基因无害之前，强推转基因食品就是图财害命！祸害子孙！方肘子大言不惭为孟山都洗白这才是真正的汉奸！ 怒 [怒]
0,活泼开朗 王雨 怒 微博搞笑排行榜 好神奇！ [怒]
0,无法入眠 衰 [衰]
0,山口智子和木村大神啊！！ 一想到悠长假期，联想到的就是美好，而不是妖孽， 呵呵 许杨毅 竹野内丰弹波兰舞曲的时候很帅，松隆子要是一直像 岁那样多好 泪 [泪]
0,这一天过的！ 失望 [失望]
0,注意要用安全措施啊 迟永志 回复 张萌杰 我只负责拍，它们演 张萌杰 够乱的，再算上永志这 兄弟你不容易哇 泪 [泪]
0,衰 各位同学记住啦 萌漫画 看谁还敢缺席 哈哈 [衰] [哈哈]
0,南京的天气太热情。。。 刘强 苏 东风雪铁龙 聚南京 南京市中心昨天局部 ！对，你没有看错！是 ！ 江苏地区已经正式进入"中伏" 也就意味着进入了最热的时间。现在一直"控制"江苏地区的副热带高压大神依旧强势，高温天气将继续陪我们过完 月。神啊，放过我们吧！ 抓狂 [抓狂]
0,为什么看到这种事很想笑 泪 [泪]
0,峰哥好心塞 泪 当时我就震惊了 你们给汪峰留条活路行不？ [泪]
0,可以说脏话吗？孩子爸爸死了么？！ 丝外传 太毒了啊！才 岁的小女孩啊！ 怒 [怒]
0,早上 点半就开堵了 泪 云起殿 年度恐怖大片 丫们回来了 ！ 顺水万儿 幸亏没开车！ 京港地铁 首都模式开启，各位请耐心做好堵车准备，路上多听听广播、看看书、玩玩手机纾解情绪吧 [泪]
0,震惊！ 个流浪儿童一起被冻死！ 泪 吃屎的当地民政部门！ [泪]
0,我都接受唔到 衰 [衰]
0,怒 [怒]
0,又悲催了！钱呢？卡呢？搁哪忘记了！下地铁一摸兜 就剩五毛了！ 抓狂 [抓狂]
0,爱笑的颜小色： 想飞的妖妖 ： 吃惊 怒 [吃惊] [怒]
0,理想生活 累了，在家晒晒太阳、喝喝咖啡； 酷 烦了，在家吵吵架、摔摔东西； 怒骂 困了，在家打打盹、睡睡觉； 困 高兴了，在家看看地图，然后就身未动心已远地做个白日梦 偷笑 [酷] [怒骂] [困] [偷笑]
0,干杯 怒骂 还不来 [干杯] [怒骂]
0,悲剧啦 我以为 随手拍美食 活动到 号才结束呢 攒了一大堆礼包都打不开啦 说是活动已结束 泪 活动结束就结束呗 为毛礼包也打不开啦 可怜 美食推 [泪] [可怜]
0,事实证明最坏的人都在 里 怒 狗日杂种 [怒]
0,牛逼呀，把我想玩儿的都玩儿啦 泪 羡慕啊 [泪]
0,我是粼粼 挖鼻屎 下午茶 今年鼻炎来的更早了些。 泪 善待他人就是善待自己 转发微博 [挖鼻屎] [泪]
0,我妈正在死命帮我控制体重 晕 晕 晕 周 已从 斤涨到了 斤。其实中途有一个月不该使劲揣自己，那个月估计白长了 ， 斤，绝对是没用的体重。最后两月据说很容易疯长 泪 泪 泪 我已没有太多余额 泪 泪 泪 哎 泪 泪 泪 泪 泪 泪 泪 泪 [晕] [晕] [晕] [泪] [泪] [泪] [泪] [泪] [泪] [泪] [泪] [泪] [泪] [泪] [泪] [泪] [泪]
0,最近微博有点抽 晕 ，怎么回事？ [晕]
0,喝酒脸红的人千万不要硬撑，也奉劝大家不要劝酒。 秋秋的小抄 真书吧 郑重地提醒自己：一定要少喝酒！话说最近啷个喝酒越来越孬了哟，昨天喝一瓶多点啤酒就打瞌睡了。 困 晕 [困] [晕]
0,国安踢得最烂的一场！ 怒 [怒]
0,赞 家庭的和睦，人生的平淡！ 假装是思想 人的一生，到底在追求什么？ 抓狂 [赞] [抓狂]
0,好吧好吧，我承认我有哭， 泪 吖 感谢你啊。无法言语。都男儿有泪不轻淌，你最厉害啦。整天就是会欺负我。哼，迟早要你天天感动到落泪。 耶 [泪] [耶]
0,怎么突然的就失眠了我在这里 兰州市区 晕 [晕]
0,不要这样啊。。。就这样走了。。。 尤文图斯中国球迷网 泪 虽然还没最后官方，心里已经有点不是滋味了 [泪]
0,拒绝蟹老宋 晓晶 必须严办 邵勇 ：有关部门这个可以管管了吧。 小艾 操他妈，吃好几回了！ 佐鑫 拒绝 肉肉肉爷 怒 转！别吃！ [怒]
0,不健康晚餐 泪 [泪]
0,宝贝你要干嘛，照顾好自己哦，等你回来 我是梁艺馨 回复 王莹小慧 泪 泪 泪 泪 泪 王莹小慧 不光表情，人也二 [泪] [泪] [泪] [泪] [泪]
0,抓狂 生气了 一起住，有关两个人的事情做之前不应该商量一下的么 ，到底有没有顾忌我的感受啊 到底是由多自私呢 ，到底是要我多抓狂呢 好吧，我一定要用冷暴力对抗到底 真讨厌被人无视，不尊重的感觉 哼 [抓狂] [哼]
0,有人说某报纸 图片黑祖贤，有网友反驳晒真实照片称女神依旧。看了视频，我 泪 回来就好 玫瑰 走 王祖 [泪] [玫瑰]
0,怒 [怒]
0,小金牛在宁波 失恋 天 并不可怕 ，可怕地是失恋后的第 天大姨妈还没来 有木有？ 抓狂 。 原文地址： [抓狂]
0,求好运！！！ 曹欣 同为天蝎的飘过，想转运看着办 吴裔敏 我想我已经超额完成指标了 泪 曹津 ：希望转运的看过来。。。 [泪]
0,电子商务专业 衰 [衰]
0,多好的诗啊！让凤凰传奇毁了。。。 衰 [衰]
0,同右 失望 很纠结 应该一种口味摆一列啊，然后先吃最多的那种，吃成和其他数量一样多的时候再开始吃别的 道爷嫁我 同右。应该把相同颜色排在一起 白咩咩迎来加班地狱 算是初期吧。。。我已经默默的鄙视你不把相同颜色的排在一起了。。。 [失望]
0,繁华落尽后的惆怅，总是这么的伤感 泪 ，感谢你们，感谢天津译家人，让我们无缘得以去到现场的也可以感受到这一份热烈和精彩，感谢爷 张译 ，你的到来，是我们的节日。 汗 虽然有煽情之嫌，但团团说滴全是真心滴话 嘻嘻 ，明天，太原、石家庄，走起！ 得意地笑 [泪] [汗] [嘻嘻] [得意地笑]
0,八点开始看中英文合同，甲方权益人多得眼花缭乱。小公司女波丝，是不是也属于法定休假的部分公民啊？不但没有 补偿，连抗议撒娇都没有法律依据 泪 [泪]
0,组织生态学 是在组织种群生态理论基础上发展起来的一门新兴交叉学科它借鉴生物学、生态学、社会学等学科的知识 结合新制度经济学和产业经济学等学科的理论来研究组织个体的发展以及组织之间、组织与环境之间的相互关系 衰 这个都来了 汗了 我看不下去了从句套从句写简单句要死啊 [衰] [汗了]
0,怎么又失眠 泪 泪 泪 [泪] [泪] [泪]
0,真希望打雷的同时能劈死那些忘恩负义的王八蛋们！ 怒 [怒]
0,意想不到，原来狐狸也有得吃，太残忍啦 抓狂 ，怎么可以下得手呢？可怜！可怜！ [抓狂]
0,就差你啦！ 嘻嘻 京城主持王挚璐 遗憾终生啊我！ 泪 我姐妹儿们今儿个太媚了，不行了不行了 馋嘴 [嘻嘻] [泪] [馋嘴]
0,卢小美 蚂蚁蚂蚁 任志强 披着羊皮的恶狼。 米瑞蓉 太恐怖了！老百姓居然守不住自己的器官？ 郝立东的微博 天，枪毙一百次 邓川 回弟 屠夫！ 温州娱乐报 怒 怒 怒 孔智勇先生 中国还缺什么 陆家嘴领导力智慧库 道德 [怒] [怒] [怒]
0,我不得不感慨，信息查找是件劳其筋骨，钝其心脑的活！每次出游前还是请吃饭前，我都要经历这样痛苦得想死的过程！大众点评真该黯然退场！求求！以后朋友们在北京吃到好吃的，请私信我！感激不尽 泪 但是，要见到朋友还是很开心的 程晨 [泪]
0,又开始冷了，这个春天格外不温暖。从停暖到今天，没有一天是可以不用开空调的！我要阳光，大大的阳光 失望 [失望]
0,你 也下得去手 ， 怒骂 气的我脑仁疼， 怒骂 有种找我单练，腌 泼才 怒骂 [怒骂] [怒骂] [怒骂]
0,北京提醒 亲们看好自家的宝贝儿吧！西三旗附近的亲们注意了！ 西三旗森林大地小区自 月开始陆续有人投毒！共死亡猫狗、喜鹊、刺猬、黄鼠狼 余只！此毒药闻后导致内脏衰竭窒息而死。 许加佳 钢琴 的公主 从发作到毙命仅 分钟。她只有七个月，还没有体验过完整的春去秋来！ 泪 北京全攻略 [泪]
0,换季时家里真乱 抓狂 有些衣服还不舍得收进去，有些衣服又必须拿出来！又赶上我这臭美爱买衣服的主儿 花心 臭美小徐 以后监督我哈！只许穿你那的衣服，违章罚送十件 哈哈 哈哈 [抓狂] [花心] [哈哈] [哈哈]
0,本来都要睡觉鸟，谁知道我上网看了眼这两样男人的玩意，突然大爱了。哎。。。我果然是心比天高，命比纸薄。知道又如何？买八起勒。 泪 [泪]
0,谁还关心我 泪 泪 泪 我在这里 [泪] [泪] [泪]
0,爱马又中枪 台 假期 哥 吃惊 衰 优品张楠艳 爱马仕哭了 老鬼阿定 介叫啥哥？ [吃惊] [衰]
0,着实不想走啊 泪 ，过了安检之后，立刻变了个人，机场广播各种晚点通知，可惜不是我这班。 [泪]
0,现在很需要暖宝宝。。。可惜这里米有 泪 泪 泪 泪 [泪] [泪] [泪] [泪]
0,在右边，读懂中国 冷建成 送去的跟在墙这边的不是同一品质的吧 周炜 右边的你太狠了。我方已经郑重承诺不首先动用大规模杀伤性武器。 侯泽永 晓侯 啥时候把蒙牛送过去就完美了 衰 周炜 这正是以眼还眼以牙还牙啊，冤冤相报 何时了啊 [衰]
0,失败 领带是我的，主要说说人 她她 晕 这小领带！ [晕]
0,泪 公子爱三亚 不能开车，木有性生活，真尼玛失败 泪 刘杰克说品牌营销策划与网络营销 成功男人的标志 公子爱三亚 韦道甫 天道酬勤 冀 莱德赵克强 曾维松微博 黄怡 高端猎头 [泪] [泪]
0,明天有二胡上课，但这个星期也一直出差。没有练习了 泪 衰 [泪] [衰]
0,让我想起前年的那一幕 泪 ！ 真恐怖 [泪]
0,梦，醒了！ 泪 [泪]
0,唉，我一边看着你们吃香的喝辣的，一边伤心的吃着糟心的盒饭，等着 点开会呢！ 泪 泪 泪 人在江湖，身不由己啊！ 香者潘枫 唐香香的香 你在吗？ [泪] [泪] [泪]
0,他象雷锋一样做好事不留名 他为何不留名 快乐 为何帮助你的人，你那么轻易忘记别人？可否不要给自己一个宽恕自己的借口 大卫独夫 吴志伟 哈哈 我妈妈以及我们的媒体和教育系统反复强调说：不要和陌生人说话 尴尬 抓狂 慕容布 大师几时出中东系列的书？ [哈哈] [尴尬] [抓狂]
0,这么恐怖 许佳 我就在房山 晕 [晕]
0,第一张紫禁城的大视角果然拍得比我好！ 抓狂 [抓狂]
0,向您学习！ 爱心传递 张灵均的茅庐 祝贺大著出版 周石星 拜托 芒果 基金 公益小耗子 基金周远 基金李文泰 尽快发书。 爱心传递 爱心传递 爱心传递 匪类也柔情 我在等书 抓狂 周石星 感恩鼓励！前生之诺，今生之缘，来生之约，我必践、我必惜、我必守。 心 [爱心传递] [good] [爱心传递] [爱心传递] [爱心传递] [抓狂] [心]
0,完了，对着这张图，想着里面的情节，眼泪又飙出来了 泪 奶茶 杨小爷 奢华派 你不必再等了，他不会回来了 [泪]
0,上一秒我捧着海芋在地铁上听见远处浅浅走近悠扬的歌声，静静看着和我年纪相仿的男子弹着吉他唱着原唱，听呆或者看呆的瞬间还没缓过神就被一大爷拉着这原创者由口角变成越演越烈整节车厢的关于自尊的争吵 泪 瞬间真想上去踹这大爷两脚 [泪]
0,飞机 鄙视 怒 沙桐 在地理上，菲律宾离中国也很近 赞 [飞机] [鄙视] [怒] [赞]
0,年前生病的人真伤不起啊，吃完哲学，我要彻底将你扼杀在摇篮中！！ 睡觉 睡觉 抓狂 抓狂 生病 生病 生病 委屈 委屈 可怜 可怜 可怜 [睡觉] [睡觉] [抓狂] [抓狂] [生病] [生病] [生病] [委屈] [委屈] [可怜] [可怜] [可怜]
0,突然间觉得自己好傻啊，让自己不能理解的傻 悲伤 [悲伤]
0,老胡侃 冰萱 央视，让我如何能爱你？ 衰 学虎在线 这治安啊，真够。。。 金陵八卦洲 央视水准，可见一斑。 哈哈 冰萱 王志安 你大脑短路？ 任志强 充分显示了央视的水平和判断能力。 米瑞蓉 [衰] [哈哈]
0,人类的贪婪和泯灭人性实在要太地狱 姜凯阳 操他妈 晓光导演 吃惊 田艺苗 泪 左小祖咒 陈文令 惊心！ [吃惊] [泪]
0,晚上睡不浊！白天累、困、无力！！这是什么病！！ 抓狂 抓狂 抓狂 [抓狂] [抓狂] [抓狂]
0,哇！！！！！好赞啊！就头上这鱼 双倍 分呢 赶紧打 让心灵去旅行 最乖的叶子 衰 万一鲨鱼正巧游过 我的梦啊 偷笑 [衰] [偷笑]
0,在北京问路，竟然被一个老外给指了路！我是要有多丢人！ 衰 [衰]
0,泪 缎带西去了 [泪]
0,闻健景寺 怒 怒 怒 筒 莹莹互粉 吸纳水 闻健景寺 长春电视台社区办事处 莹莹互粉 [怒] [怒] [怒] [?筒]
0,是个没有爱心的黑心企业吗？ 郭兴安 伤心 伤心 [伤心]
0,泪 泪 王佳庆 泪 [泪] [泪] [泪]
0,哈哈，酷宝还跑老爸的办公室去了，我都好久没去了！我们家的地位现在排列是爸爸，妈妈 排名不分先后 ，第三是酷宝，我是最后一名！ 泪 [泪]
0,千百年岁月悠扬无声， 古镇大火 涂炭无情 蜡烛 一场大火，古镇的繁华笑靥随之付之一炬。古镇在悠悠岁月中留给我们的故事，朝夕间成为一曲催人泪下的哀歌。 泪 岁月荏苒，逝去的缅怀，存在的好好加以保护，让我们溯回时间的上游，看看这一年来被大火摧毁的古镇、古民居。 [蜡烛] [泪]
0,叫做惜败吗？ 市场星报 星资讯 中国 泰国 今天，国足与泰国队在合肥奥体中心进行的热身赛，国足 惜败。国足在热身赛中已经整整一年未尝胜绩，此前的 场热身赛，也仅仅取得 平 负的战绩。 悲伤 [悲伤]
0,回到办公室，坐定后反思，开始 分析：在 的 是 花钱太太方便，从杨森办公室到地铁，短短几百名的地下通道，就花掉我两千大毛！ 抓狂 要是天天在这里工作，那我岂不是要动用定期存款？ 偷笑 [抓狂] [偷笑]
0,好冻，体力不足 晕 [晕]
0,这条微博发晚了，我去香港前没看到，要不一定要替粉粉们尝尝鲜呀 泪 香港微攻略 [泪]
0,这个 怒骂 [怒骂]
0,让我想起读书时我和阿辉 偷笑 只是现在的辉不堪入目啦 悲伤 徐濠 不 太年 ？！ 偷笑 困在你小宇宙 哈哈哈哈哈 吹神 我爱米线米线爱我 奕迅所 围观 要和所长一起努力 偷笑 偷笑 爱你 [偷笑] [悲伤] [偷笑] [围观] [偷笑] [偷笑] [爱你]
0,最近不在状态啊 没那么疯癫了 。 晕 [晕]
0,战斗民族是怎样炼成的 奥特曼 最熟悉的默声人：我还在为早上吃了个茶叶蛋觉得不可一世，跟他们比还是弱了 泪 战斗民族。。。 [奥特曼] [泪]
0,泪 好感人字也好看 然后下面就没了 洗 少女 风吹鸡巴蛋打颤 一只学霸 琳琅纪 [泪]
0,新鲜旅十二城开化 未来佛 坐姿洒脱，开怀坦荡的未来佛下的我心境自然平和，今天是个特殊的日子，从十年前的这一天我开始不过愚人节！听哥哥的阙歌，暂别今天的你，但求凭我爱火，活在你心内，分开也像渡过 泪 [泪]
0,泪 泪 泪 乖娃娃 [泪] [泪] [泪]
0,一片狼藉 偷笑 ，走起，赴下一个约会 大周日整的比上班还忙 衰 [偷笑] [衰]
0,真维斯楼考试归来 衰 不管怎样 考试噩梦暂时结束 酷 [衰] [酷]
0,偷拍不犯法我就拍死他，您的脚怎么就这么精贵呢？ 怒 [怒]
0,失望 小西瓜 转发微博 [失望]
0,就连昨晚做梦，都梦见我一个人美滋滋儿的吃着，你们眼巴巴地看着。 李小妮 郭小懒 董克平 ：今早看到又重温了一下下 嘻嘻 更饿了 泪 [嘻嘻] [泪]
0,杭州 这一会儿雨，一会儿雪的。老天爷，你是准备把我脑子里的记忆彻底清洗干净吗？那你就再下的大一些。 哼 哼 哼 刚刚穿的干净衣服和鞋子，出门没有五分钟全湿了。。 怒 我在这里 [哼] [哼] [哼] [怒]
0,真的假的 泪 爱电视 转发微博。 [泪]
0,其其格 靠 我生日时谁送我一个 妞子 朱虹 包里现在还有呢！ 泪 娃娃 ，用了两三个了呢，还在用着。今晚回家就扔掉，改用 抓狂 冬儿 真晕 刚买了一个，赶紧扔了 山山 张 米马克 妞子 朱虹 小小龚 再见娇气包 大爷的 用完直接唇炎！鄙视 [泪] [抓狂]
0,董芳 在网上搜了半天，才发现我们联欢玩过的那些都是网上建议的，没找到合适的，脑仁疼 泪 [泪]
0,北京突发 这事儿。。。。。。西便门拍摄 衰 石明然：这张照片是我五分钟以前在西城区西便门附近拍的，本想拍拍今天北京的沙尘暴发发牢骚，居然拍到了飞碟！我刚放大了看了又看，千真万确，我今天是不是该去买彩票了！！！！！ [衰]
0,刚面试一个小伙子，言谈什么的都挺好，经历也不错，就是肩膀或者脸部会强迫症一样地时不时轻微抽动一下 晕 [晕]
0,回复 任子爵士 借你吉言希望是啊，这个月再摇不到，我也想用妖蛾子办法了 泪 任子爵士 还是能摇到的 [泪]
0,悲催的抢票一天，挂着耳机打电话，还是没抢到回程的火车票。 泪 转战抢机票，折腾到长沙就折腾吧。结果初六无票，连头等舱都被订光。初七除了需要曲线绕道的，就只有头等舱。好不容易抢到一个想要乘坐的航班，还因找不到付款入口没了。总结：人品太差。 泪 上山入仙境下地干俗事 喵喵咪的鱼骨头 [泪] [泪]
0,蜡烛 蜡烛 蜡烛 蜡烛 蜡烛 蜡烛 泪 泪 [蜡烛] [蜡烛] [蜡烛] [蜡烛] [蜡烛] [蜡烛] [泪] [泪]
0,咕噜噜。睡到一半醒了 抓狂 [抓狂]
0,回复 我就是我 哎，这也是无奈的事情啊 我就是我 回复 崔畅 泪 这的少多少欢乐呀，不过现在的一枷也非从前，和其他的几档节目一样，没有从前的疯和欢乐，已经有好几天没有听了。 崔畅 哦耶！哈哈，试播首日的夜班，我们在呦！ [泪]
0,哼 哈哈小子 已经关注 曾庆会二世 香山红叶飘 那啥团座，你怎么把俺和俺哥 张本领 ，俺姐 冰克尔 、俺相公 胡家二小姐 活活拆散在 个乐章里啊！ 伤心 曾庆会 已经有 曾庆会二世 了，团座记得改名啊，大家也要记得加这位才子哦， 呵呵 [哼] [伤心] [呵呵]
0,开心，一回到家，准备打击报复，偷吃！结果，老妈 到乃走出来 泪 命苦的孩子 [泪]
0,这几天胃特别不舒服 所以不敢吃多 昨晚在梦中被饿醒 突然觉得做梦是很幸福的事 有油饭 面线 肉羹等 各种好想念的台湾小吃摆在眼前 结果正准备开始吃时 梦醒了 泪 [泪]
0,是不是知道苏安新村要拆迁了 尼玛信号 都差的 米拉 晕 挖鼻屎 中国移动 官方微博 [晕] [挖鼻屎]
0,刘云歌 人肉出来，法办，这他妈人杂种。 怒 怒 丫丫罕 于建嵘 还了吧。都是穷人。 [怒] [怒]
0,我被问到最多是 日本，其实是棒子。真的很 衰 衰 阿米迪鸥 原来如此！ 哈哈 不过我遇到最多的还是问我是不是台湾来的，一直不明白为什么 那年那月 哈哈图片杯子都和我一样！离不开 哈哈 [衰] [衰] [哈哈] [哈哈]
0,厚道点行吗？ 泪 泪 泪 ，爱特我干嘛 抓狂 我想去西藏 种桃得桃 [泪] [泪] [泪] [抓狂]
0,泪 郭小静 [泪]
0,热得快 老毕 近期校园宿舍失火的不少呀 安徽苗同伟 颍淮之最 在寝室的孩子们尤其要注意安全使用电器啊！ 江淮晨报李培 抓狂 庐州老叫 转发微博。 [抓狂]
0,怒 怒骂 头条新闻 转发微博 [怒] [怒骂]
0,如今最最痛苦的事情是什么？是拿着 ， 却找不到无线信号 泪 抓狂 王府半岛酒店除在酒店内提供免费上网外， 豪车内无线上网 是另外一大新亮点！无论是在酒店劳斯莱斯或是宝马车内，都有无线信号高速上网，且为 免费 哈哈 详询酒店礼宾部。 图片来自： 刘明莹 [泪] [抓狂] [哈哈]
0,宋桑 宋晓阳 这还是第一次在广播里听到你的声音呵，相当好听嘛，路上好堵啊 泪 我在 [泪]
0,我的最爱！口水一地啊 抓狂 馋嘴 抓狂 馋嘴 全球时尚 太稀饭了 [抓狂] [馋嘴] [抓狂] [馋嘴]
0,收拾书柜，随手翻看起相册来，突然惊觉，岁月毫不留情的在我脸上刻下了深深的烙印。。。 泪 泪 泪 哭也没有用，还是继续哄自己开心过好每一天吧。 挤眼 [泪] [泪] [泪] [挤眼]
0,万能的微博你解救了我，我查到 月 日 点 分时我在北城天街找停车位不果，转而去了朋友家打麻将。跟西三街水产市场没得一毛钱的关系。我要去找交警渝中区交巡警支队二十五大队！ 怒 怒 怒 [怒] [怒] [怒]
0,怒 怒 西的零碎儿 怒 怒 怒 顺顺和小猪 我上周亲自去探访过，已经开工了。在大工村，离大觉寺咫尺之隔。 泪 在网上查到这是个一级垃圾焚烧厂，日焚烧量 吨。北京的季风是西北、东南季风，焚烧厂正好位于北京的上风口，妙峰山鹫峰凤凰岭等诸多风景区就在这个一级垃圾厂附近 [怒] [怒] [怒] [怒] [怒] [泪]
0,泪 晕 别拿豆包不当干粮。 爱赫宝宝 猫 呃呃，撞到小辉辉身上，小宝好痛哒 雨中的老鼠 荣雪斌 想想我的买车经历，大众太牛了，还是别克的服务好。 海淀区难得糊涂笑嘻嘻 大众公司醒醒吧，不要把所有车做的都长相一样啦 酷 [泪] [晕] [酷]
0,一到过年，客房就跟仓库一样，那些年货都存放在一起，现在还扩展到客厅。。。吃的，用的。。。。一大堆，我好想开个淘宝去卖咯。。。妈妈说无眼看客房，却还一直买，人家还一直送。。。。 抓狂 [抓狂]
0,金牛座 ，牛脾气死脑筋第一名 泪 ，为了别人的事头拱地都行，对自己的事打死也不爱低三下四 衰 勤劳的日出东方 [泪] [衰]
0,密集恐惧症 晕 [晕]
0,河北以后每天都爆表，指日可待！ 衰 知善行诺 该公司建厂时间长，设备老化，污染较重，已不适合在首都生存发展。河北坚强！ 紫墨轩老崔 只要符合环评、土地总体规划、能拉动当地经济增长，带动周边就业，百姓们还是欢迎的。 [衰]
0,感动的哭了 泪 泪 泪 [泪] [泪] [泪]
0,我知道不能赖床了 泪 又是个行程满满的一天，各位，我来了 爱你 画一滑 就在明天发生了！"画一滑 广州站， 年广州站最后一次活动，同时也是画展的最后一天！ [泪] [爱你]
0,我屮 这线条 令人心动的优雅 壶言壶语萧大侠 看到 ，欣喜之 ，就是恨，咬牙切 怒 儒陶紫砂研究所 有一眼 [good] [怒]
0,末日 年不是末日 衰 ，是 年的明天，是 年的过去，是我们全新的开始，祝福我们的灿烂明天！ 心 美好的 年我们来了！加油 加视觉培训 我在 [衰] [心]
0,子昨天 考不及格 正想 他又理直 告 我 人家威力 都 威力哥哥都很少考及格 位太太 怒 [怒]
0,晕 华狮李吉锋 晕 侯宁 冠军 ：楼猪：麻烦 的专业点成不？不管你出于何中目的，但一定要专业行吧？你家央视还带 的标啊？况且央视网的标几年前就换了！更搞不明白的是评论里怎么有那么多人相信！唉！ 分钟前 [晕] [晕]
0,夜晚的灯光打在雪花上，好像无数星星落下来。。但是地面好滑，一个人走得胆颤心惊好无助 泪 泪 泪 泪 泪 [泪] [泪] [泪] [泪] [泪]
0,嘶吼一声：我终于干完了！！！！ 抓狂 [抓狂]
0,突然发现想做的事很多，但缺少计划性 晕 [晕]
0,可怜滴妞儿 晕 [晕]
0,武夷山是一个可以经常来的地方 什么年龄就做什么事 真心的没呆够啊 悲伤 ！我知道我还会再来的。跟团玩得太仓促，这种人间仙境适合自己慢慢的走，静静的赏。放慢脚步，让那躁动的消极的心一点点的安静下来。心静了，才能品出大红袍之味道。心静了，才能感悟出幸福的深浅。。。 [悲伤]
0,那些时候，我还可以带着 送的鸡蛋花卖弄各种清醇的风骚 泪 泪 是谁 剪掉了我的一头秀发 啊 扑满 啊 [泪] [泪]
0,鄢雨的微博： 泪 去年在马里安巴德 他挂了？ 苍茫份子 ：我当时看这个时有点小，没咋看懂。 [泪]
0,今日新闻：北京即将在南边兴建新机场。对于望京的人来说，绝对是利好的消息啊。 挤眼 彦风 交互设计 生病 菊人 机场回望京的时候更麻烦。 彦风 交互设计 经历过 衰 [挤眼] [生病] [衰]
0,哈哈哈 哈哈 哈哈 哈哈 ！刚才分诊台的小护士问我：徐总！你怎么天天背着个包啊？我说我包里有东西！小护士很不屑的嘟囔了一句：那么大岁数人了，天天背着个包就是不嫩装嫩！！！是说我个人的信息在医院里曝光了吗 思考 疑问 抓狂 抓狂 抓狂 抓狂 [哈哈] [哈哈] [哈哈] [思考] [疑问] [抓狂] [抓狂] [抓狂] [抓狂]
0,泪 泪 农民 泪 泪 [泪] [泪] [泪] [泪]
0,衰 小波 毁三观，节操碎一地！ [衰]
0,中了，我一定不辞万里的来看你，北京路 抓狂 抓狂 抓狂 南蛮洋芋 抢个晚上好约会 写手荷青 昆明雅兰 安夏沫薇凉 小小喔 抢个晚上的 小屁汀 南蛮洋芋 奴灬 [抓狂] [抓狂] [抓狂]
0,每次办签证的时候，每次带着时差托着 、 斤重的行李坐火车、转地铁、赶飞机的时候，我就不想出去玩儿了 泪 那些 带着深深的不舍和满箱子回忆 的感悟，在手快断了的时候真心写不出来。柔情似水的纯爷们儿真不是那么好当的 [泪]
0,靠！还有剧场 晕 晕 二姐我是粉巨人 我擦 黑龙老孙 馊了个哩个楞个楞的霍霍大馊霍 北京捍子 赵子薇 话剧 照 祝一帆 我靠 [晕] [晕]
0,饿 海宁的海宁 你说好吃那必然好吃啊 花心 阿拉锅 泪 下次去上海时连带奶油小方一起扫了 魔都吃喝之旅 夏商周的果实 忘了告诉大家，那大面包圈叫爱天空，在福州路和浙江中路那儿，就是 小时书局旁边。非广告贴。 [花心] [泪]
0,回复 纳兰若水 你也快乐哈 纳兰若水 靠，我名字为啥红了 抓狂 抓狂 抓狂 抓狂 [抓狂] [抓狂] [抓狂] [抓狂]
0,烧成这样，恐怖啊！ 雷神 第二张 衰 [衰]
0,割喉岛，你敢去吗 衰 [衰]
0,抓狂 抓狂 抓狂 右哼哼 左哼哼 左哼哼 左哼哼 怒骂 梁延利 笑哈哈 笑哈哈 笑哈哈 嘻嘻 趣图一刻 单身的唯一理由是丑吗 [抓狂] [抓狂] [抓狂] [右哼哼] [左哼哼] [左哼哼] [左哼哼] [怒骂] [笑哈哈] [笑哈哈] [笑哈哈] [嘻嘻]
0,能遮掩就遮掩，能隐瞒就隐瞒。 怒 [怒]
0,中国： 俺是联合国安理会常任理事国，俺是全球第二大经济体，俺是世界军事强国 美国： 我拿你家孩子做实验了 中国： 衰 不会吧？绝对没有这回事，辟谣。 [衰]
0,太热了，像蒸桑拿 抓狂 [抓狂]
0,泪 泪 写字李华良 田文氢律师 这肮脏的天空、肮脏的世界。 风景 幽默大师杂志 [泪] [泪]
0,回复 我有做一些在乌镇，有机会来试试！台湾美食在乌镇台客栈 这些可以在乌镇吃到么？台湾好远，去不了 衰 [衰]
0,来去之间 衰 晨子李 两个人谈恋爱，三观一致很重要。有几点问题是一定要谈清的： ，是否喜欢杨幂，这是审美观。 ，是否关注了陆琪，这是恋爱观。 ，是否是方粉。这是人生观，同时也决定了智商。如果你既喜欢杨幂，又关注了陆琪，还是个方粉。那么。珍爱网也帮不了你 [衰]
0,大吃大话 我想他真的很饿 晕 [晕]
0,一盘子生菜 块钱。要疯 怒 我在 [怒]
0,是不是每一个漂亮女孩都有自己的故事？ 晕 [晕]
0,在强大的 面前，我引以为豪的 的剪切功力就是个渣渣 泪 于 [泪]
0,哈哈哈，奇葩无处不在！ 蒋箐楚 强烈谴责这种不负责任的白痴、操蛋行为，垃圾网站道歉 怒 我是妍妍哈 发新闻的人是瞎子？还是以为看新闻的脑残 干经儿的爪母儿 又是假的 我是岚小岚 干经儿的爪母儿 们的羽绒服穿起没得！ 偷笑 偷笑 偷笑 [怒] [偷笑] [偷笑] [偷笑]
0,我随身携带充电器可不是为了发围脖啊 泪 你以后不许再批判我是围脖控！这只同学，电量 的时候还在孜孜不倦的修图！ 还在拼命发围脖直至自动关机！ 泪 [泪] [泪]
0,唐总，一路走好！ 泪 [泪]
0,什么？那披萨里面是榴莲 ！！不远不远，什么时候去啊 花心 二狗 妈 小云 抓狂 好远哦 [花心] [抓狂]
0,祖美食 新出品梅酒香 ，有梅酒的 盈甜蜜，也有 泡的 幻 ！略嫌 甜，且 白了那只是梅酒加 的汽酒而非天然生泡冒 ，感 受 了 泪 泪 泪 [泪] [泪] [泪]
0,必须跑！不能取消！祖孙三代谁也不能不跑！ 泪 为排骨而生的人 气哭了！！我们都跑过了！！太吃亏了！！ 哔哔电波发射台台长 不行！！我都跑了！！你们别想不跑！！ [泪]
0,畜生 北京一男子因停车争执当街摔死 岁女童 怒 据京华时报前晚，北京大兴一公交站旁，两名驾车男子与一手推载有两岁女童的童车的女子发生争执，一男子殴打该女子，随后，男子又将女童从推车中抱出，重摔在地，并驾车逃离。孩子在送医路上已被确认死亡。目前，嫌犯已被抓获。畜生，丧心病狂 怒 [怒] [怒]
0,第一条长发女孩要特别注意了，我就是个很好的例子 泪 念念叨叨 女生们好好学习一下！ [泪]
0,筷子兄弟官方微博 今天是冬至，回家陪父母吃饺子吧。本身想点你们笑穴，谁知戳中你们泪腺，回复里的你们全都是 泪 能不能这样 嘻嘻 ？会表达的人可以饭后带父母看一场 龙门飞甲 金陵十三钗，不会表达的朋友可以给父母看看 父亲 这片子，一切就尽在不言中了。 [泪] [嘻嘻]
0,疯了。。怎么开的都有。 晕 [晕]
0,很累 但是现在却兴奋地睡不着，连续一周没有一点前睡过觉，连续一周对着电脑除了写稿就是盯版，偶尔能浏览一两眼微博网页，眼睛痛到看几条微博讯息就看不下去了 泪 ，值得开心的是总算熬过来了，这个周末要好好放松下，脑子不停地做着打算，想睡都睡不着！ [泪]
0,彻底被你打败了 怒 [怒]
0,金融八卦女 这剧情 晕 [晕]
0,连续忙碌出差了两周，没有回过办公室。今早偶尔回来，在一堆快递中发现一个大大惊喜，竟然竟然是我最喜欢的普洱茶饼，心意收到 摸脑 泪 [泪]
0,最近我宝一直在收礼物，今天最惊喜，对前下属这样关爱，喵好感动！ 泪 祝 爱乐活 越来越火，祝老板越来越帅越来越成功！ 蔡虎 [泪]
0,在上海真好 泪 泪 泪 [泪] [泪] [泪]
0,好滴好滴： 双休日不敢去滴说！永远试不上！ 玩家传播的冰冰糖：之前发过啦！头儿 双休日场面恐怖哇 黄小健 ： 玩家传播的冰冰糖 多么震撼的消息！我们应该报！ 原：啊呀！！！ 抓狂 [抓狂]
0,我在忐忑中到家了，估计等我刚睡着，就要起床了 晕 [晕]
0,张祺晟 西子彦 江洲 任 演员海洋 东 制片人付轶 希萌同学 有空要想我 泪 [泪]
0,摇盐总比真相传播更广。传播谣言者总比别人更理直气壮 衰 [衰]
0,继续那么热！ 抓狂 [抓狂]
0,兄弟那就别睡啦！！咱们一起等 都金翰 妈呀，像我这样爱信 传说 的人大晚上看见这条微薄 衰 晦气 汗 磊子 巧合 [衰] [汗]
0,哎，接下去六个月我可怎么办？改造新 坡！仙岳路才消停三年啊！ 林芳园 我 受伤 了 怒 早上一个路口三个红绿灯才过去！ [怒]
0,傻逼联通 下班高峰期地铁一号线，十号线完全上不了网，就尼玛会吹 速度比移动快，移动在地铁里至少还能 上网。 怒 [怒]
0,回复 戴斯勒的木田 晕 这是真牛人！ 戴斯勒的木田 高 米，地上 层，地下 层，建筑占地面积 平方米。由丹下健三设计事务所设计的，灵感来自 蚕茧 ，东京时尚学校、东京 数码学校和医护理学校在大楼内。 回复 伤不起 厉害哦！地方对了，名字还不对。 [晕]
0,爱就快来体验吧！ 魅力法国杂志：好梦幻的城堡生活 抓狂 大爱！！ [抓狂]
0,感谢支持！感谢支持鸟贝！！！！！ 泪 [泪]
0,下午豆瓣小站循环了六遍 阿基耐乐队 的安代舞曲又让办公室 功放了一遍那叫一荡气回肠振奋人心比咖啡神马的提神多了 后遗症是耳朵里留重影儿了 晕 昨儿的现演更震把灵魂上的灰尘都震掉了 黑骏马像一支先锋骠骑悠扬漫步后疾驰而去留下一阵黑色旋风和一个关于远方的传说 开专场吧赶紧 奥特曼 [晕] [奥特曼]
0,洛曦希 果果 快乐无脑人 侬晕发？没想到陕南这么厉害吧 抓狂 [抓狂]
0,泪 南都娱乐周刊 江湖不易，包租公挺住 [泪]
0,底线：儿童是国家的孩子，让家庭万不得己下可合理把孩子放弃给国家与慈善机构，要好过被他们私下谋害。医院不该承担，应该有专门儿童福利保护部门及机构。 小希望之家 无语 怒 小希望之家 [怒]
0,这几个兵有样 ！ 田丰 祖国好，香港更好！祖国不在，还有香港？ 怒 [怒]
0,皆大妈 泪 图渊张杨 皆叔亦。。。。。： [泪]
0,怒 云南金碧坊 转发，关注 [怒]
0,为我仅有的那点坚持 连续作战一个月，身心巨疲，睡的象在云端，清晨被 行走的米小多 微信唤醒，连续叫了八个妈妈，没一句话 泪 ，感谢你们，如果有一天，门锁和女主人已换，请一定告诉我，为我仅有的坚持 我爱你们 李凤茂 我在 [泪]
0,快私信我 搞啊？？？！！！ 抓狂 小美 馋嘴 ：回覆 子佼 的不清楚！吃的 行 挖鼻屎 子佼 好眼力 橘色火 ！！！ [抓狂] [馋嘴] [挖鼻屎]
0,周二下午开会，挨批了 泪 贝多芬第六 亲，评优节目该怎么做啊 泪 [泪] [泪]
0,不相信这条新闻 公务员考好了 翻了？怎么让人想起了犯贱中举呢 晕 树上睡觉。。。。我苏真是。。。。奇人辈出啊。。。 有关方面负责人 巨汗 木木 树上睡觉的人 衰 杜晓猫 杜宇 神话 [晕] [巨汗] [衰]
0,今天我第一，但事业单位的人们又与昨天说的不一样了，当然我又办不成业务，我想哭了 泪 泪 泪 ！原来我们的时间是这么不被尊重 悲伤 悲伤 生病 [泪] [泪] [泪] [悲伤] [悲伤] [生病]
0,王也加 谁不会自己来 衰 蜜獾 满分！ 假装在纽约 如果我是语文老师就给右边满分 好摄之徒 白带异长 [衰]
0,早没了人性 全球创意搜罗 那个老爷爷就像我们老去的精神，无法阻止日益疯狂的社会。 泪 [泪]
0,非常好的意大利餐厅，就是面放在奶酪里搅和，伤不起啊我 泪 [泪]
0,本宫无所谓 支持 偶刚醒泡面 坡姐喜欢橘子 权金城彭涌 权金城市场总监 吴楠 谢于跃 权金城 李纯伟 人就是要对自己狠一点儿。 泪 泪 泪 ，今天开始执行。加油。 奥特曼 奥特曼 威武 威武 [泪] [泪] [泪] [奥特曼] [奥特曼] [威武] [威武]
0,分享：在用人方面，我宁可花 元招聘一个优秀的专业人员，也不会花 元招聘 个平庸的人员，不是钱的问题，在解放思想、职业精神、专业能力方面大大折扣，这是不可小视！带坏一个人没有问题、带坏团队、企业。后果很严重！ 怒骂 [怒骂]
0,北京又回到三十几度高温了 泪 该找个海边避暑了 [泪]
0,用光了 蜜糖佳人礼盒 才来晒 该打 泪 水之印化妆品官方微博 补水小套 爱啊 羽西品牌官方微博 变色 已买正装 美诺美妆 蜜乳妆前乳等搭配很全科 蔚蓝之美 玄气三层理纹面膜 填皱泥第一次接触期待效果 花心 大家都在喝的正大美人鳕鱼胶原肽 恩蒂 清痘平衡凝露 抚平了我最近的暴痘 [泪] [花心]
0,北二环交通管制，车全堵这不动了 怒 [怒]
0,请好好珍惜你吃的每一个煎饼果子吧，因为它已经走向世界了，不知道以后会不会涨价 悲伤 [悲伤]
0,大圣不是撕了阎王爷的生死簿吗？散播谣言可耻，遭雷劈！ 怒 怒 怒 [怒] [怒] [怒]
0,同款还有玫瑰味儿的哟 馋嘴 话说 那个价格是折合软妹币才 块钱嘛啊啊啊 抓狂 果断霓虹走起了！ 日本东京 日自由行 北京 上海天天出发，仅 元起！详情 坐沙发的某兔 艾玛，看了更想去岛国了肿膜破 馋嘴 [馋嘴] [抓狂] [馋嘴]
0,亲，开了也不用吃，真的！你看我们小时候啥也没吃不是么！相信母乳！ 多啦佳子 吃母乳就不用吃了？可是医院给开了啊 不放羊的牧羊女 回复 好人文姬 嗯，我坚持母乳！以后啥都不吃了 泪 好人文姬 亲爱的，母乳最健康！ 不放羊的牧羊女 真的假的？ [泪]
0,歌手含笑 西藏归来，此时此刻语言是多余的 抓狂 抓狂 抓狂 壹元精舍文玩 我叫王小辫儿 小样儿丸子 [抓狂] [抓狂] [抓狂]
0,好男淫都有男盆友了 怒 [怒]
0,果真人太多，差点直接返回！目前只看到两只喵星人！ 衰 那敢情好了 我在这里 [衰]
0,太可爱啦，我也想过节！ 哈哈 一对板砖 我也要儿童节礼物！！ 泪 木有人送我礼物！！ [哈哈] [泪]
0,哎，已经无语了！ 淘宝美食 死狗肉 羊肉精 上海羊肉卷！ 泪 泪 泪 雨 为了健康，转吧 [泪] [泪] [泪]
0,回覆 五好青年小亮哥 哦，猪头，如果机会重现你是否会会回到话筒前？ 老式汽车的汪洋 五好青年小亮哥 我的老式汽车还有乐馨茶轩。 悲伤 悲伤 悲伤 真正的电台，肯定会有忠实的听众，而不是随意跳台听歌。真的再想在晚上 点听到老式汽车里面直到世界的尽头开场还有麦兜的声音 [悲伤] [悲伤] [悲伤]
0,新堵城 平均时速 公里 时 衰 [衰]
0,着急上火嘴唇起泡，好疼！！ 泪 泪 老妈、宝宝母女俩今天也启程回家了，以后再没有做好的早中晚餐等着啦！ 抓狂 抓狂 抓狂 还好某大厨及时现身，解救了做饭无能大龄女青年一枚。盘腿坐在地板上等海带排骨汤的时光好幸福。 [泪] [泪] [抓狂] [抓狂] [抓狂]
0,睡眠不足早起晨跑的结果就是：把洗面奶当做洗发水了 抓狂 抓狂 抓狂 现在感觉就是给头发上了一层地板腊 衰 衰 衰 [抓狂] [抓狂] [抓狂] [衰] [衰] [衰]
0,回复 李丹翼辣妈 那个祝美娟还没发来呢，让我来这么早，特约演员也是演员啊 泪 雪 李丹翼辣妈 可爱 [泪] [雪] [可爱]
0,把蛇还给他！把蛇还给他！ 王乱子 把蛇还给他吧！这也是对生命的尊重！ 我在这里 擦，要是没有微薄也不会被散的成重点，孩子也不至于被迫去动物园。 微相册 真心希望动物园把蛇还给陈师傅，看着他们以后不能互相依靠，心里酸酸的！ 泪 [泪]
0,卧槽，什么鸟人真的假的啊 晕 随的爆料计划泄密啊 黑线 施力勤 [晕] [黑线]
0,强总这张真好看 金澄顺 洪璐 下周出差回来必须开始减肥了！！ 泪 泪 恺恺就姓乐 三人组出动！ [泪] [泪]
0,惠普喀嚓鱼 贵司安排快递的申通快递员太无耻了！第一次，态度恶劣要求我们自己到楼下取照片并付款，拒绝上门递送。第二次，居然把我的快递直接扔在门口，也不说明是哪里发出的快递，问其由来，居然面目狰狞，言辞龌龊，完全是一反社会安定分子！强烈投诉！！ 怒 怒 弱 鄙 [怒] [怒] [弱] [鄙?]
0,文艺女终于钓丝了一把买了个吉他才发现自己除了打台球洗衣服的时候是左撇子弹吉他也是个左货！右手残废般拨动着琴旋 泪 思考 [泪] [思考]
0,我就想知道，肯德基的鸡到底是六个翅膀还是六个翅膀还是六个翅膀？！！！ 抓狂 抓狂 告诉我吧啊啊啊啊啊！！。。。 酷 [抓狂] [抓狂] [酷]
0,上海雾霾天气上班同学表示强烈不满阿 抓狂 王璐 塞班岛旅游首席顾问 [抓狂]
0,光头老薛 厄，服了 猪西西 我想知道他怎么回 晕 米奇 日啊，我光看这视频我就恐高 [晕]
0,回复 姜孔 啊？晒不行吗？我看 西游记 里就这么晒的呀。晒书的孩纸伤不起呀！ 姜孔 幸亏是发水，不是火。这么多可燃物，消防要留神了。书要风干或者阴干吧，否则或变形粘连吧，你最好百度一下 相声郭伟 你改名叫缺德江比较合适 怒骂 [怒骂]
0,发现买错行车记录仪了，应该买个 高清的，买成了普清，不爽啊 泪 [泪]
0,好想吃麦当劳 汉堡包 薯条 可乐 抓狂 [抓狂]
0,这到底是谁的床？！ 晕 晕 晕 我走错地方了吗？貊苒的床哪儿去鸟 疑问 疑问 疑问 流汗 [晕] [晕] [晕] [疑问] [疑问] [疑问] [流汗]
0,回复 这个社会，比较典型的 好心没好报 ，并已经进入恶性循环 田桑 畸形社会畸形人心 挖鼻屎 新浪河南 唉，寒心 泪 这个世界上总有一些人觉得什么都是该他的，享受别人的好心服务是理所应当的，还得把他伺候好了！！习惯了恩惠 便忘了感激！！ [挖鼻屎] [泪]
0,主编赶紧对挂军牌的日系车进行投诉曝光，因为那些军牌一定是假的，我大解放军人民子弟兵怎么可能违背民意使用小日本的产品，主编一定要对他们投诉到底，曝光到底。哦，别忘了今年抗日的感动就不要用佳能拍摄了。 于慧明 抬杠！要的是姿态 阿康 哎 苏雨农 关键是毛片也不能看了 泪 [泪]
0,有些装备不是制式，现在可以自己采购了？ 陈胤 同意老刀的看法 晕 老刀 回复 松松 本人 和刘导照片里那位比，无论是服装还是装备都土啊，衣服布料差，枪大部分还用 杠呢！ 汗 松松 本人 作为曾经的武警 看到你说这个挺难受的 您无心一句 很伤心 [晕] [汗]
0,包包很能装，但是在太沉了。 晕 面里，休息吃饭。 汗 汗 汗 [晕] [汗] [汗] [汗]
0,好悲伤哦突然 神父薛胖子 回复 熊莹 泪 我们又失去了一位宝贵的美女 泪 熊莹 搜不到啦 已经离职一个星期了。。。。 神父薛胖子 思考 明天去搜搜看 熊莹 我不在 高兴还是悲哀 我都不在 泪 泪 [泪] [泪] [思考] [泪] [泪]
0,折扣啦 钱包 手包 卡包 手机包 套 手机绳 都有折扣哟 围观 抓狂 抓狂 抓狂 需要的请私信留言最好发图！！！价钱要晚上才能查后答复！！！时差中 请各位理解！！！ [围观] [抓狂] [抓狂] [抓狂]
0,蔡文胜 好图，可惜是英格利斯，谁帮忙翻译。 抓狂 [抓狂]
0,因为其他作者都在辛苦码字，就我在偷懒刷微博微信 泪 [泪]
0,拖出来见见光吧！！ 商亮文身工作室 上官张 立法！治丫呢！ 人肉太牛比了 估计这三位死定了 薅出那北京的傻逼娘们儿 我要让丫知道 她的罪孽深重 怒 拖出来见见光吧！好好的人你不做，净干些混蛋事儿！这真得防着点儿，今天敢虐猫明天就敢虐人啊 [怒]
0,阳光 阳光 阳光 阳光 一丝凉风都木有，我们都快蒸发了 泪 泪 泪 阳光 阳光 阳光 阳光 唉。 。。我现在是有多黑啊 委屈 委屈 委屈 委屈 马赛克的时间 流小沙爱豆沙 [阳光] [阳光] [阳光] [阳光] [泪] [泪] [泪] [阳光] [阳光] [阳光] [阳光] [委屈] [委屈] [委屈] [委屈]
0,一定谨记领导指示。 陈玉霞博斐秀禾 出了北京就胡吃海吃，小心胃 抓狂 权金城 王艳霞 爱吃小吃，更要爱胃！ [抓狂]
0,叶家妞达，肺活量大！ 夜千 嗯！羡煞 怒 嗯？！尤其是妈妈 抓狂 [怒] [抓狂]
0,膝盖。。你肿么勒。。。 泪 泪 泪 [泪] [泪] [泪]
0,怪诞心理行为学 泪 深有同感 [泪]
0,前几天高烧不退啥也吃不下，喝粥都恶心，昨晚上还吐了， 汗 晕 今天状态好点了，水果餐补补缺失的维生素果酸神马的 一稍微好点我就心情愉悦，觉得离健康近一步了 嘻嘻 嘻嘻 旁边床位一大姐一人打点滴给朋友电话哭诉嘴苦难受，我赶紧让我家人给她买水了，希望她能好点，看她一个人输液怪可怜的 [汗] [晕] [嘻嘻] [嘻嘻]
0,全中 男生 看 食 奴 ，以 全中 女生都去看星星了 怒 [怒]
0,还有 分钟到目的地，广播突然响起：来天津旅游的朋友，都会选购 街的麻花赠送亲友。。。。我一个激灵，我 是上错车了吗？ 晕 晕 [晕] [晕]
0,氏 姥姥正跟厨房忙着，外屋你娘 兔拉拉 喊： 妈！橙汁帮我热 秒，再来一把核桃。 估计是油烟机转动声让姥姥无法听清，她便走出来问你娘： 你刚才说要什么？你要吃了圣斗士养的小鸟儿？ 我和你娘瞬间邪恶加五体投地 抓狂 原来家族岔王是姥姥此 汗 [抓狂] [汗]
0,在电视台候场时刚看完师哥发的微博，还给留言了！站起来一看，发现师哥就在边上！让我有种穿越的感觉！ 晕 晕 晕 晕 [晕] [晕] [晕] [晕]
0,快乐的小鸟都回巢了，我却还没有呢。 泪 [泪]
0,怒 纪中展 这女人百世轮回为畜生 筱禾 针对教育暴力 应该立法，这死女人应该承担刑事责任 她已经毁掉了一个孩子的身心健康 唐 看到娃娃的表情我立刻想哭了 泪 。变态女！辞退是便宜她了，确实该人肉 怒 曦曦 超级变态 唐 [怒] [泪] [怒]
0,北京提醒！ 好奇点柳絮烧了三辆车 衰 朝阳区康营中街的财富公馆停车场内一女士出于好奇用打火机点燃柳絮，不料火势迅速蔓延，将停车场内 辆车、桧柏松树 株、庭院灯罩 组烧损。最终法院判该女士赔偿财富花园经济损失近 万。最近柳絮漫天飞，大家一定表好奇！好奇害死车啊 吃惊 北京全攻略 [衰] [吃惊]
0,怒 鑫 淼 焱 矗 、 你文盲了么？ [怒]
0,放弃高端，加大中端，不丢低端。浅见 偷笑 丛中香 徐老师有何高见？ 禾页 酒店餐饮徐宝良 枪擦的再亮，但是现在的战场不需要枪。因此需要改变打法。 丛中香 修练内功啦！ 酒店餐饮徐宝良 高端餐饮歇菜鸟 必须换种打法了 抓狂 [偷笑] [抓狂]
0,在伊拉克种出来的黄瓜长得怎么跟手雷似的！！ 衰 偷笑 哈哈 [衰] [偷笑] [哈哈]
0,新花艺！这一年的半年都是冬天，乍暖几日既又还寒，今年的春天还会来吗？ 失望 [失望]
0,这是要黑出翔吗 黑线 爱又狒 昨天有姑娘约我去看这电影未遂，摔！ 蔡尹珊珊 竟然烂成这样？好遗憾看不了 泪 [黑线] [泪]
0,回复 那能办了，小朋友单独漂流票网上不给订，现场啥票都买不到，做妈的只能牺牲了 泪 可惜了 武夷山最精华最核心的漂流 可惜了啊 [泪]
0,！！！！接到陌生电话不停打来！！接了又没人说话！！！这是闹哪样！！ 怒 怒 怒 怒 怒 我正睡的香呢 [怒] [怒] [怒] [怒] [怒]
0,起风了，要收衣服么 嘻嘻 从小爱到大的宫崎骏退休了， 起风了 终成绝唱。 泪 [嘻嘻] [泪]
0,出门前拍个对比照。。。不活了！！一冬天胖了！！老了！！！可以去 了！！！周一可以不通知我吃饭了 泪 [泪]
0,地震了，北京西北三环震感明显，持续 秒以上，不知道哪又遭殃了？ 衰 谁感觉到了？ [衰]
0,人渣，哪个左侧 芸毓 恶心的人啊 鄙视 猪西西 怒 气氛 老猫 麻痹的 逮着了往死里打 陶卉珊 ：出门忘吃药了吧 拉马西亚小巫婆 脑子被地铁屏蔽门夹了 阿费莱 ： 真的成杰思 这人怎么这样 孙尧 看着就挺傻 的！！ 怒 [鄙视] [怒] [怒]
0,累是肯定的，我们爷好辛苦 泪 ，想说姑娘好美丽 偷笑 [泪] [偷笑]
0,上梁不正下梁歪 怒 新京报 治理公款吃喝，不能放过任何死角。 [怒]
0,太惨了 泪 汗 [泪] [汗]
0,这么多年，终于可以坐一回商务舱回欧洲了 泪 法航这次很给力！ [泪]
0,妈咪跟我说：千万别为了钱找那些烂男人。要找就找像样儿的，一个是一个。宁可几年不找也不要瞎对付。要是缺钱的话跟妈咪说，小姐到啥时候也不能坏了名声 泪 威武 给力 [泪] [威武] [给力]
0,月夜，流鼻涕 晕 [晕]
0,八百辈子不进北京城区，这叫一堵！ 泪 [泪]
0,我妈已经连着两天念叨我长胖了，竟然说肉多的没法忍 怒 我爸还添油加醋说要拿到市场上卖 衰 好吧，我减肥 抓狂 [怒] [衰] [抓狂]
0,时空旅行 的妻子因病去世了，他决定和女儿搬家并来一次旅行。东西收拾好了后，房子空了，就好像当年他和妻子刚搬进来一样，于是他邀请了当年拍摄婚纱照的摄影师，给他和女儿拍摄了一组照片，同样的位置，唯一的不同就是我深爱的你哪儿去了 悲伤 [悲伤]
0,文化的魂儿丢了后果很严重 抓狂 书香数缘 回复 信周 岁那年的一个黄昏，从县城的高中回家，望着前方的坟场，头皮发凉。在夕阳晚照的恍惚里，告诉自己不要怕，飞奔而过。回家，就丢了魂。 信周 这一招有时还挺灵验的，很多事情起关键作用的是人的心理。 [抓狂]
0,暴走 眼圈 衰 衰 衰 衰 [衰] [衰] [衰] [衰]
0,再度越南 去了海鲜一条街大家拼一起吃的能丰富些，动不动就 万起家价的海鲜我们着实算了好一阵子。终于开动了味道真叫赞！最后结帐大家推选我算账，神啊！几百万不会数数了，我足足算了 分钟，最后结帐 。每张纸币我都是：个，十，百，千，万数后面的零 晕 [晕]
0,回复 新浪龙江旅游 南方的孩子只有羡慕的份儿 抓狂 新浪龙江旅游 欢迎来俺们大美黑龙江 来 泡鱼儿 襄樊咩咩羊 简白 鸢尾 弹指间行摄 行走的强子 胖子爱宅 网际飞侠 黄村 阿卡 馒头贝贝俳句之女 北京老夏 北国阿凌 [抓狂] [来]
0,回复 南希南瓜小姐 下周也上班 泪 南希南瓜小姐 回复 大大大票子 下周休息你们再出来晒 南希南瓜小姐 是啊，十几天了，才看到阳光 [泪]
0,好家伙！一个赛着一个 ！ 杨长在 周 小尖果儿 自我检讨一下吧！比如说肚子是一天一天喝出来的 挖鼻屎 许健铁刨花儿 我那个时候那么瘦啊 泪 [挖鼻屎] [泪]
0,总监送来的面啊！泪牛满面啊！从早上饿到现在的我何等感动啊！ 泪 [泪]
0,新加坡 吃在新加坡 在 这边吃海鲜。黑椒螃蟹来啦！好吃！ 馋嘴 馋嘴 你们懂的，我大爱螃蟹啦！来新加坡千万不能错过这个喔！ 给力 威武 一天吃了这么多，真心吃不动了。 失望 失望 衰 汗 汗 [馋嘴] [馋嘴] [给力] [威武] [失望] [失望] [衰] [汗] [汗]
0,多拍点人物会死啊！！！ 抓狂 [抓狂]
0,为了钱 衰 懒死的女人都像不劳而获 [衰]
0,泪 。。。爱 大家了 爱你 哈哈 [泪] [爱你] [哈哈]
0,徐宁 无知当幽默，卖傻当卖萌。国家电视台的耻辱 李孟夏 坏东西！ 怒 怒 怒 [怒] [怒] [怒]
0,我承认以前看电视戴眼镜，纯属得瑟，现在不带眼镜是真看不清了 泪 [泪]
0,泪 伤心 思想聚焦 最在乎的那个人，往往最容易让你流泪。 [泪] [伤心]
0,好吧！ 刘曦 回复 的森林 豆豆上，出卖色相的时候到了！！ 的森林 哈哈 哈哈 哈哈 靠谱伐？ 刘曦 史姐是对五虎这么说呢！！ 汗 汗 檀家姣儿唯爱爱爱爱 姐姐，你看麦们都等成这样了，还要钱吗 泪 可怜 [哈哈] [哈哈] [哈哈] [汗] [汗] [泪] [可怜]
0,城管的组成到底是啥，为啥有如野兽般的特性？ 怒 [怒]
0,鸡鸣寺寺寺寺 花心 猫无蛋 无蛋把身翻 没有去玄武湖打滚嘤嘤嘤 浅草要专心学术啦 思忆无 泪 天上的小星星啊 好美 鼓掌 [花心] [泪] [鼓掌]
0,抓狂 途秀 深夜发吃报复社会 阴险 [抓狂] [阴险]
0,我也怀念有毛的牛牛 泪 [泪]
0,睡吧，小小的人 泪 [泪]
0,上海微爆料 衰 老马时评 衰 [衰] [衰]
0,我真的有 泪 [泪]
0,美 港 事 回复 阳 又 我事？ 抓狂 抓狂 抓狂 阳 美 港 事 美国人在北京 有意见要发表么？ 王利芬 这都是西方势力蓄谋已久的结果 可爱 [抓狂] [抓狂] [抓狂] [可爱]
0,生日了哦 想你们啊 泪 生日快乐 健康平安 幸福甜蜜 蛋糕 蛋糕 蛋糕 杨 晓坤 [泪] [蛋糕] [蛋糕] [蛋糕]
0,这个转发下。希望不是真的 怒 [怒]
0,孙大泡老窝 人肉他！ 怒 夫子论道 弱 [怒] [弱]
0,前天刚给老婆买了一台苹果的本儿今天就听到老乔没了的消息。纪念一下吧！短暂但辉煌的人生 泪 [泪]
0,哼 ，又来刺激我们， 月 日下午三点有空伐？早上爱特你的，也不回个给我 怒 [哼] [怒]
0,始终就不喜欢公共交通，因为雪梨的公共交通实在没有什么可爱之处 今日悉尼 泪 泪 票比衣服贵，说多了都是泪。 亨利的猪窝 尼玛这一身票得多少钱。。 [泪] [泪]
0,用不用这么悲催啊 刚睡下就被叫起来传图 我容易吗我 哎 困啊 我早上 点多才睡下， 点就起来去办事儿了 严重的睡眠 抓狂 不足不足不足啊 都木有人心疼 伤心 [抓狂] [伤心]
0,哎 不出问题难啊！！ 武剑 赖易蕾 小福 江苏商报朱泉 吃惊 吃惊 怒 怒 谢宝龙 请 蓝伟光博士 分析共享下 净水健康 消毒水加太多了。 [吃惊] [吃惊] [怒] [怒]
0,每周都颠颠去看姜草大叔更新没的偶真是贱 ！基本看四次他才更新一回，每回还就那么几页，当自己富奸义薄？！ 抓狂 但是，画风辣么差进度辣么慢，我还是贱兮兮地追下去了 因为从 公寓 开始，每个无厘开头 多线并进的悬疑故事，都让我抱有强烈的恶毒的好奇心想看他如何圆起来，而他竟然做到了 [抓狂]
0,回复 王君 我就不能也文艺一回么？人家这是做旧的照片好吗 泪 泪 抓狂 抓狂 抓狂 抓狂 王君 今天空气这么不新鲜 [泪] [泪] [抓狂] [抓狂] [抓狂] [抓狂]
0,哈哈，不知道它们看见那个画着长颈鹿的显高广告牌儿会是神马反应 贝儿宝糖糖 可爱 嘿嘿长脖鹿 敞篷车 好拉轰哦 可爱 淘友网 就在我们附近啊 嘿嘿 雨水星球土壤 风好大风好大 红牛赛车官方微博 哈哈，北京的亲们，你们看到长颈鹿了么 许群 我去！过立交桥小心脖子。 抓狂 [可爱] [可爱] [抓狂]
0,睡了一天两夜还是没有恢复体力，看来睡觉不是办法！看来得试试别的方法。比如说工作！ 晕 [晕]
0,他：再吃一个。我：不吃！求求你了！他：哼 一副烈女的样子。 泪 泪 泪 泪 抓狂 抓狂 抓狂 抓狂 [泪] [泪] [泪] [泪] [抓狂] [抓狂] [抓狂] [抓狂]
0,回复 军中武官 汗 睡觉 晚上才有时间 军中武官 能不能不半夜发吃的 你叫胖子情何以堪 抓狂 可怜 [汗] [睡觉] [抓狂] [可怜]
0,刘毅 右边的话听来耳熟 这个分析的确客观介绍了马国当前乱象。但是，执政党利用挑起宗教感情和民族感情，轻而易举地把所有矛盾都转嫁给美国和中国，政治发了国难财。 怒 怒 [怒] [怒]
0,衰 这什么节目阿。。。编剧好二。准备弹琴 [衰]
0,泪 泪 衰 衰 今天我也被 碧浪 调戏了，求火力支援！！！ [泪] [泪] [衰] [衰]
0,告诉你真相后，我很后悔，唉。 衰 [衰]
0,停电了，幸福人民不幸福 泪 [泪]
0,蜡烛 怀念那抹忧伤 蜡烛 吴顾问 蜡烛 老友记 安息 泪 蜡烛 曹峻 老杨，一路走好 泪 [蜡烛] [蜡烛] [蜡烛] [泪] [蜡烛] [泪]
0,操！到哪还得是有关系或熟人帮忙才行，王道！ 朱刚 操 司爱武 操 麻辣小知 太恐怖了！ 胡淑芬 好险 哑巴 比较之间，医院立见高下 宁财神 操！ 怒 怒 怒 怒 怒 [怒] [怒] [怒] [怒] [怒]
0,悲催的一天：早 被挖起来买回来的火车票，结果发现我家的票下午 点始卖； ： 出门打车，直到 才打到，遂决定：这辈子永远不在劲松桥东第一个路口打车上班；我这可怜的手哇 泪 到现在还冻的僵僵滴 [泪]
0,今天过节，本想犒劳自己喝罐可乐，可是外卖小哥竟然忘了带 泪 天意啊 抓狂 [泪] [抓狂]
0,泪 泪 泪 古 蜡烛 [泪] [泪] [泪] [蜡烛]
0,生活再忙，也要懂得善待自己 泪 阿尔萨斯 白葡萄酒再次出镜，果然出色！ [泪]
0,是我见过的广告最多的客户端软件 怒 快赶上三俗网站了 [怒]
0,回复 儿童贩 宁财神 感觉他最明白，可就是啥也不能说 泪 儿童贩 只看了表白那一幕 等看重播 [泪]
0,泪 徐珊珊 再次看还是热泪满面 热血青年一枚 这礼物真棒，叔爱你们！！！能和这帮有才华有情怀有脾气的亲们一起一些真挚的时光，真是幸会！ 王凡睿 何之千 自言自语的天空 咩无梦 汤圆 骄傲的克瑞斯陈 媛来是我 还有谁没有 到啊。。。。我我 [泪]
0,被贝利 钦 点，西班牙有点悬 衰 蓝色入梦，我先睡喽 [衰]
0,汗 抓狂 真的可以 [汗] [抓狂]
0,下雪啦！下午回杭州开车要更小心嘞。。。 抓狂 [抓狂]
0,哎呦，看得我眼泪飙出来了 大海炫动文创 泪 泪 泪 泪 泪 泪 泪 心痛 [泪] [泪] [泪] [泪] [泪] [泪] [泪]
0,艹，误人子弟吧 子轩大灰狼 周末乐乐吧 我王杨 我。。。 小 芳 我要把这破教材烧了 怒 [怒]
0,一会儿去万通买卡套 衰 [衰]
0,马达加斯加 衰 [衰]
0,作品 抓狂 抓狂 抓狂 哈哈 哈哈 哈哈 [抓狂] [抓狂] [抓狂] [哈哈] [哈哈] [哈哈]
0,真的流泪了 泪 廖双辉之新茶味人生 震撼，也许是传说，还是被感动震撼了 [泪]
0,好像好像去上海！ 泪 骆忠华 海英 上海的青年朋友们，周日见！ [泪] [good]
0,它含着多少委屈离开的啊 泪 [泪]
0,最初，周六工作的时候，我妈打电话说：怎么那么多事情啊？不容易做吧？妈过去帮你 泪 现在，我妈总说：别在外面了，回来我和你爸养你 泪 心 心 熊猫爱旅行：哈哈。。是感动的么？还是无奈的？。。我妈也老这么说 不干了，妈养着你！ [泪] [泪] [心] [心]
0,剧情峰回路转，那位亲根本没把钱包带出门 晕 吉吉大人 没有地头蛇带，忘记提醒你们了 [晕]
0,出来混迟早都要还的。 张国悦 诅咒那些虐待小动物的人，一定会遭报应的！ 怒 沈珊 周颖这个变态的贱货，等着遭报应吧！ 通州区陪乐园的狗狗 刚睡醒 怒 [怒] [怒]
0,初八早上就很堵了 泪 大家都回京好早 [泪]
0,又地穿甲 泪 泪 [泪] [泪]
0,留胡子的小老鼠：爱咋就那么纠结呢。。。 晕 [晕]
0,泪 好吃不过年夜饭！！各种羡慕嫉妒恨！ [泪]
0,天啊！我好饿！貌似晚上忘记吃饭了！额 真是忘记了！ 晕 泪 汗 [晕] [泪] [汗]
0,终于等到 龙族三 下卷的最终交稿版了 泪 现在就看出版社的了，只要 热血小邪 痔疮不发作，大家春节前肯定能看到。网上有预定说 日到货的那肯定不靠谱，还是等正规大经销商自己出通知吧 爱你 [泪] [爱你]
0,回复 吴越之秋 兄台 就是想到这一层 我得天天抱一下啊 吴越之秋 回复 眭枫 我现在女儿不在身边，没法天天抱了。 泪 [泪]
0,三个工作日是小事。还有等二十多天不到的。抵制不用 盛付通 衰 抓狂 泪 怒 [衰] [抓狂] [泪] [怒]
0,用培养奥运冠军的方式培养诺贝尔奖得主，行吧，运动嘛？ 任志强 梦。 王巍 中国制造诺贝尔奖的模式就是重大创新，赏个奖！ 抓狂 黄益平 创新的本质是什么？就是巨大的不确定性，很难事先圈定成功人选。 [抓狂]
0,觉得时间好少，事情好多 泪 泪 追着耗子的猫 连静下来看会儿书的时间都要用挤的 生病 不过好在还有你们的陪伴与支持 爱你 爱你 追着耗子的猫 飞的三色堇 洪姐姐的围脖 兔小严 小昊子 加油 奥特曼 [泪] [泪] [生病] [爱你] [爱你] [奥特曼]
0,非常天气公共交通瘫痪！这还是帝都呢！ 抓狂 带鼠疫的耗子 都停了？！ 呵呵 好啊！！ 这雨下的真有水平！！正赶上晚高峰！！ 王小 一小枚 神马情况这都是 别慌 别慌 庄雅婷 ：。。。为毛帝都下个雨就一副末日彩排景象啊！ [抓狂]
0,大众点评网 上海美食 超爱炸猪排 难怪瘦不下来 衰 衰 衰 [衰] [衰] [衰]
0,可以提高转发量了 李开复 整改归整改，惩罚归惩罚。 衰 [衰]
0,回复 不大君 念 啥 晕 太有才了！可惜不是 不大君 你不说了吗，念啥 [晕]
0,打不上车 又要迟到 泪 泪 泪 [泪] [泪] [泪]
0,北海美羊羊会议公司 全球智慧语录 可怕 怒 张江 太可怕了 衰 姑凉们擦亮眼睛啊 猫小姐爱婚礼 这故事之前看过。。。。据说男的有完美的不在场证明，老太婆一人承担了所有责任，男的可以留着亡妻的房子车子继续相亲了。。。。常州的姑娘们擦亮眼睛哦。 [怒] [衰]
0,大叔，出门前千万别忘记吃药啊。 上海新闻网 衰 生病 [衰] [生病]
0,哈哈 姑娘忒高兴 虎毒还不食子呢 泪 [哈哈] [泪]
0,这么雪白，定有冤情 晕 小三三童鞋 雪很大啊。 吃惊 蔡幼林 黑衣法师 [晕] [吃惊]
0,不能想，不能比啊！ 泪 [泪]
0,不懂电脑用毛笔写啊，练书法也成家 偷笑 楼楼的温暖 不 电脑的作家更多 野山狐儿 不懂备份也可以当作家 闲人一枕清霜 哼 哼 老虎在教我备份，之前以为多存几个文档就是备份 泪 泪 [偷笑] [哼] [哼] [泪] [泪]
0,抓狂 每天都被繁琐的事情拖着！谁说克服掉这种忙碌得并没有成就感的情绪就能让以后工作生活更加顺利，真心想不通！为了生存好像都是要浪费许多生命的！不如直接回家种地算了！体力劳动来的更加纯粹直接！ 抓狂 [抓狂] [抓狂]
0,这文字的格式 赞 ！这图片的角度 可怜 ！大师您没做娱记实在是当今娱乐圈史上最大遗憾啊 抓狂 ！同时，您所在的贵单位，也应该为能拥有您这样的跨界人才而感到莫大荣耀！让我们一起为大师鼓掌撒花吧 爱 围观 [赞] [可怜] [抓狂] [爱] [围观]
0,是吗？在哪里呢！ 画板的颜色 帮主，我们到了 但是在门口等位 泪 画板的颜色 三样菜帮主 年会要开到特别晚，希望去的的时候还有豆汤豆苗以及牛蛙 馋嘴 馋嘴 晚上见 [泪] [馋嘴] [馋嘴]
0,梦里的 斤 两。 晕 [晕]
0,泪 泪 泪 人民的 童振刚 腐败先锋 中 军人 围观 抓狂 [泪] [泪] [泪] [围观] [抓狂]
0,明知道注定要分别 散落在天涯 再难相见的人 宁愿从一开始 就保持距离 泪 [泪]
0,毕业证和学位证书终于找到了 泪 ，明天就复印给出版局。忽然要查资料，我很惊恐。。。。 [泪]
0,我吃啥啊，饿 泪 泪 [泪] [泪]
0,四个半月，显怀了，如此能吃，今日称体重居然比刚怀孕时还瘦了！宝宝 氏 你吸收真心好！ 嘻嘻 一大碗饭后。。老公！！我又饿了！ 抓狂 夜千 [嘻嘻] [抓狂]
0,嗯 有点那个意思哦 于小伟 你把我拍的像个吃货啊！ 抓狂 [抓狂]
0,爸爸去哪儿 录制结束 王诗龄 不舍落泪 第一季最后一站牡丹江雪乡已录完，几个小盆友中年纪最小的 问跟拍她的编导"下次什么时候见你们？"，得知再也见不到时，突然"哇"地大哭，这一哭几个爸比全都热泪盈眶，一时间宝贝爸比哭成一团 悲伤 悲伤 童言无忌好催泪 [悲伤] [悲伤]
0,躺枪你就转了吧 很好奇，有多少倒霉孩纸的父母被毫无节操的医生问过这样一道让人蛋疼的单选题？！ 您是保大人还是保孩子？！ 可怜 又有多少倒霉孩纸被这道题无情地抛弃，又奇迹般地生存下来在看这条微博？！ 泪 躺枪你就转了吧。。。 [可怜] [泪] [?]
0,现在特别想吃什么 抓狂 下午茶时间到了！！给这里来一份英式下午茶吧！！亲们想吃什么啊啊啊啊啊 泪 [抓狂] [泪]
0,回复 龙双丰 留点遗憾，生命才完整。 哈哈 龙双丰 星期天给琪博的的话中，都说想过来的，可惜哦，这么盛大的集会未能参加。 抓狂 哈戳戳 回复 唐建光 此刻后悔昨天离京返蓉老哈？ 唐建光 妹娃儿多哦 [哈哈] [抓狂]
0,尼玛！！ 到底是怎么想的，我就看一个月的日数据。。。。这是要闹哪样。。。。 怒 怒 是要我一个一个导出 多张表嘛！！！！！！ [怒] [怒]
0,爱是 在厦门的宋宋 你和我 博斐秀禾李正熙 爱！！！ 枫林人语 沣之道 杨铁锋 老千 右外 天音 毅心医意 冰豆汁 纯洁的小理想 缘 摩羯羯疯了 爱谁谁王木木 珍惜一切 北京大蜗牛儿 博斐秀禾 肖 泪 感动 狒狒程 当时我就泪奔了 无言的感动 [泪]
0,做起，不能再纵容自己，都 了 睡觉 韩国潮流速递 每天每个体式坚持一分钟。 抓狂 要么瘦，要么死，想瘦就关注 斤刚刚好呢 [睡觉] [抓狂]
0,法海的鼎锅，青蛇会找俺么 衰 懒人业余餐厅 你怎么看 哼 [衰] [哼]
0,泪 潘瓶子 爱心接力 胡大丙 胡大豆 朗道 去哪儿酒店直通车老王 潘瓶子 以上朋友帮转，尤其是老潘，身体好，要一定要挽救宝宝生命。谢谢！！ 翟艳丽 转！ 北青旅游的阳光 无 [泪]
0,刚刚在妈妈家经历一场停电风波后，回到自家，开灯，无用；不会吧，这都传染！在试过 回后最终确认是闸盒儿坏了，今晚就只能在黑暗中睡去，幸好手机有点电，不然最后的一点亮光都没了 晕 汗 睡觉 失望 [晕] [汗] [睡觉] [失望]
0,可耻！ 怒 [怒]
0,同感啊 泪 洪海天了个咪 以前弄那么挤干嘛啦 提提子加油 早该有了，一直想不通为毛它们贴那么紧 [泪]
0,哈哈，查了一下，真是 爱你 鱿物： 泪 求飞吻 [爱你] [泪]
0,外面舒服啊，咱北京能看见这样的天也不容易 泪 [泪]
0,哈哈 晕 泪 睡觉 耶 月亮 [哈哈] [晕] [泪] [睡觉] [耶] [月亮]
0,谷玉恒：心酸！ 浅香藏心： 樊少 这是哪里的女孩儿，哥哥真想认你做个妹妹，让你生活得更好些，起码可以吃顿干净的大米饭，用筷子 泪 [泪]
0,抓狂 好久没吃了 [抓狂]
0,是多 得意且有意义的一 嘻嘻 身穿美丽的婚纱，身边全是国家队的顶梁柱 嘘 ！ 毛毛迅 马儿 你们是多么盼望我嫁出去呢 爱你 泪 ！羽毛球是我最爱的陆地运动！借此机会拜个师，争取成为羽毛球娱乐队冠军 奥特曼 [嘻嘻] [嘘] [爱你] [泪] [奥特曼]
0,泪 光阴似箭日月如梭，时间总会抹去许多光环 其实 转了，岁月总要留下痕迹，但经历和心态会留在气质上吧，她们依然那么平静、宁静。珍惜青春岁月，但也不惧怕似水年华。 [泪]
0,不过最近总有人呼吁让我稍微流氓点，在咱们这儿，太正气，往往结果都不怎么好 晕 ，悲催的人生。 李嵩波 呼吁公平竞争 魏来 这么做不对，只会把一个最好的合作者推向对手。看看非死不可和 咋合作的！ 老兵 尹亮 咳 孩子气的南瓜 申音 [晕]
0,下午从社里出来去交宽带费用，看到联通店里人巨多，就去附近 金美后 店逛逛，然后 然后就用 多的毛毛换来了 件衣服。 害羞 鄙视 抓狂 周四取货时全部真人真图哈。为了安慰受伤的小心灵，在呷哺呷哺吃了套餐，这下连身也伤了。 泪 黑线 [害羞] [鄙视] [抓狂] [泪] [黑线]
0,煎鸡蛋没放油！！我在想什么！！ 八爪 胡一梅 泪 泪 泪 [泪] [泪] [泪]
0,马年春节临近，一早怀着一颗感恩的心，手提着打包小包的衣物来到 厦门天新公益 服务站，结果铁将军把门，一颗爱心 心 顿然拔凉拔凉的 伤心 ，打 电话询问后得知已经放假一周了，短短五分钟陆续有爱心人士前来捐助，面对现状表示不解，带来的又不能再带回，没办法只能从破碎的防盗窗塞入。 厦门小鱼网 [心] [伤心]
0,满满笑容的春儿 深圳的朋友们帮帮忙吧 赵梓琳深圳 祥 赵鹏 余少群 集合你们的力量。。。 深圳兼职 帮朋友转发转发的、想投资的可以考虑一下。博主的朋友帮忙转发一下吧 泪 [泪]
0,太可怕了，太可恶了，停车场那些人摇窗围观的集体沉默也真让人寒心！ 殳俏 太可怕了，尤其我这种人还经常会喝斥电影院里大声说话的人，各种队伍里插队的人，车库里骑线停车的人。。想想好后怕啊。。 泪 衰 [泪] [衰]
0,全球时 榜 老夫子，一起走过的童年 泪 [泪]
0,希望你 得好 我本 肥血 史 晕 哈哈 三姑父 [晕] [哈哈]
0,有点难过，要告别那对兔牙，再没人说我像卡通人物了。会不会啃苹果都要小心翼翼了 泪 [泪]
0,泪 景山东街的老胡同 蜡烛 紫禁城里的格格四九儿城里的妞妞 别关。他们一定能回来 北京人不知道的北京事儿 心疼了一下 泪 先生玩物：别关，他们还在路上。。。 [泪] [蜡烛] [泪]
0,大吃大话 减肥的孩子伤不起 晕 晕 [晕] [晕]
0,回复 老黄在路上 那给你贴上没有啊，你这只是个受理单啊，你没把通行证给他们啊？ 晕 老黄在路上 回复 广播人沈雷 没说啊 人来说好了 [晕]
0,怒 帅到这个程度有点困难啊 [怒]
0,晕 小风高尔夫 终于明白全运会高尔夫项目为什么门票要 块了，因为一堆丑事不敢拿出来给大家看呀 平叔，让你的微博飞起来吧！ [晕]
0,路噶呦得比 路还慢。我也头好疼啊，还腰疼！ 泪 曲宁忘忧草 谁知道不靠谱的头疼发作 泪 嘉 不 喜 曲宁忘忧草 不靠谱的酒局，不开车 泪 [泪] [泪] [泪]
0,俺叫老鬼 回复 施乐会潘旭苗 到新疆，老鬼请你吃。 嘻嘻 施乐会潘旭苗 太贵了，老鬼，俺穷，吃不起 施乐会潘旭苗 回复 俺叫老鬼 老鬼，你金华的么 俺叫老鬼 回复 施乐会潘旭苗 给力 施乐会潘旭苗 泪 人呢，没人理我 志愿者王红伟 浪子世斌 老大笨象 [嘻嘻] [给力] [泪]
0,味千， 年没吃了，好歹吃了一碗，没食欲，吃完有点儿恶心。我的肠胃怎么突然不好了呢 悲伤 [悲伤]
0,怪不得中国好人越来越少了 纠结的 型 难道做好人的下场都是这样么？这对恶魔应该枪毙一万次 怒 [怒]
0,哈哈 蛋挞王子 莎莎小窝 晕 [哈哈] [晕]
0,回复 请谨记 哈哈 就是啊， 、 、 三天，这把你急的 偷笑 请谨记 下午二话不说就去了 还可美了 去了人家说明天才开始 泪 一麻一辣周少华 走起 鼓掌 [偷笑] [泪] [鼓掌]
0,回复 月之之 呵呵，具体得做啥呢？私信，我衡量能够帮您做得好再说吧？年纪越大，越相信承诺，不轻易答应人家，答应了一定尽力而为做好！我今天赶着去无锡出差，就为了某些人不守信诺而仓促补锅去的！火气大呀！ 怒 泪 哈哈 嘻嘻 月之之 回覆 梁子庚 你也是空中飞人阿，希望我们能合 [怒] [泪] [哈哈] [嘻嘻]
0,亚运会拼命花钱装门面，如今是拼命赚钱填补财政赤字！反正，羊毛出在羊身上 鄙视 潮爆郑琨 贺佳佳 广州这是怎么了？！ 怒 垃圾分类应该做的是宣传教育，引导市民养成习惯，是一个过程。不要动不动就以收费的形式来解决问题，可以吗？ [鄙视] [怒]
0,衰 鬼见愁 [衰]
0,我没听到 泪 [泪]
0,清晨发现，昨天下午去上海深夜赶回只停留 小时的某人还买了布歌东京的栗子蛋糕。嗯，我说过我想吃某家的蛋糕和这家的布丁，我想他一定是忙晕二合一了 没想到打开冰箱看到了一大盒六罐布丁，没忘，小感动 心 爱你 去机场，然后纠结剩下没吃完的布丁会坏掉 泪 泪 泪 [心] [爱你] [泪] [泪] [泪]
0,弹簧被压榨到极限都会反弹，别在逼了不然我真的毛了！ 怒 怒 [怒] [怒]
0,音乐制作人旦旦 音乐 抓狂 音乐 抓狂 音乐 抓狂 我会定时提醒的 挖鼻屎 [抓狂] [抓狂] [抓狂] [挖鼻屎]
0,这两天就准备和思密达的面走起 吃惊 汗 晕 哈哈 嘻嘻 钱 偷笑 可爱 呵呵 [吃惊] [汗] [晕] [哈哈] [嘻嘻] [钱] [偷笑] [可爱] [呵呵]
0,张江南导演 宣谣 还是觉得特别牛，创意效果俱佳 宋洋美术 话筒 李国庆 抓狂 [话筒] [抓狂]
0,泪 蜡烛 福气多多 我从来不去采用小燃气罐的火锅店，用小燃气罐的火锅店本身就是个极其高危的场所，爆炸烫伤或致死的常有发生。这次死伤太大，应该引起各方面的关注了吧。 怒 吃货们唯一要注意的就是少去或不去这样的地方，如果进去了，就是进入了雷区，再怎么注意小心都没戏！逝者安息 [泪] [蜡烛] [怒]
0,天王星儿 疾行万里路 万紫千红 纪许光 临沂，独立了吗？ 元芳视角 怒骂 [怒骂]
0,回复 眉啡色五 噢 眉啡色五 偶发 ，发出去了 冰人儿 求证 晕 吃惊 [晕] [吃惊]
0,我想，今晚是睡不着了。。。 泪 [泪]
0,，这次没得去 悲伤 穷游网 提到大吉岭，你最先想到的是红茶，宝格丽的香水，还是韦斯安德森的电影？在这座终年被喜马拉雅山脉庇佑的小山城，可以悠闲的逛茶园品红茶。在天气晴好的日子，一次不经意的回眸就能看见干城章嘉。 穷游锦囊 带你去探寻梦幻茶乡大吉岭 [悲伤]
0,小米派发福利哈 无条件只要您乐意，转发此微博，说出你最喜欢什么蛋糕，法国国宝级 卡门贝尔现烘芝士 蛋糕登陆北京！今天开始到 日晚 点止，共有 张体验券，卡门贝尔 寸芝士蛋糕白吃，您还不赶紧的啊！ 可惜只能北京的筒子啊！ 泪 ，爱吃蛋糕的童鞋走起啊！ 赞 嘻嘻 [泪] [赞] [嘻嘻]
0,音容宛在、眉骨依旧 说得好造孽哦 泪 说实话，我也想不起来鱼香肉丝到底该是什么味道了，偶尔吃一口，依稀仿佛似是而非。 [泪]
0,铃木爱理 云南彝族 岁女孩张鸿娜 意外掉入开水锅，凭着超凡毅力爬出自救，烫伤严重 泪 现在昆医附二院住院治疗，如若治疗顺利，预计仍有 万缺口 。儿慈会 透明平台捐款通道： 心 期待您的爱温暖呵护她 心 漆光伟光头教练 茗缘茗人名茶 大狗熊 阳澄禹衡 [泪] [心] [心]
0,疑问 抓狂 衰 陈源 我昨天回来的，的确每件行李都要过 光机。好在咱是一贯的守法良民。 [疑问] [抓狂] [衰]
0,马继跃 围观 围观 天性 人性 怎么可以这样 我们且不说商业道德 关健是给首都丢脸 康容茂 瑷羽小姐 草 怒 怒 怒 董芳 谴责这样的强盗行为 张三 董稚 直接把宾馆名字发上来。让他们关门 [围观] [围观] [怒] [怒] [怒]
0,四点三十三的票我看成了四点五十五 还在路上好慌张！ 泪 [泪]
0,这个时候的雪糕肯定是去年剩在冰柜底的啊。 独眼 真是一对儿苦命鸳鸯雪糕啊。 衰 [衰]
0,怒 怒 怒 看看！ 金毛豌豆 物业没有通知就撒剧毒老鼠药，小区狗狗遛狗后即刻死亡 只，物业然后没有说法！请法律人士支援！借鉴下请各位小主遛狗的时候，拉紧绳子，千万注意狗狗低头吃的东西！ [怒] [怒] [怒]
0,法芙那，奶奶的错字害死人呀 泪 泪 泪 [泪] [泪] [泪]
0,我又饿了 泪 [泪]
0,美事鲜闻 美国男子为防妻分家产 将 万美元黄金扔垃圾箱 今年 月，美国科罗拉多斯普林斯市 岁的厄尔 雷 琼斯为了防止离婚之后妻子分掉他的一半家产，将价值 万美元的黄金全都扔进了垃圾箱，这些黄金如今很可能都埋藏在一座垃圾填埋场下。 伤心 土豪的世界越来越难懂了。。。。 [伤心]
0,回复 湘人余岁柏 跟余总学学 可爱 湘人余岁柏 看样子，天下男人都爱美女！ 尹峰 长沙杨柳 何高峰 几位兄弟都不发言！ 泪 [可爱] [泪]
0,嗯 我也是 泪 [泪]
0,怒骂 北京人捍卫大北京 哎！你们真的不作为 北京地铁 [怒骂]
0,转 王权锋 帮转！ 王浩 泪 陶伟华 帮转，最恨这种人。 帮转 转！丢孩子后，基本这个家就毁了 梁巨民 大伙请帮转 转发微博 [泪]
0,在携程选的机位无效是怎么个情况？ 泪 我在这里 [泪]
0,邱老贰 还有石钟山，龙官洞 拳头 雪掩江流 哈哈 坚定不移滴支持九江 赵腾飞在织围脖 受不鸟了！这地方太吸引人了！！也想去，我心里争斗的厉害，一个是寺院，一个是人间天堂！！ 泪 好挣扎！！ 浔城竹聆风 雪掩江流 赵腾飞在织围脖 九江旅游杜少华 欢迎再来九江。 [拳头] [哈哈] [泪]
0,蹲电脑前面等 刘星在嘻哈包袱铺 嘻哈包袱铺会在明天集体表演节目，期待吧 第六届 相声大赛 唉，明晚最后一场直播了，伤感迎面袭来！ 泪 我们明天见！ 亲亲 [泪] [亲亲]
0,激情张家口 亲爱的朋友们，我是住在 房间的千寻，哪位带 两项充电器了，能借我用下吗？我的三项的找不到插板 泪 泪 小柳菁儿 [泪] [泪]
0,回家把钢丝球扔了 文怡 用钢丝球就把锅全毁了 泪 蜡烛 。等我今天拍完再说哈。同志们，你们听我一句话，钢丝球这种东西，就别进咱们家门儿了，擦什么都不合适。它的存在，我也不知道是为了啥 汗 乐克 怎么洗的啊！ 疑问 我用铁刨花擦都没有你的干净！求解？！ [泪] [蜡烛] [汗] [疑问]
0,好感动！ 家的金小夕：转过必须再转 别吃朋友 相依为命，在这有情世间 云深不知处 ：多少人还不如他们俩啊 挚爱净土故乡 ： 动物情深 非常有爱的流浪狗照顾和保护流浪猫！太感人了 泪 别吃朋友 佛子如毅 南无阿弥陀佛 大愿 领养小铺 低碳地球 反皮草 清心清茶金沙漠 [泪]
0,又进医院，五百大洋没了，随便一盒药就是一百多，中药、针灸加拔罐，还要 光着上身 被一帮女实习生围观！ 泪 [泪]
0,就是就是！ 衰 [衰]
0,分钟了恒大竟然没有一次像样的射门 抓狂 抓狂 [抓狂] [抓狂]
0,胡 荣 我把你家店取衬衫的单子给丢了 泪 咋办？ [泪]
0,爸爸好腻害 晕 晕 晕 纯粹捧场的一只猫 [晕] [晕] [晕]
0,还记得前年被宰打过 ，对方说找不到路过来。我们部门大都女生，面对对方几个东北大汉，也只有忍了。三亚宰客并非一日之乱，和当地政府长期疏于治理不无干系！ 陈朝华 李开复 还七折呢！ 衰 何刚 三亚挨宰账单！ 个菜 元 [衰]
0,汗，是叙利亚央视记者，不是 的 紫菜饭团子的墨迹生活 求证 天使云儿 吃惊 求证 不可能吧？ 张国庆看天下 求证 不可能吧？叙利亚自由军敢灭中国记者？ 陈晴 石小杰微博 泪 [吃惊] [泪]
0,白老师通过自己的行动告诉我们一个道理， 出来混迟早要还的 。 衰 [衰]
0,人工吸了两年毒气坑爹啊坑爹超标 倍我很焦虑 怒骂 [怒骂]
0,泥煤的，昨天被电饭锅烫了下，今天还红着，请问怎么搞啊！不想留疤 泪 抓狂 我在 [泪] [抓狂]
0,回复 恺撒要逆天 狮子都受不了，处女更受不了。 恺撒要逆天 我就处女 泪 确实抓狂了 纳兰若仪 回复 考拉小姐 也是狮子，也受不了 我讨厌人家东西放边边，不小心一碰就掉，刀 杯子 手机 碗 第东西更是危险，很讨压人屡教不改，如不巧在这类人边上，会帮他们把东西摆好。 [泪]
0,虫二啊 峤九一 一个，早上起来听 杰斯君 震惊了 泪 好！好！听！ [泪]
0,打个电话，气死了！狗屁，办个事，很简单的事整的那么复杂，本身就不正规，还非把自己弄的那么正式，假装很正经！今天心情极为不爽！想骂人 怒 [怒]
0,突然感觉好无助 泪 不会再爱了 泪 卓越 不是地球人，是颤抖吧中国人！ 石小飞啦 王珂 病蛹 汗 王珏 深圳 转发微博 [泪] [泪] [汗]
0,今儿吃了九家餐厅 破纪录了 晕 本周扫店 家 衰 [晕] [衰]
0,包裹山。才包了一半 泪 泪 亲们别慌啊 [泪] [泪]
0,命都给了，求妹纸们看过来 泪 泪 蔡米勒 喜欢的姑娘来看看 店主实在，不真给命！ [泪] [泪]
0,在北京发生这样的事情应该按事故处理！真是北京的悲剧！！！ 抓狂 怒 抓狂 怒 边超 郑挪 神马情况啊 何汉的马甲 求真相 [抓狂] [怒] [抓狂] [怒]
0,废驴兵，好词 侯宁 太不文明了，还不道歉？废驴兵，你想怎样？ 悲伤 [good] [悲伤]
0,回复 王珂 是呀是呀 姐一词道破 逞能 或者就是 自虐 对谁都比对自己好。。。 失望 王珂 哈哈哈，是不是我们白羊都有点逞能？ 挖鼻屎 我也是，过后发现手臂一直发抖，抬都抬不起来。。。 [失望] [挖鼻屎]
0,真相了？ 孤独求图 这么多新闻，你们谁听过那个官员没有血用，没有吧！血库血少，那看是给谁用！ 刘锐元 同问！ 水蓝印象 保管费？ 怒 怒 怒 [怒] [怒] [怒]
0,衰 肖楠 还有养绵羊的？ 绵羊猫清雪天天十六岁 好可爱 绵羊什么的 墨 峥 你家道友丢了 东都小肥狼 小区里还能捡到这物种！！！ 第五元呆 唯亲模式开启 谁家蠢咩咩走丢了？ 板砖天师殷忘川 夏影依恋 师弟这是不是你孩子走丢了 [衰]
0,擦。。。花样作死大赛！ 抓狂 行吟者麦兜 余苇渡 安东 [抓狂]
0,泪 羡慕嫉妒恨 我要去成都 [泪]
0,韩亚航空飞机失事，让我想起 年 月 日亲身经历过的一次紧急跳舱事件。我最大的感触是：一定要坐在离紧急出口最近的位子；身份证件一定要随身携带；一定要听从机务人员安排不要去拿行李；跳舱离开后一定要跑得越远越好。我记得当时很多国人就拼命去拿行李，跳下去之后还在结伴聊天合影留念 衰 衰 [衰] [衰]
0,为什么！！！总是虐杀动物！贱人！ 微博宠物 好心疼 泪 ，请珍爱我们的狗狗！ 微博同城会 这！他们怎么下的去手啊啊啊啊！！ 抓狂 [泪] [抓狂]
0,谷正中 媒体人晨晓 司马平邦 怒 话筒 怎么回事？？？？？？？？？？？？？？？？？？？？？？？？？？？？？？？？？？？？？？？？？？ [怒] [话筒]
0,北京事儿 北京连续 天重度污染天气 泪 亲们还记得可以深呼吸的日子吗？ 从 日开始至今，北京已连续 天出现重度污染天气，其中大部分时间，北京市区达到 级严重污染。有专家表示，除了污染物排放，不利的扩散条件也是主因。建议亲们白天避免不必要的户外活动，也提醒家里晨练的老人请减少运动量。 [泪]
0,感同身受 泪 享买的鱼 周勇 转发微博 [泪]
0,爱你 早上讨好少爷说周末带他参加万圣节趴？讨好老公说过年去韩国看那个外表青涩其实是个精虫上脑的色狼韩国朋友？结果 汗 少爷说打死也不去过万圣节过香港太累又要被鬼屋吓死了！老公昨晚答说好今早又反口说过年想回去陪我爸！ 悲伤 悲伤 这些理由都让人无法反驳！ [爱你] [汗] [悲伤] [悲伤]
0,惊蛰，鱼出坑，在路上 偷笑 早餐吃三个汉堡是不是有点违和感 衰 我在这里 [偷笑] [衰]
0,这雨下还是不下，吓得俺也不敢出门，俺没有小铁锤啊 抓狂 [抓狂]
0,又冷又晕 又要病了 泪 [泪]
0,年后的 林志颖 与小 成人见人爱的双胞胎 心 林志颖 曾经偷偷告诉我们 逆生长的秘密 ，你有没有好好在家学习？但是拥有不老童颜也是有烦恼的 年后，小 也长大成人，与现在的爸比站在一起，你还能分得清吗？机智的网友用一张图告诉你 逆生长的结局 泪 [心] [泪]
0,曹为杰造型师 收图啦！我发觉你总抢镜哈！明明帮我做发型，怎么亮点在你头上叻？ 晕 右哼哼 [晕] [右哼哼]
0,要死了。。。 悲伤 衰 泪 失望 [悲伤] [衰] [泪] [失望]
0,北京突发 今天下午 点！妹子，犯得上拿命求他吗？ 芥末小墩儿：东四环大郊亭桥下，一女突然跪马路中间了！！！我老公好心眼，好言相劝，得知与男友打架，男友说： 你跪这一小时就原谅你 。。。 这种男的说这话你丫还真听啊 怒 劝了也不听，就这样跪在马路中间。。。路过的司机注意吧！ [怒]
0,酷 同样烟花，从前眼里是美好的过年，现在看只是雾霾污染。分别心由境而生。。。 晕 [酷] [晕]
0,这位女同志需要承受多少 压力 啊！ 侯宁 回复 向日葵的果田 怒 向日葵的果田 元？奇迹 [怒]
0,暹罗猫 寥寥的居家生活 萌宠 遛猫 电梯开了你不出来很危险 抓狂 [抓狂]
0,清一色目登口呆 李霖 木有事一般我不会笑话美女 嘻嘻 韩 嘉儿 李霖 丫的又要被你鄙视了，我这木脑壳 哈哈 心 伤心 韩 嘉儿 ： 冰冰郁结 摩羯 欣 孙悟空他舅 罗梓琳 郭涛 还有 木有 上的啊 对号入座哈 偷笑 蛋糕 哈哈 [嘻嘻] [心] [伤心] [偷笑] [蛋糕] [哈哈]
0,哈刚伐！ 王 呈呈呈 王爷 吃惊 衰 玩死小熊 哈哈哈 鼓掌 苏小三 嗲 [吃惊] [衰] [鼓掌]
0,月份，貌似还比较冷 抓狂 [抓狂]
0,现在还有不下雨的地区吗 泪 泪 [泪] [泪]
0,昨天我已经被人嘲笑过了 泪 [泪]
0,怒 怒 熊猫潘大吼 咕 [怒] [怒]
0,回复 杨喜文 是这样的，在有些限速太低路段，有时为了注意速度，反倒很分心的，呵呵 杨喜文 这样容易出事 和谐之旅范兆霞 赶紧踩刹车啊 抓狂 赛迪传媒官方微博：这个好 ！ 电影工厂 有创意！ [抓狂]
0,今天终于见识到了什么叫做齐 短裙。 酷 抓狂 [酷] [抓狂]
0,嘻嘻 嘻嘻 病了 天掉了 斤 偷笑 忧中带喜 嘻嘻 还未康复很怕冷、出门穿了件长袖衣和狐狸毛的坎肩 汗 结果小区里所有人都看我 晕 很多人还在穿短袖衫 汗 思考 哈 大家看我瘦了没 偷笑 有做减肥产品的快快请我代言噢 偷笑 效果一定很神奇 嘻嘻 我在这里 [嘻嘻] [嘻嘻] [偷笑] [嘻嘻] [汗] [晕] [汗] [思考] [偷笑] [偷笑] [嘻嘻]
0,嘻嘻 老黑同志 在北京卖咖啡胶囊的老顾 ，这老头儿爱享受，咖啡、红酒、香烟、休闲时光一个都不能少，可惜又是个不肯向钱低头的倔脾气 怒 哦天哪！你们居然搞不清楚什么叫咖啡 幸福心语 霈禹 [嘻嘻] [怒]
0,吃喝玩乐大搜索 今日推荐：粤菜传统名菜之一 烧鹅 。这一块儿块儿泛着金红的色泽，脆脆的皮、嫩嫩的肉、香香的骨、肥而不腻，口感醇厚。吃得时候要蘸一些些酸梅酱，滋味更是独特的很。只可惜不知道北京哪里还能吃到荔枝木烤的？ 泪 梦遥 盛博 心泉之家 伍餐肉 食尚小米 刘展耘 [泪]
0,想打 嚏但不成功那 鼻子 ，眼 直流的 ，超痛苦 泪 [泪]
0,都在不在中相连罢了，晚安 罗皓 所以是一种奢侈啊！ 抓狂 陶建狮姐 亲，这个也不是我原创，我也是转发 西安许姐 好像是 陶建狮姐 昨天给俺们几个资深美女写的？！要尊重原创者的知识产权呀 ！！ [抓狂]
0,这还是人么 衰 猫扑：深度追踪：武警将犯罪嫌疑人的母亲、小舅和朋友等 名亲属带至现场，同时决定让其母亲和朋友接近犯罪嫌疑，并采取亲情撼动的战法，与其交谈劝解，缓解其压力、试图促使其主动自首均告失败： [衰]
0,说的就是你，赶紧给我多拍！我不要再当摄影师了，单反重死了！ 抓狂 抓狂 抓狂 抓狂 抓狂 扛着累死我了，以后你来拍！ 哼 哼 哼 哼 我是宁俊 [抓狂] [抓狂] [抓狂] [抓狂] [抓狂] [哼] [哼] [哼] [哼]
0,外星人 晕 [晕]
0,蜡烛 云飞 永远的记忆 姚晨 奶奶，一路走好。 蜡烛 泪 远方的蜗牛 蜡烛 张文伯伯 蜡烛 何平 蜡烛 中国电影导演协会 蜡烛 [蜡烛] [蜡烛] [泪] [蜡烛] [蜡烛] [蜡烛] [蜡烛]
0,便宜的原因是，它就值这个价格，仅此而已。 非凡旅行家 是呀订好了 我们 去这家 冬雪梵音 哦 抓狂 灵的！我们就去这家吧 可怜 非凡旅行家 [抓狂] [可怜]
0,爆竹在我头顶开花， 衰 [衰]
0,我个人认为尚雯婕唱歌的感觉很高级，非常的国际大咔感，我愿意花钱去看她的演唱会 耶 耶 ：今晚上海芮欧百货 的大秀尚雯婕会作为表演嘉宾唱两首歌，本来我会去，结果在新加坡错过了，实在可惜 泪 [耶] [耶] [泪]
0,刚才明显感觉楼晃了两下，北京地震了？ 衰 [衰]
0,我是丑八怪、 哼 好不开心的、 失望 我在这里 [哼] [失望]
0,哈哈 玩笑而已 过一阵就搞男士之夜 你要来 开开心心 拍照片 怒 乐儿餐厅 送你生玉米 回家自己爆咯 切克闹 开开心心 拍照片 男士送什么？ 乐儿餐厅 回复 王静宜宜姐姐 哈哈，哪能呀，那个人才像呢 风的来世 哈哈 王静宜宜姐姐 回复 乐儿餐厅 您一副我吃了没付帐的样子 泪 [怒] [lt切克闹] [哈哈] [泪]
0,中国好舌头 晕 哈哈 哈哈 哈哈 哈哈 ，戳中笑点 [晕] [哈哈] [哈哈] [哈哈] [哈哈]
0,今天带着靓丽心情出海。钓鱼十分钟，难受十小时 吐 黑海不好惹 晕 [吐] [晕]
0,终于体验到了早高峰 泪 [泪]
0,北京银泰中心的停车场太差劲！公共停车区没有车位，入口依旧放车进来，开下去没人引导，转好几圈之后，有人说你们出去吧，能停哪儿我也不知道。开到收费处，居然要收钱，我说没找到车位耽误了时间，为什么还收。答曰停车场管理和收钱是两家公司。 怒 [怒]
0,又被夜店小王子叫来喝酒，最近各种不顺，难道只能用这种方法解决吗！ 衰 衰 [衰] [衰]
0,他说我是青蛙。 半个烟圈掠过我们消散的脸庞 尽管不靓是什么意思？ 怒 我哪有才阿。唯一的篮球特长还残疾了。。。 奥斯特 回复 真 就不懂得欣 有 涵 有音 才 好心 管不 的 偷笑 哈哈 [怒] [偷笑] [哈哈]
0,以后晚上不喝咖灰，此刻，睁眼醒来就是淘宝和看碟，我能有出息点吗 晕 [晕]
0,说的真好！你说的话总是那么触心 泪 [泪]
0,从诸暨带回来的 泪 泪 泪 没注意看，好多坏的！ 我在 [泪] [泪] [泪]
0,虚心使人进步 闲人一枕清霜 吃惊 吃惊 恁地谦虚起来，各种零乱 晕 野山狐儿 主要是云长的好 浮云 给力 闲人一枕清霜 哼 得瑟 偷笑 大道为德 拍摄水平不错 偷笑 偷笑 偷笑 快乐的读客 闲人一枕清霜 武夷华少 福顺武夷的日记 [ok] [吃惊] [吃惊] [晕] [浮云] [给力] [哼] [偷笑] [偷笑] [偷笑] [偷笑]
0,今天还有一朋友，两口子都是北京人。为了能多购置一套房子只能离婚 抓狂 抓狂 感谢伟大的国五条，直线拉动离婚率！ [抓狂] [抓狂]
0,午饭 三伏天木有胃口 炝炒女人菜杆儿、肉末 豌豆儿 还是木有胃口 泪 泪 泪 青梅盐水煮白面还是好吃？ 刘杨刘杨刘大杨 我在 [泪] [泪] [泪]
0,别人都以为他去了天国，唯独我知道他还在人间！ 泪 [泪]
0,：同意！是吧 中号 狮子也是的 秀吉 水瓶最外贸协会的了 怒 敏敏爱木耳 赞 翡翠指甲盖儿 小满 矮油，矮油，我都再想要不要转给你们让你们自我陶 敏敏爱木耳 开心 亲个小脸蛋儿 重口味宅腐女 看看朋友之间对你的外貌评价值多少分 [怒] [赞]
0,又踏上去安徽的列车了，这次终于能发车了，但更恐怖的事，动车半路停车了，我的天阿！ 晕 铁路两边有昨日台风肆虐，留下的痕迹 我在 [晕]
0,梅田，大阪站，一个容易让人发疯的奇妙的都市圈。 抓狂 嘻嘻 [抓狂] [嘻嘻]
0,氙，氙气。 丫丫个呸的我又不是学化学的这个什么什么气跟我有关系么我为毛要背这个单词啊！！！ 哼 哼 哼 抓狂 抓狂 抓狂 [哼] [哼] [哼] [抓狂] [抓狂] [抓狂]
0,到底多少头 怒 [怒]
0,喜欢是喜欢，可放车里，真的是。。。。 晕 晕 晕 晕 [晕] [晕] [晕] [晕]
0,小鸭子很亮 蜂蜜 衰 任 小妖 偷笑 在理在理 [衰] [偷笑]
0,哪里有的看？ 宫崎骏，喜欢他葛朋友真多啊 我要看高清的，我要看高清的！ 抓狂 怎么还没有得下载啊 抓狂 ，支持支持，虽然不是老宫亲自执导，但还是支持啊。老宫的作品总能令人有不一样的感动。 [抓狂] [抓狂]
0,哈哈 小宽胖 宁愿选择榴莲不放手，一边想瘦，一边泪流 泪 [哈哈] [泪]
0,厚厚加油！！！又瘦了 泪 [泪]
0,郁闷！升级升级，把我的应用软件都升没了，还要重装，密码都不记得了 不升就不行吗？ 晕 [晕]
0,泪 我的行李不见了 王佳慧 [泪]
0,都敏俊大人！救我！ 抓狂 害羞 [抓狂] [害羞]
0,都是精品啊，好怀念穿高跟鞋的日子。。。。 泪 [泪]
0,这回谁也别找齐儿，一个比一个肉松！ 泪 [泪]
0,再次见识了自拍神器的功效啊，也太美颜了吧 抓狂 上海的达人们真是人手一部啊 江南 连 凯文老师 老师都一直啧啧称赞内地的小美女们豪气的很 亲亲 昨晚活动我又在躲在幕后指使一群美女把各位老师和 姐直接拦下一阵自拍 偷笑 狂 的好哇 江南 [抓狂] [江南style] [亲亲] [偷笑] [江南style]
0,霸桥还有这等事 怒 以海之瀚 烟花 [怒]
0,取取取暖 我看不下去啦，不好看呢 泪 [泪]
0,赶火车 衰 [衰]
0,红原县味道相当不错的白龙火锅！还没吃就闻到一阵香味，好吃！胃里没地方！ 泪 央半北 厦门玲子精品微博 令狐冲高 伍玖 达达 边疆行墨墨 [泪]
0,心到就好，兄弟我一起祈福了 光头司令哥， 赤图十戒 不能亲自前往！ 泪 泪 糖哥 咖啡大佬老冯 都到了吗？兄弟们！ [泪] [泪]
0,今儿是破财免灾日！ 泪 生病 [泪] [生病]
0,怒 相声演员王勇 张鑫 张小宝 怒 怒 怒 张小磊是胖子 这种人就不要当老师了吧 津之静 烧饼！！！！ 怒 大家都去斥责这个 ！！！ 小琪 这些畜生都是怎么揍出来的 怒 怒 我是老许 怒 [怒] [怒] [怒] [怒] [怒] [怒] [怒] [怒]
0,泪 烧得都是我们自己的，一群蠢货。 鱼阿鱼 天！ 抓狂 鱼 幽壹 导演高晓舰 怒 香山红叶飘 吃惊 吃惊 华子 真疯了么？ [泪] [抓狂] [怒] [吃惊] [吃惊]
0,怒 薛蛮子 更要追问到底 至诚感通 有点同情猪老倌：国家花钱采购的类似口蹄疫疫苗免费送给猪老倌，不打这疫苗可能不一定有事，可怕的是打了疫苗后马上得口蹄疫！因为很多疫苗是减活或灭活疫苗，如果运输、使用不当就会被激活 得病后，政府又没有补贴，猪老倌们会怒火冲天 [怒]
0,回复 少年梁小博的奇幻漂流 不够累，就不要无病呻吟，睡眠是奢侈的。 酷 酷 少年梁小博的奇幻漂流 泪 失眠这么多年，终于找到根源了，比电线杆的广告有效啊！！！ [酷] [酷] [泪]
0,飞机坏了 泪 ，有没有搞错啊！ [泪]
0,难为我到开平丐熬，你们居然这样！快西乃打包过来哇。 小 抓狂 还唔翻下次我就放你张黑白照，前面放杯茶咯 [抓狂]
0,刚刚被某个对我很重要的 群的管理员给移出群了，和群里的老朋友失去了联系 泪 真有这个必要吗？现实真的很 骨感 ！ [泪]
0,公里，自驾，宝贝整体很乖，表扬一记。有些插曲，手机花屏，完全没法用了。 抓狂 好在预定了途家的公寓，特别适合一家老小出行，宝宝还吃到了外婆做的家常菜。让粑粑麻麻今天安心游了漓江。 [抓狂]
0,今天去还有 蛋糕 噢 哈哈 潮汕渔家 我应该今天去太阳宫店端盘子的，不该昨天去挖！ 泪 泪 [蛋糕] [哈哈] [泪] [泪]
0,吃药 怒 [怒]
0,蛋蛋 那就可以轮回了 懒羊羊 要是遇到晶晶咋整 猪宝嵩嵩 他要是遇上你可以直接投胎去了 懒羊羊 这种人赶紧占我的做，好让老娘骂个痛快 猪宝嵩嵩 怒 [怒]
0,如果我说我很难过，是不是太矫情。从今早到现在，一直问自己，是不是要的太多 即将再见的拉萨，啥时还能再回来 伤心 感谢 平措康桑国际青年旅舍 让我与布宫如此贴近 阿里高点 [伤心]
0,谁能告诉我哪个是内存条，它在哪？？！！ 泪 泪 ，我现在电脑里面急用的东东拿不出来 开不了机，我只是拍了它三巴掌而已 泪 我知道错了！！！ [泪] [泪] [泪]
0,黑线 衰 [黑线] [衰]
0,看到了吧？不要追求所谓的粉了，质量还是第一位的！即使你有了百十万的粉，如果全是僵尸粉， 衰 任志强：害人害己 快乐的姜 哈哈 号称百万粉的要小心出现 事件 许小年 ：比五毛还便宜？这个工作不好。 [衰] [哈哈]
0,答案揭晓 不是橄榄，不是槟榔，更不是虫子 抓狂 ，真面目在此： 如果你还有更好的点子，赶快将你发现的新奇食材私信给小豆吧，不可以百度，要真材实料哦，记得附上食材介绍 哈哈 欢迎大家投稿哦，一经采用，小豆可是有奖励的哦 耶 [抓狂] [哈哈] [耶]
0,衰 [衰] [?]
0,陈业文新大都 泪 伤心 衰 贺延光 陈世卿院士 悲伤 心 太阳 光明正大，公正无私，见义勇为 爱心传递！ [泪] [伤心] [衰] [悲伤] [心] [太阳]
0,算侬嫩来 哼 老子天生么胡子怎么办 怒 [哼] [怒]
0,上海肿么这么冷啊？ 泪 [泪]
0,疯了疯了， 抓狂 抓狂 抓狂 。。。如果在天朝，虐待动物会被罚款或拘留的话，我想，我家楼上邻居估计早就被罚得倾家荡产，或是把牢底坐穿了， 哼 。。。 我真想知道她家的狗为什么每个周末都会惨叫，而且两天两夜不停歇 。。。 哼 。。。 不爱狗还养狗的人最可恶 。。。 [抓狂] [抓狂] [抓狂] [哼] [哼]
0,真想象不到，一个连蛙鸣都能乱心的孩子，如何能在风浪中长大 可 青简 一个只有人声的世界将会多么寂寞 悲伤 [可?] [悲伤]
0,泪 泪 泪 不应该呀不应该 陈乔恩这部剧为演技正名 [泪] [泪] [泪]
0,足迹 大地在颤动，仿佛天空在燃烧 让暴风雨来的再猛烈些吧！！ 大 叮 衰 的瓶子 这算提前告知了吗 思考 挖鼻屎 [衰] [思考] [挖鼻屎]
0,甘总致辞，离的太远，无法拍照 泪 [泪]
0,泪 泪 泪 泪 任志强 祝贺啊。 张泉灵 最悲催的是，我看到这条时嘴里正嚼着一口皮蛋。 抓狂 好吧，不把元素表吃齐了都不好意思。 [泪] [泪] [泪] [泪] [抓狂]
0,随笔 雪夜， 在去机场路上， 抱着一罐乳酸菌， 想起人在 途。 准备"灌" 抓狂 [抓狂]
0,萌物 别拿我们喵星人不当企鹅！！ 抓狂 抓狂 [抓狂] [抓狂]
0,造毒者可以早点下地狱吗？求你们别在人间祸害百姓了。 北京吕世双 怒骂 濮萱 被看穿了 转发微博 [怒骂]
0,到底是叫内什么还是叫罗莎啊。 挖鼻屎 不管他，反正是又有台风了。。 怒 [挖鼻屎] [怒]
0,宝贝小大人 泪 [泪]
0,泪 今晚又被送到医院急救了。四肢头、脸部发麻发木呕吐不止、眩晕窒息、呼吸困难。意识不清呼吸微弱、那个时候感觉自己真的要离开这个世界了很痛苦很害怕。 低钾血症也会引起上诉症状 洋地黄中毒引起频发、多元性早搏或快速性心律失常 快哭了 输液服药后症状减轻大家不必担心了。 [泪] [快哭了]
0,这 脑子怎么想的，太猛了。 晕 [晕]
0,超吸引 我流口水了 抓狂 [抓狂]
0,北京所有打车的人都来朝阳门了吗 怒 [怒]
0,晕 走在上面怕踩空的童鞋请举手 寻梦的忙碌人生 看着好晕 [晕]
0,教育部是否教育老师和校长？ 北国阿凌 陈士渠 发现类似事情请报警 怒 头条新闻 又一个！深圳南山区教师猥亵 名小学生被拘！ 怒 [怒] [怒]
0,投行张娟 太感动了 泪 [泪]
0,无耻 黑龙江晨报 抓狂 陈陈小莹 龙江燕子 知白小民 装年代 转发微博 [抓狂]
0,两口子的感脚 泪 太有爱了 [泪]
0,午饭，长这样。显摆一下宣威火腿。你们都懂滴，只是我不知道这东西，十几斤的一大腿儿要卖小 块了吗？ 馋嘴 晕 抓狂 [馋嘴] [晕] [抓狂]
0,金牛座大本营 说的太对了！一定要好好珍惜金牛！！ 泪 泪 [泪] [泪]
0,看起来很美，可惜去了还有机会回来吗？亲 伤心 [伤心]
0,衰 饭否阿范 距离 万公里，时速 万公里 需要 小时到达地球，也就是 天，也就是 月 日一早 [衰]
0,月 日旅游大派送话题： 月份张纪中的新版 西游记 就要上映了，更多拍摄地点，让我们跟随西游记的情节去旅游。 做鬼脸 不过今天要问问大家，老版 西游记 孙悟空横空出世的地方是在哪拍摄的？ 失望 你最喜欢的人物是哪个呢？奖品：咏歌会欢畅礼包一份 [做鬼脸] [失望]
0,送完带子，居然五点了 哼 失望 可怜 说来接我，我头回下楼这么迅速，可等得快中暑了也不见车影啊 这倒霉的一天，典型起大早赶晚集呀 泪 泪 泪 [哼] [失望] [可怜] [泪] [泪] [泪]
0,待下文 袁裕来律师 必须向责任人员追偿。 法制洋葱头 浙江高院自己不印钱，这 多万元，就让我们浙江的纳税人买单吧。 泪 [泪]
0,达琳是新品种？ 老头夜话 我下岗了 抓狂 ，要给克里木大叔当徒弟了。 山那边的美好 那得请 三里屯达琳咖啡 的克里木大叔主讲啦！ 老头夜话 建议下一次组织生活：集体欣赏 著名咖啡表演艺术家 现场调制 达琳咖啡 ，商讨明年的大政方针！ 山那边的美好 笑纳，低调呀，要得罪人的。 [抓狂]
0,我的橙色军团呀，哎呦喂 悲伤 [悲伤]
0,把华强北的一种业务延伸到距离客户更近的地方 高科技 付亮的竞争情报应用 卖盗版光碟的升级版。 泪 [泪]
0,果然 文博的一亩三分地儿 抓狂 台词丶音乐丶电影 强迫症，中枪了 抓狂 [抓狂] [抓狂]
0,出差归来就是饿呀 地铁上就在狂想各种美食 抓狂 吃点啥呢 疑问 [抓狂] [疑问]
0,我好像午饭忘吃了。。。 晕 [晕]
0,摇号本月没有中签啊 抓狂 泪 [抓狂] [泪]
0,此生再也不买皮草 泪 海带败家 空中老飞猪 我操泥马！太血腥了！ 没看完，太血腥了，女孩子还是别看了，少买两件皮草吧！ [泪]
0,估计没有人能猜出来我到底想要拍什么 汗 技术实在是太渣了 泪 [汗] [泪]
0,蚂蜂窝旅游攻略 蚂蜂窝问答 赞 蚂蜂窝旅游攻略 准备去澳大利亚旅游，特别想去看考拉，这些考拉问答太实用了 泪 泪 [赞] [泪] [泪]
0,这官微都出来吐槽了 晕 [晕]
0,泪 我恐高 泪 总圈我这些惊险的，下次优美的圈我吧 [泪] [泪]
0,写的挺好的 对产品，真心只是只有一把辛酸泪 晕 数据挖掘研究院 呵呵， 的博士。 [晕]
0,特别警告，牙痛吃含甲哨唑成分药的人，千万滴酒都别沾。我昨天就喝了一小杯啤酒，把五脏六腑都吐完了。 泪 生病 吐 [泪] [生病] [吐]
0,天哪！这得多 的产品才会安排成这样啊 晕 为什么年轻人也不比较下价格与产品呢 [晕]
0,什么时候能到家？干嘛不收过路费！！！ 衰 [衰]
0,快板 赵丹丹 畜生 句英文签名 好心酸。 泪 [泪]
0,到底哪个准？！？！ 抓狂 口十等等 [抓狂]
0,当女生找你抱怨时的正确应对方式 有共鸣的同学，唉 都是泪 泪 [泪]
0,泪 庄雅婷 这只金毛给我发私信了。。。我居然粉了一只狗 [泪]
0,手贱啊！！！辛辛苦苦写的东西，人家电脑问保存吗？我点了 不 ！不光手有问题，脑子更有问题！ 怒 [怒]
0,胖 你校友 偷笑 周伟 衰 幸福树 人丢大了 浅酌低吟只为这皮囊 薛蛮子 厉害，已经被人肉出来了，哈哈 [偷笑] [衰]
0,让我死了算了 泪 [泪]
0,上火 牙疼 泪 [泪]
0,喜欢 ，不过貌似岁月又出来摧残了一把。。 泪 [泪]
0,看的人惊心肉跳呀 他跑的太犹豫了，只差一点点时间 泪 。 [泪]
0,去年情人节我在山里的度假村赏雪景，白色情人节。今年如果 不地震的话，我现在应该在 的海边踩着细软的沙滩漫步看星星，蓝色情人节。可是，我现在却悲催的在床上躺着数绵羊，数水饺。就是睡不着啊！ 泪 泪 泪 汗 衰 求安慰。 抓狂 [泪] [泪] [泪] [汗] [衰] [抓狂]
0,回复 南岳旅游 别老是诱惑我 抓狂 抓狂 南岳旅游 洋光摄客 快来南岳把 湖南省旅游局官方 最美南岳雪景 这还要多美啊！ 南岳旅游 [抓狂] [抓狂]
0,东方卫视的 妈妈咪呀 节目都是假唱呀 抓狂 [抓狂]
0,梦想努力 终于修好两个活动的片了，还有一个没修 抓狂 去玩的时候很 拍照也很 修片就要看心情，感觉和耐性了。 嘻嘻 不过忙完看到效果很惊艳还是很有成就感哦 偷笑 [抓狂] [嘻嘻] [偷笑]
0,泪 [泪]
0,衰 家人杂志 快讯 武汉载人电梯从 层坠落 共导致 人死亡 据 长江日报 月 日 时许，武汉东湖景园工地发生严重的安全生产责任事故，一部满载建筑工人的施工电梯从三十层以上高度坠落，共导致 人死亡。 [衰]
0,轻轻微语：以后绝对不敢了 抓狂 [抓狂]
0,我想早睡早起 晕 我想身体好 汗 [晕] [汗]
0,双子要开节能车！不会是普锐斯吧？ 衰 微博星座达人 十二星座最适合开什么车上班 [衰]
0,谭笑有鸿儒 回复 曼曼唠叨 就是怕人多了，撞死一个，傻逼接着来！ 怒 曼曼唠叨 老子建议受害者直接争当防卫，保护自己的财物！ [怒]
0,库巴张海强 我也会删 哈哈 谢伟 泪 你好坏坏 嘻嘻 浔兴股份李洪波 为了一个汉堡，我会牺牲以下这 位好友 泪 上海广告媒体圈 君众咨询邓学君 品牌几何 于群力 王清忍 华之旭服饰 许家栋 中国 恤 谢伟 哲怿 一吴力祺 潘东燕 [哈哈] [泪] [嘻嘻] [泪]
0,绿豆糕今早断货了 泪 玉米汁可甜了，那个沐浴露味道特清爽全是俺家的好东西太会买了 嘻嘻 嘻嘻 [泪] [嘻嘻] [嘻嘻]
0,深深感动 泪 [泪]
0,在北京夜晚的马路上看到这条微博可真温暖 泪 [泪]
0,连续收到 条中奖微博，全部举报绝不手软 怒 [怒]
0,回复 左眼失聪 只是小猫咪会对鱼鳔感到失望 晕 左眼失聪 太邪恶了你 泪 泪 [晕] [泪] [泪]
0,泪 这件事 想起来就悲伤啊 泪 [泪] [泪]
0,微博搞笑排行榜 几米总能道出心声！ 泪 几米漫画集 [泪]
0,赞 威武 王立军的月亮验证了千万别得罪月天蝎 衰 判答 在同事的提醒下，我查了一下王立军，结果是。。。太阳摩羯月亮天蝎 衰 衰 要不要这么巧啊，如果不看宫位的话，谷开来真的遇到克星了，其实她真的应该查查星盘再打王立军那个嘴巴的 衰 [威武] [衰] [衰] [衰] [衰]
0,分 心！ 衰 衰 衰 看陡老 泪 [衰] [衰] [衰] [泪]
0,不知道是肚子还是胃，超级难受，想吐的感觉，看来真的不能打乱生活节奏，要按时吃饭 泪 泪 泪 泪 [泪] [泪] [泪] [泪]
0,想看 的演唱 求票！ 泪 [泪]
0,这样一对的兄妹真是羡煞旁人，超可爱！ 胡爷励志要成为大女人 偶尔撒癔症的 挖鼻屎 好意思么。。你那脾气谁敢欺负你 奶油大爷 偶尔撒癔症的 小时候你咋不这样？嫂纸 崔小豆儿 马腾哥他总欺负我 可怜 委屈 泪 [挖鼻屎] [可怜] [委屈] [泪]
0,回复 昆明花满楼 可怜的我们 委屈 昆明花满楼 我也是 伤心 [委屈] [伤心]
0,今天真是各种失败！原来是 衰 好吧，明天太阳照常升起 太阳 [衰] [太阳]
0,一个人过元旦 不好 现在要能看上一集樱桃小丸子 就好了 悲伤 [悲伤]
0,小猫的眼神，看得好心酸 泪 [泪]
0,雾霾已经很严重了，刚才又听见远处鞭炮声。 衰 [衰]
0,今天儿这个气球就怎么这么难捏破呢？呵呵，看看我们可爱的员工们举得老高的手，这个抢答的机会真不容易阿！ 抓狂 围观 神马 [抓狂] [围观] [神马]
0,妞，庆祝一下吧 太开心 董文 真！的！么！ 泪 激动泪奔啊！ [太开心] [泪]
0,陈玮节日快乐 陈玮 ：我要过节 泪 朱丹燕 哈哈 [泪] [哈哈]
0,有个人问我，知道榴莲的精华是什么吗？不知吧 是刘德华啊！ 陛下，您跪安吧 抓狂 [抓狂]
0,讨厌写报告 泪 整死我了 抓狂 [泪] [抓狂]
0,有了弟弟之后大哥就不理我了 悲伤 悲伤 悲伤 悲伤 [悲伤] [悲伤] [悲伤] [悲伤]
0,真妮妹的服了 好容易在地铁上眯会，这货一大早带着俩孩子在地铁里鬼哭狼嚎的，内么大声的喧哗，一会鼻子一会耳朵，一会算数，孩子尖声大笑 怒 汗 汗 汗 汗 汗 汗 汗 汗 汗 汗 汗 汗 汗 汗 汗 汗 汗 郁闷 [怒] [汗] [汗] [汗] [汗] [汗] [汗] [汗] [汗] [汗] [汗] [汗] [汗] [汗] [汗] [汗] [汗] [汗]
0,了解 衰 怒骂 日本正版哆啦 梦代购 昨天刚去玩完，说实话很差！破破烂烂的房子，线索与谜底的联系牵强，根本不可能猜出来，反正我不会去第二次了！ [衰] [怒骂]
0,糗事 上午中国之声做评论，怕迟到，起床后急急忙忙的出了门。在路上总觉得忘了点什么，可又没想出来忘了什么。一番检查后发现，噢，原来没带手表了，没事，咱有手机也可有看时间。直到刚才下车的时候，突然觉得自己好像瘦了，因为裤腰处感觉很轻松，低头一看， 吃惊 完蛋了，原来没系腰带！ 泪 [吃惊] [泪]
0,回复 糖糖和 关键是现在一天遛三次，他一点儿事儿没有 我都累了 泪 糖糖和 多带木耳粗去玩 玩累了就不会乱咬了！狗狗就是因为缺少运动才会啃你拖鞋 挖鼻屎 挖鼻屎 挖鼻屎 挖鼻屎 [泪] [挖鼻屎] [挖鼻屎] [挖鼻屎] [挖鼻屎]
0,衰 小鹿你肿么了。。。 琛琛 北京数独莹莹 欧尼 鹿晗好像 上去的 偷笑 [衰] [偷笑]
0,我又穿多了，好大的太阳，我又没带太阳伞。这两天真得被晒得黑惨了 成泡粑脸了。 泪 [泪]
0,天天向上 ： 观众征集名单公布 年终福利 恭喜以下 人 如下图，注意看清录制事项哦 ，赶紧订票来现场参加 新春特辑 的录制吧！ 来 鼓掌 门票需凭身份证对应领取，不得转让，以免卖票行为！ 鄙视 没被抽中的朋友，只好等年后录制机会啦！ 失望 温馨提示：外地朋友注意查看天气、御寒保暖哦 心 [来] [鼓掌] [鄙视] [失望] [心]
0,昨天做的新年第一期 周末驾到 回顾 爱车环球自驾 日本年会，三位嘉宾关注点各有不同，跳跃着并欢笑着，也带我走马观花日本走一遭袅 王晓磊 晶晶小普 抓狂 [抓狂]
0,日坛 造双虹的大暴雨 晕 某小丫挺 豁然开朗！ 远古化石 开裆裤，跟你们小时候没穿过似的。 某小丫挺 想买这种裤子，貌似可以自动穿上，以后上完厕所不用提裤子了！ 猪蹄蹄小朋友 实现了生命的大和谐！！！！ 大懒糖 打通了她的任督二脉！ 青媒素 为什么？为什么？ [晕]
0,不累必须不累 所以到现在都没睡着 抓狂 胡同印的胡爷 她居然不累，爬山估计越来越没问题啦 奥特曼 游局网 厉害厉害 胡同印的胡爷 回复 游局网 这个真是，我们今天走的不少 公里 游局网 好强大的 赞 [抓狂] [奥特曼] [赞]
0,靠靠靠 泪 泪 泪 泪 水瓶座 我习惯了不该习惯的习惯，却执着着不该执着的执着。 [泪] [泪] [泪] [泪]
0,老榕 回复 这是这次最给理工科挣脸的事儿了。 数据太少了，逼得 那帮子人不得不用通信卫星的信号来给飞机定位。这都什么事儿啊？ 晕 [晕]
0,喝酒宵夜聊天至凌晨四点才睡下，结果我八点就醒了，然后刷微博到现在，可枕边人还在酣梦中。。。终于明白啥子叫 前三十年睡不醒，后三十年睡不着 。。。我的青春从此一去不回来。。。 泪 泪 泪 泪 泪 泪 [泪] [泪] [泪] [泪] [泪] [泪]
0,睡觉 目目目目目 泪 [睡觉] [泪]
0,我算是看出来了，你们这是想替 文怡 用铺天盖地的肉夹馍击溃我 衰 [衰]
0,竟然要办这么久 抓狂 抓狂 抓狂 还要再办个卡！ [抓狂] [抓狂] [抓狂]
0,泪 要是能永远停留在刚毕业的时候该多好。。。 冷笑话精选 太特么写实了。。。 困 [泪] [困]
0,从小到大，看过各种各样不同的体育比赛，可我就没把场地自行车比赛的规则完全弄明白过 晕 [晕]
0,夏天 阳台山人 鞍钢郭明义 昆仑王海旭 陈里 身体是本钱，总是醒来迟。 陈昌凤 我们总是醒悟得太迟 泪 刘君点评 多少人愚昧的认为大房子，自己买的房子才是家。其实，亲人在的地方才是家，爱人在的地方才是家。 刘君论生活 人永远是生活中心，而主角是亲人。 [泪]
0,抓狂 抓狂 抓狂 瑞秋儿 这次是力争撇清关系 哈哈 亨利周 嘻嘻 贾森小杰 真的好远！ 小里诺 泪 啊邓邓邓邓邓 无 [抓狂] [抓狂] [抓狂] [哈哈] [嘻嘻] [泪]
0,磊哥你天天馋我们！ 泪 [泪]
0,的 萌 这是我第一次手抄歌词的歌 大概是小学二三年级吧，和 在六铺炕小学上辅导班的路上唱过， 路车里神马的 韩火火 山川载不动太多悲哀，岁月禁不住太长的等待！想来这也是个测年龄的歌儿！ 泪 歌词写的太讲究了。。我的钱柜主打歌。。 [泪]
0,泪 泪 估计外卖会被叫爆！ 九九说 为了 ，去北京也不去店里吃，准备找家宾馆喊外卖 哈哈 哈哈 哈哈 哈哈 [泪] [泪] [哈哈] [哈哈] [哈哈] [哈哈]
0,木有情人 泪 [泪]
0,上海 上海 上海 泪 琪小姐 陆洋 [泪]
0,刚去北京找不到正经工作，去思纬市场咨询公司做兼职访问员，一个月大概 。 来去之间 大三给联想兼职测试 ，一月 晕 大一的时候当国际会议的会场助理， 小时 山民主义 大二画插图一张 元，两百张，画了三本书 小天天 兼职做网站。。。 还是 来着。。。 [晕]
0,为啥我昨天没发上来？ 泪 泪 泪 [泪] [泪] [泪]
0,小枯旅行 太平山等缆车，这几位台妹一直在声讨大陆仔：长得丑！没进化！无素质！文化落后！ 听得我在旁边瀑布汗 晕 ，正当我因身为大陆仔自省不已之时，她们，很自然很飘逸很洒脱地插队到我前面了 对，她们插队了 风扇 [晕] [风扇]
0,三月一过，好友要走，各种不舍啊 泪 曼哈顿的夜晚，留不住的春色 [泪]
0,这微博，看得我突然忍不了。 泪 泪 泪 [泪] [泪] [泪]
0,我现在这大腿更加粗壮了 痛苦！ 抓狂 李千岁 我看你也瘦了 嘻哈当家主持小宝 他俩天天嚷嚷减肥！这法减大腿！ 偷笑 李千岁 我们苑小心儿也得减肥了？不对啊我们冬冬也得减肥了？？？ 嘻哈当家主持小宝 小 冬冬 嘻哈包袱铺苑欣 咱们组团去买红豆吧 [抓狂] [偷笑]
0,英语，新闻，公关。。。。。。。。 杰瑞张 新闻，英语，公关 挖鼻屎 女王假装在巴黎 金融，中文，公关 抓狂 小玲 大众传播，大众传播 公关广告 ，公共关系 是有多死心塌地 国际关系，国际关系，公共关系。 挖鼻屎 [挖鼻屎] [抓狂] [挖鼻屎]
0,姐姐我一个月之内，和它 不下 回了 晕 你们懂的 馋嘴猫 包子 我在 尤伦斯当代艺术中心 [晕]
0,太可怜了 悲伤 自来水泡米饭，那是胀饱感，而不是真的吃饱的。能消化嘛 凌 我的粉丝不多，但我愿意转，可怜的孩子们。看了心酸！ 可怜 元子 希望那些拥有大量真实粉丝的博主顶起来！ [悲伤] [可怜]
0,坏了 晕 拿去店里修，没保存数据，手机里的电话都没了 泪 最近有些朋友打电话来不知道是谁，请大伙多包涵啊 委屈 这个时代没有了联系方式真是个麻烦的事啊，因为能记住的电话号码太少了。 汗 [晕] [泪] [委屈] [汗]
0,挂了。。。 衰 [衰]
0,衰 衰 衰 我又想改行了、、、、 害羞 思考 看天下 转发微博 [衰] [衰] [衰] [害羞] [思考]
0,秩序很好，就是冻死鸟！ 泪 高兴妈咪 此景真美 [泪]
0,记得一次我见到一个关于金牛座的性格分析，我就问一同事，你是不是天蝎座的啊？他说是。我说，我给你读读天蝎座的性格特征，你看对不对。于是我就开始读。读完之后他说，尼玛，这是不是为我写的，太对了。。。 衰 ，再看星座描述，一正一反，万金油，等于没说。 双子。。。 [衰]
0,这张才有我啊 我是老眼昏花了么 晕 [晕]
0,连着失眠好几天了，脑子里塞了太多的垃圾信息，大脑皮层出现时而兴奋时而沮丧状态，喝茶又开始上瘾，肿么办？我感觉我也快精神分裂了 求心理咨询师 光明意识流 心理支流 失望 [失望]
0,然下午在酒店 了年夜 ，可是我 一 提不起胃口呢！我 得我 在就想吃碗西 的酸辣粉 ！ 泪 [泪]
0,哈哈 哈哈 哈哈 武阳茶徒 宽和尚 哥哥，咱四川的酒准备的是万亿产值呢！ 品尚 文君 一个泸州酒就等于唐山市近一半的财政收入 唐山可是全国第 位左右的城市呀 泪 泪 泪 [哈哈] [哈哈] [哈哈] [泪] [泪] [泪]
0,今年行情完全看涨，去年决赛带晚餐的 搞定，今年居然没到 就 汗 ，李娜继续赢估计票价还得火 衰 [汗] [衰]
0,尼玛被说准了 泪 [泪]
0,西二旗人真苦逼 泪 [泪]
0,鼓掌 鼓掌 鼓掌 鼓掌 丁天冰 鼓掌 鼓掌 失望 早死早托生！ [鼓掌] [鼓掌] [鼓掌] [鼓掌] [鼓掌] [鼓掌] [失望]
0,好东东大家一起分享 缤纷小土豆 松本楼刘宇平 松本楼日式烧肉 权金城市场总监 吴楠 我感动啊！不过我要赶紧收一下我帐篷里的东西了！ 没开窍的笨蛋珊 泪 感动的泪牛满面，晚上我去吃权金城 泪 你也感动吧，据说预计未来 小时内本市自西北向东南将先后出现雷雨天气 权金城市场总监 吴楠 帮 [泪] [泪]
0,如果不是今天兜里揣钱差点不够，我可能从来没 机会算这笔帐。现在自家烧饭实在不比外卖便宜。。。按照老卡的吩咐去买菜，没买几样，就 块没了，我只买了一块肉而已。。。如果再算上我们用的调料，这餐饭就直奔 块去了。现在这物价还真不是盖的！ 衰 [衰]
0,台 哪 台正在播 醉後 定 上你 ？昨晚看到，今晚找不到啊 泪 [泪]
0,最近一个月，最大的愿望就是睡觉。而一睡下，心就发慌，觉得所有的事都没做好 衰 我会跳楼么 衰 衰 [衰] [衰] [衰]
0,禽兽，放开那师太！！！ 传媒老王 钱文忠 怒 如果是策划出来的，策划者必受报应， 阿鼻地狱！ 石头小东 估计又是一次精心策划的 思考 钱文忠 上次两个 和尚 已经被证明是假冒的，这位 尼姑 极可能也如此。尊重佛教，尊重信仰。 [怒] [思考]
0,邵泽辉 心 伤心 汗 宁文彤 无聊的烦恼 [心] [伤心] [汗]
0,今天一个乙方合同，后天一个甲方合同。不说给中小文化企业减轻税务负担么里外还是要交辣木多 衰 [衰]
0,为什么我不在现场，为什么我不在 崩溃 真的很美味呀 泪 [崩溃] [泪]
0,小迷马甲 美丽的 老宅的男 看来一年平均丢仨电话也有好处，能保命啊 抓狂 主持人张东 苹果手机用户转发一下，为了大家的安全！ 嘻嘻 对啊，必须换电池！说苹果手机电池一半使用超过一年半就可能出现这类情况！我照片里的电池已经是用针扎了眼儿放了气的！维修人员说，很危险，不放 [抓狂] [嘻嘻]
0,本想过完年来一次火车旅行回上海的，可是，现在发现，火车票 ，车票不是你想买，想买就能买 抓狂 我在这里 [抓狂]
0,点，天津机场 深圳机场 出租 深圳北 广州南 出租 琶州 抓狂 抓狂 抓狂 累 [抓狂] [抓狂] [抓狂]
0,陪鱼儿一起默默落泪 静静小鱼儿 无语泪千行 飞雪见梅 最断肠是永远不能再见的凄凉。。 静静小鱼儿 无处话凄凉 飞雪见梅 十年生死两茫茫，不思量，自难忘！父亲已去世十年了。。。我还是这样思念他！ 泪 清明，又一次断肠。。 静静小鱼儿 [泪]
0,东方航空 降落前半小时将我弄醒，回收毛毯。我以为坐火车呢？又或是被铁道部收编了？但服务不如高铁啊？心中的燕子染病了？ 泪 [泪]
0,宝妞：妈妈我还想吃花生米，妈妈：不能再吃了，不好消化，宝妞：就吃 个就行，妈妈：不行，你再吃，妈妈就吃你小脖脖，妈妈是大灰狼，宝妞：妈妈不是大灰狼，不吃我脖子，我要吃花生米，妈妈：我不是谁是？宝妞：我是大灰狼，妈妈是白眼狼 晕 晕 衰 [晕] [晕] [衰]
0,求洪水 在江苏 泪 泪流满面 求洪水。。。。 亮冰娜无穷动 泪 波波耶夫 半耳人唐云 邱岳首 泪 中国人民哭了！ 央央央皮 中国人民哭了！ 邱岳首 多瑙河之泳。 [泪] [泪流满面] [泪] [泪]
0,好喜欢！可惜回不去 泪 西安的同胞们有空替我去逛逛呀 照相机 [泪] [照相机]
0,看来不用跑了，没准 楼变成 楼也不一定。 阿誉菜品设计总监 回复 博斐秀禾李正熙 如果有也跑不下去 楼啊！ 泪 泪 泪 泪 泪 泪 博斐秀禾李正熙 准备闪 [泪] [泪] [泪] [泪] [泪] [泪]
0,最近大片太多了，钱包要瘪了 泪 奶油巧克力 [泪]
0,这几天过胡涂了 我才发现我可怜的两位我最敬爱的长辈替我出差好几天了 师叔师大爷啊 我对不起你们呐 泪 泪 泪 回来请俩爹爆搓一顿哈 干杯 干杯 干杯 青花老七刘捷 牛成志 笑人 [泪] [泪] [泪] [干杯] [干杯] [干杯]
0,生活没的以前那么精彩 汗 无聊 抓狂 干什么好呀 泪 [汗] [抓狂] [泪]
0,感冒了，头痛欲裂。家里感冒药也弹尽粮绝了，儿子拼音本也用完了，男人也不在家，得冒雨外出一趟了。 泪 [泪]
0,敢吃逗你玩 作为一个吃货，最难为情莫过于听到这句 泪 [泪]
0,蜡烛 蜡烛 泪 泪 泪 特别喜欢陈老后期的那些喜剧， 瞧这一家子 、 二子系列 看了多少回，笑的喘不过气来。您是老艺术家的典范，我也是您儿子的忠实观众，会一如既往地支持他！愿您一路走好 泪 泪 泪 蜡烛 蜡烛 [蜡烛] [蜡烛] [泪] [泪] [泪] [泪] [泪] [泪] [蜡烛] [蜡烛]
0,这周末到下周两篇论文，一篇年度报告，六七封信，不擅长码字的理科孩子表示很有压力。求码字狂的快速养成攻略教程 抓狂 [抓狂]
0,帝都，这一场望眼欲穿盼来的春雨 抓狂 我在 [抓狂]
0,啊，啊，睡不着 怒骂 抓狂 还得早起培训呢 [怒骂] [抓狂]
0,我们说汉传佛教藏传佛教是不是就有了分别心 其实都有伪做沙门者 自会有因果合和 拉姆：汉传佛教的悲哀 失望 噶陀宁贡 [失望]
0,挖入心底的栏目，主持人太坏了！ 晕 马兰花开内蒙古卫视 贾玲，一个 后相声界的奇葩，极具幽默，非常搞笑，这样快乐的一个女孩为什么在马兰花开的节目中潸然泪下呢？本周日晚 分内蒙古卫视准时收看哈 主持人王芳 王为念微博 贾玲 [晕]
0,汗 看到的第一眼 真以为是膝盖呢 媒体人肖执缨 屁屁被修理成膝盖 衰 [汗] [衰]
0,回复 丁太升 昨天晚上你跟我说了之后，刚才醒了我就准备找来看，找了半天没找到地址，正准备关机起床的时候你发过来了！ 衰 衰 衰 丁太升 不死渔夫 [衰] [衰] [衰]
0,黄老师 你怎么能这样！ 衰 [衰]
0,啥傻杀！ 京都花魁 太烂了，绝望！ 窦智耀 斩得好！ 哈戳戳 斩断贼手！ 上官张 住手！ 陈坤 为后代留些东西吧！别被短期利益刺瞎了你们的眼睛！ 怒 怒 怒 陈坤 圣湖美景应该是用心去看的，水上观光值得吗？请住手！请转发！！！ 怒 怒 怒 行者孙冕 再跪求，请住手！ [怒] [怒] [怒] [怒] [怒] [怒]
0,政府大力推广绿色出行。。。 怒 [怒]
0,长发 我还是想再努力一下 泪 就不信这辈子都留不成！ [泪]
0,看来猪肉是物价风向标。可怕的是这一轮猪肉涨的比上次猛多了。物价这次会怎样？不敢想呀！ 抓狂 [抓狂]
0,胖子，我啥都没说 浮云 沐小然 ：回复 还没睡醒的龙 打死臭胖纸。。。敢得罪我。。。放妮可！！！！ 怒 怒 怒 还没睡醒的龙 嘘 我是偷偷看见的，嘻嘻 沐小然 ：我哼。。。还要你偷偷告诉？？？？ 哼 哼 哼 胖子迪变瘦 偷偷告诉你 是 哈哈 沐小然 [浮云] [怒] [怒] [怒] [嘘] [哼] [哼] [哼] [哈哈]
0,大众 的视频。百公里油耗 升，最高时速 加速 秒。纯电动续航 。国内电动车的研究方向放到全电动，本想一下实现超越，结果又被落下了 泪 [泪]
0,紫金山路奔梅江方向堵了半个小时了，有同命相连的吗 泪 [泪]
0,我现在完全能理解唐僧旁边的妖精为什么要自杀了，我非常羡慕嫉妒他的勇气！ 抓狂 [抓狂]
0,我以为我们是真爱！ 泪 木兆木兆一车仑 我对你又没有蕾丝情结，我跟你只是纯肉体欲望而已。 撒空空 木兆木兆一车仑 你有情敌了 哈哈 [泪] [哈哈]
0,回复 吃惊 哈哈 泪 喝了还不到三分之一就晕了。。。。。。 衰 酷 梁小硕 吧，下次去试试哈哈 嘻嘻 [吃惊] [哈哈] [泪] [衰] [km酷2] [嘻嘻]
0,受不了了，各种蒜 吐 ，要我怎么跟你算？ 生病 泪 [吐] [生病] [泪]
0,周末朋友们都在做什么呢？小编在店里看 大家吃火锅 泪 [泪]
0,手机千万别买三星！！未接来电经常不显示，得翻到通话记录的时候才能看见！耽误多少事儿啊！！！ 怒 [怒]
0,回复 刘青 都说预计 月啦，还问。。。没诚意 抓狂 泪 刘青 哈哈，晓婷你真可爱，问一下片子什么时候上映啊 [抓狂] [泪]
0,年，水池依旧，雕塑依旧，树木依旧，校舍依旧。。。。这才是真正的物是人非 悲伤 [悲伤]
0,今年 慢一点 的新年梦想，像一只鸡立志要学会飞一样，破灭了。。。这年月，最昂贵的奢侈品，就是慢咯 泪 [泪]
0,一起干 泪 小帅妈妈敏 全部干过是要怎样？ 泪 [泪] [泪]
0,飞机，到了后还有 、 个小时的汽车，还是山路 抓狂 环保老爸之 开车去？ [抓狂]
0,哈哈 哈哈 哈哈 哈哈 哈哈 哈哈 哈哈 给力 斐大文 晕 马英宸 坊间八卦 [哈哈] [哈哈] [哈哈] [哈哈] [哈哈] [哈哈] [哈哈] [给力] [晕]
0,元芳时评 蜡烛 蜡烛 看完我没什么感慨，也不想评论，只是觉得绝望 恐惧 和眼泪 泪 ；你妹的 人命原来如此不值钱！ 怒 怒 [蜡烛] [蜡烛] [泪] [怒] [怒]
0,天堂鸟蕾 怒 怒 手欠 剁掉 抓狂 抓狂 [怒] [怒] [抓狂] [抓狂]
0,啊 为什么现在才看到， 怒 这意味着 的包和之前喜欢的两条裙子可以 折买了吗？ 太开心 [怒] [太开心]
0,有肚量容忍那些不能改变的事，适应它，只能改变自己。无奈。 失望 黑线 衰 [失望] [黑线] [衰]
0,怎么办有好多国内乐队我听着还是觉得特别刻意，是我心理有偏见还是真的是这样儿 失望 ？ [失望]
0,死也要去看！ 抓狂 三柒她 猫啊！！！ 孟陌陌 兔拉拉 刘陆 麦丽娜 可怜 可怜 可怜 [抓狂] [可怜] [可怜] [可怜]
0,大半夜还在搞，我是多敬业啊，被说不象欧美依然台式 偷笑 哼 泪 晕 [偷笑] [哼] [泪] [晕]
0,衰 经纬林翠 衰 徐三石 衰 来去之间 衰 侯小强 李岷，你说我对你们虎嗅网做侮辱性的评价，我现在就公开宣称，你们就是无耻，下作！ [衰] [衰] [衰] [衰]
0,活鱼也不能吃了 吃惊 怒 寰球旅游 太活跃的鱼千万别买 大家注意咯 [吃惊] [怒]
0,北京突发 昨晚立水桥站一男性因吵架被气死在站台 衰 高瘦美 ：下班时在地铁 号线立水桥站，一个四五十岁的大叔和一个二十多岁的女孩吵起来了，就是因为挤，谩骂特别难听，最后到了扶梯口，大叔竟然被气死了。大叔走的时候眼睛是睁着的。。。旁边的老伴失声痛哭。愿逝者安息吧 蜡烛 [衰] [蜡烛]
0,抓狂 普及普及啦！ 馋嘴 牛排虽不能算最喜爱的食物，偶尔尝尝也不错 馋嘴 [抓狂] [馋嘴] [馋嘴]
0,女人不衰老的活法 终于有人开 贩卖红馆 微 博啦 抓狂 [抓狂]
0,超萌求摸猫 可怜 抓狂 偷笑 详情 [可怜] [抓狂] [偷笑]
0,排队买稻香村糕点带回家，同样是女人，看看这姐妹儿的待遇！ 泪 泪 泪 [泪] [泪] [泪]
0,小崔岩松 好感人的爱情，看完眼睛都湿润了 泪 从中受益 [泪]
0,没有职业道德的人，我先忍了，我不是不发火，是要等你回来我一起算给你看！ 怒 [怒]
0,此时此刻 哈哈 泪 这就是生活 白云 微风 招财硕硕 [哈哈] [泪] [白云] [微风]
0,人渣！ 怒 紫色流星云 死女人，欠扁！ 怒骂 拔份儿金子 两字儿，傻逼。 北京厨子 畜生，住手！！！！ [怒] [怒骂]
0,在电脑前坐了一下午加一晚上修改会议材料。刚发现手竟然打字打麻了 衰 [衰]
0,这是在哪？吃啥好东西那？这么狠？ 三摩地帮主 怒 怒 懒人业余餐厅 准好吃菩 [怒] [怒] [good]
0,世纪经济报道 昆明火车站暴力案件：已造成 名群众遇难、 名群众受伤 月 日晚 时 分， 余名统一着装的暴徒，蒙面持刀在云南昆明火车站广场、售票厅等处砍杀无辜群众，截至 月 日 时，暴力案件已造成 名群众遇难、 名群众受伤。公安干警当场击毙 名暴徒，其余暴徒仍在围捕中 新华社 泪 [泪]
0,每天跟这样的美人儿生活在一起，我表示鸭梨很大 晕 回复 观音叔 这妞，不去泰国发展事业，可惜鸟 哈哈 观音叔 回复 性感娇娃 嘻嘻 [晕] [哈哈] [嘻嘻]
0,最怕这种蔫儿闷的昏阳晕晒 抓狂 [抓狂]
0,泪 [泪]
0,袁腾飞 神仙打架，凡人遭殃 悲伤 [悲伤]
0,如果有消息的朋友，请打电话 ！小小，也不知道这两天你在哪里？有没有吃的？有没有水喝？我好想你！ 泪 泪 泪 泪 [泪] [泪] [泪] [泪]
0,走之前，我想再问你一件事 李彦怡七月丑小鸭 蓝胖 不要走 哆啦小姐名叫地地 也不要打我 害羞 谢娜 蓝胖 泪 ，不要 泪 [害羞] [泪] [泪]
0,宝贝命大，但是将来真的不知道怎么面对自己的生即是至亲的离开 泪 抓狂 生下来就成了孤儿，好可怜！不知道有没有哥哥姐姐。 芒果小奶昔 哎，可怜的孩子。 泪 泪 泪 好好长大！ [泪] [抓狂] [泪] [泪] [泪]
0,帮瞳瞳转 怒 [怒]
0,干了一天体力活，全是黑点 泪 [泪]
0,厨房出品 芙蓉虾，煎茄饼，烤奶汁西兰花。 馋嘴 芙蓉虾色香味俱全啊！煎茄饼刚炸好出锅得时候外脆里嫩，太好吃啦！奶汁烤菜用错芝士了。。。烘培小白以为所有得 都能融化得。。。 泪 结果没有融化就成了那一条条得黄色装饰品了 黑线 [馋嘴] [泪] [黑线]
0,虎儒之风 维 米添醋 怒 醒的那天 没见过不吃屎的狗，什么北大清华都一个样！ 迷失的傻老头 有见识的笑长 方向正东 京痞盛行 美女王文雅 北大不甘心清华独占鳌头 潮汐 飞剑斩长鲸 李木匠 虎儒之风 清华出叫兽，北大出棺猿？！ 哈哈 哈哈 [怒] [哈哈] [哈哈]
0,买就分 刷机精灵 您老公按时回家的次数超过了全国 的老公。我们赠予他 一星级模范老公 称号。 安全卫士 妈妈们看了都觉得特别好，最后都给老公买了一个。 林刚 我家娘子看了后赞不绝口，说出来后一定给我装一只！ 泪 [泪]
0,怒 请问你们礼拜几有版 ， 请问我们这稿能发几个呸 ， 请问咱们杂志的读者定位是什么 菇凉，晚报才 块钱一份，您作为专业公关好歹买一张看一眼。我们是报纸不是您热爱的杂志，我们那叫版，不叫呸 [怒]
0,羞嗒嗒 来串门的 好温润的笑容。。。。洗了洗了！！！！ 抓狂 抓狂 [羞嗒嗒] [抓狂] [抓狂]
0,环球宝贝佳 莫中！ 泪 [泪]
0,倭寇跳墙了 嘉善老顾 小日本，可真会闹。 怒 头条新闻 转发微博 [怒]
0,快乐的香茶： 姐 创意铺子：手贱啊手贱啊 抓狂 早知道就不点进去看了 [抓狂]
0,写战略合作协议需要灵感啊，何况一连写多份。 晕 [晕]
0,终于吃到了期待已久的大猪肘！！ 泪 野树林花 你们懂的！！ 哈哈 [泪] [哈哈]
0,代部长作答：大娘真逗！您用了夸张的修辞手法，小崔真无聊，您蓄意挑拨卖弄，好不识趣。。 汤圆 想知道他的回答 川食公馆的长空哥 不知部长当时如何回答 失望 王永 田瓜瓜的一亩三分地 这提问真金话筒 文逸 海灯一盏 沈培雯 转发微博。 [失望]
0,爱过体 晕 。 王以超 谁又真的爱过？ 郑维 爱过体大热！ 五岳散人 一帮什么人啊这是 释碧客 哈哈 哈哈 偷笑 [晕] [哈哈] [哈哈] [偷笑]
0,感谢孙老师的温柔鼓励 泪 [泪]
0,泪 晨 转发微博 [泪]
0,下了好几次决心，一定要戒掉网瘾，戒掉 ，回归弹弹琴，看看书的日子，可。。。。怎么办啊，戒不掉啊。 抓狂 抓狂 [抓狂] [抓狂]
0,他真的疯了 衰 胡大媛子 基哥万岁 [衰]
0,美国人也学会了 钱 的妙用 抓狂 [抓狂]
0,同样担心！尤其我还工作在新台，生活在老台！ 泪 [泪]
0,回复 刘小妞哎呦喂 别的咱真不会！我玩微波时间不长，就会回复和转发 刘小妞哎呦喂 陈老师是只会转发带回复么 衰 嘻哈包袱铺陈曦 回复 筱囡囡 哈哈，有机会也去北京玩 筱囡囡 嗯，下次再去！ 鼓掌 鼓掌 鼓掌 嘻哈包袱铺陈曦 回复 筱囡囡 应表示感谢了，下次来玩 [衰] [鼓掌] [鼓掌] [鼓掌]
0,最后果然丢鸟。 泪 泪 [泪] [泪]
0,难兄难弟 伤心 我以为是我电脑问题呢 同感！手机可以，电脑不行，中国移动不想要飞信客户了吧 [伤心]
0,负责任的大国的负责任的任命 怒 [怒]
0,自己看到都烦，没人收拾 泪 [泪]
0,汗 陈业文新大都 怒 北野的理想国 把人民的智慧都逼成这样了！ 兰斯 俺都省烟钱了 威武 [汗] [怒] [威武]
0,回家了 泪 嘻嘻 哈哈 [泪] [嘻嘻] [哈哈]
0,只要我活着，就一定会有 绝对大牌呀 我们就没有 衰 [衰]
0,韩剧美女走的大都是清纯、高贵风，看着很养眼，看着看着就忘记时间了，害得我黑眼圈更重了。。 悲伤 [悲伤]
0,第一次喝啤酒的时候很小很小，被老爸骗了，骗我说是饮料，结果苦的嘞 抓狂 抓狂 抓狂 妖妖 大头 异族极限 [抓狂] [抓狂] [抓狂]
0,衰 吃惊 幸福的柚子麻麻 。。。。。。。审美速度赶不上啊 [衰] [吃惊]
0,上海忙碌了一周，看到这些觉得好欣慰。 金澄顺 洪璐 上海小分队的周末礼物。 等待、煎熬、平衡、以及只有宣传从业者才能懂的辛酸，我终于可以踏实过个周末了。 泪 泪 泪 [泪] [泪] [泪]
0,小虎爱闹 加油！王者归来！ 青年志 明天可能去不了 泪 虎加油！好好发挥！注意安全！所有哥们都加油！ ！ 小虎爱闹 康复后参加的第一个比赛 希望明天我和朋友们都能发挥好 玩的开心 耶 明天见 酷 [泪] [耶] [酷]
0,这真要把做出版的编辑累死啊 泪 升级软件容易，升级书需要时间成本啊。怎么追也追不上啊。 安卓航班网 安卓汇 安卓报 安卓全球汇 安卓越科技 安卓网 [泪]
0,严重求 羊城晚报肖执缨 矮马，中国好呻吟 这说法太敞亮了 赵异彤 泪 编剧高尚 矮马，中国好呻吟。。 [泪]
0,想念阳光明媚，春暖花开的日子 泪 [泪]
0,回复 蓟小豚 怒 蓟小豚 回复 凌一凡 这个这个 你以前难道没哭过咩 真是的！ 凌一凡 回复 一泓清澈 其实因为个人的情感原因，电影触动我了。 一泓清澈 你这么脆弱啊 [怒]
0,预料中的事，所以就宅在了家，不去凑热闹 朱坤岭 人可以素质低下、缺乏自我约束力，但人类不能失去秩序！ 怒 [怒]
0,回复 春哥 嗯呢，亲戚吧？ 春哥 类似河豚的巴鱼 做鬼脸 曾老师的生涯小厨 回复 春哥 ？鲅鱼？还是巴鱼？ 春哥 北京一般吃巴鱼 偷笑 曾老师的生涯小厨 抓狂 抓狂 抓狂 抓狂 抓狂 抓狂 抓狂 抓狂 [做鬼脸] [偷笑] [抓狂] [抓狂] [抓狂] [抓狂] [抓狂] [抓狂] [抓狂] [抓狂]
0,突然想到了本山大叔的经典台词，七天憋出六个字！ 泪 泪 泪 [泪] [泪] [泪]
0,新年将来，相信 多朋友又要 些 找藉口了。 抓狂 抓狂 [抓狂] [抓狂]
0,太悲催了，泳衣白带了 泪 泪 哼 哼 抓狂 抓狂 怒 怒 悲伤 悲伤 [泪] [泪] [哼] [哼] [抓狂] [抓狂] [怒] [怒] [悲伤] [悲伤]
0,这是几个鸡蛋 晕 [晕]
0,衰 海口逗逗 难过！消息证实时，最是心碎时。默哀！ 蜡烛 蜡烛 蜡烛 给力 祈祷 农妇 泪 [衰] [蜡烛] [蜡烛] [蜡烛] [泪]
0,晕 汗 吃惊 杰克波比 进击的巨人官网 赶着毛驴去纽约 笔寞 袁删姗 一只学 让你变幽默 [晕] [汗] [吃惊]
0,我吃了半个月前放冰箱的酱牛肉，不会闹肚子吧？！？ 抓狂 [抓狂]
0,美图秀秀 最感动的那一句 泪 [泪]
0,抓狂 我的 号翻译了居然是 在赌博挖地道，被警察毙了 衰 河东居士 不常上 但试了一下 吃惊 在天安门跳楼吓滴尿了 疑问 你试试 哈哈 [抓狂] [衰] [吃惊] [疑问] [哈哈]
0,好大一场雨，浇在我心底 失望 [失望]
0,我家有一妞，自称大小姐！主意倍儿正，认死理，即便你好话说尽仍坚持自己最初想法，你求她，买好吃的，买漂亮衣服诱惑她，仍不改主意 方龄刚过 岁 个月！我开始发愁了 衰 [衰]
0,这不是 浮云 。。。 泪 月夜飞驰 哈哈 紫泪仙鲤 鲤鱼 [浮云] [泪] [哈哈]
0,干坏事，关厕所，代表月亮惩罚你！ 抓狂 抓狂 抓狂 抓狂 抓狂 抓狂 抓狂 [抓狂] [抓狂] [抓狂] [抓狂] [抓狂] [抓狂] [抓狂]
0,一同美食黄页 回复 朱江 我可以贱贱的说访问我们网站搜索店名嘛 可怜 害羞 地址电话 安卓 我们心中永远的痛 泪 生病 泪 [可怜] [害羞] [泪] [生病] [泪]
0,反正我不喜欢北京人，那谱摆的，仿佛所有外地人都弱智似的。 哼 雪凝花璨 晕！是好奇。。 泪 泪 泪 整合营销传播推动者 这个摆谱和那个摆谱有什么关联吗？ 思考 [哼] [泪] [泪] [泪] [思考]
0,终于录完了，忙碌的 ，别忙碌了一年，到年底世界末日来了 抓狂 来自 [抓狂]
0,看来驻北京 年真把哥伤着了 泪 胖胖妹妹他爸 回复 总比一身臭气，还拒载能忍受点。摆啥臭架子！的哥们。 上海的娃奏是吵，小肚鸡肠，噜哩噜苏！！ 胖胖妹妹他爸：帝都气质，牛逼烘烘 臭气熏天！ 臭车和臭脸司机是真的！想想司机是 小 [泪]
0,这酒都快喝仨小时了，我都坐了两个多小时了，什么时候能走啊 抓狂 [抓狂]
0,玉玺美容养生会馆 台式按摩不赖，可是热毛巾再热些，再再再热些 抓狂 抓狂 偷笑 嘻嘻 哈哈 给力 给力 给力 [抓狂] [抓狂] [偷笑] [嘻嘻] [哈哈] [给力] [给力] [给力]
0,生气对女人的伤害 皮肤：生气时会刺激毛囊，引起毛囊周围的炎症，出现色斑问题。 子宫、乳腺：女人生气伤乳腺和子宫。 甲状腺：老生气会使甲状腺功能失调。 大脑：大量血液涌向大脑，此时血液中含有毒素最多，加速脑部衰老。 肺：女性情绪冲动时呼吸急促，甚至过度换气，危害肺健康。 怒 转 [怒]
0,娘子！！ 诸葛馒头 白素贞！ 公爵的暗夜城堡 娘亲呀，这周末去见识一下 汗 晕 大嘴萨拉 好可怕 诸葛馒头 沈凉 [汗] [晕]
0,发改委数学真好，拿老百姓当傻子， 怒 王枫同学 汪川微博 倚倚声 现在石油 美元 桶，汽油降 ，为 元 升 金陵八卦洲 油价只设跌停板，没有涨停板。建议油价归证监会管，发改委可以休矣。 牡丹 中国汽油的涨价降价机制 [怒]
0,蔡小心 俺彻底明白了什么叫大义凛然和脸不红心不跳了 衰 [衰]
0,法治声音：当大家都在笑时，应允许有的人不笑。 偷笑 悲伤 [偷笑] [悲伤]
0,卧了个大操 真心没活路了 衰 [衰]
0,回复 伊藤薄饼 挖鼻屎 挖鼻屎 挖鼻屎 伊藤薄饼 马师傅，你一定要顶住啊。我跟店长在陪都喝酒的时候会给你发微博的 马剑是谁 我要请假， 衰 衰 衰 [挖鼻屎] [挖鼻屎] [挖鼻屎] [衰] [衰] [衰]
0,鼓书艺人 蜡烛 余江 蜡烛 小四爱世博 可惜了，这可是王毓宝老师的早期弟子啊， 天津时调 ，沉痛哀悼！ 舍庐鱼 郭菊萍去世啦？好吧 蜡烛 钟声北京 不相信是真的，怎么可能哪？我太伤心了！郭老师您一路走好！ 泪 泪 泪 北京周末相声俱乐部官网 蜡烛 蜡烛 蜡烛 [蜡烛] [蜡烛] [蜡烛] [泪] [泪] [泪] [蜡烛] [蜡烛] [蜡烛]
0,今儿我队人不齐 泪 ，你们可以提前开球了 大鼓楼 [泪]
0,回复 艳艳艳 单位安排 晕 没办法 艳艳艳 你怎么在七夕的时候去那里了呢 躲 哈哈 到哪里去过七夕啦 [晕] [哈哈]
0,即便没赶上这年代，作为旁观者，也能被这些青春的片段打动。尤其在看完 之后。伤逝感特强。 泪 [泪]
0,那我得去看看，我已经连续三年这个时间都去成都看桃花吃枇杷 嘻嘻 晨洁 至尊宝宝 应该熟了吧，可怜天天赶稿的我都没来得及出去逛逛，尝尝果香。 失望 朱武平 回复 晨洁 至尊宝宝 成都的枇杷熟了吧！ 酷 晨洁 至尊宝宝 欢迎来成都。 朱武平 回复 许开祯 祝玩好 [嘻嘻] [失望] [酷]
0,愿现世安稳，一切静好！ 咱们一起去旅行 再见了，我那么那么爱你，一点也不遗憾。 泪 [泪]
0,回复 我们日本人来说啤酒就是冰的 嘻嘻 。汉语能力还有限 泪 日本人 冷 嘻嘻 中国 泪 可以喝，不过啤酒在冬天喝有点冷，另外中日双语很不错 嘻嘻 [嘻嘻] [泪] [嘻嘻] [泪] [嘻嘻]
0,有时候真想说，你看看你拍的那些片儿，对得住自己吗？可是又怕伤人家的心！做人不易啊 失望 [失望]
0,图表中没有偶使用的怎么办？ 失望 蘅色聪聪 偷笑 照相 各自对照 白羊真忙 托斯卡纳 亚鲁藏布 子语希扬 美萌 曦 明 莎凌 的围脖 [失望] [偷笑] [照相?]
0,泪 王佳庆 这是最让我扼腕的一段 泪 梁所规划的北京城，更有韵味也更静谧凉爽。如若成真，巴黎罗马都不在了。 泪 毛大庆 知识分子的命运。 [泪] [泪] [泪]
0,改名，潜规则一下！ 我想我是海阿杜 会虫抓到后痛扁一顿 怒骂 吐 抓狂 抓狂 [怒骂] [吐] [抓狂] [抓狂]
0,怒 早！ 各位。 [怒]
0,好实在的一碗河南烩面啊，这哪是碗啊，这是盆！号称最小份的 晕 [晕]
0,开会开的我闹挺 泪 泪 [泪] [泪]
0,娶到了怎 泪 [泪]
0,佳佳佳佳曾小佳 晕 灿不灿 愁愁愁愁刘小姝 刘燕越 [晕]
0,真的假的，前段时间还看他上康熙来了呢 蜡烛 啊？ 蜡烛 姚澜 啊？还记得齐秦 年的狂飙演唱会，他扛着齐秦返场，齐秦介绍和声时，他那滑稽的舞步逗的满场欢笑 泪 蜡烛 [蜡烛] [蜡烛] [泪] [蜡烛]
0,太同感了 泪 [泪]
0,痛苦过，才知普罗大众之痛苦，必将鞭策智者前行！ 阮筠庭 不能教 我 什 然而 痛楚 苦 和障 能 化我 使我 得更好 更 大 同 我 到生活在 下 刻的重要性 泪 安潇 和 在同一天出生， 年分手。 年 再次出现，和解。 泪 泪 [泪] [泪] [泪]
0,旅途趣闻 一家咖啡馆的牌子上写道： 我们没有 ；和你身边的人说说话吧！ 世界上最遥远的距离，是我就在你身边，你却在玩手机。。。 抓狂 [抓狂]
0,泪 王先生孟小姐都不在了，再也没有人说我吃饭慢了，然后我就越吃越多了，马上我又要变成肥肥了吗 泪 [泪] [泪]
0,好久没荡过秋千，是因为太胖了嘛？怎么荡都荡不高，眼看朋友越荡越高，就快飞到半空了，她还觉得不爽，停下来拿出相机边荡边拍 这辈子唯一比不赢滴大概就是胆子 泪 [泪]
0,今天在龙之梦的 买了春天的 恤，连帽运动开衫等。但我认为好像比日本的贵一点 抓狂 之 春物 、日本 高 泪 [抓狂] [泪]
0,擦 江湖酒吧 广州深圳十年前的情况都是女子不敢带金器男子不敢带名表出门，因为出门随时手就被砍了。现在是不是好些了？看样子也好不到哪去。是改管管了！ 柯纳 在广州今天晚上一个同事下班后从取款机离开被抢劫，上个月白打工了。 怒 严挺之 [怒]
0,看了单独二娃的政策须知，其中有两条让我不由自主的感觉反感，都什么年代了，人家要生孩子，为什么要 单位意见 ？这是私事是私事是私事懂不懂，关单位屁事 晕 怒 怒 怒 [晕] [怒] [怒] [怒]
0,泪 婧 对象牙消费说决不！！ 可怜 [泪] [可怜]
0,琰棱 悲伤 胖子爱宅 王左中右 泪 东方早报 驼户介绍，骆驼到 岁就退休，会以 元左右的价格卖掉。之后，它的皮肉将分享给人类。 胡宝秀发自敦煌鸣沙山 直播黄金周 小时 [悲伤] [泪]
0,这点竟然醒了 泪 [泪]
0,酱一定很爱山葵酱吧，竟然看哭了。 泪 泪 蜡烛 [泪] [泪] [蜡烛]
0,才从昆明归，又奔广州去！ 泪 口，有史以来最远的登机口，首都机场 一日游！ [泪]
0,郁闷！这个地方好似冬天，电热毯高温，盖着两床厚棉被还感觉不到热，发个微博胳膊居然冷得发痛 晕 [晕]
0,旅游时报王琪 希望少点泪水多点欢笑 泪 泪 泪 [泪] [泪] [泪]
0,臭变态 全球流行音乐风 怒 [怒]
0,他们踢球还有钱拿，还算工伤，对比俺缝了 针打了两块钢板一根钢钉还倒贴医药费的胳膊，哪个更感动泥 泪 伢伢乐 不看足球，不懂足球，但为这张图感动。。。 达伦 这才是国足 安徽曹海峰 赞 [泪] [赞]
0,第一耶 凌米米 芸姐 旺我吧 禁止搜索此人围脖 又让我想起有个杀千刀的算命先生说我旺别人不旺自己 怒 凌米米 哈哈。摩羯座飘过 [怒]
0,我有初老症了 看了 我不可能爱上你 才知道！ 泪 泪 泪 艾米 煎刀鱼 女巫 不能再放纵自己了 [泪] [泪] [泪]
0,今天天气不错，总不打车了，又被绕道了，路盲，出门就晕。 晕 [晕]
0,回复 大寒江 哈哈哈，这个笑死人了 大寒江 单虎 衰 吃惊 衰 吃惊 节操全无。。 全泽强 这是在暗示什么吗，信息量太大了！ 洪琦不加 星巴克 椰丝里来 这个广告 这个广告 这个广告 这个广告 这个广告 [衰] [吃惊] [衰] [吃惊]
0,广而告之！！ 土耳其米饭布丁 一生要去的 个地方 在国内，打个 半天没反应，这要是在希腊、土耳其出现紧急情况了，还打 ？？？ 衰 ； 独木爱琴； ； 雅典丝绸之路； 大寒江 耿扬在伊斯坦布尔； ； 小虎同学 ； 独臂老宋； 阮导； 土耳其米饭布丁 [衰]
0,失眠了，希望能在天亮前睡着！ 抓狂 抓狂 抓狂 [抓狂] [抓狂] [抓狂]
0,陈敢 汗 我的斯里兰卡之行估计要泡汤了，同志门都放假了，我还得上班 泪 。美丽的斯里兰卡，下次再会 [汗] [泪]
0,牙疼，吃什么都不香 泪 泪 泪 泪 泪 泪 泪 泪 泪 泪 泪 [泪] [泪] [泪] [泪] [泪] [泪] [泪] [泪] [泪] [泪] [泪]
0,美食记 飞 牛肉的 种吃法。。。硬是把自己给弄饿了 悲伤 [悲伤]
0,好便宜，可惜 号护照在使馆，哪儿也去不了 泪 穷游折扣 穷游折扣 天津 北京往返塞班岛含税机票新增 月 日出发 元 人。 [泪]
0,哎呀呀 弩着劲扩散 禅猫丫头 于歆 哎呀呀！ 快乐汉语 去三宝了？是你们哪个做的节目啊？ 熊德启 盐多必湿 钟源 吴梦婷 总想去三宝找文那玩，离那最近的时候在南昌，可惜都没成行啊 泪 文那 嘿 又跟着沾光了 [泪]
0,微信直播，是不是太欠了 衰 [衰]
0,咳咳，浦 民 度完春 告 父母 大城市 工去了，不要 ，伐要 ， 阿拉的 泡菜和李 辣 ！ 怒 [怒]
0,怎么减肥，耗土减肥，我要减肥，拒绝胖子，拒绝肥肉 抓狂 抓狂 抓狂 抓狂 抓狂 抓狂 抓狂 抓狂 抓狂 第一阶段， 第二目标， 终极任务，再不行坐甩干桶里去，时速一小时一千圈 吃惊 吃惊 闭嘴 [抓狂] [抓狂] [抓狂] [抓狂] [抓狂] [抓狂] [抓狂] [抓狂] [抓狂] [吃惊] [吃惊] [闭嘴]
0,吃完了，除了膏肥其它忽略 汗 骑猪散步 叮当 妈 三锅能带回北京么？求！ 泪 馋嘴 [汗] [泪] [馋嘴]
0,抓狂 买口罩去 [抓狂]
0,赞！但发现自己几乎没认出来几部，除了桃姐、听风、 天、那些年、晚秋外 衰 衰 [衰] [衰]
0,可怜 泪 大力同学 成都雷邦 大家给力 ！ 千里马常有 建国 善爱网 鹏博助学 成都雷邦 思考 童华安 贫困地区的学校应该多开微博，把现实情况反映出来。 [泪] [思考]
0,同感！ 泪 节约资源关注灾民吧，大难面前需要的不是作秀 [泪]
0,猫和猫咪 下午在楼下喂流浪猫的时候， 泪 突然好想念我的猫小乖，好想时光倒流，回到有它陪伴的那段时光 [泪]
0,又一个触目惊心的酒店 对我胆量的又一次巨大考验 如果有人问我想不想去 我坚决的回答说 不 如果把这回答加上一个期限 我希望是 万年 泪 [泪]
0,西藏，就是那个心灵放飞的地方！ 微博搞笑排行榜 支持率破 了！！！西藏承载了多少人的梦想啊！！！总有一天我也会去，一定！！！ 抓狂 抓狂 [抓狂] [抓狂]
0,抓狂 抓狂 抓狂 抓狂 抓狂 [抓狂] [抓狂] [抓狂] [抓狂] [抓狂]
0,回复 茵卓艾 原来是老朋友呀 偷笑 很会抢镜呢！ 呵呵 其实能钻过去已经很厉害了！ 茵卓艾 小编哥哥，那个洞高啊，我已经使劲了 泪 泪 泪 ，太丢人了，不过好好玩儿 嘻嘻 哈哈 哈哈 哈哈 [偷笑] [呵呵] [泪] [泪] [泪] [嘻嘻] [哈哈] [哈哈] [哈哈]
0,好咧姐姐 必须请你吃大餐 米迦勒 祝你有好的发展大弟 悲伤 有机会去首都请我吃饭 爱你 [悲伤] [爱你]
0,雨天巨堵，鹅毛大雨，车上一股的怪味 可能着凉反胃了，现在没事了。朵儿你那边什么情况 艾朵朵 为毛啊？今天怎么啦？ 雅致部落 在下今儿个坐车倒打坐倒吐了。杯具地向熹姐及广大同胞感同身受下 大家欣苦了 悲伤 雪人 中国式咖啡 同感。 [悲伤] [雪人]
0,帮转 铮子 有见过的赶紧联系博主 北青吴鑫 回复 张悦时 不客气，咱们都有姥姥，咱们自己可能也会有这么一天 张悦时 多谢了 一下子很多人从你这里转发 北青吴鑫 帮转 泪 张悦时 无 [泪]
0,泪 木有 [泪]
0,泪 歌手李志洲 伤心 蜡烛 安琥 这是今天听到的最难过的消息 泪 [泪] [伤心] [蜡烛] [泪]
0,太煽情了 泪 过段时间连黑白的我都不见了吧 [泪]
0,一个 就这样贡献给我 了！肉痛，肉痛喔！ 泪 怒骂 弱 [泪] [怒骂] [弱]
0,额，又胖了，再胖就；就回不了家了。。。 衰 [衰]
0,一路平安！ 佟大为 我是明天的票 哈哈 一白张 你们都回到家了吗？我想回家了 泪 泪 泪 王宝强 王珞丹 佟大为 景甜 张译 黄觉 吴君如大美女 吴刚的微博 鸡毛蒜皮与鸡毛蒜皮 小柯 奕迅所 电影越来越好 [哈哈] [泪] [泪] [泪]
0,那就自愿一回了呵呵 烟台律师 捐款，本意必是自愿 怒 [怒]
0,瞧瞧俺家乡的人性化服务做得多好 偷笑 偷笑 走过大地 回复 张戈 重庆这个城市巨搞，一楼坐电梯，上了 好几层，然后一开门。靠，门口出租车等着呢！ 抓狂 张戈 这个角度把我的家乡拍得更美了！！ 鼓掌 鼓掌 鼓掌 [偷笑] [偷笑] [抓狂] [鼓掌] [鼓掌] [鼓掌]
0,年。。 泪 扎西拉姆多多 关于她和她的这次表演 [泪]
0,回复 林湘平 唉 国际大项目啊。。。 林湘平 还 加班呢，都快死了都 玉珠子 感冒 熬夜 泪 简单杀手 马儿太弱童 草莓毛毛猪 我是 考拉 熊猫 熊猫 逆流的鱼 程序员小强 命是自己的，钱是别人的 天域 健康第一呀！ 心 [泪] [熊猫] [熊猫] [心]
0,小儿难养 爷爷煮生梨水，对我说：里面加两片青菜茎一起煮给她喝。 帮宝调节肠胃，防便秘 我听赶紧劝她爷，煎生梨水就放梨片。要菜茎煎水就单独煮菜茎。爷坚持说没问题。一转身听见，奶奶对爷说：下次表跟她妈说，你直接煮！ 黑线 天宝宝肠胃杠杠的，他爷已经给她挖果泥吃了 我这妈白瞎了 衰 [黑线] [衰]
0,想着自己是在做梦。。很快醒了就不累了。。。 泪 [泪]
0,暗黑料理 衰 言之海也 [衰]
0,自己也曾瘦过，想到就心酸。 泪 转 [泪]
0,我在下 泪 奶妈铲子 我下了我们玩吧哈哈很有劲的 [泪]
0,希希 想穿越了苦逼 我们的午饭吃的有点素 衰 酷 衰 好苦的生活 泪 泪 泪 [衰] [酷] [衰] [泪] [泪] [泪]
0,自驾中国 第 天，陕西西安。好事多磨，下水渗漏，酒店要为我们另调个房间，还行不行？ 抓狂 [抓狂]
0,坐床上用笔记本工作，脖子歪了，腰直不起了。。。。。一站起来，只听到背部咯吱一声。痛！ 吃惊 泪 [吃惊] [泪]
0,苏海峥： 窝窝团尹 大力同学 ：就地销毁掩埋火车头 太荒谬了 兔子和狼 如果事故后立即搜救，这个小男孩很可能不会死 泪 泪 [泪] [泪]
0,变态 神经 枪毙 的雨琪 我 咒他，包括他全家下地 ！永世不准翻身！不准！ 棉花安子 这种一定要弄 怒 怒 怒 杨亚音乐教室 畜生呀，搜索这帮人。 小 爱庚希 操，该把他的头割下来！！ 坚果俱乐部 老鬼 我没有加 [怒] [怒] [怒]
0,抓狂 抓狂 看图的是折磨呀！ [抓狂] [抓狂]
0,中国人多健忘，宰完一拨接一拨，拭目以待 茶 人 其实中国美景比国外多。但旅游不单纯为了欣赏美景，国内游往往输在服务上。 失望 大都会传奇老赵 估计价格超过马代，变三亚 [失望]
0,呃，我以前也这么玩过，可是门没开 失望 哈哈 哈哈 上海潮流情报 二逼青年欢乐多啊！ [失望] [哈哈] [哈哈]
0,房子你租不起 泪 [泪]
0,新到四款。。。。工作量又上去了。 晕 [晕]
0,年纪大了，熬一宿真难受啊！ 晕 [晕]
0,回复 的海角 就是因为没有信仰，所以才为达目的不择手段。我是借此讽刺那些为了拿到美国签证谎称自己是基督徒的异教徒！应该拖去广场上烧死！ 的海角 气节与岳飞有关 节操与小凤仙有关 又加个异教徒 你想说喃 我家房子背后多的是 这些没节操的异教徒！ 怒 怒 怒 怒 [怒] [怒] [怒] [怒]
0,额，下大雨了，偶被困在公司鸟， 泪 泪 泪 [泪] [泪] [泪]
0,难道仅仅是活着吗？万象若是这样搞下去，还不如死掉的好 泪 上海陈子善 天要落雨娘要嫁， 万象 终于要转型了！但为什么唐诗要说 梦唐 ，宋词要说 好词 呢？唐诗不"好"么，宋词不可"梦"么？至于 红粉 之类，与 国学 之严肃也相去甚远吧， 红学家 们以为如何？ 偷笑 [泪] [偷笑]
0,想了一想，还是觉得发给你们看，最后那一段，实在是愤愤啊！ 怒 泪 酷 高磊 籁酷人 怡花宫主 中环二狼 流星 如斯天堂 五星体育晨曦 裘文祥 五星体育 没 到的，自己看啊！找不到了 视频：拍摄花絮 [怒] [泪] [酷]
0,泪 泪 泪 何兵 北京牙医苏建宏 失控了！ 抓狂 泪 怒 非典型医生 一思密达 无法无天 怒 怒 怒 北京牙医苏建宏 陈静瑜肺腑之言 医生哥波子 公安去哪里了？无法无天！ [泪] [泪] [泪] [抓狂] [泪] [怒] [怒] [怒] [怒]
0,移民观察 社会不稳定因素加剧，任何的风吹草动都可引发全城皆兵，年关将至，大家淡定，各自珍重，冲动是魔鬼，有话好好说 泪 [泪]
0,无语 泪 李亦非 泪水浸湿双眼 [泪]
0,深夜食堂的 啊 又 得剁手了 泪 叫你丫淘宝 [泪]
0,北京的车来三亚堵 抓狂 旅游就是从自己待腻的地方跑去别人待腻的地方腻！换地堵车啊 抓狂 泪 我在 [抓狂] [抓狂] [泪]
0,回复 青青阿姨爱吃面条子 我就没保修不照用，反正 便宜，比 都便宜多了 青青阿姨爱吃面条子 我早过了保质期 衰 风吹酒店见海洋 你也不嫌累，重开机不就行了 [衰]
0,还只是口语上严正抗议，国将不国了 川食公馆长空哥 回复 歌唱家赵国强 放人，归岛！ 歌唱家赵国强 回覆 川食公馆长空哥 怒 放人！归岛！ [怒]
0,见过不要脸的！没见过这么不要脸的！无赖！ 张江 马 西亚！马来戈壁！ 怒 [怒]
0,加班到这么晚，回家来给你们开罐头、铲猫屎、梳毛毛，你们就这么待我 抓狂 不爱 抓狂 [抓狂] [抓狂]
0,伤不起笑话 很爱很爱这个漫画，很爱很爱这个微博。。。老夫子，童年的回忆 泪 [泪]
0,羊羊流泪也如汗水，辛苦命啊！ 泪 背光的屋 哈哈哈，真是，我这比硫酸好点，没那么强的腐蚀性 蓝花盈木 我最惨！！ 瓶子里的 本以为我就够悲催的了 一看你们的 背光的屋 蓝花盈木 我乐了 偷笑 [泪] [偷笑]
0,祈福！ 蜡烛 王艺霖 祈福！以马内利 唐以诺 求神怜悯 演员李博 一起祈祷，以马内利 完颜丹阳 祈祷！祝福！ 糖豆豆中国的土地上人民命运多舛 泪 泪 祈福吧 蜡烛 蜡烛 左小祖咒 又会是娃娃死得最多 泪 [蜡烛] [泪] [泪] [蜡烛] [蜡烛] [泪]
0,土娘 人如猪狗。 自 由之声 在邪恶的体制下没有人能活得有尊严 龙 希 风流韵史 有了祖国你依然什么都不是。 泪 [泪]
0,你妹呀！ 怒 大脑好壮壮 帕金森烤串 雕爷 回复 我的笔记本 烤串需要双手不停翻动和撒调料，他不行。 我的笔记本 杨过烤串 [怒]
0,比如唠叨与琐碎 在地铁上听着打鼓练的曲子摇头晃脑四肢抽搐的时候 晕 给两个美国老太太让了座位 害羞 然后开始被她们一阵问题和鼓励打断 用标准美音回复了他们的问题 顿时特别佩服自己 挖鼻屎 幸亏练的是英文歌儿 正有语感呢 嘻嘻 [晕] [害羞] [挖鼻屎] [嘻嘻]
0,害人啊 宁静致远 峰 呵呵 按他怎么吃！不吃出胃出血才怪呢！ 汗 医药费也很贵滴！ 晕 黄浩俊 柴勇健 转收藏 赞 在下贫道 酒店人刘艳芳 酒店人崔国峰 宁杰 金陵 黄浩俊 酒店人刘艳芳 关峻山 卢涛 经典丶微小说 技术贴，吃货们收走！ 花心 [汗] [晕] [赞] [花心]
0,我最喜欢这张。要是我遇到这样好看的人，一定把所有财产过户给他。。 可爱 可爱 可爱 可爱 太好看了，我一般都不敢翻我的相册，我怕看到自己的照片夜不能寐，得不到他让人好心痛。。 泪 王家珧 我终于知道你不敢面对我的真正原因了。 思考 太开心 亲亲 飞机 [可爱] [可爱] [可爱] [可爱] [泪] [思考] [太开心] [亲亲] [飞机]
0,好狗好猫流浪狗义工团 苏州求车！ 抓狂 苏州市小动物保护协会 苏州领养日 [抓狂]
0,坐了一个小时了，啥时候能飞 泪 泪 泪 [泪] [泪] [泪]
0,看病真难啊 二十天的打拼，身心疲惫。做了一辈子医生，真正体验了一把看病难啊。病人不舒服，找护士，嫌烦。病人呼吸困难，小护士自作主张吸痰，而不像值班医生汇报病情，胆子真大。幸亏我去医院，病人危重找到值班医生，在和朋友聊天。我按耐不住的指责，质问。医生的良知，责任，生命无价啊。 衰 [衰]
0,吃惊 西门吹沙子 直播？ 面包树上女子 那个楼盘？ 李隽 华墨胡斌 真的？ 泪 何巍总建筑师 蜡烛 [吃惊] [泪] [蜡烛]
0,撒小漠 不知为何，这种发明让我联想的却是科技冷冰冰 失望 [失望]
0,哈哈这个必须转 可爱 糖糖糖水铺 孙媛媛 流 娜 年 这个必须转 晕 嘻嘻 鼓掌 江叨叨 流 娜 年 老吓人啦！ 苏新 金牛更 [可爱] [晕] [嘻嘻] [鼓掌]
0,我爱记歌词"年夜饭"导演 张小志 仍在剧烈的敲袭键盘中，辛苦了 可怜的 键盘！ 泪 [泪]
0,昨晚暴走城隍庙，结果就是晚上昏死过去，早上又被小鸟大清早吵醒 泪 我在 [泪]
0,可 像潮爷看齐 最近看上了一件阿玛尼大衣啊，伤不起啊 抓狂 [可?] [抓狂]
0,微美食 武汉香港，这跑的 抓狂 [抓狂]
0,现代人的种种不抗压 抓狂 抓狂 抓狂 因工作压力过大，南京某公司策划经理武军崩溃了，又哭又闹要跳楼。民警发现后，将其带回派出所。男子要求民警唱唐老鸭的歌，不然他就自杀。民警不会唱，只好当场下载学着唱，一连唱了半小时，才暂时稳定了其情绪 现代快报 [抓狂] [抓狂] [抓狂]
0,主页君问个重点：好吃么？ 哈哈 ：居然真接过传说中山东航空的驴肉火烧 衰 衰 衰 [哈哈] [衰] [衰] [衰]
0,氏 你娘 兔拉拉 一醒来就跟我说： 我梦见天堂的门，都不是敲开的，而都是被挠开的。 我： 吃惊 做噩梦啦？ 她： 没有啊！？ 我： 那你说的场景我觉得可够恐怖的。 她： 那有什么恐怖的？不就是挠、挠、 嘛" 汗 我： 有本事你就再冷些 抓狂 [吃惊] [汗] [抓狂]
0,回复 王沫宁 哈哈哈 哈哈 可爱 偷笑 酷 嘻嘻 鼓掌 耶 王沫宁 晕 海伦啊！ [哈哈] [可爱] [偷笑] [酷] [嘻嘻] [鼓掌] [耶] [晕]
0,怒 了吧？这都哪年的笑话还搬出来！！！ 鄙视 [怒] [鄙视]
0,今早 到达阿格拉，天气寒冷穿着全部带的衣服之后就靠抖了 泪 北方的人民和语言感觉完全不同。去到酒店，环境很不错，天台可以看到泰姬陵，也有很多外国背包客在这里住 哈哈 上午去了阿格拉堡，四处游览照相，摸着建筑的石头想去感受这里的呼吸。之后就搭马车去集市 心 [泪] [哈哈] [心]
0,祖山，第一次来。以往到秦皇岛只去海边沙滩翡翠岛，原来也有大气磅礴的祖山，非常美 心 景区好大，但可以开车到顶，非常爽 太开心 点上山见证日出， 点下山时已经冻成冰棍 衰 你们谁来记得一定带棉衣 带着微博去旅行 中国祖山 途秀 新鲜旅 新浪河北旅游 我在这里 [心] [太开心] [衰]
0,。。我居然快到本命年了 泪 [泪]
0,恨新加坡机场 怒 我在 [怒]
0,我想要这款面包机 抓狂 抓狂 知足常乐 诺妈 [抓狂] [抓狂]
0,泪 完全没有！！！！ [泪]
0,面盲症 有一回见到人群中一位西装革履的男士在餐厅的另一头对我点头微笑，我惊道：妈妈眯呀，这个人好面熟！我妈妈怒道 怒 ：这不是你老公吗？！ 闭嘴 好吧，看惯这个人在家穿老头衫趿老头鞋的样子了好嘛。 可怜 [怒] [闭嘴] [可怜]
0,这样深刻的话只有大姐大才说得出来。 李盼 我都变成大姐了 泪 [泪]
0,测试笑点的 麦兜吃鸡 ，笑点没有最低，只有更低！ 哈哈 抓狂 笑到抓狂 古小缺 桂枪枪 [哈哈] [抓狂]
0,处处是陷阱 让我这个升级网页转发可以 直接说啊 但是不要以雅安的名义好嘛 怒 怒 怒 [怒] [怒] [怒]
0,多跑，你也令人羡慕！ 小文 羡慕毕老师 俺叫老鬼 回复 熊猫的彩色照片儿 祝你早日成功！ 马到成功 熊猫的彩色照片儿 回复 俺叫老鬼 上班呐 找时间去 泪 泪 俺叫老鬼 对呀， 高原之歌 。 音乐盒 迎风也三尺 老顽童是在唱歌吗，第一图。 [马到成功] [泪] [泪] [音乐盒]
0,有人说 一流投资投天使，拼的是眼光；二流投资投风险 拼的是团队；三流投资投报表 拼的是真假；四流投资投 拼资本和关系 抓狂 还有人说 一流投未来，二流投热点，三流投团队，四流投项目，而不入流占 哈哈 [抓狂] [哈哈]
0,这是我的风格，怕了吧，极简极冷系。 这个微博很给力 真行啊 怒骂 [怒骂]
0,泪 蜜甜莲苦 赞 手套 小二驴没春天 心情签名档 好感动！ 泪 喜欢你的故事，总会瞬间被触动心弦！ [泪] [赞] [手套] [good] [泪]
0,我是曾经的胡同串子 现在胡同没有了 我却变成了钱串子 泪 感性老夏 泪 [泪] [泪]
0,真的要做成，只是为了增加线下的曝光途径，线上只见可能的低价房源，然后电话过去在继续线下吗 泪 泪 泪 泪 泪 [泪] [泪] [泪] [泪] [泪]
0,同求 索林 比尔博 润子 谁给个档啊。。。 想一直放假 怎么突然间一个两个都哭了 泪 泪 水陆两用 这又是为什么哭啊 泪 慕小 泪 泪 泪 泪 [泪] [泪] [泪] [泪] [泪] [泪] [泪]
0,操！傻逼郭宝龙你丫可以去吃屎屎屎屎屎屎屎屎了 鄙视 鄙视 鄙视 鄙视 鄙视 鄙视 怒 怒 怒 怒 怒 [鄙视] [鄙视] [鄙视] [鄙视] [鄙视] [鄙视] [怒] [怒] [怒] [怒] [怒]
0,非诚勿扰，乐嘉一回来，所有奇葩都来了 晕 [晕]
0,围观 张嘉译官方影迷会 湖南卫视 大剧巡礼 期待 电视剧四十九日祭 期待 张嘉译 的 法比 ！ 电视机 ：订正 金陵十三钗 的 钗 ，张嘉译的 译 ，真为小编的输入法偏差和等不到准确的开播日期捉急 可怜 抓狂 委屈 [围观] [电视机] [可怜] [抓狂] [委屈]
0,晚睡强迫症 失望 [失望]
0,抓狂 馋嘴 边疆边吃边说 晖朝李 这条海参用来 葱烧 还是 虾籽扒 呢？ [抓狂] [馋嘴]
0,还有 个没去过，退休了就去。呵呵 薛炜 ：去过两个地方 王艳茁 只有乌镇 螃螃啊 完了完了，我肿麽一块地方都木有去过！难道我去过得都是很俗滴，不值得去滴地方啊！ 泪 泪 泪 只去过 很多地方都已经是今非昔比 [泪] [泪] [泪]
0,回复 我是 王小毛 不要艾特我，我很穷！！！ 抓狂 我是 王小毛 猫小姐需要正能量 [抓狂]
0,早晨地铁的座位尊凉啊。。冬天来了 晕 雪人 围脖 手套 [晕] [雪人] [围脖] [手套]
0,哈哈，亏他想得出，中原之地的智慧全用这个上面了！ 柳镇一郎 抓狂 无法忍受。 万里游侠客 回复 中国旅图在线 胡金平 已关注 请回粉 中国旅图在线 胡金平 回复 万里游侠客 握手 万里游侠客 吃惊 藜焱焱 痴情小云川 转发微博 [抓狂] [握手] [吃惊]
0,回复 北京的 偏心，我去北京 都 理我 泪 要 去了， 照 一下 我三 犬 嘻嘻 北京的 你要加油！到北京再跟我 ！ 太开心 王 雅 辛苦了！！好同事 [泪] [嘻嘻] [太开心]
0,欢迎来天朝绝食。 陈常江 昂山看来就要彻底成敏感词了 芡哥的打字机 北京厨子 巴掌大个缅甸，欺我中华无人！呃。。。。。。我中华确无人。。。 失望 [失望]
0,恕我直言，我很喜欢彭佳慧的声音，确实非常不喜欢黄吼吼 怒 怒 黄绮珊在节目开始的两期唱得还可以，到了后面越唱越吼，越吼越难听，她只适合唱她自己的那几首歌，所以之前一直不红也是有原因的！成也这个节目，败也这节目！不过还是希望黄绮珊这次能红得久点。。。 [怒] [怒]
0,美美的睡了个午觉，伸伸懒腰，起来喝口玉米水，接着翻到折上小角的那页回到 年的陆焉识。。。忽的桌上小闹钟疯了似的响得双脚直跳，吓掉了手中拿的香香曲奇，准又是小东西捣的乱， 抓狂 把为娘这平淡虚度的下午弄得惊心动魄了。等你回来打屁屁 顶 [抓狂] [顶]
0,上吐下泄难受死了，不想再起来了 衰 [衰]
0,全球最大中文搜索引擎百度旗下的百度分享 衰 ，下次争取把冗长的定语去掉 挖鼻屎 [衰] [挖鼻屎]
0,哈哈 彭导就是有才 丁子高 呀？ ！我未 天 地 呀！ 抓狂 抓狂 [哈哈] [抓狂] [抓狂]
0,了不起的盖茨比抢票 经典小说，经典电影，一定非常精彩，周末没去看 泪 电影网观影团 北京清河影城 蜂蜜 小宝 地址： [泪]
0,这是故宫吧？ 晕 [晕]
0,为什么你们大家都能收到明信片小辰也收不到收不到收不到！小冷从陕西寄来的那张，冻冻从菲律宾寄来的那张，还有前不久家一 从台湾寄来的那一张 它们都去哪里嘞？？！ 抓狂 [抓狂]
0,亲 你来咋也得是高级 职位啊 送货 我的小心脏啊！ 那敢情好了 帮忙转，我去吧收留我 泪 [泪]
0,给大家讲一个泪流面的故事。。。 图转 泪 泪 [泪] [泪]
0,洗洗睡吧，明天五点半，起也得起，不起也得起 泪 [泪]
0,曹 员外 想变成大雄的阿蒙 操 抓狂 商恩 大陆敢不敢卖再贵点 抓狂 香港 刀也是这个标记，真个比国内便宜啊 茶馆酒仙 买不起 维尼熊 尼玛，有这么便宜吗，这还是港币啊 震惊 维生素西丸 茶馆酒仙 金小嗨 小怡忘了交作业 好人卡灰太狼 哈三无四 [抓狂] [抓狂] [震惊]
0,回复 彼岸 早安！今天 要爆表了吧 衰 彼岸 晚安 月亮 [衰] [月亮]
0,懂人情，懂世故，就是不懂教育 唐宜青 张国立老师应该减少以父亲的身份发表和张默有关的言论。爱或罚，当成自己家事，不进入公众视野，才是真正的帮他。让他独自面对这个社会，在摸爬滚打中长大也是张默的权利。一个天真的星二代，遇到个护犊心切的爹、、、、、、 衰 [衰]
0,好大的雨啊，我们确定是来玩的吗？ 泪 泪 我在 [泪] [泪]
0,怪不得五仁儿那么难吃 衰 衰 衰 衰 多多 是故意想饿死太子吧 上海霜降 欧美热门榜 哈哈，太重口味了吧！！ [衰] [衰] [衰] [衰]
0,我在这里： 海底捞 隔壁桌居然有个帅哥一个人来点了一大桌 晕 不敢拍照啊 [晕]
0,我对夏天的太阳过敏。 不知道什么反正莫名其妙要过敏 泪 泪 [泪] [泪]
0,德迈的船大，再大的浪也不怕！ 芳翎 其主要特点是：浪大头晕 晕 哈哈 德迈国际南极环保行 南极话你知 德雷克海峡是世界上最宽的海峡，也是位于南极大洲与南美洲最南端之间；是大西洋和太平洋在南部相互沟通的重要海峡，也是南美洲和南极洲的分界的地方。 [晕] [哈哈]
0,晕 晕 晕 衰 衰 衰 抓狂 抓狂 抓狂 山东部分姜农剧毒农药种生姜 [晕] [晕] [晕] [衰] [衰] [衰] [抓狂] [抓狂] [抓狂]
0,我家楼上也是。昨儿晚打的惊天地，泣鬼神 衰 [衰]
0,突然好想当连看富春和小时代的真的勇士！ 南瓜 小小悉饭 使徒子 肿摸办看完这个影评我也想看了， 王思聪 球万达 北美院线引进 害羞 小玉 丸三少 怎么能黑我大奥尔良烤翅 泪 内牛满 这俩渣片都要到 站去看 [害羞] [泪]
0,泪 好事，还是坏事儿呢？我觉得是好事，小米手机用户一定会有选择的分享，而不是把朋友家的无线密码一起分享了。呵呵，东西是好东西，看谁来用。支持小米！ 财经网 微博动态 小米用户可选择分享公众场所 密码，目前已分享 万个。 [泪]
0,回复 小爷黏糕 真够揪心的。大家路过那儿就准备点儿吃的给它吧先，水怎么办？ 小爷黏糕 没有，车太多总鸣笛惊吓到它，要是路过，扔点吃的先吧 泪 明星经纪貊苒 天哪！！！！！救出来了吗？！ [泪]
0,一定要来亲自尝试，才能有自己的感受喔 干杯 哇喔，很近耶！早就想尝尝滋味了，终于内地有售了，下次来一定要去！ 炫 晔 坐西北向东南 那英 我要去我要去 耶 调酒师肖振宇 今天人真多！ 给力 给力 给力 米晓琪 在哪儿呢？ 抓狂 [干杯] [good] [耶] [给力] [给力] [给力] [抓狂]
0,后腿 老刀 拖后腿 泪 [泪]
0,又一次抢买单失败，以前是好不容易占到收银台最佳位置，掏出钱包来发现现金不足且店家不能刷卡，这次干脆是站在台前发现没带钱包。还能再丢人点吗？ 泪 泪 [泪] [泪]
0,好赞好有爱！正着手准备的北欧设计这本书，必然是少不了 啦！ 徐白 好棒！！！ 泪 泪 泪 泪 泪 泪 [泪] [泪] [泪] [泪] [泪] [泪]
0,想到明天周五就不想睡觉。不想不想不想 委屈 委屈 伤心 伤心 [委屈] [委屈] [伤心] [伤心]
0,年最后一顿早餐 绝对奢华版的糊塌子 三文鱼糊塌子 今儿各位是有上班，有歇着的，有出去玩的，有回家看父母了，还在单位最后的疯狂加班的 泪 ，当然还有已经开始筹划晚上的倒计时晚餐了，甭管正干嘛呢，我还是给自己做个个大料足的三文鱼糊塌子吧！ 偷笑 做法可点链接 [泪] [偷笑]
0,我饿死了 泪 可怜 为什么现在越来越容易感到饿啊 疑问 抓狂 抓狂 抓狂 [泪] [可怜] [疑问] [抓狂] [抓狂] [抓狂]
0,白羊看起 很 ，但 上很多事情很理智，因 白羊遇到事情的 候往往想得很多。很多星座 上 白羊 到不 大 ，其 不是的，白羊做事很理智，甚至 有幻想在 面， 是想到好的方面，所以 得完了才 後悔，因 往往 有那麽 。 太对了 抓狂 [抓狂]
0,大趋势啊！ 抓狂 红色阿修罗 这次是真的狼来了吗？ 湖南文艺出版社孙佳 硬件商和出版商合作就行。乐团付费之后谱子直接推送到机器里 磨砺以须 那版权费怎么算？乐谱费里主要不是版权费吗？ 丹青 乐团记录归档方便许多，参观过 的档案室，各路指挥来时做的谱面标记放满屋子 [抓狂]
0,鄙视 怒骂 [鄙视] [怒骂]
0,都是经典啊 旅途那些事儿 可惜我没背全过 泪 没文化的 这个必须收，收完再重温，估计再重新背过是不大可能了，要是再有 长恨歌 就完美了。 等待的李小朵 这个太怀旧了 [泪]
0,如果刘作家在家里骗骗自家孩子，那是人家的家务事，我们管不着。 若水 不怕在国外洗盘子，就怕在国内给娃儿交不起赞助费 泪 逆风蝴蝶 越来越污染是真的 任任大选 回复 天津一沙鸥 刘副主席是高等华人啊。 天津一沙鸥 洗盘子就低人一等吗？刘作家怎么这样瞧不起劳动人民捏？ [泪]
0,这人领奖的时候得带着钢盔去吧 衰 衰 小五在路上 小四其实是小宇 老牛跟牛顿什么关系 赶紧 [衰] [衰]
0,唉 玩家传播太阳：有表面的风光，就有背后的黑暗。 陈业文新大都 泪 李静瑕 一个银行，金融业，宏观调控，社会发展，等方面的侧影 [泪]
0,重口味 超级无敌新鲜的料理 真的很新鲜，日韩吃法，你敢吃吗？ 衰 [衰]
0,我可以接受产品的失误，但是不能接受无理由的狡辩 这常常让我火冒三丈！！！做生意不是这样的，因为我们不是这样 怒 [怒]
0,跟 某张纸，对了几个小时的数，还好有明白人能问。眼花缭乱啊 黑线 晕 [黑线] [晕]
0,半夜 点还被电话叫醒确认制作物，现在又饿又困，可是睡不着 泪 菲比 [泪]
0,勾起好几吨往事啊 泪 [泪]
0,小心了，景区还是少买东西的好 胡大镛 怒 丽江纳裔李宁 衰 怒 ，相关旅游部门请出手！ 胡大镛 秦晴的碳足迹 云南老铁 [怒] [衰] [怒]
0,吕磨磨 这个福音吧 偷笑 偷笑 抓狂 抓狂 [偷笑] [偷笑] [抓狂] [抓狂]
0,晕 晕 沙湖美人鱼 有这绰号？ 嘻嘻 路飞 相约有情天 特别节目： 浪漫沙湖，魅力摇滚 今晚邀请宁夏本土乐队：谣乐队走进直播间，现场开唱，还有来自沙湖景区美女嘉宾主持，外号：沙湖美人鱼的王晓婷，喜欢的朋友一定要关注噢，微信公众平台： 路飞 [晕] [晕] [嘻嘻]
0,现在的病魔越来越肆无忌惮 文艺之声 惊闻 蜡烛 蜡烛 蜡烛 一路走好 流奔 一个月前还在聊天，怎么就这么走了？ 泪 泪 泪 蜡烛 蜡烛 蜡烛 文艺之声 中央台娱乐广播 曲艺服务员王波 啊？怎么会啊？ [蜡烛] [蜡烛] [蜡烛] [泪] [泪] [泪] [蜡烛] [蜡烛] [蜡烛]
0,解放区的天是晴朗的天啊。刚刚走东四环 京通快速 机场二高速到机场接人，也是一路畅通 红雨姐姐 是兆新 可一小时前在长安街上的电子显示屏上，四环还是黄色的呢，怎么这么快车就没了？难道刚才那些堵住的车是商量好一起出去玩的驴友不成？ 哈哈 阿猪同学 堪比除夕啊 泪 晕 [哈哈] [泪] [晕]
0,这雨下的网都断了！唉！固话打不出去也打不进来！ 中国电信 中国电信北京客服 泪 泪 泪 [泪] [泪] [泪]
0,杯具了 泪 飞机故障，要换别的飞机了 浮云 浮云 浮云 浮云 [泪] [浮云] [浮云] [浮云] [浮云]
0,满记甜品，两个招牌芒果白雪糯米甜甜和杨枝甘露，一个新品，名字忘了！真是美味！吃不够啊！ 泪 泪 泪 泪 店里咋没空调啊 抓狂 空间小，人多，很热啊！不会是为了多卖几碗故意的吧！ [泪] [泪] [泪] [泪] [抓狂]
0,回复 鱼落 电报船长给你批示北京探亲否？ 衰 鱼落 形式都没有，那想念闷心里多不着边际啊。。 黄天 我们想念在心头！形式住往是磕头，烧香的信徒，妹纸，你落俗鸟 哈哈 哈哈 [衰] [哈哈] [哈哈]
0,泪 犹太人法则 你有你的生活、娱乐和朋友 但狗一生只有你 地球都哭了！ [泪]
0,杨洋真不理解微信上的一些人，不管是东莞火了，还是昆明着了，又或者 马航飞机失事 了，朋友圈永远都是在卖衣服，卖包包 对其他事情就像完全部知道一样 抓狂 晚安 [抓狂]
0,泪 说实话，我看到这段话打心眼里酸酸的！ [泪]
0,巴新太恐怖了 ！虎哥你自己当心点额 泪 [泪]
0,一万一尺 泪 [泪]
0,，现在每天叫醒我的竟然是压力不是闹钟了，鸭梨山大啊！！！！！ 抓狂 抓狂 抓狂 抓狂 围观 [抓狂] [抓狂] [抓狂] [抓狂] [围观]
0,速改密码。 氪 声明：该库系 年 作为备份所用，由于未查明原因被泄露，特向所有因此而受到影响的用户致以深深歉意。目前 已向公安机关报案。 现有 万注册用户的账号密码数据库已经全部采取了密文保护和备份。 泪 程序员们伤不起啊！ [泪]
0,晕 不带这样的好不好 江畔 这人好邪恶啊。有木有 ！！ [晕]
0,花花草草们，你们在家好好过年！但愿麻麻回来还能看见你们生龙活虎的 微风 微风 泪 泪 [微风] [微风] [泪] [泪]
0,眼泪汪汪，昏昏沉沉 悲伤 困 [悲伤] [困]
0,离开西安，回到北京，好日子到头了。。。暂别好吃的 泪 [泪]
0,我也爱丽江，我也 后， 泪 [泪]
0,自拍很 心 抱抱 酷 真心觉得 特别烂 鄙视 用了这几年 糟心的体会 伤心 [心] [抱抱] [酷] [鄙视] [伤心]
0,这是天灾还是人祸？ 泪 [泪]
0,随手拍 胖新郎和瘦新娘，他们看到这图会有抽我的冲动吧吧 衰 衰 衰 [衰] [衰] [衰]
0,我就怕我婚礼上我爸控制不住啊 宋大新新 最后哭成泪人 泪 [泪]
0,爱你 爱你 哈哈 怒 花心 [爱你] [爱你] [哈哈] [怒] [花心]
0,生病 狗毛儿 怒 小猪的骑士精神 洪晃 那没找好下家离婚的算裸离吗？ [生病] [怒]
0,回复 我是胡公子 我想说我爱你，可是，在品完一壶茶后，我忍住了，决定把你让给比我更需要你的人，不求天长地久，但求曾经拥有 偷笑 偷笑 我是胡公子 尼玛，除了茶，你难道就没品出其它么 泪 [偷笑] [偷笑] [泪]
0,堵了。 泪 临海听风的时光 [泪]
0,头疼一直觉得困 睡觉 ，不知道怎么了瞌睡虫好多阿 抓狂 怎么才能把它赶走让我清醒点。 困 困 [睡觉] [抓狂] [困] [困]
0,抓狂 瞬间被撕裂了呀，啊 传说中的几千块的一张告示牌，就这么被撕掉了，葵公公还真是不心疼我们的钱 [抓狂]
0,晚上哪玩去啊 花心 白小白 白又白 周一北鼻 小曼 具体是星期几啊我到现在都不知道呢 白小白 白又白 咱们背着大南瓜去工体！！ 小曼 圆小异 咱们万圣节去哪儿过啊 大白白！！ 白小白 白又白 圆小异 倩姐 我也想要南瓜灯！！ 泪 [花心] [泪]
0,我不想挂电话啊 童 爷 花了多大勇气才把那个键摁下去 泪 [泪]
0,回复 卢林 挺好玩的，像是回到了高中解决一道道数学难题的感觉 好吧，难道我自虐？ 衰 卢林 要珍惜青春，远离加班呀 [衰]
0,准备起床，收拾行李，赶路，奔机场，回北京，下午在京彩排。眼睛睁不开，还想睡。。。 泪 泪 抓狂 抓狂 [泪] [泪] [抓狂] [抓狂]
0,成都交通确实太老火了，不知这些当官的脑子进水了吗？这么多工程同时上马，完全牺牲老百姓利益，给自己立政绩，树丰碑 怒 怒 怒 成都微博 成都发布 成都商报 成都同城会 微成都 成都晚报 新浪四川 阿涛发呆 乐颜 成都蒋峻 丽莎大小姐 夏日微微蓝 伍玖达达 在这春天里 [怒] [怒] [怒]
0,你老喊自己干啥。你说自己是逼都没人敢草了 我是那希望也是大叔控 回复 赵玺为赵彬相声 那什么资格才能评论呢？？？他又有什么资格评论刘翔？？？！！！ 赵玺为赵彬相声 你有什么资格评论主流 我是那希望也是大叔控 怒 傻逼去死 大虾 傻逼去死 [怒]
0,北京打车难啊啊啊啊！！！尤其雨雪天儿 怒骂 [怒骂]
0,我没有失眠，我只是冻得睡不着 泪 一个不会发热的超级寒性体质的冷血人。 [泪]
0,就算知道结果，我也不想看广告！ 怒 [怒]
0,一直以来，看 电影电视剧都以为 人民都住大豪斯那，感情也有住蜗居的呀 泪 胡秀岩 北京的未来。 [泪]
0,正在想念今天撸过的串儿 抓狂 抓狂 抓狂 [抓狂] [抓狂] [抓狂]
0,看了 小儿难养 之后颇有感触，觉得每天光看着儿子就够了，跟孩子他爸拉拉手，抱抱就够了，出门一会儿就开始想儿子，给谁都不放心。脾气也变的暴躁了，对儿子有耐心，我可怎么办啊，什么时候能回到原来的我 失望 [失望]
0,感同身受 番茄 小溪 同感呀 泪 都来听听我们的心声吧 粒小小 鲁皮皮 [泪]
0,亲们知道么，现在在国内连 环球旅行 这样的极度奢侈品都被立刻秒杀了！ 携程旅行网 推出的顶级环球旅行 天 人民币的产品在上线 秒即告售罄，相当于 刘翔 童鞋跑了一个 米跨栏。太厉害了，太厉害了，太厉害了！中国人是多有钱哇！ 抓狂 [抓狂]
0,包子语录 睡一半被吵醒，包子说麻麻，我就是想问你家里电视那么小，你怎么有钱买奶粉给我喝呢？ 悲伤 我真的不想理这个古怪的孩子了！！！！ [悲伤]
0,真的好帅 泪 蜡烛 [泪] [蜡烛]
0,有密集恐惧症的，还是别看啦！ 抓狂 野生北极虾 北极虾 家宴 倒计时 [抓狂]
0,上海打假医生陈晓兰 这是人身侮辱 怒 话筒 话筒 警察和保安都在哪？医院管理者和医院保卫科在哪！科室主任在哪？这些家属也实在太过分啦！ 冰手 医生的中国梦是什么？为什么治病救人的医生在中国不能得到尊重？为什么中国的知识分子奴性十足？ [怒] [话筒] [话筒]
0,我会告诉你 我在正帮你们麻辣诱惑写报告吗？ 果粒奶优优 回复 一麻一辣 房锦坤 我去。更奇葩的是我今天全身痛得不敢动，身体像散了一样巨痛 泪 一麻一辣 这都被你发现了 还是不够偏 泪 [泪] [泪]
0,预谋设计亲手杀死亲生父母和亲弟弟 衰 衰 这是怎样的心态？ 生病 生病 [衰] [衰] [生病] [生病]
0,泪 泪 为啥我觉得这篇文章的实际是要说明，女交互设计师是怎么诞生的呢？ [泪] [泪]
0,陈拥军 李冰冰 怒 怒 类似的事情发生好多次了，每次看到都很心痛又愤怒！如果老师清点人数，如果司机锁门前检查下车子，如果每个人多一点基本的责任心，悲剧完全可以避免！为什么同样的惨剧会重复上演？希望这是最后一次！ 泪 [怒] [怒] [泪]
0,嘟！小 ，老夫 了 家， 誓把你搞成 品。 怒 鄢雨的微博 回复 哈戳戳 你一定要像这样发展，不要辜负老三对你的希望哟 哈哈 哈戳戳 小 ，管好你堂客！ 怒 鄢雨的微博 哈哈 哈哈 赵美丽 婷小姐 我不骂你死 都不得行 哈戳戳 要得，那我就 是你表叔哈。 挖鼻屎 [怒] [哈哈] [怒] [哈哈] [哈哈] [挖鼻屎]
0,那是你的夙 。 王铁为 哈哥，前几年你还想入住紫檀宫？ 哈戳戳 我喜 花心 ，只可惜老 我心有 而力不逮啊，悲夫！ 泪 赵美丽 婷小姐 逆天哦， 还可以这样拍，从歌词到拍摄都很考究，学习大家学习！ 梁芒 鄢蔓 哈戳戳 鄢雨的微博 泥马没得底线了 汗 [花心] [泪] [汗]
0,和银泰的这个项目在一起简直就是 丝组合 抓狂 [抓狂]
0,又给我喝的晕呼呼，看来写字的计划要搁浅啊。。。。这速度这进展咋按时交作业 哼 悲伤 [哼] [悲伤]
0,德胜门东向西方向辅路堵的比蜗牛还慢 晕 [晕]
0,一个人的午餐！ 泪 ，木有肉哇木有肉 [泪]
0,泪 泪 元芳时评 蜡烛 蜡烛 出生仅 天的男婴逃过了车祸，却难逃人性的冷漠。车祸后，其母当场死亡。医生以先挂号为由，拒绝施救。 [泪] [泪] [蜡烛] [蜡烛]
0,周麦狗 的俄罗斯之行。但是竟然这样短短几分钟就把麦狗异国打拼的艰难给带过了。。。 泪 抓狂 哼 张译 温州一家人 [泪] [抓狂] [哼]
0,昨天做了件蠢事 泪 ，今天就被老婆大人发现了 害羞 。在此真诚的给老婆道歉 握手 ，并保证从现在开始改正错误 来 。从高三到现在已经有七年多的时光 鼓掌 ，其中还包括三年多的异地恋 可怜 ，是彼此的信赖、包容与坦诚才让我们一路走过来，走下去，到永远 心 [泪] [害羞] [握手] [来] [鼓掌] [可怜] [心]
0,公桉雯 明天就能见到你啦 心 翻半天合照就找到一张大黄毛 打哈气 期待不是大黄毛的你归来 爱你 那会的我好瘦 泪 现在的我。。。 抓狂 [心] [打哈气] [爱你] [泪] [抓狂]
0,我深夜只能吃泡面！ 泪 泪 馋嘴 [泪] [泪] [馋嘴]
0,林 远古的刀 我只是工，不美，成不 龚也长 回复 杨樾杨樾 因为我想去啊 杨樾杨樾 不招就不转啊，真不仗义 抓狂 抓狂 抓狂 [抓狂] [抓狂] [抓狂]
0,说的太对了。典型的天秤啊！但懂得天秤人的人不多。有时还会遭来伤神的误解 泪 。 [泪]
0,连吃几天素，肿么感觉有点眩晕呢 晕 晕 [晕] [晕]
0,我真的好累 实用小百科 我好累。 泪 [泪]
0,妈咪今天在家收快递，来了个快递小盆友，态度极好极认真，妈咪看了很心疼，说这么小就出来讨生活真是不容易 泪 。记得以前家里装修时，施工队里也有两个很小的小盆友，妈咪给备饭还备汤，心肠好的人真素木有办法 爱你 爱你 [泪] [爱你] [爱你]
0,但我那 故意造 一 搞笑 美 ？被人 造 多 奈！ 呀，下次心 支持 就付 行 吧！否 不是你支持的人得到 ， 人家造 很 辜喔！ 泪 泪 泪 [泪] [泪] [泪]
0,可怜 现站在十字路口，要往那方呢？ 失望 [可怜] [失望]
0,人都是被逼着长大的，今天要去租的房子那找工人把马桶换成蹲便，以前我都觉得那都是爸爸的事情。。。 抓狂 抓狂 抓狂 其实我还不知道要这么做，先去社区问问热情的北京老大爷吧！ 哈哈 哈哈 [抓狂] [抓狂] [抓狂] [哈哈] [哈哈]
0,我发现装修真是一个改变人生最直接的途径 爱情也不过如是。恋爱过程中会分手，准备结婚时也会分手，领证了也会分手，为婚礼也会分手，为父母也会分手，为孩子也会分手，为房子也会分手，为装修也会分手 看来因为性格、脾气甚至于外遇、偷情而分手的还是幸福的，因为至少与感情有关 伤心 [伤心]
0,宁愿痛苦的成长，拒绝安逸的停滞。 咱们去旅游 痛苦的时候，正是成长的时候。 伤心 推荐关注 神秘心理学 [伤心]
0,温馨提示 受各地降雪及机场除冰影响，海口、长沙、北京、深圳、福州、合肥、西安、西宁等地进出港航班有延误 泪 。天气原因导致大家的行程延误深表歉意，小海提醒大家及时变更出行计划。关注小海官方微信 微信号： ，输入航班号即可了解航班动态，或拨打 详细询问。 [泪]
0,中国特色！也只有中国才有的荒唐。 杨杨 从来不骂人的我今天也骂一次， 的！ 怒 怒骂 鲲鹏展翅 白发萧萧法律人 何兵 怒 监政铲腐 战略兵王 怒 [怒] [怒骂] [怒] [怒]
0,早安、沃阁 沃阁哥 怒 看 小黄鸭 倒下，就是因为南京天气！它倒下前还说了句： 死在这样奇葩的城市里，此生无憾了！！ 睡觉 今天全市多云，局部有时阴有阵雨或雷雨；偏南风 级左右，有雷雨地区雷雨时短时阵风 级并伴有雷电；今天最高气温 全市 ，明晨最低气温 全市 。 [怒] [睡觉]
0,法政点评 威武 刘建波 嵊县太公 渣滓洞再世 怒 怒 浙江网络记者 骇人听闻，世上竟然还有如此酷刑！ [威武] [怒] [怒]
0,寝室水管爆裂，欢迎各位莅临寒舍抗洪抢险！！！！！！！ 衰 衰 衰 衰 衰 衰 衰 [衰] [衰] [衰] [衰] [衰] [衰] [衰]
0,回覆 主 你罪孽深重 拉。。。你同 醉 房 合伙 我 心 。。。 日就不能 我平 一下 哈哈哈 吃惊 馋嘴 泪 哼 可怜 委屈 [吃惊] [馋嘴] [泪] [哼] [可怜] [委屈]
0,珍爱生命，远离切糕 原来比摔倒的老太太更可怕的是切不得的切糕啊！ 泪 汗 [泪] [汗]
0,所以时刻记得，对自己好点儿，除了自己没人能解救你 薇桑 泪 [泪]
0,我以每一块大肠 分钟的速度。。。隔壁在抱怨拥挤。。。我就喜欢这种市井风味。不要钱的 前菜 个个出彩。。。老板，能多送几份吗 馋嘴 馋嘴 馋嘴 阿兹猫 女神！给我留一口 泪 [馋嘴] [馋嘴] [馋嘴] [泪]
0,安眠药害死人！ 什么事儿都耽误了！ 抓狂 [抓狂]
0,看起来好感动，回顾一下我的历程，我为了美每天是有多累！ 泪 [泪]
0,月 日 时至 月 日 时，微博评论功能暂停使用，给您带来的不便深表歉意。 远离世俗没几天，刚一回归，兴冲冲的想回复各位好友之评论，却发现已无从入手 是系统维修了，怎么了？这是？ 晕 [晕]
0,你说的中国哪年能实现呢？我还有看到的希望吗！ 泪 王力群 ： 龙城依旧 希望在南海、东海、湄公河等不再是孙子。 [泪]
0,睡觉！六点就要起来赶飞机 泪 泪 泪 [泪] [泪] [泪]
0,流泪！ 泪 玫瑰玛丽糖 [泪]
0,老婆爱我很正常吧，底下的回复让我情何以堪啊！ 衰 [衰]
0,世贸天阶我自拍 人生不自拍，不快乐， 失望 世贸天阶我自拍！ [失望]
0,男生，你凭什么不努力？看看下面的分析吧！ 衰 围观 网络 [衰] [围观]
0,学校课间操试行做搏击操，老师征求孩子们意见。大部分学生反对，儿子是其中一个。我不解 疑问 孩子说 几百个人做搏击操，不是挨一拳就是被踢一脚，还有被膝盖顶腰的。有的同学还被踹出去的。 吃惊 可也是，这么多孩子一起做，哪有什么空间距离，能想象的到，人人几乎成了人肉沙袋 可怜 晕 汗 [疑问] [吃惊] [可怜] [晕] [汗]
0,回复 筱谙 酱 。残念 、 放送 、 人 。 念 泪 谢谢。不过很遗憾的是应为原来的播出时间 延误到 以后了，所以听众肯定是很少了，很遗憾 泪 [泪] [泪]
0,请把我留在最好的时光里 爱你 顽主 泪 [爱你] [泪]
0,回复 一张古秦 开场我在调音台，因为前面三组歌手都是我请的 我上楼的时侯，丁博说你刚和张楚下去 就擦肩而过了 烟味儿快薰死我了 衰 一张古秦 我怎么没看到你啊 [衰]
0,衰 吃惊 汗颜！五体投地！好像奔驰的植入了 后背的三叉星辉 小迪 一年比一年。。劲爆。。 模仿日本红白歌赛的某活动？ 管查理 真佩服这里男童鞋的魄力 真老顽童 汗 [衰] [吃惊] [汗]
0,泪 [泪]
0,泪 只知其一，不知其二！ 牌老 黑线 疑问 [泪] [黑线] [疑问]
0,回复 如果只是微博还好，要是旁边的人都在微信对讲 泪 恐怖分子劫机的时候可以现场直播了！ [泪]
0,好饿呀，想吃虾肉云吞啦 抓狂 [抓狂]
0,海鲜过敏的孩纸你伤不起啊 泪 伦家吃的香喷喷的时候你只能眼巴巴地看着有木有 有的转 [泪] [?]
0,内个内个 是不是小丑鱼 卩可木木 泪 [泪]
0,感谢 盛大在线 泪 感人。。祝你家人健康！ 呵呵 面向 朝阳 ：帮你转了 盛大在线 盛大文化盛大人 [泪] [呵呵]
0,改装的最高境界 衰 [衰]
0,不都是同一个人么？ 晕 [晕]
0,上一天班，仅停车费就花去六十大洋，悲炊。 抓狂 抓狂 [抓狂] [抓狂]
0,陈远 我不要坚强！要哄要陪要疼 抓狂 抓狂 [抓狂] [抓狂]
0,明天，所有关于刘翔的广告，或许都要撒了，如同当年！ 衰 ，常使英雄泪满巾！ [衰]
0,没有闹钟吵的周末竟然能在此时自然醒，终于摆脱一次六点自然醒的魔咒 泪 可是还没睡醒，继续睡 右哼哼 [泪] [右哼哼]
0,从 月 日被勒令减肥到今天一周了，没能坚持不吃晚饭，只有每晚的有氧运动 是在坚持且超时间完成的。。。可是就在今晚楼下的叔叔阿姨找上门来问我有没有听见咚咚的声音 疑问 像是 低音炮 泪 泪 本来计划早上加跑的，看来无可能了 吃着火锅唱着歌劫麻匪 刘姐 [疑问] [泪] [泪]
0,财力证明简化了很多啊！我今年提交的材料就免财力证明了！ 台 自由行 人 抓狂 台 自由行 人 新 定： 以上凡 去三年 曾以自由行 台， 去提出的薪 明、存款 明、金卡皆等同 力 明、 再次提出 力 明 。於 修 ， 月起 施。 [??] [抓狂]
0,太缺德。 怒 张醒生 害狗又害人！这样的毒人要严惩！ 怒 [怒] [怒]
0,连着 天 了，这是真的要驾云了 衰 自作自受啊 [衰]
0,她守在婴儿的摇篮边，你巡逻在录音室的边防线，丰收果里，有你的甘甜，也有她的甘甜。军功章啊，有你的一半，也有每个人的一半。兄弟们辛苦了，衬得我这早睡的，特别不是东西 泪 嘻嘻 额尔古纳 爽爷 [泪] [嘻嘻]
0,刚看到大学同学和妈妈吵起来了，哈哈。其实她和麻麻关系一直很好，也很疼爱妈妈。想起今天出门时老妈生病没精打采的样子，突然发现现在父母如果还有力气和我们吵，和我们掰扯，那就都让着顺着他们吧，祝他们都身体棒棒儿的，能跟咱们较劲都是福份阿！ 泪 爱你 可怜 心 心 [泪] [爱你] [可怜] [心] [心]
0,回复 林敏捷 小时候莫那象猫一样体积，喜欢趴我大腿上，一天都没关系；现在 莫那接近 斤了，我的大腿超负荷了 泪 林敏捷 看着他的眼睛，告诉我你会坚持下去的 太阳 [泪] [太阳]
0,直 大街晚上最好不要 ，太可怕了！一堆一堆的人坐在路 嗑瓜子， 都什 路 啊！ 抓狂 抓狂 [抓狂] [抓狂]
0,究竟 太阳星座 是指出生时太阳所在的黄道带位置，还是地球所在的黄道带位置？ 思考 我被某本书搞混乱了 晕 [思考] [晕]
0,以后要是谁敢给我娃儿戴绿领带，我就让 老婆老公给 戴绿帽子！ 怒骂 刘旗辉：刚才在路上听收音机，校方说，如果家长真的认为这样不好，我们就不这样做，我彻底无语，你们自己不长脑啊 [怒骂]
0,真无愧御用牛皮匠的称号 孙广军 浮云 敏奇敏奇 如有或逃脱怎么讲？！ 剑走偏锋 挡不住的换届！ 滔子 怎么有同感呢 失望 生病 帝都米贵 无语，政治罢了，现在谁信你在这里胡说吧奥？ [浮云] [失望] [生病]
0,葛瑞奇 本杰比 识色北京 晕 [晕]
0,抓狂 要保持锻炼热情！ 游游时光 [抓狂]
0,这女人每次出席大会都要在服饰上话题一把 哎 懒乌咪 任志强 不是人造的？ 王巍 老金曰 导演乔乔 官场能见度 多少条动物的生命才换来她粲然一笑？！ 泪 泪 泪 [泪] [泪] [泪]
0,回复 树 秋膘退散 是的。所以我的选择是还可以的吧？ 。 私 ？ 树 秋膘退散 太贵了，比外面的贵 倍吧 衰 不过飞机上的确更贵 偷笑 [衰] [偷笑]
0,我的周末就是晚上睡不着早上醒不来的折腾 抓狂 [抓狂]
0,必须的 偷笑 马上从深圳飞北京 飞机 我叫王小辫儿 等哥哥嫂子回京小聚 牛二 汗 昨晚把我灌醉了 抓狂 歌手含笑 漂亮的小金刚 鼓掌 哪天一起喝牛二 偷笑 希金斯 不多喝，怡情而已 壹元 精舍 金刚有样！牛二我是来不动了 [偷笑] [飞机] [汗] [抓狂] [鼓掌] [偷笑]
0,被时间胁持的人。 抓狂 [抓狂]
0,我的美食日记 中午一个同事说要调走，偶做东给同事践行，饭吃完了，接到通知：不用调走了。 衰 吃惊 闭嘴 怒 哼 饭不白请了嘛！不错南瓜的锅底新颖又养生不错不错呢 [衰] [吃惊] [闭嘴] [怒] [哼]
0,融入民族才大爱 太开心 有电没热水！ 泪 黄天 继续有电没水 挖鼻屎 [太开心] [泪] [挖鼻屎]
0,老年痴呆前兆 汗 忘上图了 衰 [汗] [衰]
0,眼睛不要这么大 怒骂 [怒骂]
0,双鱼之渔 照此办理！ 抓狂 [抓狂]
0,怒 怒 怒 怒 林娟 胡小撮 钱宇杰 转发微博 [怒] [怒] [怒] [怒]
0,中国电信安徽客服 合肥电信官博 你们真是罪过啊 同等过很久为这事第一次跟女友吵架 黄小婵童鞋 我曾经也被电信搞伤过 怒 怒 怒 [怒] [怒] [怒]
0,伟大的母爱 北京全攻略 伟大的母亲 泪 泪 蜡烛 蜡烛 [泪] [泪] [蜡烛] [蜡烛]
0,值了一天班，十二个小时吃了根儿黄瓜，二十几个小西红柿。本来立志今天闭谷的我此时好饿、好饿、好饿！ 泪 泪 于是乎，我陷入了吃还是不吃的纠结中！ 抓狂 抓狂 [泪] [泪] [抓狂] [抓狂]
0,回复 随遇而安 人胖脂肪厚。。。。 害羞 随遇而安 这孩子受得了嘛？ 偷笑 游局网 冻人 泪 [害羞] [偷笑] [泪]
0,虽然唱歌从来不怵，但是录棚确实紧张啊，音都颤了 泪 泪 泪 楚荃 黄毛晓鹏 黑鹏 [泪] [泪] [泪]
0,衰 [衰]
0,在国贸 专卖店，看到一件很美的裙子，三千多，虽不很贵，但因为是新品，不打折。看见我们犹豫，店员决定加把火： 苗 注：一位明星 刚买了一件呢！ 我还没来得及反应，格格女巫就笑嘻嘻宣布： 那就更不能买了 我们不能不如苗 啊！ 拉起我扬长而去，空余遭雷店员 衰 偷笑 [衰] [偷笑]
0,回复 冰与夏虫 好的、谢谢。 。 。 冰与夏虫 戴好口罩！ 静冈叔叔 我打算四月份到北京，但关于空气质量很担心 失望 四月 北京 行 思 、大 染 心配。 [失望]
0,随手拍 澳大利亚秋天的海滩还是满眼 馋嘴 美食节继续连吃带喝、小孩子从小就学买东西，学厨艺的都是小男孩看样子也特么男怕女 晕 这样的鱼你认识吗？ 偷笑 开车去山顶看夕阳 酷 酷听小型音乐会，哥的周末就这样啦 偷笑 你们去哪玩了？ 昆士兰旅游局官方微博 澳大利亚旅游局 [馋嘴] [晕] [偷笑] [酷] [酷听小型音乐会，哥的周末就这样啦[偷笑]
0,三日里闭门制巧， 盒生巧， 袋饼干 晕 [晕]
0,刘仰 啥意思？ 紫贝竹 陈彤春日迟迟 编剧王伊 只能这样吗？ 泪 编剧陈文杰 编剧杨军 胡红一 同感 ！ 钟 汪海林 帮转 ，剧本是可以单独欣赏的 ，编剧的劳动只有在 文字这个层面上才完全属于自己 。 [泪] [钟]
0,广州这两天的关键词是"塞" 郜林 广州，广州！你肿么了。。。 泪 守护广州俊彦 魏旭 被困金沙洲了 今晚去不去得到球场成谜 [泪]
0,吴镇真是不是就死活不走了？ 泪 [泪]
0,缺德 了 伤心 希茜爸 抗议哈尔滨禁犬 回忆中的大白兔奶糖 扩散 抵制虐杀 爱派久久宠物网 找狗狗 琳达老师地盘 小麻烦 上海地铁 地铁寻 话筒 扩散！ [伤心] [话筒]
0,吹 扇都可以吹到感冒，服了自己 怒 [怒]
0,三个女 丝实在受不了那家破店，胡乱吃完便飞奔而出，直奔对面真真卤鸭，买了三根鸡腿房街大啃特啃 泪 泪 泪 [泪] [泪] [泪]
0,哈哈哈 暖被窝 王晶 我是不是这样的 泪 [泪]
0,味道不错哦 刘帆就一个 不关注不转发不评论的，我们该亲近亲近了 衰 [衰]
0,下午，小憩一小时，由始至终做一梦，向 李峥嵘 同学汇报工作，达人啊，表格啊，带着微博去旅行啊。。 泪 泪 泪 [泪] [泪] [泪]
0,盯它一天了，还没找到突破口 怒 [怒]
0,泪 谷声图书小巷 看到这个评价，热泪盈眶啊！ 泪 谷声图书 布蕉绿 留意到谷声图书是在看了 金门 被遗忘的岛乡 ，作为一个独立的出版工作室，谷声也很关注台湾和海外游选题。一个身在厦门的民营图书机构，能够做出旅行书的生活气质，在地美感，是不容易的。 [泪] [泪]
0,草民杜楠 怒 溃败、黑幕、权力取代知识 [怒]
0,走好！安息！ 皮三动画 蜡烛 蔡博 ： 水 郎：原本以为师妹能有好消息，谁知道 我太难受了，他们父母得有多伤心啊 眼泪忍不住就下来了 孙小 ：师妹走好 还我师妹！！ 泪 发条和呢喃 ： 蜡烛 惟一的蜘蛛 ：孩子走好！ 蜡烛 泪 [蜡烛] [??] [泪] [蜡烛] [蜡烛] [泪]
0,小朱 小朱 需要哥们做什么尽管说 广播人沈雷 甭客气，老朱在我们心中，怀念他 小朱 回复 广播人沈雷 谢谢！ 泪 广播人沈雷 是啊 小朱 节哀 柳泉 木子易 再见，索尼 广播人沈雷 小朱 蜡烛 蜡烛 蜡烛 多宝鱼上北大 蜡烛 蜡烛 蜡烛 [泪] [蜡烛] [蜡烛] [蜡烛] [蜡烛] [蜡烛] [蜡烛]
0,时差！我熬不过你！服了！早五点醒了！瞪眼到现在！ 泪 泪 泪 泪 泪 泪 晕 晕 晕 晕 [泪] [泪] [泪] [泪] [泪] [泪] [晕] [晕] [晕] [晕]
0,泪 不小心看到了，还不小心看懂了 怕怕 胡起哄 这个有点恐怖 [泪]
0,还有，右上角穿水绿色的死女人就是幼儿园让流鼻血的我站到女厕所让我流血流到停再回班的死女人！！说是怕影响其他小朋友 怒 怒 固力果 小李子在我旁边怎么这么 话说我在贼笑个啥？ 挖鼻屎 你看，我从小就不是淑女范的 右哼哼 [怒] [怒] [挖鼻屎] [右哼哼]
0,美女们先试探一下吧 偷笑 悦到底 你们这样子，难道要逼女同学们去施美人计么？ 抓狂 恩，腰都不错 另一面 谦虚的说，可以跟我媲美 端木妙子 打的好咩？ 嘻嘻 孟嘏 帅 打得爽啊 [偷笑] [抓狂] [嘻嘻] [帅]
0,晕 净身出户，净身入宫，搞不清楚。 [晕]
0,怒 怒 这帮孙子太胆大包天了吧！！！家教如此之好！！！ [怒] [怒]
0,教育的耻辱，国家的耻辱，老校长、教育家蔡元培若泉下有知，定难安宁！ 怒 [怒]
0,气排球需要支援，四战全负 泪 周涛 需要支援吗？ 波澜不惊 数字分社表示毫无压力 酷 [泪] [酷]
0,好烦 我自己一个都没有尝到 泪 北京金隅喜来登酒店 香粽已售罄，没有买到的同学们明年再约哈，但可以提前关注我们的中秋月饼 奥特曼 [泪] [奥特曼]
0,北京平均 睡觉，你迟了还是早了？ 据最新发布的喜临门中国睡眠指数： 、受访 个城市中， 个平均在 后入睡； 、广州人夜生活最丰富：平均就寝时间为 ： ，最晚； 、齐齐哈尔是唯一 前入睡的城市。北京真的 就睡了？！ 转 悲伤 [悲伤]
0,微博搞笑排行榜 好怀念 泪 [泪]
0,汗 汗 汗 等我买到尼玛的小米手机吧 泪 泪 泪 [汗] [汗] [汗] [泪] [泪] [泪]
0,衰 你的嘴巴被你虐待好多天了 看吧！它生气了 [衰]
0,不行不行，我不能学他们这么年轻就去环球旅行，这样我会觉得接下来的日子没盼头了。我要以环球旅行为目的，努力奋斗！而且 个月 个国家也太短了，就是赶路，根本就无法体味过程。 无理由溺爱 他们不用付签证费啊 泪 长期不着调的 他们不用付签证费啊 ，签个申根国就要 啊有木有 [泪]
0,看来被别人骗钱的不少啊，不知道都会不会吃一堑长一智 印象悉尼官网 印象吐槽 怒 [怒]
0,泪 男人啊 [泪]
0,抱抱，这两天喝点粥，季节更替身体有时就会出些小问题 蝈小妹 晕 悲伤 麒麟锦庭火锅道 胃口不好可能与天气有关哦，美妞儿，秋天到了容易生病，要注意。没关系，下次等胃口好了在吃爽歪歪 [晕] [悲伤]
0,回复 张新民 在沈阳进冷库了！ 汗 张新民 那不都坏掉了！ 嗨辣老孙 该死的雨！ 怒骂 俺今天汕头发来的货备降沈阳了 泪 ，你让翘首以待的吃货们情何以堪！ 生病 委屈 潮汕渔家 刘勘 陈冠丹 侯宁 [汗] [怒骂] [泪] [生病] [委屈]
0,真是麻烦。。哥哥姐姐七大姑八大姨的这回全家都上阵了。。还得群发邮件汇报。。弄得我很尴尬啊。。逃不掉了。。我有这么困难么。。 衰 [衰]
0,我只能说太准了 抓狂 [抓狂]
0,敢吃逗你玩 琢磨着琢磨着，就米胃口了 衰 [衰]
0,辛苦，你 瘦的。。。 偷笑 想变瘦 终于。。。做完了 泪 生病 [偷笑] [泪] [生病]
0,於到最後了 抓狂 最後再次祝福 生不生都快 不管 山 山金山甚 都有 上山下海都好 最重要的是做甚 都好 快快 的 永永 哈哈 [抓狂] [哈哈]
0,车主真无辜阿，深圳反日本车真得人惊阿！记得 抓狂 [抓狂]
0,泪 好久没吃叫板披萨了 热热闹闹过年喽！给同事们的年前福利非常成功的说！下一家儿会是哪儿呐？？ 花心 花心 [泪] [花心] [花心]
0,恶有恶报，万能的微博，求人肉这个恶人 光头王凯 混蛋！ 迪拜大公主 平湖死老太婆 怒 老年生活很无奈 雷的尜尜 弱 过敏轩 怒 [怒] [弱] [怒]
0,多亏是骑车，要像贾圆圆似的惦记去航海怎么办啊？没孩子真幸福。 鞋带儿 有个性的女儿真要命 张小影不叫张艺骞啦 父爱如山。 泪 [泪]
0,记得，千万别找黑人男朋友！ 菲菲 双鱼双子小飞猪 泪 泪 泪 泪 泪 泪 泪 泪 泪 泪 泪 齐刚 泪 泪 泪 送别苏小姐 飞机 矮油 泪 泪 [泪] [泪] [泪] [泪] [泪] [泪] [泪] [泪] [泪] [泪] [泪] [泪] [泪] [泪] [飞机] [泪] [泪]
0,无语了 怒 王利芬 天！我也要买牙膏回来！ 何刚 羞愧！前一阵去美国出差忘带牙膏，在当地买了新的，没有泡沫，口味大异，刷后清新，就悄悄带回国，没好意思说。原来差别巨大！ [怒]
0,泪 怒 董明 我大管庄站怎么这么不人性化呢？ 悦饼张 编剧范昕 帝都地铁？这么愚昧！ 微博位置 导盲犬不让上地铁？ 北京地铁 疑问 [泪] [怒] [疑问]
0,唉，老虎各种乱，斯腾森打疯了，竟然七洞五只鸟。没老虎表现的球赛，就没味道，睡觉！ 衰 [衰]
0,又破相了 脸上经常带着伤疤老有人问我是不是遭遇家暴！ 泪 哥我又破了！ 摆渡大厨 感冒 [泪] [感冒]
0,你不是第一个骂他们的，不知道是大陆桥还是中央 的问题，行业内基本全在骂呢，你们算是第一波被过河拆桥的，太操蛋了，以后涨记性吧，还是跟哥们儿合作吧，这些草台班子忒不靠谱！ 怒 [怒]
0,泪 广州第一 分钟了解中国的床上文化！！大开眼界！ [泪]
0,李小兔成长记 爸爸问李小兔，要不要给妈妈打电话？李小兔说，不要。爸爸又问，要不要给妈妈说说话呀？李小兔很坚定的大声说，不要。 泪 儿子，你怎么能这样？！ [泪]
0,泪 结婚 年，他们似乎把抱怨印在骨子里。 每天一睁眼，对彼此抱怨声就会马上响起。 儿女们甚至不敢单独去看望他们， 因为每次都会是一场耳朵的灾难。 又是一个早上，当他又开始抱怨她的晚起时， 突然发现她已经去了。沉默好久， 他说出了最后的抱怨： 为什么不等我一起走 个改变你的爱情故事 [泪]
0,需要搜集资料的国外网站全部打不开是要逼死我吗？！！！ 泪 [泪]
0,南京？ 衰 地球地震火山民间预测研究中心 转发微博 [衰]
0,在印度在这个时间点买到下星期旅游的火车票真是很感动的一件事 在火车站折腾了好久，但还是有些行程木有票 衰 之后去 看飞机票实在有些贵 泪流满面 然后把自己吃 的第一次献给印度，能吃到蔬菜也好感动！ 泪 话说北印没有南印人那么热情好客，感谢老天先让自己来到这个美好的地方看印度。 许愿 [衰] [泪流满面] [泪] [许愿]
0,时间紧迫啊！ 泪 泪 兔子商店 小静 简 小倩的狗窝 [泪] [泪]
0,居然有筹码，这得玩儿多大啊 衰 [衰]
0,其实，我家那位也有这样的苦恼。天天见他雅漾大喷喷啊喷滴。 望着风 为啥刚一登上来，就一眼先看到这条呢？？？啊啊啊！！！ 衰 [衰]
0,静安小卢家的灯放我家太大了 泪 卧室灯和太阳灯效果超赞的！！！ 甩呀甩呀烦 [泪]
0,距离成人自考报名时间不多了 我的书还没怎么看呢 愁死我了 睡不着了 泪 泪 [泪] [泪]
0,奥博拉古牧 扎西达娃 北京怡亚宠物美容师 宠物美容师 安 娃娃妈 金刚麻麻 狗迷杂志 精致犬舍的大狗 请问孩子鼻子怎么这样了？是什么表现呢？吃喝拉撒睡皆正常，活蹦乱跳，没有异常出现。拜谢各位 握手 心 悲伤 爱心传递 [握手] [心] [悲伤] [爱心传递]
0,遇到月灵是一件让人头疼的事情 抓狂 [抓狂]
0,悲伤 赵氏孤魂 泪 世界晋商网 王军龙 谢振山微门户 转发微博 [悲伤] [泪]
0,终于还是走了，祝好！ 泪 新浪体育 ！大连阿尔滨足球俱乐部官方宣布辽宁宏运足球队队员、国脚于汉超正式加盟球队！ [泪]
0,立冬吃饺子，冬至吃饺子，立秋抢秋膘要吃饺子，三十团圆吃饺子，初一过年还要吃饺子 一年到头吃饺子，你们想过饺子的感受吗 怒 怒 怒 怒 [怒] [怒] [怒] [怒]
0,回复 晓柯 军用不和民用分开？ 抓狂 晓柯 在厦门空中管制是家常便饭，空军要用机场只要一句话 [抓狂]
0,首席娱乐官文硕 请注视附图中的那头猪，在他面前，你脱过没？ 抓狂 郭洪钧 请勿侮辱猪，猪比他们强。贪官污吏不如猪！ [抓狂]
0,衰 这也行。。。 [衰]
0,练健美的吧 ：喂凉 晕 晕 胡 大 爱 ：够晒 啊 ： 黑黑的 好意思出街啊 [晕] [晕]
0,深玩美国 感恩节临近，天天信箱里就能收到各商店的促销单，很多商店在黑色星期五推出给力促销！而且保证在一定时间内货源充足。老爸说，进去就放购物车内不用试，反正不喜欢了随时可退，经常有人感恩节后整车退货 衰 在美国过过生日、圣诞节、万圣节，可算赶上回感恩节了 好喜欢 [衰] [好喜欢]
0,我日矿主的先人板板 ： 怒 翟明磊在云间：神山请饶恕我们吧，那些人竟干了这种事！！！！！！我的朋友马骅为了孩子死在这儿的路上，你们为了几个小钱却要在神山上动土。神州神州，你什么时候真有了神性啊。 [怒]
0,我能带着饭去外面吃么 泪 晕 [泪] [晕]
0,穿了 环来到排练厅，一高兴，下巴脱臼掉下来了。直接预约医院。 泪 [泪]
0,华兴资本 刘浩 人民网的应该不会删了吧？上海童鞋特别是浦东的转起来 怒 [怒]
0,抱歉，写错，是元帅路，心里老想着安泰河 晕 咸鱼的行摄生活 吃朱紫坊吃到安泰路，还是只认这家，仿牌开遍福州也不爱光顾，老店坚持更显难得 慢脑子 破戒必去 [晕]
0,我关 嘻嘻 花姑娘的瓶子 混花花 我浪费了 汗 天天凯伦 从来不关哒 晕 [嘻嘻] [汗] [晕]
0,本来好好的 只怪这光线 泪 [泪]
0,泪 来来来！花钱时也可以看风景。 [泪]
0,卡马乔整整耽误了中国队二年呀 怒 [怒]
0,年 逍遥音乐节上的演出。这首音乐是苏联时代电影中最优美的一首主题曲，也是在西方交响音乐会上最经常被演奏的苏联电影音乐。 牛虻 ，好遥远的记忆 泪 。 [泪]
0,又把火箭往事翻出来乐。 抓狂 [抓狂]
0,到家了 泪 门口银泰星巴克来杯越蔓莓白摩卡好温暖呀 嘻嘻 嘻嘻 嘻嘻 [泪] [嘻嘻] [嘻嘻] [嘻嘻]
0,最佳背景们 每位都比我抢镜 晕 [晕]
0,看 浮沉 了么？看完真心喜欢白百合，干干净净的样子，在后山被航模撞了那段，不知不觉看的我都飙泪了 泪 最喜欢张嘉译和她的对手戏，其余剧情到是波澜不惊。继续追，很轻松的剧集，追起来快极了 [泪]
0,很多人都说，好朋友之间亲切地叫对方 神经病 是一种感情融洽与相互信任的体现，但为啥我总觉得我的好朋友在喊我 神经病 时叫得那么发自肺腑呢。 泪 泪 [泪] [泪]
0,怒 你 啥都行，就是不能 我 我都算 ，那就 人不 了 自己的健康自己看著，不是要死 著、逞 的。後面 有更重要的工作等著做，做人要理智 另，旁人 站著 不腰痛 或 可以 身 地考 马晓松 娇气！忒娇气！脚着钱那么好挣呢啊？！ [怒]
0,敢吃微关注 麦当劳全面调价，涨幅最高达 降的是外面的温度，升的却是 记的价格。网友报料，近日 记所有产品都悄悄升价了！以早餐来说：早餐的大可乐换成了中可乐，奶茶还要加收 元，至于其他产品也在所难免地升了 元不等。 记早餐也快要吃不起了 抓狂 各地区价位不同 [抓狂]
0,天，你肿末了，哭得芥末厉害，你再介样，偶都要哭了 泪 [泪]
0,泪 写字李华良 杨春阳广播站 真的超英赶美了。 [泪]
0,其实，国庆黄金周假期已经过半了 晕 [晕]
0,非常羡慕那些到医院就医都在一起的成双成对的情侣。反观自己，每次都是我一个人的 战斗 。心中不禁瓦凉瓦凉的。 衰 [衰]
0,光听菜名就够让人 龙马精神 的！！！ 抓狂 吃货美食集中营 [抓狂]
0,转角遇到爱 里面的 蚵仔煎 虽然是年前做的的 但是很适合在今天拿出来晒一晒 有时候突然感觉，爱情的甜蜜之处，就是有人爱你做的美食，有人爱听你讲的故事 在的，不再的，来来往往的，转瞬即逝的 永远，幸福美满 泪 [泪]
0,怒 动漫宅集中营 那销魂的走位和闪电的速度！！膜拜膜拜 哈哈 [怒] [哈哈]
0,竭泽而渔、饮鸩止渴。。。 陈业文新大都 病入膏肓，行将就木。 衰 六六 对于一个只给你 年产权的房子，还要耗费你终生积蓄，国家怎么好意思开征房产税？而且据说房产税是为抑制房价上涨，抑制住了吗？中国最大的问题是从不在自己身上找问题，一出问题就让旁人替自己承担，这是由上至下的。 [衰]
0,最后一条戳中泪点 泪 泪 [泪] [泪]
0,转给 辛伟敏 同学，借此告诉你，你很标致，不肥滴。 全球时尚最前线 肥胖是会呼吸的痛，它流在血液中来回滚动，后悔不减肥会痛，恨不节食会痛，想瘦不能瘦最痛。。。 抓狂 [抓狂]
0,位帅先生 粉 哈哈 哈哈 哈哈 哈哈 哈哈 胡先生 爱你 爱你 爱你 爱你 晕 [哈哈] [哈哈] [哈哈] [哈哈] [哈哈] [爱你] [爱你] [爱你] [爱你] [晕]
0,早，学车去 抓狂 [抓狂]
0,泪 泪 泪 澹泊敬诚 确实如此！！ [泪] [泪] [泪]
0,天呀，怎么去那了， 年的春天，我那一腔的热血呀，都倒进泳池了。。。。 蒋蒋韵： 泪 月落猪蹄和肉墩儿：说的我心理也酸酸滴 [泪]
0,你上过 胡三哥在北京 的课就够了。今 喝酒不 神马 衰 怒 大学 [神马] [衰]
0,看不透最好 有盼头 思考 思考 滇雪一郎 看透人生 呵呵 ，别看破红尘 失望 。 云层里的自由之心 转发微博 [思考] [思考] [呵呵] [失望]
0,我在这里 蕉叶 西单大悦城店 泪 终于吃上了 [泪]
0,一定要保养好呀，不然开大会的时候怎么闪亮登场、告诉大家好多励志的话呢！ 子夜的昙 阿拉伯之春。 左城门前 眼熟 元平 本来有机会问她如何护肤、延缓衰老得。 泪 淑静 [泪]
0,小米手机 一直想买个小米送小朋友当礼物，老实在官网上年前等到现在，么货。今天挥泪别小米，不等了，没猿粪呀。 泪 [泪]
0,刘焱熙 冰 请两位美女帮我去吃啊！！！ 泪 泪 泪 [泪] [泪] [泪]
0,我是满心的恨呐 谁 信 啊！！ 标点符号配合喊冤语气 泪 泪 泪 [泪] [泪] [泪]
0,艾玛，在上海南站吃到了让我感动到想哭的面包，这家的焦糖丹麦真 太好吃了，面粉混着焦糖被烤得酥脆，上面还有一层厚厚的杏仁儿片，我的妈呀，我受不了了 布莱安面包，成都肿么木有哇 抓狂 [抓狂]
0,晕 晕 晕 抓狂 抓狂 抓狂 泪 泪 泪 [晕] [晕] [晕] [抓狂] [抓狂] [抓狂] [泪] [泪] [泪]
0,我轮回 次无做过好事先会识到你 好绝，好毒啊 衰 衰 衰 [衰] [衰] [衰]
0,刚刚有被骗到，以为广东作文是另一面的举手 泪 泪 泪 泪 [泪] [泪] [泪] [泪]
0,真俊 编辑段洁 唉，不带这么气人的 抓狂 龚明娟 让你看看立得起来的饺子长啥样！ 哈哈 编辑段洁 [good] [抓狂] [哈哈]
0,我又错了 泪 泪 房超 请这位同学注意素质，这不是雨燕，人家叫速翼特！！ 我特么笑出声了！！！ 吴小彬的鲨鱼林小杰 啊哈哈哈哈哈哈 [泪] [泪]
0,小火慢熬，熬阿熬，终于熬热了，人家撤火了！ 晕 围脖经典语录 型血的报个到 是不是你 [晕]
0,我表示咱不跟他们闹了，搞不过他们，不淡定的我选择一个村庄去当农民算啦！ 哈哈 哈哈 哈哈 贝隆传媒 李开复 衰 衰 衰 [哈哈] [哈哈] [哈哈] [衰] [衰] [衰]
0,最后只留下最珍贵的回忆 泪 泪 [泪] [泪]
0,如果收费就不能垄断，否则就不要收费了 冰翼 怒 [怒]
0,回复 高海燕 啊啊啊啊啊啊 酒精过敏了 一个人在异乡的酒店里 不会就这么挂了吧 泪 高海燕 芸窗 我的题目！ [泪]
0,生物钟你真是太贱了。。。！！！难得能睡懒觉的时候偏偏每天都给我那么早醒！ 抓狂 [抓狂]
0,亲们，我是再坚持薄被一月呢 疑问 还是果断换厚被子 抓狂 [疑问] [抓狂]
0,没有喝水习惯的孩子上火了。。。 泪 泪 牙疼好几天。今天果断来两大杯。加油喝完它！啊啊啊啊啊啊啊啊啊。 委屈 委屈 委屈 [泪] [泪] [委屈] [委屈] [委屈]
0,现在去学厨还晚吗？ 彼岸的一花一世界 娜 泪 [泪]
0,一岁一哭李 泪 [泪]
0,晕 晕 晕 晕 晕 晕 晕 晕 晕 晕 晕 晕 晕 晕 晕 晕 这么多屁屁 晕 晕 晕 晕 晕 晕 晕 晕 晕 晕 晕 晕 晕 晕 晕 晕 晕 [晕] [晕] [晕] [晕] [晕] [晕] [晕] [晕] [晕] [晕] [晕] [晕] [晕] [晕] [晕] [晕] [晕] [晕] [晕] [晕] [晕] [晕] [晕] [晕] [晕] [晕] [晕] [晕] [晕] [晕] [晕] [晕] [晕]
0,你们这班家伙实在太变态啦，这么早就喝起来了 晕 鄙视 [晕] [鄙视]
0,教授们哭了 猫叔远在喵星球 说魔羯说得真是蛮准的！ 不能再柴废了 思 子。。。好吧是挺悲催的 朕的船呢？？ 后面有个 天秤座好准好准的说 地球没有草 双子已哭瞎 射手准哭 点团 那么准为什么哦 泪 泪 [泪] [泪]
0,每次灾难都有很多的故事发生：感动的、温暖的 爱心传递 当然也会有人借此发国难财 怒 我们已经是经历过太多的中国人，所以对于美好我们会传递，可对于腐败和肮脏我们不会置之不理 拳头 作为一个媒体人在这里允诺：擦亮我们的眼睛认真弄清每一笔善款的去向，用良心做最真实的报道！ 广播电台治愈系 [爱心传递] [怒] [拳头]
0,超棒 忘川飞雪 回复 琼琼 哈哈，诱惑无处不在！嘿嘿 琼琼 回复 忘川飞雪 你 又引诱我了 琼琼 好感动啊！ 泪 朗皓 [泪] [good]
0,她们的父母更痛心，个个都是爸妈的掌上明珠啊 伤心 沙画老师艺维 也许她们不在乎 王昭 为妮子们痛心！一次出镜机会就那么重要吗？贞操就那么不重要吗！ 杨锦麟 末日心 ，古 覆亡之前的 生相 影！ 歌舞伎町案内人李小牧 铁杆部长兼档组书记 威武 ！ [伤心] [威武]
0,回复 默默寒 调时没注意啊！ 默默寒 回复 第一房产美佳 大姐，你自己调的，然后问我 晕 [晕]
0,汽车人，变型！ " 琮琮特攻队 此刻多希望小高能变成摩托车 泪 琮琮特攻队 堵在武宁路上呢 晕 [泪] [晕]
0,这也行？多出的钱能放他兜里吗 怒 [怒]
0,不会吧！我阳台水泥还没弄完呢，你丫能晚点来吗？ 泪 下雨 下雨 靠谱阿桃 大家提前做好准备 唯乐途度假屋 北京的盆友们，让我看到你们的伞 下雨 [泪] [下雨] [下雨] [下雨]
0,唉 男人之痛！今晚好好麻醉一下 李论 我们表示没法活了！ 奥特曼 潘云龙 我和你一样！没法活了！ 泪 泪 [奥特曼] [泪] [泪]
0,心 泪 泪 [心] [泪] [泪]
0,季征 可爱上海人 坚决声援杭州的新闻同仁们，要求司法机关对这种阻挠正常新闻采访的暴力行为予以严肃处理！ 鸥鸥行我素 你妹的真恶劣啊 怒 肖琳 坚决声援 [怒]
0,哈哈，河北的庙都塌了 衰 衰 哈哈 哈哈 樊小平 举眉若黛 [衰] [衰] [哈哈] [哈哈]
0,这眼膜做的，简直了。 泪 泪 泪 泪 泪 泪 泪 泪 [泪] [泪] [泪] [泪] [泪] [泪] [泪] [泪]
0,工作好累，身体不适，难受 晕 生病 委屈 [晕] [生病] [委屈]
0,什么破天气、忽冷忽热易感冒。昨天那么热、今天又这么冷 抓狂 [抓狂]
0,没带伞。被大雨困在公司了！ 泪 泪 泪 [泪] [泪] [泪]
0,怒 禁不住得势的人还真多呢！ [怒]
0,老公别哭 泪 [泪]
0,亲您一定是汇源派来卧底的！ 懒人业余餐厅郎园店 不是慢，是慢死了 泪 [泪]
0,棒槌山没开放呀 抓狂 野山不敢爬呀 委屈 可怜 [抓狂] [委屈] [可怜]
0,失望 没病的装有病 、 有病的没人管 、 被伤害的自认倒霉 [失望]
0,天啊 泪 公民列宁 窗处，残阳如血。。。 [泪]
0,上午炮灰了 衰 [衰]
0,这是哪里啊？不知道到时候能不能挪的动步！！ 抓狂 [抓狂]
0,小雷旅行 云南行 一波三折的搭车 一波三折的堵车 终于到达飞来寺梅里雪山观景台 入住青旅 洗澡还走错了浴室 泪 未央青荇 宗介 无须豆蔻 我在 飞来寺对着梅里雪山 [泪]
0,自由女神跳街舞 抓狂 [抓狂]
0,苦逼的我上了三周夜班，亲爱的妹子 特地带咖啡来看我 泪 [泪]
0,又不好，崩溃了。满头起包。 泪 泪 泪 泪 泪 抓狂 抓狂 抓狂 抓狂 [泪] [泪] [泪] [泪] [泪] [抓狂] [抓狂] [抓狂] [抓狂]
0,回复 食尚小米 别担心，我一定保守秘密，告诉他们你是老 食 家的孩子 偷笑 食尚小米 回复 贵州媳妇 太坏了你 泪 泪 不过我是不是暴露啦？ 偷笑 [偷笑] [泪] [泪] [偷笑]
0,谢谢大家再次给我惊喜又过了一次生日，真的很感动 泪 ，我想说的是一路走来有大家陪伴，我！很幸福！ [泪]
0,还有更恶劣的是半夜刚睡着被电话吵醒， 泪 然后就睡不着了。 第三件周末被单位的电话吵醒 怒骂 右哼哼 左哼哼 怒 焦糖玛奇朵儿 海淀区难得糊涂笑嘻嘻 莹莹 [泪] [怒骂] [右哼哼] [左哼哼] [怒]
0,哈哈哈 太坏了这帮人 郭斯特 还只是个孩子，你们不要伤害她！ 怒 [怒]
0,你烦人，饿了，去厨房也没找到什么，回来就看见你这条了 泪 [泪]
0,打包进行时，一片狼藉，所以我讨厌搬家 衰 我在这里 [衰]
0,好的 爱你 爱你 桂文 听 芭比娃娃 说装修了，我和 白智颖小白子 商量准备组团去你家吃涮肉 大 战楠 北京 人鱼公主 许筱琪 摄影师静流 吴狄八月 闻林醉后一夜 晓君 九道疤在路上 圈晕了 晕 一起走起 笑哈哈 [爱你] [爱你] [晕] [笑哈哈]
0,唐卡 围观 老肉肉 这个我绝对信，政治，这就是政治 怒 紫镜零 好深的水 每天从零开始 [围观] [怒]
0,果然能搞！ 宁财神 泪 [泪]
0,做衣服很简单，做模式很难，做生意很简单，做好服务很难，要时间来积累，要学习来完善， 怒 这些都是借口，其实俺也是个吃货，海底捞 偷笑 [怒] [偷笑]
0,话筒 天涯一飘 心 心 心 凌云焰肢体游击队 泪 泪 泪 诗人贺老憨 转发微博 [话筒] [心] [心] [心] [泪] [泪] [泪]
0,有只死猫 你养了吧！ 抓狂猫咪 这个眼神。。。。太惹人爱了 猫博士 太可 了，不 天理呀 曹淇 这个也太可爱了好吗 泪 爱你 花心 宠物互助郑州站 扩散中 阿涵是猫头鹰 求扩散。。。 [泪] [爱你] [花心]
0,早上没开车，打算搭车上班， ： 到车站，边等 路公交边打车，打算哪个先来坐哪个，结果一辆辆公交开过，都不是我要的那辆，一部部出租车开过，全是满载，我就这样望眼欲穿的一直站到 ： ，终于挤上了 ，迟到的我真想骂人，厦门的公交和出租车到底是有多难等啊？？！ 泪 泪 [泪] [泪]
0,还债啊 我准备苹果餐 三日 泪 泪 泪 [泪] [泪] [泪]
0,连人性都没有，执个狗屎法 查立 无语 泪 冰克尔 [泪]
0,晚安 语 那些偷偷溜走的时光，催老了我们的容颜 伤心 ，但是我的性格从来没变。一直都 见人羞 ，从来不 惊人问 ，绝对没 怕人知 。。。所以，周一决心 睡觉的我，又晚了 小时，该杀该剐 伤心 各位官人，小主，安了 月亮 [伤心] [伤心] [月亮]
0,等了一天的快递，算了算我一共打了 个电话给申通快递！还是没有拿到通行证，明天还不知道几点能拿到证件。郁闷中！ 怒骂 怒骂 怒骂 [怒骂] [怒骂] [怒骂]
0,怒 好好练练英文能死啊！！！不摆乌龙能死啊！！！半夜的弄一大票人跟着你们瞎忙！！！！！ 怒 [怒] [怒]
0,吃饱了 杨越程 我也想吃 泪 刘海斌强强 是的我两个吃拉面哪！ 杨越程 哈哈 谢谢涛哥，这是海斌吧？ [泪]
0,大家助一把！ 霍汶希 捍卫知 权 邱子泽 泽男 怒骂 [怒骂]
0,回复 陈玉霞博斐秀禾 小宝贝刚满三个月的时候来的店里一家人好恩爱幸福 陈玉霞博斐秀禾 是的，这么好的人就这么离我们而去，我的写字楼减租也是他帮我和甲方谈的，想想就心痛 泪 泪 博斐秀禾 林广杰 青蛙王子 你们现在的办公室还有陶指导的一份功劳！ [泪] [泪]
0,咳嗽咳到偶已经失声说不出来话了 可是可是不就是咳嗽嘛有必要吃这么多药吗 而且还木有偶最爱的枇杷糖浆 纠结死我了 抓狂 [抓狂]
0,一个个的都会慢慢圈死你 偷笑 疯子 啵 恩 可喜欢了 王慢慢 要努力 兴兴最棒了 是黑图小公主 泪 他会成功的 一定会的 [偷笑] [泪]
0,我想把小本换了，可是还有一半都没用过 怎么办 怎么办 怎么办 泪 [泪]
0,今天又演剧、 抓狂 抓狂 抓狂 [抓狂] [抓狂] [抓狂]
0,预展先睹为快：送给 悟色空 苦逼的孩纸 衰 [衰]
0,回复 凤凰 星羽 哈哈 这样说的人太多喽 嘻嘻 凤凰 星羽 回复 俺叫老鬼 看了，所以我才说像啊 又没说是 失望 悲催 俺叫老鬼 回复 云山珠水 喜洋洋 嘻嘻，也就是又美又臭喽！ 嘻嘻 云山珠水 喜洋洋 回复 俺叫老鬼 哈哈 臭美是特色 特色是臭美 鼓掌 [嘻嘻] [失望] [悲催] [嘻嘻] [哈哈] [鼓掌]
0,悲催地回到家 以为可以美餐一顿结束这苦逼的一天 结果。。。唉 还是吃我的小煎饼吧 泪 [泪]
0,学习使人发困、头晕、颈椎疼！ 失望 [失望]
0,上月中紧急精养的三万斤大闸蟹为应对中秋的，现在已寥寥无几，没有合格的大闸蟹，成隆行不敢、也不能卖呀 泪 ，中秋前，还有新的精养蟹会上市。。。对不起大家了 汗 汗 汗 [泪] [汗] [汗] [汗]
0,晓松，快跑！ 哈哈 媒体人肖执缨 哈哈 哈哈 哈哈 抓狂 哈哈 哈哈 [哈哈] [哈哈] [哈哈] [哈哈] [抓狂] [哈哈] [哈哈]
0,认捐 星星语 游走在北京 谢兄弟！ 爱游的石头 认捐 转起 游走在北京 我认捐 转起 李晓君 我认捐 。大家转起！ 游走在北京 感动 泪 多谢兄弟！！ 阳台朝西 收到， 北京青年 会提供尽可能的帮助，让我们一同给这个孩子希望。 李晓君 游走在北京 阳台朝西 [泪]
0,有回遇见拒载，只说了句您拒载啊 他立刻加油门冲上来，且语气凶悍，搞得我以为他要上人行道轧我。还好我改笑眯眯上车，一路好话哄之，总算下车时师傅脸色稍霁，我也没迟到。唉，如今打个车，还得哀告 卖笑 衰 黄昱宁 年头去北京，打车留下巨大阴影。 于其多 泰迪回家了 余美人 本周不值班 [衰]
0,大风吹翻了俺们小区门口的保安亭，导致无人看守。。。没带车卡的人表示很悲哀 泪 邓庆旭 同感。 只想静悄悄的 胖胖小宏 风确实很大，中午出去，差点被狂风卷走 [泪]
0,这张看起来有点像某个明星 烧香的潘哒 衰 小七不老 回复 我是彭清 燃烧吧，青春！ 我是彭清 年代霹雳舞少年啊 [衰]
0,太可怕啦 衰 黑涩会呀 吃惊 姑娘们引以为戒吧！ [衰] [吃惊]
0,这月只有下一个整周不离开北京，满心欢喜以为会所没排课，怎知昨天到家今天就被要求去上课，这么热的天还有姨妈在，突然悲从中来。最幸福的阿猫阿狗在家凉快吧，姐给你们挣口粮去 泪 我在这里 [泪]
0,我不太相信这是真的，人性不会恶劣到如此地步，即使对待日本人，中国人也干不出来这事 力 ：这不应该是一个疯狂的社会 但是却疯狂到了如此残酷的地步 大家都该清醒下吧 ：太傻逼了吧！！！ 怒 谢梦 ：看到这些总有力不从心的感觉！！混蛋！！！ 淘宝全球购 脑子残不残？ [怒]
0,这样的传播方式很有感染力 郑章伟 牧羊叟 吕明响 中国人的食物链断了 泪 [泪]
0,没买上狮子，凑合把豹穿身上吧，就是最近晒得都成黑妞儿了 衰 [衰]
0,今天雾霾指数又再一次破表，不知这迷人的湖景何时再见 泪 。。。 [泪]
0,华山游客退票被捅伤 泪 好人一生平安，看了好心酸啊。 华山风景名胜区 中国旅游 中国国家旅游杂志 密密 不知道你看不看得到我转发你的微薄。我就是你说的那个四川情侣里的那个女孩儿。这些天一直在网上找你的消息，总算看到了。希望你一定要早早康复 [泪]
0,这是有名的话题公司么，要在浦东盖楼喽 怒骂 [怒骂]
0,每晚重温一句。 苏衍宽 晕 [晕]
0,朱大象 居善地心善渊与善仁 原来我已经完全不会写字 泪 家里连根签字笔都找不见，好容易翻了根铅笔，还秃头的 [泪]
0,老妹儿，能特么好好说人话吗？！ 怒 [怒]
0,回复 渡边 我也想知道 偷笑 私 知 偷笑 渡边 山口百 丽 是谁。 静冈叔叔 泪 大椰菜菜子 山口百惠 。。 [偷笑] [偷笑] [泪]
0,更加绝望的是：站台票都不卖了 泪 爬窗户的机会都不给了。 [泪]
0,这是要跟国际接轨了？ 抓狂 [抓狂]
0,在北京开个店和在大理开个店 幸福感是不是会不一样？ 泪 [泪]
0,以前总觉得高中政治老师长得像外国人，但就是想不起来像哪个？ 思考 可能是政治老师太闹腾了，站在讲台上 吧 吧表情丰富根本停不下来所以一时半会儿想不起来 晕 现在终于恍然大悟，闹了半天长了一张明星脸！！！ 吃惊 强尼 德普我偶像有木有！！！ 威武 心 [思考] [晕] [吃惊] [威武] [心]
0,衰 吃惊 我们 年就差不多这时候去的呀 [衰] [吃惊]
0,昨天打了一个小时羽毛球，今天居然有点腰酸，亏得我还一直游泳呐。 失望 看来运动也要复合化，以后羽毛球应该成为常设项目。 [失望]
0,放人！ 怒骂 [怒骂]
0,回复 勤劳的工作狂 妈妈病了！好久没吃到她做的饭了，今天在这个小餐厅找回了妈妈的味道 泪 勤劳的工作狂 无敌啊！ 鼓掌 [泪] [鼓掌]
0,所承受的痛苦跟不快都是发心不对所导致！也是因为没有时刻提醒自己一切无常！要有真正坚定的出离心不容易！动车事件就能带动出那么多负面情绪！过去已成无记法！可人的一生哪能容得那么多重来一次的机会！ 伤心 [伤心]
0,每天低温补贴，每月体检补贴，一次性服装配件补贴 蝎子 同求补贴 泪 蕾帝辰妈 回复 潘潘 陆大猫 但 楼的风实在太厉害，下周要准备好羽绒服，帽子，口罩，热水袋，雪地鞋，最好再备个斗篷。羽绒裤也要买起来。 潘潘 陆大猫 但是消除甲醛最好的办法就只有这个最有效 [泪]
0,不仅花痴，还二了！ 于函冰 淇淋 露露 看见没看见没 白羊最不花痴 以后不准说我对 潘 柏 犯花痴了 哈哈 那叫执着 抓狂 [哈哈] [抓狂]
0,不错吖，不错吖，我的花花草草都被我养使了、、、、 失望 [失望]
0,上左部咩的士啊，已经 元，用左 几分钟都没到天河客运站，真是想骂个司机。 哼 怒 怒 怒 怒 怒 怒 怒 [哼] [怒] [怒] [怒] [怒] [怒] [怒] [怒]
0,今天在强光下照了个镜子。是要被这黑眼圈和土黄色的脸吓死 生病 ，简直就像中了邪。。。今晚一定要早睡啊。。 泪 [生病] [泪]
0,转 郭小懒 求帮忙！找辛巴。我表姐家的狗狗跑丢了！ 泪 泪 泪 泪 泪 泪 泪 大迦迦 火星 李千岁 [泪] [泪] [泪] [泪] [泪] [泪] [泪]
0,我的叫设计手札，上次差点丢了，吓死我了 泪 [泪]
0,救救它们，好狗狗 泪 新浪江苏旅游 救救我们的狗狗 看，它们无助的眼神，它们在哭泣！希望大家能捐助狗粮及消毒用品药品等等，为我们的狗狗做一点力所能及的事情。先将此微博扩散开，让更多的人看到！想到！帮到！ [泪]
0,一天没吃饭。这个点，自己做了个芒果芝士蛋糕。好吧，我做甜点真的很丑。。 泪 但是味道很好的 [泪]
0,怒 我订的那本怎么还没到！！！！！我可是全互联网第一个下单的！！！ 亚马迅 地下天鹅绒 热泪盈眶，无语凝噎。 [怒]
0,回复 高小包子 不会是露天的吧？ 偷笑 高小包子 今儿的雨实在是太大啦！我的演唱会差点看不成啊 嗨辣老孙 该死的雨！ 怒骂 俺今天汕头发来的货备降沈阳了 泪 ，你让翘首以待的吃货们情何以堪！ 生病 委屈 潮汕渔家 刘勘 陈冠丹 侯宁 [偷笑] [怒骂] [泪] [生病] [委屈]
0,嘻嘻 中国 不要放弃治疗啊！ 抓狂 [嘻嘻] [抓狂]
0,走时装路线了呀 偷笑 雪盲 尝试换造型，感觉不太成功啊。。。 衰 [偷笑] [衰]
0,本周计划 韶关转 到南昌，开车前 分钟狂赶到广州站发现 晚点一个半小时 点才开，退票后 广韶区间站票都没有了，售票 怂恿我买软卧 多，哥还没坐过软卧呢 怒 。然后在广州站以及广州东站售票窗打 的车票都提示售票时间已过，只好拿韶关东 南昌车票闯广州东，成功车补。 [怒]
0,有烟没火算几等烟民啊？ 衰 [衰]
0,大哥实现这个梦想也经历了太多辛苦。上帝从不辜负勤劳人 海的故事 秋岛渔人 痛并幸福着 泪 心 太开心 神农架韦群 学习粉丝团 海南梁山 刚峰看世界 徐伟先生 南海网总编辑韩潮光 海的故事 秋岛渔人 实现了自己梦想，我期待习大人的中国梦就是每个人都能如他一般实现自己的梦想。 [泪] [心] [太开心]
0,我一个好好地星期六，就这么被一个 给毁了 怒 [怒]
0,今天真没有雾凇，我表示很失望 泪 [泪]
0,父母不会在乎你是否优秀。平安最重要。。 泪 陈君华微博 感动，可怜天下父母心！ 廖京生 泪 [泪] [泪]
0,泪 龙啸六天 话筒 伟评论 穷人的孩子早当家！ 赞 当家的幸福在哪啦？ 悲伤 [泪] [话筒] [赞] [悲伤]
0,我也是耶 小丸子有花轮叫她 我就是那个关灯的人哇 泪 周一了，开学了。 瑶 小贝 祁动心弦 怪诞心理行为学 想念那些年，我们一起走过的时光 [泪]
0,一口 熊小闹要困死了 真特喵的好看！！！！！！！！！！！！！！！！！ 抓狂 抓狂 抓狂 [?一口] [抓狂] [抓狂] [抓狂]
0,姐真是一个眼神有严重问题的人 泪 泪 我在 [泪] [泪]
0,心酸酸的，见不得这种事情 泪 写字李华良 大样小样儿 华商视觉 谢谢记者饱含情感记录下来这个心酸的片段 傅拥军 电话那头 老母哭了，老李失望之极 许康平 我陪他过了悲伤的第六天。 [泪]
0,对 幸福到 说：你现在能漂了嘛？今天喝了好多水 吐 开始，下沉 开始，下沉 这样周而复始 抓狂 [吐] [抓狂]
0,节约成本是铤而走险的理由呢 晕 还是牟取暴利的贪婪所致 汗 有毒食品已经让老百姓活不下去了。。 杨锦麟 世用重典，盛世或 程中， 於那些在食品安全 上 教 犯，蔑 法律，蔑 人民生命的奸商和唯利是 的官 ，也要用重典， 赦，即使不 ，也要 他 狗娘 ！ [晕] [汗]
0,回复 箱型鱼 哈哈 哈哈 箱型鱼 踢死你 怒 小亮 你挺喜欢吃的吧 哈哈 箱型鱼： 风扇 [哈哈] [哈哈] [怒] [哈哈] [风扇]
0,这星期真应该看看黄历！一波未平，一波有起。有家门钥匙都开不了门！艹 着谁惹谁了！唯一的办法，把锁砸了！把所有的怨气都发泄出来吧！ 抓狂 [抓狂]
0,还好不在机场 李峥嵘 狂暴模式 衰 [衰]
0,来三明，享受回家的感觉。 阿拉阿拉阿啦啦 妈的！！突然好想回家 泪 泪 泪 泪 泪 [泪] [泪] [泪] [泪] [泪]
0,开了一天会，推了一个饭局，又跑 车库咖啡 来了，今儿是认证团队 威武 ， 明早还要赶飞机 泪 [威武] [泪]
0,我擦 畅游东南亚 号外 吾爱全球签证中心 重要通知 受冲突事件影响 沙巴所有岛屿活动已经暂停 沙巴东海岸地区进入高度戒备状态，我们希望尽快结束这场流血事件 衰 衰 [衰] [衰]
0,舟山半升洞码头斜对面的一家黑店啊 号称平价，实际是贵的很，而且缺斤短量也很厉害。大家注意啊 别进了黑店啊 我已经被黑了 泪 [泪]
0,又是郁闷的一天 泪 勤劳公关 圣哥 [泪]
0,中国联通 中国联通客服 中国联通江苏客服 联通的短信从 号到现在一直都收不到。刚刚要接收一个验证码，也是收不到！到底解决不解决？几天前还打电话给客服，也没用！！！请尽快解决一下行不行，太耽误事了！！！ 怒 [怒]
0,回复 树树丫头 衰 这也能看出来？ 树树丫头 一凡蝈蝈 [衰]
0,为啥我胸下都瘦出排骨来了，排骨上下还全是肥肉？ 抓狂 抓狂 抓狂 均匀有那么难吗？只猛瘦这一段儿有意思么？有么？有么？有找就这一小段儿的模特儿的么？ [抓狂] [抓狂] [抓狂]
0,没有人性，我想骂他们 芥末杨 怒 施威博士 衰 潘石屹 汪先刚 今后的史书将如何书写这个时代的恶？ [怒] [衰]
0,我算是毁了！亲啊！我的一世英明全毁了！ 得了相思病 刘三水儿 你们俩就毁我吧！ 泪 动作切勿模仿！如有雷同，纯属巧合！看过此动画，如身体偶感不适，请立即就医！真爱生命！远离闺蜜！！ [泪]
0,伤心 蜡烛 天堂乐队雷刚 无法之过！ 怒 蜡烛 蜡烛 爱狗的潘洁 呼吁动物保护法 心碎了 泪 最最恶毒的语言已经不能诅咒这种恶行 怒 平安北京 北京发布 壹基金 张林导演 天堂乐队雷刚 与 同行 摄影师老凯 阳光娘 回复 韩嘉 兽医 上善若水北京宠物医生宋楠 刚刚来过，小猫没救了 [伤心] [蜡烛] [怒] [蜡烛] [蜡烛] [泪] [怒]
0,最好的年华，遇见的或许并不是最好的 泪 [泪]
0,回复 泪 不会巴 泪 四日前 ？ [泪] [泪]
0,泪 泪 为什么 不要走 椰子真真 为什么 不要走 北京 熊猫 ， 月 收官谢幕 [泪] [泪] [熊猫]
0,每天都自己做班车回家，冻得要死 怒 怒 讨厌的老公为了控制自己不吃晚饭，都不跟我一起走，谁让爸妈做饭太好吃了呢，控制不了诱惑，只能逃避了，哎！悲惨的人！同情 仇 嘻嘻 嘻嘻 嘻嘻 回家吃好吃的去喽！ [怒] [怒] [嘻嘻] [嘻嘻] [嘻嘻]
0,我和我的小伙伴们都惊呆 怒 ， ！ [怒]
0,摇控器找到呢，原来在洗衣机里和我的床单一起搅拌了一个小时 泪 泪 泪 ，我刚还神奇般得把床垫子都扳起来找都没有，耗费了两顿饭得体力，得到了两身汗，牛逼大了，摇控器还能用，海尔万岁！ 威武 威武 威武 [泪] [泪] [泪] [威武] [威武] [威武]
0,你们一个个的都说我心理素质不好，赶上这点小事就沉不住气了 怒 哼 ！你们合着都是过来人，你们自己要当爹妈的时候一个个估计还不如我呢！自己家媳妇能不疼不担心吗，没到瓜熟蒂落医生和我说母女平安的那一刻啥事我都纠结，什么事情都别找我，火气大容易误伤 汗 [怒] [哼] [汗]
0,哈哈，最近还好吧 烧土大鱼 这些骗子就欠扁 怒 [怒]
0,某人给我微信说 出门，还特意确认了下。怕她等，急急抓起东西奔向地铁站。 收到她的短信，说 分钟后出门 抓狂 抓狂 抓狂 女人啊！您老的时间咋走的啊 抓狂 抓狂 猫小抱 [抓狂] [抓狂] [抓狂] [抓狂] [抓狂]
0,半壁江山沦陷于雾霾！ 宁可食无肉 不可居无净化器 成了调侃流行语。淘宝显示 年淘友花了 亿在口罩、空气净化器上 其中空气净化器增长了 业内人士透露 空气净化器工作原理简易 主要部件为滤芯和送风机 市场上售价 的产品成本一般不会超过 元。你选对了吗？ 衰 诗风 刘胜军改革 老芋头 [衰]
0,嘿嘿，太好了多亏你的帮助，灰常感谢亲爱的你 杀青时去喝酒哦 鸶茗 一定一定，导演信心满满，那气势，仿佛 玉珠子 嘿嘿，这个大片绝对有的期待。 哈哈 捧场哦 鸶茗 我明一天拍摄呐 失望 ，听说你们的大片快开机了，好期待啊 玉珠子 哈哈 你在深啊。明天可以一起喝个下午茶哦。 [哈哈] [失望]
0,衰 北京全攻略 长期加班易"脑残 [衰]
0,这比 罗还农民，为毛糟蹋黄立行，丫就预谋要上了黄，到手了 卧龙阁韩卉卉 我不能接受！ 抓狂 不 [抓狂]
0,散仙建龙 鲲鹏展翅 白发萧萧法律人 何兵 怒 蓦然 副市长叫畜生！ 谓贤 窝边草！ 锡壶龙井 晏耀斌 副市长叫什么？ [怒]
0,冠军要出手了 赞 王中磊 去年年初在甄选杨露蝉时遇到了奥运冠军袁晓超，导演 冯德伦 和监制都很满意，我就去问他 想不想演电影？象李连杰那样成为大明星？ 他回我两句 我比较喜欢李小龙 神马 ，"演电影的事让我想想！ 抓狂 "，未完待续 [赞] [神马] [抓狂]
0,运动会下来我的腿呀到今天还在痛！下次我一定多多报项目，多多拿参与奖！！争取跑步不拿最后一名！！ 泪 泪 哼 哼 [泪] [泪] [哼] [哼]
0,衰 别玩了 别玩了 假扮小绵羊 媛媛达人 看见没，咱俩别玩了都。会瞎的。 张江 震惊：视网膜中央动脉阻塞是导致突然失明的急症之一 医生称，长时间玩游戏可能患此病。除非阻塞为时间极短，而且及时解除阻塞，否则将永久性视力障碍。 生病 [衰] [生病]
0,南京的最后半日，就是横冲直撞加大包小包！不要跟我说可以应多呆半日，再多多少时间，到头来我一准还是这样 抓狂 爷交办的 正经事 也没来得及完成，回去得当牛做马弥补心中愧疚了！好在买了洋洋要的烤鸭，还算没疯得无际无边 [抓狂]
0,泪 哈哈 吐 可怜 汗 [泪] [哈哈] [吐] [可怜] [汗]
0,不出门就饿死嗒！小妞子 金小胖 要庄重 呆在屋里不出门就 啦！好像北方孩子真的就一条保暖裤 上面羽绒服 一双靴子 就 了 麒麟锦庭火锅道 回复 宝宝 泪 泪 泪 泪 北方孩子不怕冷么，求温暖过冬的方式 泪 [泪] [泪] [泪] [泪] [泪]
0,吃惊 潘箭 看宝石像是定制的。 党老大 确实在我的书库里找了许久。 汗 泪 哈哈 寺库中国李日美 苏兄的工作精神可嘉！为很多表友揭开了历史的真相。 [吃惊] [汗] [泪] [哈哈]
0,奶奶个嘴的 兔子 吕淑雯 央广阿杰 高熹 子文子文不倦 共勉！！ 木木木夏 瞬间自卑了 双子 猫熊 蓝 说的太好了！热泪盈眶啊我！ 泪 安 转发微博 [兔子] [good] [泪]
0,姚记有种以后就按这个价格招待国人，也不枉网友如此关注！！！ 余飞了噻： 怒 旅游时报王琪 谁是导演谁是演员谁是龙套谁是观众？道具百元大钞谁提供的？ [怒]
0,恶心 怒 [怒]
0,泪 泪 为什么总伤害小李 委屈 委屈 为什么他双眼常年饱含泪水，只因小李爱 小金人 爱得深沉！小李与 奥斯卡 的旷世孽缘，简直是一部从男孩到男人的苦情成长史 万水千山总是情，给奖小李行不行？多情总被无情恼，别伤小李好不好？ 泪目 泪目 泪目 [泪] [泪] [委屈] [委屈] [lt泪目] [lt泪目] [lt泪目]
0,哈哈 泪流满面 哈哈 露希亚 泪 [哈哈] [泪流满面] [哈哈] [泪]
0,的这几个硬按钮挺多余的 刘元晨 泪 泪 泪 握手 再这么整下去迟早把自己给玩死！ 平台上的交互设计最让我头疼， 一个功能可能有好多个入口，长按啊，菜单啊，纠结得不行 另外那个搜索按钮有多少人用？我从来不用啊！还不整点拨号和挂机的硬按键出来。 [泪] [泪] [泪] [握手]
0,衰 想想装修大业我就发愁 [衰]
0,出租司机发牢骚 说这两天份子钱都没挣出来 年前堵车太严重了 衰 [衰]
0,失去生命体征？该来的还是来了 泪 蜡烛 [泪] [蜡烛]
0,你太残忍了，不得不为母鸡说句话 有次有只母鸡奔出时那里还带着半个蛋 泪 用心爸爸 梁建武 呵呵，可怜的母鸡 小时候在姥姥家，去厕所必然路过鸡舍，所以去时踹一下舍门，母鸡们惊叫着奔出，回来时再踹一脚舍门，母鸡又惊叫着奔出，幼时顽劣，对不起母鸡们，还记得捡鸡蛋时， [泪]
0,儿子对我说：明天你促销多穿点，只有八度。 泪 [泪]
0,白羊座其实是个特别不会发脾气的星座。所有的火爆都是在自己跟自己较劲。让她嚷嚷出来还真做不到。火多大多委屈憋屈都表达不出来！外人以为你多骄傲呢一副冷若冰霜的样子，他们不知道你心里正自己撒泼大哭呢！积压的多了，就特么发烧了！！！ 抓狂 哼 怒 [抓狂] [哼] [怒]
0,儿子反驳我： 不对！我学会了计算机啊。你学的那些它都会。 晕 [晕]
0,记性不好。总是做一些后来又后悔的事情。这可怎么办。 怒 怒 [怒] [怒]
0,说实话，参加完追悼会到现在都没缓过来！ 彭涌 爱美食 昨日一早送别了好兄弟陶伟，看着他静静的躺着，悲痛，又感生命的脆弱，往昔历历在目，兄弟一路走好。 陈玉霞博斐秀禾 四瓣馨香 赵燕国彰 陶伟兄一路好走 泪 泪 泪 泪 [泪] [泪] [泪] [泪]
0,华盛顿名媛，上海名鸟 制作人 逼样会演戏的啊 要么尺度大点才有人看 饭饭 别啊 晕 晕 上官影茵 擦 除了我外的建筑风格还能有谁 抓狂 [晕] [晕] [抓狂]
0,话筒 眼睛一闭，没敢睁， 天还是就这么过去了 泪流满面 。话说这节一过，离考试的时间就更近了，掐指一算，没几个 天了 抓狂 。书还没看完咋整啊，列位莫急，在此先推荐 系统集成项目管理工程师考前冲刺 题 ，内含秘密作战地图，帮你梳理知识，以题带学，祝你考前冲刺一臂之力！ 给力 [话筒] [泪流满面] [抓狂] [给力]
0,竟然在六只曾住的 酒店大半夜看到 台重播申天歌的回归舞台，那一刹那我真的差点儿飙泪！！这次出行未免太完美！偶吧你太帅了 泪 [泪]
0,泪 老人走好，亲王节哀。很多人都有一个对自己一生非常重要的奶奶。 [泪]
0,如果你恨一个人，让他去做产品经理；如果你爱一个人，让他跳吧 聚美戴雨森 转给产品经理们 豹子先生崔岷 总是这样呢 衰 [衰]
0,回复 一点点小林 是呀， 徐行坊 就在 三摩地素食 旁边呢！ 亲亲 一点点小林 这是在北京吗 唐香香的香 回复 享乐型人才 你懂我！ 泪 享乐型人才 香香老师讲到天府之国的时候也为之伤、顿了一会儿 [亲亲] [泪]
0,泪 闲情偶记 转发微博 [泪]
0,中国最低带薪年假 天？只有一周年假的可怜人儿飘过 衰 张泉灵：如果再告诉你巴西休假的那 天，老板需要支付 倍的工资呢？理由是这一个月他带家人度假，花费较大。当然，从另一方面看，亚洲文化普遍的勤勉。 [衰]
0,买了食谱，认真学习煲靓汤。看的我馋吐水滴答滴 抓狂 哪能办？现在就想喝汤了 馋嘴 [抓狂] [馋嘴]
0,泪 泪 泪 天才 缪缪 [泪] [泪] [泪]
0,健康小提示 季节更替，忽冷忽热，最容易感冒了 泪 整理了一下巧治感冒的小方法，有备无患。 可爱 [泪] [可爱]
0,这么贪凉 照中医的说法不合适吧 晕 难高音 王一冰 要把自己变得更好 鼓掌 鼓掌 鼓掌 阔翼呀 全球热门百分百 清凉 [晕] [鼓掌] [鼓掌] [鼓掌]
0,便宜疯了！可是大半夜的到武汉，没有回家的车呀 泪 惋惜痛惜捶胸顿足！！ [泪]
0,这就是政府，反正睁着眼说瞎话 夏惊涛 中国媒体最大的悲哀就是他知道是假的，他也得讲出来，最最悲哀的是他知道是假的，我们也知道哦是假的，他还得讲出来，最最最悲哀的是他知道是假的，他也知道我们知道是假的，他还得讲出来！！ 衰 衰 衰 蜡烛 蜡烛 蜡烛 [衰] [衰] [衰] [蜡烛] [蜡烛] [蜡烛]
0,衰 天涯北京 ：今早 点 分！大兴区西红门寿宝庄公交站，一女子在路边吃韭菜馅包子，吃完后就将垃圾随手扔掉了！接着旁若无人的打电话说什么过节后让自己三弟来北京，说要给他介绍个拆迁户的北京姑娘，家有 套房，希望他能把姑娘哄好了赶紧弄大肚子怀上结婚，这样全家也能跟着沾光享福了。。。 [衰]
0,正常使用！ 思婷蚊子 这个损失太惨重了，我的业务大多也在 上。 桃瑞丝小飞猪 不会是真的 了吧？！还没做好准备 晴天霹雳 泪 悦悦喵 我刚去登陆了，确实没了 泪 糖糖 求证？今天出差，真的没了吗？ [泪] [泪]
0,飞机又晚点 半夜到北京没大巴车了 泪 [泪]
0,有没有王法，有没有天理？ 怒骂 坚决反对政府暴力对待人民！ 凤凰微闻 湖南警方称 要拍就让你们死在这里！ 威武 [怒骂] [威武]
0,岂是流口水能形容的 抓狂 抓狂 抓狂 啥时候能吃到啊 新疆苏立 [抓狂] [抓狂] [抓狂]
0,不准备更新。 胡爷励志要成为大女人 擦，刚升完 咪咪茜 我日 抓狂 快乐他妹妹 咪咪茜 [抓狂]
0,我们也知道 泪 泪 吴奇隆 哎 喂呀 泪 苦 知道 [泪] [泪] [泪]
0,我考试一次容易 么我 泪 泪 泪 [泪] [泪] [泪]
0,好啦，别哭，算我欠你一个合影，下次有机会你第一个优先 可爱 吴宇波波 我没拍到 泪 ，那个时候你要打球怕影响你。 桌打球的时候，我就并排站在你右边！太多人要跟你合照了。 泪 泪 潘晓婷 那你拍到照了吗？ 可爱 [可爱] [泪] [泪] [泪] [可爱]
0,怎样的事情促使他 她 无可挽回的纵身一跳呢？ 泪 泪 泪 弋飞 这是哪个楼盘？ [泪] [泪] [泪]
0,泪 泪 痛死拉！深夜肚子痛醒，蹲坑 分，好吧。我以后不吃便宜的泡面了 汗 汗 哼 哼 [泪] [泪] [汗] [汗] [哼] [哼]
0,终于等到 谢安琪 ，看到你在感冒中还要落力演出，好心疼！保护好自己的嗓子啊！ 泪 谢谢 一直陪伴在 身边 新年快乐，挥别感冒菌吧！ 许愿 [泪] [许愿]
0,心 肖小 啊 再久点真的忘了那些名字了 泪 [心] [泪]
0,想骂人了 抓狂 抓狂 抓狂 王世 超人会装修 弱 [抓狂] [抓狂] [抓狂] [弱]
0,暴汗，下的都是放射性重金属元素 抓狂 [抓狂]
0,冰心凉凉 涉及好多。。。。 衰 [衰]
0,逼我变愤青了今天 战蹲蹲儿 艹！ 条人命才判 年？？！！一个代购还判 年呢。。。人命就那么贱么？？ 怒 枪毙自己 新疆汉子没几个有血性的吗？ 这 出狱后重新入党，并任永安保险新疆分公司总经理，目前有传言将升任市委书记。 枪毙自己 老吴 吴刚 这货还活着？ [怒]
0,看哭了 泪 糖糖的前半生虽是不幸的，但后半生一定过的很幸福！ [泪]
0,这一早就热气逼人 抓狂 [抓狂]
0,回复 牛查德 哎哟 跟古天乐学学，古铜色的健康肤色 牛查德 晒的好黑。 泪 沙湖旅游 没错 我就是沙湖旅游代言人 哈 [泪]
0,你离准备上班还有几天？ 泪 ！ [泪]
0,哈哈 其实不翻也得翻，化愤世为力量，翻起 王 麟 回复 心香一瓣 就是呀，法院都可以秘密杀人了，艺术家们咋还想不开嗫？ 晕 心香一瓣 哈哈 翻篇了 王 麟 老了，翻篇了，长寿第一，少说为佳。 [哈哈] [晕] [哈哈]
0,明天要上班啦 委屈 悲伤 悲伤 [委屈] [悲伤] [悲伤]
0,喵，喵，喵了个咪，又胖了 怒 [怒]
0,都没有吃过吧！ 廖永鑫 发现你卖好多产品 李会革 每次吃黑金刚莲雾，吃完都要洗手，汁太多，流在手上。 泪 新张利 子夏爸 海南洪诺 [泪]
0,姐姐 想你了 泪 [泪]
0,我想学唱歌，求老师一枚。作为交换，我可以保证你会弹丁香花。 泪 [泪]
0,我嘴贱 泪 泪 泪 两天撑到想吐 爱你 爱你 爱你 兔子 兔子 兔子 可爱 可爱 可爱 [泪] [泪] [泪] [爱你] [爱你] [爱你] [兔子] [兔子] [兔子] [可爱] [可爱] [可爱]
0,越看越坚定了我减肥的决心啊！ 泪 泪 泪 美食地图 梦遥 [泪] [泪] [泪]
0,演员男陈一 相声王彤 钻石生活 草尼马 怒 [怒]
0,朝阳区 还没起飞，晚点 小时了。 泪 [泪]
0,怀念父亲 我在心里呼唤您，您听见了吗？想您！ 泪 泪 泪 生活领悟 爷爷，你还好吗，很想你。 复古老照片 [泪] [泪] [泪]
0,吃好饱 汗 汗 汗 汗 汗 咖啡 蛋糕 干杯 衰 [汗] [汗] [汗] [汗] [汗] [咖啡] [蛋糕] [干杯] [衰]
0,淡斑终身奋斗目标 泪 喵喵耳朵在唱歌 卉小宝 呼吸 [泪]
0,今晚已经没有空房啦，真的真的没有了，妹子们表再私信偶了 悲伤 订房请趁早 伤心 [悲伤] [伤心]
0,狗，在死的时候也是有感情的，他也会恐惧也会疼，带着怨恨死去 你敢直视他无辜的眼睛么？人，可吃的东西很多，餐桌已经够丰盛了，还在追求什么？他那么忠诚地追随着人们 却被人杀掉 悲伤 [悲伤]
0,现在想想还真危险 衰 拿破仑巧克力吧 举手 [衰]
0,抓狂 酷 赞 今晚日本餐，胜在食材够新鲜！ [抓狂] [酷] [赞]
0,大早晨起来练什么队列呀！？ 泪 泪 泪 泪 开个运动会把我们整的和小学生似的 哼 哼 哼 哼 哼 [泪] [泪] [泪] [泪] [哼] [哼] [哼] [哼] [哼]
0,晕 新浪财经 小竹子的领地 有一同事去浦东机场，正常大约 ，用打车软件与司机联合，分 次，自己付了大约 ，然后然后发票加起来照样可以原价报销，当然时间成本忽略不计 衰 [晕] [衰]
0,回复 琪 我真心觉得买了 的都亏大发了。 泪 琪 我手机就是港行的 猫小姐需要正能量 港版逆天，国行作死 [泪]
0,思考 哈哈 何包蛋 感谢小黄让我知道了西洪路是多么多么多么多么的深而且路况还那么坎坷 泪 不过能找到这家店蛮值得的 [思考] [哈哈] [泪]
0,初四刚过就已经开始烦躁了 抓狂 [抓狂]
0,全球时尚 就爱混音。 抓狂 [抓狂]
0,，略贵，模特毁了衣服，哈哈哈 巫小刘走丢了 心疼 泪 边走边射 哈哈哈淘宝买家秀！！ 香蕉树上看你笑 哈哈哈哈 星 哈哈哈哈哈 糖分君跪求 好运快快到 心酸 睿桑永远成不了网骗帅逼 心酸 卿小双 模特图与买家实物图，啧啧 [泪]
0,哈哈 哈哈 哈哈 哈哈 哈哈 哈哈 哈哈 哈哈 衰 [哈哈] [哈哈] [哈哈] [哈哈] [哈哈] [哈哈] [哈哈] [哈哈] [衰]
0,订机票支付页面卡住，打客服。 请问您这是订国内机票吧？那得转国内机票部。 国内机票部： 您是我们会员吧，这个问题需要转会员部。 会员部： 系统正在升级，没办法。还是帮您转国内机票部吧！ 晕 [晕]
0,也买酒 宅急送 袁疆 快乐工作 你们年夜饭改到年后再喝酒好吗？这是你们客服给我的答复，我也给你们这个建议！希望你们去假日办协调，顺便也提议他们把七天长假还给我们！你们客服都是天才！ 怒 [怒]
0,帮转 多一个人知道，就多一丝希望。谢谢大家帮忙转发。多谢。 大家帮忙给转转行么。谢谢大家了。看着她长这么大的 泪 她叫嘎达。嘎达在天津方言里是家里的宝贝儿的意思。 [泪]
0,馨如子许 和你结婚程序相似，看得眼都花了，结婚肿么这麻烦呢 晕 [晕]
0,回复 林仔琪 想我了吧，想学校了吧，来，我们一起拍摄。 林仔琪 转发此微博 都想回去让你继续带我们去拍照片了。 泪 泪 泪 怀念一起去西塘的日子啊。 委屈 委屈 [泪] [泪] [泪] [委屈] [委屈]
0,选择恐惧症 悲伤 悲伤 悲伤 甜心甜童心餐厅 抹茶的也好吃 [悲伤] [悲伤] [悲伤]
0,可怜 一杯红酒配电影 我觉得 午夜的阳光奇奇 不适合吃西餐 馋嘴 吃不饱的 哈哈 偷笑 鹏飞冥冥 看来也是一个吃货。 晓 汗 最近两天参加哈洽会比较累，本想看下微博就碎觉，看到 午夜的阳光奇奇 姐姐发这么多好吃的 钱 ，又不淡定了！ 泪 [可怜] [馋嘴] [哈哈] [偷笑] [汗] [钱] [泪]
0,全！都！想！要！ 叮小叮英国代购 为什么要做女人 抓狂 抓狂 抓狂 [抓狂] [抓狂] [抓狂]
0,我家妹妹同样如此 吃惊 吃惊 想跳舞的董姐姐 我们家那两个也是在偶尔听过后为之疯狂。真奇了怪了。然后现在他们就是一口鸟语，外加一句 。然后问我 是什么意思。 吃惊 思考 抓狂 多么不合适我这么一个正统的妈妈呀。 思考 现在的孩子呀。。。。。 [吃惊] [吃惊] [吃惊] [思考] [抓狂] [思考]
0,芒果不吃芒果，那萝卜是不是也不吃萝卜了！ 我纠结 抓狂 [抓狂]
0,尼玛，还能再疼点么？ 衰 [衰]
0,衰 港中旅孙武 看手机企业的生生死死 就知道任何企业不发展、不创新、不革自己的命 早晚前途叵测！ [衰]
0,好吧。。。 衰 [衰]
0,北京的夏天终于到了！一个字：热！ 晕 晕 [晕] [晕]
0,害羞 时评眉 汗 北京全攻略 还有这样的？！太特么操蛋了！ 怒 大家帮忙留意 爱心传递 [害羞] [汗] [怒] [爱心传递]
0,我们唱了多少年的歌 泪 由某某 山楂大个元宵 精选 人不能没有鸡的世界！！！ 偷笑 [泪] [偷笑]
0,是 偷拍我的後照？ 怒 怒 怒 [怒] [怒] [怒]
0,该骂就得骂 ！！ 怒 [怒]
0,已经辟谣了 钱多多 可怜的制片人 全球顶尖摄影 可怜的雷锋 泪 震惊神秘野史 [泪]
0,你确定！怎么不早说！ 泪 [泪]
0,很使用哦 色爷妍 六喜 你怎么看？ 木头 当当 喜欢这个 抓狂 还一定要自己亲手做 花心 [抓狂] [花心]
0,我也很痛 抓狂 啦呜 同痛 [抓狂]
0,嗯！就这么简单！有的人真不懂，而有的人装不懂！ 失望 [失望]
0,午餐不小心解 了 一包彩虹果汁糖居然有 卡的 量 怒 [怒]
0,老个六 才活一张半 就说老了 那我们还不黄土没腰了 佳一 哈哈哈哈 老了。。。 爱你 演员王晓维 看看还以为你 张儿了。。 衰 [爱你] [衰]
0,有道和词霸集体变脸 好丑 泪 [泪]
0,今天上午有仨学生打座机，问我 中关村店在哪儿 晕 ，中关村店木有啦，网站没更新啊，人已经到海兴大厦啦。于是乎 我就把 北京悦舞舞蹈俱乐部 中关村店的地址给她们了 偷笑 ， 悦舞阿萝 给提成不？ 挤眼 [晕] [偷笑] [挤眼]
0,天天吃都不胖的你！ 抓狂 [抓狂]
0,太子又把我的雨伞尿了 怒 [怒]
0,在穆斯林国家待久了，一点儿酒量都没了！ 泪 这次回国喝了两次酒，半个月前的一次啤酒，还有今天中午的一次红酒，两次都把我喝吐了！！ [泪]
0,上班出门时被楼下邻居拦下，出差前暖气爆裂淹了人家房子，本以为修房又出了什么问题要找我，没想到女主人跟装修工人砍价帮我省了 块钱，死活非要把钱退给我，真是遇到好人了，这个心潮澎湃啊 泪 [泪]
0,世界排名十大变态闹钟，太丧心病狂了 晕 晕 晕 [晕] [晕] [晕]
0,回复 小石头变成了化石 那家生意挺好的呢 嘻嘻 小石头变成了化石 桃园夜市有一道起司马铃薯 好怀念。 泪 泪 泪 泪 乌镇刀哥 最近都在调试新品！有适合才会常态供应！辛苦静静了 [嘻嘻] [泪] [泪] [泪] [泪]
0,回复 懒龙看世界 所以你就可胡乱造谣传谣？他们吃了尿，你也一定要喝尿才平 ？若追求民主的人都是这样的想法和素质，我看还是不要也罢！ 泪 泪 懒龙看世界 在美国，茅台院长能不抓？包庇摔婴的能不抓？把家属移民到中国能做官？ [泪] [泪]
0,厉害啊 抓狂 新浪财经 目前，国内收入最高的医生主要是神经外科、脊柱外科和心脏外科大夫。圈内人士介绍，北京知名三甲医院的外科主任经常外出会诊，一年收入最高能达几百万元。 [抓狂]
0,嘻哈乐乐乐是小董 壹壹壹竖 我的字真对不起这些年买的钢笔 泪 泪 [泪] [泪]
0,还好都不是 来去之间 衰 晨子李 两个人谈恋爱，三观一致很重要。有几点问题是一定要谈清的： ，是否喜欢杨幂，这是审美观。 ，是否关注了陆琪，这是恋爱观。 ，是否是方粉。这是人生观，同时也决定了智商。如果你既喜欢杨幂，又关注了陆琪，还是个方粉。那么。珍爱网也帮不了你 [衰]
0,呀，社会主义。 肉球儿袁 真的是社会主义了 博联社马晓霖 糖衣炮弹 我如果那么有钱，一定鼓励员工生二胎，让谷歌更像母鸡下蛋：各个大，一串串一一 俞靓 社会主义被谷歌实现了！ 泪 泪 创业家卢旭成 转发微博 [泪] [泪]
0,宁等一分，不抢一秒 衰 五道口生活 蜡烛 陈欣龙 五道口生活 [衰] [蜡烛]
0,毛爷爷说，我很郁闷 哈哈 织原雪 哈哈 幸福晕晕晕 哈哈 飞叶飞冰：噗哈哈 粟米 衰 王勇 泪 冯骏骅 哈哈 田水 ：太有才了！ 周小倩 ：这个人可以回家了，免得出大事 郝洋 ： 哈哈 哈哈 人才啊 杨柠铱：下次我看到这个也这样读 哈哈 [哈哈] [哈哈] [哈哈] [衰] [泪] [哈哈] [哈哈] [哈哈] [哈哈]
0,我擦，又有的追了 知日 泪 泪 泪 鼓掌 鼓掌 鼓掌 [泪] [泪] [泪] [鼓掌] [鼓掌] [鼓掌]
0,馋嘴 我难看 无为的无所不为 苏州蚝庄 回复 我不是任筱琦 谢谢！ 鼓掌 我不是任筱琦 没事 改天再来！我早点定！ 苏州蚝庄 回复 我不是任筱琦 不好意思哦！ 害羞 我不是任筱琦 泪 昨天下班准备来的，电话一打，没位置了 苏州蚝庄 谢谢你们的再次捧场 鼓掌 [馋嘴] [鼓掌] [害羞] [泪] [鼓掌]
0,曝光易讯网买的海尔冰箱，第一天送过来就不制冷 怒 [怒]
0,可爱 侯宁 身子可以变成美人鱼，唯独不变的是猪脑子 晕 茶人张赢天 猪脑子在，猪头就变不了哈。 偷笑 侯宁 前世当猪被人欺，天蓬元帅怒入湖。三十六变化鱼仔，岂料不会变猪头。 偷笑 [晕] [偷笑] [偷笑]
0,便秘的解决方法就是：吃半斤以上的鲜桂圆，注意，是鲜桂圆。保你两天都不停的拉稀跑肚！！！！ ，姐快虚脱了 泪 [泪]
0,泪 我也要买拍立得 茶卡盐湖 没坐到小火车 泪 影子都没看到 [泪] [泪]
0,打拉迪，打拉迪，打拉迪，哒哒哒哒哒。。。唉！我忘买了 泪 嘻哈包袱铺高凤鸾 开空调哇！！ [泪]
0,我还没走好不好胖喵，伤感留在七月，我们感情太纠结曲折了必需有个纪念日 李小颜 泪 泪 杂突然有点伤感喃少女彭。 我会记得你的好的！ 彭肖肖 我还在想要发条什么和你说 喵，我会想你的 [泪] [泪]
0,这小鸟和 明星志愿 里的那个宠物鸡 小 鸡 太像啦 时尚趣味馆 伤不起的星期综合症！ 泪 [泪]
0,回复 我会继续和中行沟通 简单就好 请求支援啦 啥时候轮到中行啊？ 泪 大蟒蛇 回复 萧十六狼 别换银行啊 否则银行要找我算帐了 萧十六狼 回复 大蟒蛇 没有我的银行。。。所以我开始用招行了！ 大蟒蛇 转发微博 [泪]
0,无耻 怒 [怒]
0,金工躺着中枪。。。 叫我雷子 二代学通信，平趟移联信； 丝学通信，诉苦没人信 卡玛的蓝天 没我啥事。。。 糖炒栗子花生酥 按烂计算器啊 泪 微云渺渺 按烂计算器！天寒地冻的我还在加班好吗！ 控在中 按烂计算器 小乖美货 哈哈精辟 番薯胖 按烂计算器， 。 [泪]
0,随手拍 战况不佳，没口，就一尾白条 泪 [泪]
0,这天朝是怕我们的脑袋洗清醒了对他们不好，删贴行为就如焚书坑儒！悲哀啊！ 怒 [怒]
0,愚人节最头疼的就是想怎么骗人。 抓狂 [抓狂]
0,高晓攀 为你阐述大褂由来 花心 ，看看谁主持 抓狂 [花心] [抓狂]
0,回复 出现了目前为止的最低价，究竟有没有这么低呢？不要向股市看齐啊 泪 [泪]
0,这么好的天气 上班神马的最讨厌了 抓狂 不高兴！ 左哼哼 [抓狂] [左哼哼]
0,回复 塔儿哄 偷笑 塔儿哄 唯 家大 院的水是 立水系 自 水水系 泪 黄玺赫 回复 塔儿哄 自来水系。 偷乐 塔儿哄 漂亮 鼓掌 它 都 於哪 京城水系？ [偷笑] [泪] [偷乐] [鼓掌]
0,弱弱滴问一个外行的问题，奥运选手不需要做性别检查吗？ 泡鱼儿 一个是花样美男，一个是阴柔小生。 妹莉十足 安能辨我是雄雌！ 衰 [衰]
0,不求好报，只求安心。 泪 [泪]
0,人海中难得有几个真正的朋友，这份情请你不要不在乎！ 男闺蜜有一个不急着恋爱，有两个不想恋爱，有三个就发现：男人结了婚都一副德性 衰 于是：剩女就剩下了 倪娜娜 蝴蝶王子与大笑公主，乃们的童话太刺激啦！ 这对双黄蛋真的耍得太嗨了！而且是浴缸湿身照哦！ 时尚 [衰]
0,咖啡咖啡 刘美人 刚才你说话的时候我听到你吞口水的声音了，大冷天播这个对观众实在太残忍，呼吁大家明天中午 点 分千万别在旅游卫视看美味人生哦，巫山烤鱼，看了你就会后悔！ 衰 许小添 这点儿，馋了 偷笑 姚微粒 害羞！ 可爱 [咖啡咖啡] [衰] [偷笑] [可爱]
0,京城美食推荐 推荐正宗日式黑牛寿喜烧餐厅：牛玄庵 生拌黑牛肉鲜甜到极致，和蛋液葱花洋葱的搭配完美至极 花心 飞鱼籽沙拉是非常特别的好吃的味道；着重推荐上肥牛寿喜烧，黑牛肉雪花分布的美轮美奂，吸收寿喜烧汤汁的牛肉沾着蛋液在口中的味道简直太美妙了 泪 京城美食探店 [花心] [泪]
0,回复 小木鱼儿 这就是他穿你衣服的本意！ 小木鱼儿 回复 带刺的犀牛 潜水服紧身！还曲线美呢！ 带刺的犀牛 丫昨天没拉着活，看今早给气的！所以痛下决心换装，肯定是受队长的启发！ 小木鱼儿 回复 谷三儿 特么把我小蛮腰裤衩的裤腰都撑肥了 怒 谷三儿 什么情况 [怒]
0,明天又要早起了 抓狂 [抓狂]
0,这俩个大家伙我该怎么处理？？刚才拿起一只来，它过分的活蹦乱跳我一不小心掰折一条腿 挖鼻屎 还是条大腿！ 汗 汗 晕 这该怎么吃呢？ 思考 思考 [挖鼻屎] [汗] [汗] [晕] [思考] [思考]
0,谁统计过，刘建宏解说的国猪正式比赛赢过几场 最后，还说踢成这样不容易了 怒 怒 想骂人！ ！ [怒] [怒]
0,有点小困 可怜 可怜 悲伤 [可怜] [可怜] [悲伤]
0,我希望他的女儿虽然没到现场，但是在某一个地方偷偷看电视，内牛满面 泪 [泪]
0,畜生，一定要严惩。强烈建议为狗狗立法。 怒 [怒]
0,所有动物中，狗狗与人类滴感情最深！多年以前，在黑龙江亲身经历过与我滴狗狗狼犬分别！当时真滴 泪 ！ 许卿绫 一句心情签名 太感人了，好窝心！ 泪 [泪] [泪]
0,最新的 老 北京小吃是 沙县小吃 。 京城豆腐白 老北京吃食很多像炸臭豆腐、烤羊肉串，最近听说鸭脖子也是 哈哈 清真 白家菜 汗 我去掉渣饼是老北京吃食啊！我这个在北京活了 多年的人真特么白活了 衰 衰 衰 北京吃喝玩乐情报 转发微博 [哈哈] [汗] [衰] [衰] [衰]
0,美心 一份餐， 已 到 抓狂 香港中旅港澳游 不接待 餐 低於 的 持，童鞋 是不是多了一重理解呢？ [抓狂]
0,粉丝的抱怨 怒 浦东嘉里城 [怒]
0,同学今送来的自家果园放养鸭产的。煮完发现臭了，这还能吃么？ 衰 [衰]
0,一周前去广东比赛，车就放在了烟台机场。今天回来，钥匙一转，没反应，车没电了。。。找到一洗车店问能不能帮搭一下电瓶，说可以。问多少钱，答：给 块钱吧。师傅开车过来，一下成功。给钱死活不要，说下次来洗车吧。。。 泪 泪 赞 赞 [泪] [泪] [赞] [赞]
0,已经在班上了 泪 [泪]
0,财经网 你不是一个人在战斗，亲 爱你 个人觉得星巴克的问题急迫多了 泪 。 财经网 其实，更实质的问题是：基本医疗服务全民免费，真的比现在的特权公费医疗更无法承受吗？专家亲们 爱你 财经网 比较 这是支持公费医疗的根据呢，还是取消公费医疗的理由呢 思考 [爱你] [泪] [爱你] [思考]
0,哈哈，没事，回来我安排当真的！ 京城主持王挚璐 哎呀呀呀 够热闹啊！可惜我演不了 嘻哈包袱铺陈曦 的媳妇了！ 泪 [泪]
0,那个叫什么 活 该快乐 的汽车公司广告词真的太恶心了！简直就是语言垃圾，一遍一边广播里放，这是要作死啊！！客户都被你们恶心走了 怒 怒 怒 [怒] [怒] [怒]
0,宜春校园里充满友谊的春季！ 美国关岛旅行网 正经事日记 迟暮英雄 八脉神剑 泪 醉金刚 有笙 心 艺术工作者梁克刚 这是今天看到的最温暖的消息！ 舒阳的微博 水流沙坝烹河蟹 世 转发微博 [泪] [心]
0,好美！好想拍旗袍 抓狂 胶片联盟官方微博 转发微博 [抓狂]
0,衰 假身份证都能补办手机卡 [衰]
0,泪 泪奔 你敢消遣我。。。。 [泪]
0,人世间的事大抵如此 泪 [泪]
0,介系要馋 人滴节奏么 泪 泪 泪 [泪] [泪] [泪]
0,回复 高小包子 这么给力 泪 泪 泪 高小包子 比 吧，六七十 [泪] [泪] [泪]
0,回复 豫山鹰 还我乐土！ 怒骂 怒骂 怒骂 豫山鹰 回复 胡爷 信步人生 其实去东莞比来昆明好的 可怜 可怜 可怜 可怜 可怜 泪 泪 泪 泪 泪 [怒骂] [怒骂] [怒骂] [可怜] [可怜] [可怜] [可怜] [可怜] [泪] [泪] [泪] [泪] [泪]
0,蜡烛 屏风永恒 阳台朝西 太难受了！几年前做喜剧节的时候有幸认识了李老师和屏风表演班的朋友们，他们的敬业令人折服！这几年间也一直收到屏风的各种演出消息和创新点子，高粱酒的味道还未飘散，老师却走了。 泪 蜡烛 勇敢的马 西山泽 [蜡烛] [泪] [蜡烛]
0,我右边脸现在都僵了 泪 [泪]
0,烦死了。。。！！！ 抓狂 [抓狂]
0,感觉要末日了 泪 [泪]
0,泪 我是王洪波 转发微博 [泪]
0,家乐福的客户应该会有同感，深处货架其中，身边十余个促销美眉的自挂式扩音器，高声对攻，会让你瞬间颠狂、崩溃 有木有人出来管管啊！ 抓狂 抓狂 抓狂 [抓狂] [抓狂] [抓狂]
0,表哥 和表姐 柘木 完了，动真感情了 晕 [晕]
0,雨后空气清新，玉兰花绽放。只是好冷，忘记加外套了。 泪 [泪]
0,偶一到国内就会的皮肤过敏，尤其是天热闷湿的时候。偶被偶妈规定去看医生，偶刚不要了，去趟医院老吃力哦，有种医生一张臭面孔，开老多药，瞎七哒八一点用偿阿么的。。但是啊拉妈发了强行指令。所以，明早要去看医生。。。 晕 [晕]
0,看来出门还是得扛脚架。 泪 天涯棋子 没有去过啊。。 [泪]
0,张萌杰 如意静妞 你们看见没？ 大碎骨 钱丽 忒吓人了 衰 北京美食攻略 这是何苦呢年轻人。。 [衰]
0,你这个白族死胖子闪开！起码得维族才配谈神级吃串吧！ 和菜头 操！吃烤串的神级人物可以吗？ 雕爷 操！你敢给我找到个懂烤串的神级人物，我就敢开！ 来 和菜头 别逼逼，有种你开啊？开啊？ 雕爷 怒了！！这是非要逼我出手开个真材实料的正宗烤串餐厅吗？！ 怒 怒 怒 怒 [来] [怒] [怒] [怒] [怒]
0,这个王八旦 怒 沉思中的空间 真 不如畜生 怒 [怒] [怒]
0,这必须逼停它 小米粥 变态啊 哈三无四 恐怖分子啊 衰 御姐的灵魂萝莉的心 靠！报复社会啊！ [衰]
0,又要被师傅穷骂了 泪 [泪]
0,这招忒狠 怒 [怒]
0,衰 黄金周总结 一共 天假期争分夺秒地发了 天烧，最高 度 ，急诊大夫怀疑是心肌炎这通折腾 所谓病去如抽丝，至今还咳嗽头晕。最可恨的是，去年十一黄金周我也这么过的。 生病 [衰] [生病]
0,修侃 啊。。。这次带着 红音萤 来北京进行 公益巡讲，无奈工作太满无法成行去看 高晓攀 尤宪超 百变连旭 嘻哈当家主持小宝 嘻哈包袱铺刘星 ，难道，要追到澳洲才能相遇吗？？ 泪 [泪]
0,今天路上空出租好多！貌似大家都不敢出门儿了 怒骂 [怒骂]
0,你今天都这样了？你让我怎么填调查！ 晕 [晕]
0,玛雅探索者 导演张骁 丹粟 比加州阳光 印度悲剧之一是永世不得翻身的种姓制度，小金人又奈它何 泪 杂志 生于妓院 这部电影用了 年时间，对一部 片来说， 年的 似乎太漫长。但正是时间的堆积、作者的思考沉淀，才成就了这部优秀的作品。 [泪]
0,咋失眠了，明天还要上班 抓狂 [抓狂]
0,围观 李继锋 丁大姐当时木有考虑通货膨胀。。。 泪 谭人玮 省部级才五百万，太小瞧领导啦 九九校长 差远了！ 徐辛 不 。 [围观] [泪]
0,矮马，天天吃香喝辣，减肥是浮云啊浮云。 泪 杨梅酒好好喝。 [泪]
0,奋壹 任卫新 一律取消资格，重新考核。马勒戈壁！ 衰 慕眼 慕眼所见：学术腐败，学者砖家道德底线的失守意味着社会道德最后一道防线崩溃。 [衰]
0,宝子你哭了么 陆宝 流年似水 泪 [泪]
0,麻辣！爆炒！清蒸！葱姜！白灼！ 抓狂 [抓狂]
0,怒骂 怒骂 怒骂 ！！！ [怒骂] [怒骂] [怒骂]
0,这是我孕后吃了 上吐下泻的原因吗 抓狂 黑眼圈的猴猴 北美时尚快报 我了个去 北美宠物快报 我了个去 神奇的美帝 我了个去 北美吃货快报 我了个去 北美省钱快报 我了个去 [抓狂]
0,本周六参加不了呀 抓狂 年高真水 这周的茶聊，报名的同学情猛击啊 [抓狂]
0,现在应用做的都这么直接啊 抓狂 伏特加老男孩 编来编去之 宋金 比邻开始强推了啊。。。 [抓狂]
0,回复 唏小 汗 汗 汗 唏小 这样停帅 赞 马剑是谁 还是我们三儿了解我 爱你 爱你 爱你 东京憧憬 他真不会笑 嘻嘻 马剑是谁 回复 许愿 许愿 许愿 爱你 爱你 爱你 马剑是谁 晕 晕 晕 汗 汗 汗 [汗] [汗] [汗] [赞] [爱你] [爱你] [爱你] [嘻嘻] [许愿] [许愿] [许愿] [爱你] [爱你] [爱你] [晕] [晕] [晕] [汗] [汗] [汗]
0,万恶的雨中北京！交通又瘫痪了！ 抓狂 [抓狂]
0,命运掌握在自己手里。 失望 [失望]
0,吃惊 昊东 下次请弄切桑窝，弄则钢盔 吃桑窝 挨揍，普及上海闲话！转转转 昊东 记者到编辑都不是上海人 可悲 杨小资的新家 上海话已经慢慢消失。。 泪 泪 卡通宝妈 哈哈 吃生活，吃桑窝 [吃惊] [泪] [泪] [哈哈]
0,淋巴疼的人很可怜好不好！抬头和笑现在是最困难的两件事啊亲，不要再逗我笑啦！ 抓狂 壹 小羊妞的微博 [抓狂]
0,现在只能说昨天是家父的百年诞辰了。他曾对我说，一定要做一份自己喜欢的事情，因为你一生三分之一的时间都在工作。我发现三分之一的比例是严重的估计不足。就拿刚过去的这天说吧，超过了二分之一，连写纪念父亲的微博都耽误了。 抓狂 [抓狂]
0,某火锅店 周年的纪念手纸， 大爱同行 这几个会不会让其他火锅店找到好基友的感觉？当然我知道它指的是别的意思，但往往满嘴爱挂在嘴巴上的其实并不怎么懂得爱的，比如这里面的纸，一股廉价香水味，闻一下让我连打了五个喷嚏 衰 [衰]
0,为毛又最后一名了 泪 张蕾蕾 [泪]
0,时间像牙膏，挤挤就有了。 默沫妞儿 各种羡慕 花心 总对自己说等有时间了，也要好好出去玩一玩，可 一直没有时间 失望 [花心] [失望]
0,年前 大米的鸡排早已木咯 晕 我在这里 [晕]
0,你应该庆幸啊，其弟可没有姐姐强悍。 哈哈 滟子的 ：曾经和邓文迪的弟弟在星空卫视共事，可惜的是未成为其弟妹 晕 [哈哈] [晕]
0,打孩子，打老婆，一样要坐牢！！ 林珍颖 晕 [晕]
0,晕 一到周四，灵魂就会从身体中逃窜出来，四处闲逛，怎么劝都不愿意回来 [晕]
0,自 年中到 在的相片，霎 全部不 了！跪求 高人指 迷津！ 泪 [泪]
0,衰 我外婆只信赖三元，为的就是那人民大会堂几个字儿。 [衰]
0,外加两碗饭 这肥是减不下去了 泪 [泪]
0,回复 乔晓韵 我远飞西安去了，桑透了 乔晓韵 淦啊！！！ 徐威特 老湿没有哭瞎嘛！！！！！欺骗人感情很开心吗！！！！！ 抓狂 我也去玩 ！还没这么快 魔都韵洞圆们先聚起来啊，求聚会套图 害羞 我是带路党 衰 党魁好霸气 [抓狂] [害羞] [衰]
0,老纳色语 已平安到家。西安行最大收获 体重创 来的新高： 抓狂 。怎么减呀？头痛！ 泪 [抓狂] [泪]
0,托斯卡纳 又是个让人心痛的事情！ 泪 泪 泪 摄影家谢墨 风 子 无语转发 张醒生 通天河的哭泣！ [泪] [泪] [泪]
0,还是你和大腰支钻被窝吧，哼 我叫王鹤媛 搬小板凳看你钻被窝 挖鼻屎 胃怀天下 凌乱 我叫王鹤媛 你怒个 呀！得了便宜还洋葱装蒜呢 挖鼻屎 挖鼻屎 胃怀天下 怒 [挖鼻屎] [bed凌乱] [挖鼻屎] [挖鼻屎] [怒]
0,回家过年真不容易啊 泪 [泪]
0,想梳个复古头来着 没成功 失望 [失望]
0,马达加斯加 沐源瑶瑶 柳小盒盒儿 镜头背后 星座爱情 下月大片云集！ 马达加斯加 ！ 饥饿游戏 ！ 可能还有 特种部队 ！ 抓狂 [抓狂]
0,如今这是一个人什么样的社会啊，这人的心理为何如此畸形变态？ 怒 [怒]
0,固执的大叔这场又好危险 失望 [失望]
0,切尔西俱乐部老板 拥有世界上最大的私人超级游艇。游艇配备了两个直升机停机坪，一艘潜水艇，一个游泳池，众多的按摩浴缸，以及一个导弹侦查系统。 个客房和主人房都装配防弹玻璃和 英尺高屏幕的家庭影院。游艇上一共有 个工作人员，负责游艇的日常操作，每年的运作费用约为 千万美元 晕 [晕]
0,耗子 ：这么严重？ 谢小虾 怎么办？没人在里面吧！ 泪 政府快想想办法吧！ 菁点小朋友 ：转发微博。 [泪]
0,介个的确有点 人 抓狂 [抓狂]
0,每年都是最好时期 孙大泡老窝 回复 黄锦波 欧欧屁 老狗又骂你了！ 怒 [怒]
0,男保安给单身女业主写信求爱 然后被开除了 杭州城西某小区 岁保安老阮，给心仪的单身女业主写了求爱信：小蘑菇，我每天都想你 还手抄一剪梅歌词，塞进她信箱。第二天，他被物业开除了，女业主投诉被骚扰。老阮说：我未娶你未嫁，你可以拒绝我，何必闹这么大？ 伤心 爱一个人好难！钱江晚报 [伤心]
0,网 排队默默转发！ 望京网 在这个雨夜，让我们默默的转发一下 泪 [泪]
0,可以自荐吗 抓狂 张川 致景投资 欢迎牛人加入 王淮 驴妈妈旅游网洪清华 有劳各位朋友转发推荐，推荐成功奖励济州岛 晚 日双人浪漫游哦。。 哈哈 [抓狂] [哈哈]
0,怀念我的 长发 失望 [失望]
0,靠，挂了吧 小小黑鱼 太用力了吧 汗 马秋秋秋 衰 [汗] [衰]
0,一大早，开车来北医三院，进门那个不易啊，排长队半天进不去，又困又乏，要命的是肚子不舒服，好想找个洗手间 抓狂 抓狂 抓狂 我在这里 [抓狂] [抓狂] [抓狂]
0,没吃晚饭的人 准备伴着大雨睡觉 泪 [泪]
0,怒 这是为何？ 董郎 伟荣 实说 诞生在世界末日 齐河律师 这是为何？ [怒]
0,一脑门子工作呀，半点都不想做。 泪 泪 泪 泪 [泪] [泪] [泪] [泪]
0,闭嘴 吃惊 衰 [闭嘴] [吃惊] [衰]
0,真的跟着唱出来了 泪 果壳网 泪 [泪] [泪]
0,围观 胡元骏 我去，你 你们全家都中年 抓狂 樱桃昕就是张昕 细品老胡的滋味人生，核心词就是：文艺。文艺青年变文艺中年 偷笑 不文艺的厨师不是好摄影师。 胡元骏 [围观] [抓狂] [偷笑]
0,以为早已习惯了一个人吃饭，今天却很讨厌 因为有好几样想吃的东西 泪 无法决断又不想浪费 悲伤 [泪] [悲伤]
0,居然有知名箱包品牌抄 的款 怒 [怒]
0,超越杭州水晶 种 桔子耳朵 怎么整，怎么整啊， 种啊！！！ 泪 泪 泪 泪 泪 这还是整了两天一夜的结果 酒店 安贞袁超 [泪] [泪] [泪] [泪] [泪]
0,我只敢发言 别让医生杀了你 和 越野拉力赛领航心得 。如果培训不成功还好，一旦有效果，又会对不起你啊，游戏开发的事情我又不敢班门弄斧 失望 吴刚 欢迎各游戏公司 参与交换培训！ 字醒鱼 可以旁听吗？真羡慕。 [失望]
0,两年前的今天，我失去了一位很好的同学，他的父母失去了他们唯一的孩子，看到今天的新闻心里格外的沉痛 泪 蜡烛 蜡烛 金华突发新闻 父母已经办理相关手续动身去美国，真不知该希望什么愿望什么，没什么比这更糟糕的了。 泪 泪 泪 [泪] [蜡烛] [蜡烛] [泪] [泪] [泪]
0,我不会告诉你，我们两星期不到就要喝掉一罐啊 泪 ，老贵的 [泪]
0,我的第一次被追，脖子都扭到了！ 泪 泪 泪 泪 泪 泪 泪 [泪] [泪] [泪] [泪] [泪] [泪] [泪]
0,脑袋进水了 怒 [怒]
0,晚点 怒 终于要飞了 南敬伟 都是夜猫子，我昨晚 点睡的， 点多就醒了！ [怒]
0,六六 赞一个。 古早尚嗨项 神器啊 哈哈 陈苏 人才啊 抓狂 宋晓晨 阿鸵鸵 [哈哈] [抓狂]
0,白天淘气包状元爬到餐桌偷下来一包小球藻，啃开袋子发现不好吃就扔到一边。傻波妞发现了，麻利儿全给吃光了。晚上波妞爬高高正玩呢，哗啦一大口，吐了一地海藻泥。 抓狂 [抓狂]
0,男人，就像食堂的菜，虽然难吃，但是去晚了居然还没有了！ 泪 真理呀 [泪]
0,只唱了四首歌晕，静茹静茹，安可安可安可 抓狂 抓狂 抓狂 抓狂 抓狂 抓狂 抓狂 抓狂 抓狂 抓狂 我在 [抓狂] [抓狂] [抓狂] [抓狂] [抓狂] [抓狂] [抓狂] [抓狂] [抓狂] [抓狂]
0,晕 阿彩儿 多出来的钱呢 ？ 小狮子喜欢笑 好像是的，多的钱呢？ [晕]
0,泪 我会留意！也请大家施援手！ 下一站幸福宠物救助 求助！被虐斗牛犬求救助！请发现人及在附近的及伸援手！！ [泪]
0,不是精壮男就不要来面试了，体力真的很重要，没遇见何嗖嗖之前你可能还没意识到自己的体力是这么局限。 何嗖嗖 泪 感谢各位转发的盆友 这会儿我有点招架不住了 照片是自拍自己解救自己！ [泪]
0,一大把年级的老可爱么？ 晕 汗 嘻嘻 [晕] [汗] [嘻嘻]
0,回复 空空的绿色天空 呵呵，那就下次吧，想吃什么好吃的就找我，精通北京美食！ 哈哈 空空的绿色天空 不早说。。。都吃过晚饭了 泪 我爱吃肉 [哈哈] [泪]
0,那些问我的登山鞋怎么变成那样的同学，答案在这里 泪 我没变成泥人儿柳就不错了 [泪]
0,为双子和处女星座鼓掌的同时，请注意也为魔羯和天平洒下一把同情的泪水 偷笑 泪 [偷笑] [泪]
0,滞留在 机场超过 个小时了，听说北京现在大暴雨？ 衰 [衰]
0,发了上条微博后，许多好友都来电安抚并热心帮忙联络有熟人的医院，蕾无比感动 在此谢过。不过折个无名指也算不上什么大碍，蕾还是想去体会一下这就医的辛酸。 泪 [泪]
0,李小乐 出服务区 小图已经让我颤抖！最近老板在研究密图吗？ 泪 释魏然 为图转 修炼中的花生 出服务区 说真的这个图才密恐呢 我那地图真算不得什么 [泪]
0,刚看完 版 大闹天宫 ，陈佩斯配音的满嘴京片味的土地佬儿是唯一亮点，然后睡到了剧终。老妈看的 碟中谍 ，直赞阿汤哥太有型了！而我要等到绵羊回来一起去看 版的，只能先忍着了 抓狂 。 [抓狂]
0,在家的孩子好幸福 说的我突然都好想家了 泪 亲，话说你最近心态比较少女哇。 偷笑 我喜欢这样的稻草人 [泪] [偷笑]
0,兔拉拉 孟陌陌 还尼玛是五音不全的单曲循环 抓狂 大力做大力 还尼玛单曲循环。。。 哇哈哈 旁边那只快被他烦死了 哈哈 哈哈 [抓狂] [哇哈哈] [哈哈] [哈哈]
0,记得很早以前的时候，十块钱可以吃两个烧饼加羊肉串 泪 [泪]
0,吃完饭出去散步，却猛然发现，周边已是一片银装！今天返家的同事应该已经顺利抵达！但明天将踏上返家路的同事怕是要经历一番艰辛了！祝福他们，也祈祷老天爷，保佑他们顺利返家，安全回到他们的亲人身边！ 抓狂 [抓狂]
0,私信个地址呗 阿怪 嘻嘻 神州行！我看行哦 ！ 转发 麻辣诱惑陈云华 那就再来个粉色的，让他俩也过个情人节 心 阿怪 回复 麻辣诱惑陈云华 抓狂 不拆 不拆 就不拆！找个位置供起来 嘻嘻 麻辣诱惑陈云华 多好玩啊，舍不得拆吧？ 哈哈 [嘻嘻] [转发] [心] [抓狂] [嘻嘻] [哈哈]
0,看来今晚躲不过了 晕 [晕]
0,向 后的童年致敬！ 丶王小重 看完狂想喝健力宝 陈陈澄澄 感慨 泪 后都看看吧！ 悠然自得 大桥卓弥给了大家很多启示嘛 军事小砖家 健力宝现在哪还有卖？ 泪 朱克奇 后都开始怀旧了 安徽苗同伟 确实不错 [good] [泪] [泪]
0,我操，这种孽障该凌迟处死 怒 王兆军 这 的还算是人吗 怒 黄健翔 怒 田朝晖 令人发指。让上海名记都语无伦次了。 田炜华 抓狂 陈业文新大都 怒 怒骂 弱 [怒] [怒] [怒] [抓狂] [怒] [怒骂] [弱]
0,我还以为是谣传呢，看来要来真的了 泪 [泪]
0,木有我们这届的呀 衰 张鑫 时光荏苒 后生可畏！ 北京邮电大学 原来近期火爆的疯狂猜图的创始人也是我邮的！学弟学妹们，榜样的力量来了 [衰]
0,布完展艺术家觉得自己的植物不够劲儿，死磨硬泡到底是把我的宝贝疙瘩银杏树 偷 到展厅撑场面。 泪 [泪]
0,怒 伤心 蜡烛 年的武侠 从解放中国开始 陈记甜品窝 怒 魑魅蝴蝶 萝亚薇薇 从抵制日货开始！ 爱薇新婚丫丫 操你十八代祖宗！明天在公司门口挂个日本人和畜生不得入内！ 温郑侃 小猫琳琳 变态的小日本，就应该灭掉他们！ 怒 [怒] [伤心] [蜡烛] [怒] [怒]
0,高校要求上课刷脸签到 网友叹给学渣一条生路吧 刷脸签到 在闽江学院音乐学院首山校区已经实行一个学期，大学城校区则是首次使用。相较于传统的课堂点名， 刷脸点名 更能保障老师的上课时间不被打扰。网友们纷纷感叹给学渣一条生路吧！！！ 泪 [泪]
0,袁忽忽 袁东方 你再不来我就要饿死了 泪 [泪]
0,泪 泪 真真的 [泪] [泪]
0,搞一个吧 嘻嘻 给力 董文 暖气没来空调太干的日子，看到这个， 泪 泥马 [嘻嘻] [给力] [泪]
0,向狮龙宫殿小学捐助了 条棕垫 条毯毡 条毯子 个书包 床被子，学校有近 个学生，我们还不能完全照顾到 泪 ，希望更多的志愿者加入，刚才走进他们的宿舍，还是一块木板上薄薄的褥子搭被子，这所学校 虽都是孤儿，但显得有教养，我希望大家未来多关注他们，帮助他们受到更高等的教育回报社会 [泪]
0,哈哈哈哈哈 韩寒 回复 憨憨憨雀子 泪 泪 泪 憨憨憨雀子 年幼女儿坚强扛起半边天，带脑瘫父亲游乐园追忆童年 [泪] [泪] [泪]
0,泪 泪 爱你 爱你 快点回来噢 [泪] [泪] [爱你] [爱你]
0,还没拍到位呢，化妆师就来了！刚轻轻点水，还没拍到高潮 花心 抓狂 木木 你一拍就嗨翻啦 偷笑 偷笑 ：记得要修瘦瘦的，哈哈 窖皇 木木 今天我们就是从蓬头垢面拍到脱胎换骨，再到敬到最后一杯，真的好过瘾 偷笑 私房可以再来一次，这次时间紧拍得不过瘾不尽性有木有？ [花心] [抓狂] [偷笑] [偷笑] [偷笑]
0,新买的月份耳钉，小闪小闪的，稀饭！生被肥哥抢走一只 晕 咱能不那么爱美么 [晕]
0,回复 蛋壳资 你不是网球王子么？ 酷 蛋壳资 我也想打 等我下次空降的！希望你那时没在忙 财经忙人 嘻嘻 是啊后悔啊 没有和你们一起 泪 哇！！是吼！对手？那天我去你不在，都没一起吃成饭！！！！！！ [酷] [嘻嘻] [泪]
0,！踢得真麻痹好！ 怒 [怒]
0,记忆中有这个日子，定格星期二！ 衰 [衰]
0,我在潭柘寺，换了地方，晚上没有睡好，好累啊！ 泪 [泪]
0,哈哈，好可爱！ 姚晨 这么大只的鱼，不知从何下嘴 泪 [泪]
0,带着微博去旅行 韩国首尔的 天安门广场 上可以练摊儿哎！ 晕 我在 [晕]
0,期待大图 鼓掌 梅西巴巴 今晚只拍女神一人，最后散场还想合影，转念一想，还是发扬为人民服务精神，帮拍好其他的 泪 明天发大图。你不来可惜了 小峻 [鼓掌] [泪]
0,抓狂 坚持不懈 狮子炜 鬼狼 焦通 环球搞笑百科 这张照片已经让 万人戒掉烟瘾，如果你再转发，又将拯救很多人的性命和家庭 [抓狂]
0,请问京 的车主，您一个那么体面整齐的大姑娘，把我的车刮了之后，趁我停车的时候锁车跑了是几个意思啊？您说倒车雷达没响，可您都不看后视镜的吗？真有心找个轱辘锁让您彻底把车停这儿得了！ 怒 [怒]
0,好漂亮可爱的孩子 寻亲妈妈！ 泪 唐小 左派王学 晴天的龙龙 璞 徐嘉敏 舒淇 杨子 转。。。 谢婉怡 转 [泪]
0,色我 你们人呐 被看穿了 晕 觉主 哈哈 小高小时候也这样过 [晕]
0,废油吧 衰 张崧 多少钱 张震 汽车在旅行 天津靠谱！ 嘻嘻 韩文磊 有时间来天津勇达行皮卡基地有很多进口房车 [衰] [嘻嘻]
0,衰 衰 啥意思？什么惊呆了？ 五道杠少年张心怡 小伙伴们 惊呆了没 太霸气了 帅哥 七夕快乐 心 [衰] [衰] [心]
0,吃惊 伤心 不是吧！ 言午日免 安婷 樊小胖胖 李楠爱跳舞 我是狮子喵 阳光 [吃惊] [伤心]
0,回复 白小白 我最杯具的是穿短裤把腿晒成了上白下黑，上周买了条更短的超短裤，穿不成，因为一穿就会露出两个颜色的大腿，怎么破，在线等，急 泪 白小白 回复 猫小姐需要正能量 哼 你是出去玩晒的 [泪] [哼]
0,失眠啦 抓狂 抓狂 抓狂 [抓狂] [抓狂] [抓狂]
0,这文字美的！等待节目 嘻嘻 沈的馒头山 主要是没手拍 泪 期待节目吧 酷 勇敢的心 文字煽情但无照片，美呆忘记拍了吗 哈哈 [嘻嘻] [泪] [酷] [哈哈]
0,他已经不来了 经典发型 看得心在隐隐作痛， 泪 好感动！ [泪]
0,光看贼吃肉，没看贼挨打 太尼玛折腾，苦逼 衰 衰 衰 潘晓肖 [衰] [衰] [衰]
0,泪 夕还是一个人 [泪]
0,要火的节奏。。。。。锅回去换裤衩去 衰 [衰]
0,地震发生 秒后的 预警 晕 [晕]
0,有爱啊 泪 [泪]
0,如赏烟霞 抓狂 抓狂 抓狂 抓狂 早安丶晚安丶心语 日本人写的中国饮食安全攻略 ，看完都需要勇气 黑线 [抓狂] [抓狂] [抓狂] [抓狂] [黑线]
0,蓝精灵 看的英文原版，那么多孩子听不懂只能看乐呵了，谁说只适合儿童看？明明是 成人广告片好么 晕 成人台词不少，开房这还算是小清新的 汗 ，难怪现在的孩子早熟。植入广告多的无底线了， 东方卫视达人秀，新浪微博，时光网，蓝月亮等数不过来了，广告收入都能收回成本。影片上座率高！ 微影迷 [晕] [汗]
0,懂得授权 没做好的得反思 刘银华 企业家智库 暂时的小损失换来恒久的个人领导魅力！ 走不出的森林 把一件你很拿手的工作交给别人，再眼睁睁地看着他把事情搞砸，而你却还能心平气和的不发一言 只能说信赖往往能创造出美好的境界 衰 [衰]
0,苏州郎心铁 靠，普通人整天劈腿啊？这是把党员干部等同于老百姓嘛！ 哈哈 江南电视人梁军 大隐语事 文章没眼光，劈腿也找个好点的啊 元猫大大 这经纪人到底想说啥 实在没看懂。 衰 [哈哈] [衰]
0,狠心害死可怜的孩子！ 怒 衰 [怒] [衰]
0,我们的时间和思维已经被无数的电子装备 碎片化 了，真的需要那么多信息服务吗？ 在享受信息服务的同时，我们是否还记得真正要的是什么？ 李开复 单独思考读书的时间又少了。 失望 老沉 不会很久 李黎 飞机上我就顾着睡觉了，没想到还有 服务啊， [失望]
0,碎语 税收不仅太高，而且还很不合理，国库钱多了那能偷的钱也就多了。 怒 怒 怒 [怒] [怒] [怒]
0,结束了，什么都没有了！ 泪 [泪]
0,把一种耳濡目染、言传身教的东西转化为慈善课，订制 慈善读本 ，由老师生硬地教授？ 晕 如果在社会大环境中，无法正确解读慈善，总是轰轰烈烈地出一些郭美美事件，再怎么从娃娃抓起都无用吧 [晕]
0,牛腩君闻到了 泪 雕爷 我都没吃上 泪 [泪] [泪]
0,龙门飞甲的 取镜取景不错，很能突出古装和武打的 效果，剧情略嫌不够严谨 像赵怀安 李连杰 刺杀陈坤，陈坤与喽 断言之前出现营救范晓萱的赵怀安 周迅 是假冒的，因为两地相隔太远。天！虽然是周迅假装赵怀安在远地救人，可李连杰也在那里观察周迅！ 我拿着的是戏里赵怀安的剑，非常重！ 抓狂 [李连杰] [周迅] [抓狂]
0,同感，过广场感觉所有的车都挤！挤！挤！，门口堵着呢， 分钟了 泪 [泪]
0,折腾的快散架了。超过 小时的飞机。 泪 泪 泪 泪 衰 衰 衰 [泪] [泪] [泪] [泪] [衰] [衰] [衰]
0,组织剧情讨论加解馋大食会吧。。我都怨念三天了 泪 还差两集看完 [泪]
0,快烧绿了，明天还出差呢，退烧退烧退烧哦 晕 晕 晕 [晕] [晕] [晕]
0,肖太太 年最美丽的新娘！ 你真是太给力了！年度最帅老公！在最纯净的佛都 清迈。希望你们两个一生都受美好的庇佑哦 小飞猪，你终于正式踏入人生的一个崭新的阶段了！ 泪 心 开心到掉眼泪！ [泪] [心]
0,哦了！咱们一起收拾他们 酷 宋兴男 等哥去北京的 刘金霏 ：师哥保护我！ 宋兴男 哈哈哈哈 师弟啊 真可爱 刘金霏 ：谁谁穿白背心变黄了。。。 晕 [酷] [晕]
0,我的复杂心情如何表达 委屈 刚还雪上加霜的被携程客服骚扰，烦躁无比 抓狂 闭嘴 唉，秋阳是否能晒干我一切忧伤和烦恼 思考 挖鼻屎 我不确定 [委屈] [抓狂] [闭嘴] [思考] [挖鼻屎]
0,深夜发吃 千年等一回的王美人精心打造的晚餐 威武 超好吃哦 只有我这样的 才可以享受得到。感动半死 泪 [威武] [泪]
0,冷 经典丶古诗词 好恐怖！ 衰 [衰]
0,日本首相那条微博转发过 ，从来没有的事情啊 泪 要是 胡适年谱 的微博能有这么多转发，那该有多好啊 可爱 [泪] [可爱]
0,就怕与数字打交道 晕 随它去吧 [晕]
0,顿时感觉悲催了。。。 泪 污泥 麦子 小肉卷 必须艾特你们啊！发家致富三蹦子队 魔鬼经济学 转发 [泪] [转发]
0,我发浴室，你猜酒店 住不起！ 抓狂 抓狂 抓狂 [抓狂] [抓狂] [抓狂]
0,回复 醉街摄影师 臭美 哈哈 醉街摄影师 泪 落下了我 蚝爷 有谁在！有谁落下？可以报到 心泉之家 蚝情之夜，谢谢 蚝爷 ！ [哈哈] [泪]
0,泪 一大早，和小琳姑娘去了趟著名的动物园批发市场，在天乐买了条仔裤 块，还脚的便宜无比，刚才一淘宝，靠同牌子的才尼玛 多块。亏死我的打车费了。以后再也不去动批！ [泪]
0,大象跟大家玩儿的超开心 还趁我不注意用鼻子摸我的脸 哼 天生异狐 大鼻涕弄了我一身一包 泪 泪 一熊微博 我没骑 ，说我有洁癖，那鼻子头上大鼻涕 嘻嘻 晓凡 天生异狐 江南忆龄 郭小沐 穆杉伯男 一熊微博 津旅局的 穆杉伯男 幽灵 太阳 [哼] [泪] [泪] [嘻嘻]
0,星期一综合症、脸盲症、密集恐惧症、 、假日综合症、选择障碍、拖延症。。。我是没救了 衰 [衰]
0,使用 拍摄，钟意影美食，收留我吧 悲伤 刘展耘 第二个问题 你钟意影乜 刘展耘 唔 家政助理已找到 现需摄影助理 名 上你在用的相机 [悲伤]
0,太你妹吓人了！ 衰 今晚果断穿衣服睡觉 [衰]
0,真 不是人呀！ 抓狂 正义正气 猪狗不如 [抓狂]
0,衰 静吟我歌 苹 新浪湖北 爱喝普洱茶的请擦亮双眼！ 涉案嫌疑人租用北京华威北里小区地下室从事仿旧普洱茶的加工经营。执法人员现场查扣散装茶叶、茶砖、茶叶标签、精美包装盒、进销货票据、黑色鞋油、自制印章等涉案物品共计 箱。当你发现假冒窝点，请打 举报！ [衰]
0,我真没少喝，虾米症状来滴？ 郭小懒 味全 泪 [泪]
0,让人看得很纠结 晕 泪 哈哈 [晕] [泪] [哈哈]
0,必须投诉 笑笑 真的哦 超级嚣张 鄙视 鄙视 鄙视 芝菡她娘 就是黑店呀 笑笑 是呀 超级港 哟别给你觉得有问题你记录或决绝收进去，既然收了你还我的时候我肯定要检查的 全车身哦，傻逼傻伐？！如果 这样处理问题根快就倒闭客！！ 怒 怒 酱 投诉到底呀 [鄙视] [鄙视] [鄙视] [怒] [怒]
0,泪 家有三宝 泪 期待奇迹！ 凉仔 住 催泪弹 泪 泪 泪 张小 赶作业不熬夜 没 住。。。 童小姐拥抱 睡前泪奔。 欢 看哭了 蓝胖胖枫枫 泪 泪 泪 总有那么多的猝不及防，健康比什么都重要。 爱心传递 [泪] [泪] [泪] [泪] [泪] [泪] [泪] [泪] [爱心传递]
0,一早醒来看到这消息，愣了半天 泪 ，希望他的跟腱能早日康复！！！ 蜡烛 蜡烛 蜡烛 [泪] [蜡烛] [蜡烛] [蜡烛]
0,！不由得想起当年的时光 泪 我在 [泪]
0,泪 突然好想好想出去玩啊！！啥也不干，每天就吃了睡睡了吃，起来出去溜达溜达，面朝大海，春暖花开，再来二斤饺子一斤牛肉，为球状身材奋斗终生！！！ 凌乱 [泪] [bed凌乱]
0,有才 抓狂 哈哈 [抓狂] [哈哈]
0,有吉林场吗？ 悲伤 晓丶航 张小闹 想去看 林俊杰 你 的用心！ 北的 真的机 得 不要 失机 喔了！ 太开心 太开心 太开心 先 先 [悲伤] [太开心] [太开心] [太开心]
0,回复 不靠谱小姐的盘丝洞 真的？那可太遗憾了，下次去吃不到了 泪 不靠谱小姐的盘丝洞 故乡居关门了 丹东市里有家朝鲜风味餐厅叫 故乡居 ，很有名生意爆好。朝鲜菜与韩国菜还是有差别的，巨好吃。最拽的是这家老板娘，周日不营业，理由是老板娘要去做礼拜，不由人不刮目相看 [泪]
0,地铁 面前这位乘客 恤印着元素周期表，愣是读不出几个了，对我来说好似天书！ 晕 实在不好意思说自己学过化学，背过元素周期表！ 衰 我在 [晕] [衰]
0,叶匡政： 冷酷太阳：这就是特色问责制度，换窝而已 怒 [怒]
0,怒 ！！ 米女郎 怒 项禹杰 这个 还有让人放心的地儿吗 ？ [怒] [怒]
0,心 伤心 现实与理想 罗兵 这段话说的真好。 [心] [伤心]
0,汪汪重启中 年底医院看病排队的孩子真心伤不起啊 泪 反正来一回，不做不休 奥特曼 一口气看五个科，一起交费，哼 猪头 [泪] [奥特曼] [猪头]
0,难道真的老痴了，居然记错人家大喜曰子！再不上班会变成傻子了恐怕 抓狂 [抓狂]
0,全部送出去之前，一直狠抓狂地想把每支都试个遍 抓狂 泪 需要解嗨 [抓狂] [泪]
0,怀念 泪 北京 国安 秋山晚翠 川 叮当的痒痒挠 转发微博。 [泪]
0,泪 做记者太不容易了！ [泪]
0,泪 泪 泪 新京报 且行且珍惜 爱心传递 [泪] [泪] [泪] [爱心传递]
0,九点下班，回到家收拾出差的行李。 因为要有五天的徒步，所以想来装包必定复杂。 于是学了他人，先拿出一张纸，列了个表，事无巨细。然后按照表细细捋来，竟然神速。云南还是夏天呢，所带衣物也方便。 一会再对着那个列表逐一复查装包即可。 哈哈 只是想到明早要 点即起 抓狂 [哈哈] [抓狂]
0,所以要化悲痛为力量啊！问题是有些人用这种力量去超越自己的无能，而有些人却用这种力量去增加自己的愤怒！ 衰 [衰]
0,炖了汤就把鸡肉倒掉了 泪 。太不拿豆包当粮食了您！ 月上柳梢微博 回复 曹蕾 我咋就喜欢做小炒不喜欢乱炖呢？我这三种味道，你那一个！ [泪]
0,应该是最后一次被采了吧， 我自豪我是新疆人！ ，惭愧啊，只在新疆呆了不到一年，可以走捷径不？ 我努力我是新疆媳妇！ 正想着这美事呢，耳边传来 被采的声音： 我和王老师共同生活的这几个月 啊？这不是诚心捣乱吗？！ 怒 [怒]
0,呼呼的刮大风是怎么个意思？哪儿的台风又登陆了吗 我买了十点半的电影票啊不会被吹跑吧，真让人不安。 泪 [泪]
0,爱你 亲亲 鼓掌 结婚前的最后一个生日啦，你都要嫁人了 泪 [爱你] [亲亲] [鼓掌] [泪]
0,越南河粉！！！啊啊啊啊！我的最爱 泪 泪 泪 泪 想念 薰薰薰大小姐 刘海斌强强 [泪] [泪] [泪] [泪]
0,提炼工艺好的话 地沟油处理完像金龙鱼一样透亮 这种方法只能用在街边的小摊油品检验中 有半数的饭馆油品都或多或少有问题。 无双谱 晕 海带败家 安 愚 转发微博 [晕] [good]
0,这些腿呦。。。 晕 [晕]
0,明儿还要继续上班的苦逼请举手 失望 [失望]
0,方崇道 三伏来临了。 抓狂 法图麦的妈妈 转发微博 [抓狂]
0,泪 泪 刘湘明 阚治东 无意间看了这段视频，感触颇深。这孩子还这么小，却无形中给我们大家上了一课。想想看，人的一生中，有多少值得我们爱的人和事，尽管生命中总会有那么多挫折磨难，但因为这些爱，是否能让我们活得更好、更精彩些呢。 [泪] [泪]
0,晕 天啊，太可怕了 安尼陈 给你们 晕 雄小林 秋秋 奥黛丽 东冬 [晕] [晕]
0,你妹啊，以后我还怎么敢去 歌啊。。。 泪 [泪]
0,穿高跟练基本功对膝盖的负担还是有点儿的，膝盖好疼 泪 泪 虽然跟儿也不高。。 赵小女青 小静 [泪] [泪]
0,刚刚看完 恋恋笔记本 哭得一塌糊涂 泪 [泪]
0,支持！ 萧三郎 泪 体会卖报艰苦，不易！新京报， 周岁生日快乐！ 新京报书评周刊 新京报 白火焰 [泪]
0,蜡烛 蜡烛 蜡烛 蜡烛 禧华轩张卫东 蜡烛 蜡烛 蜡烛 秦皇泡泡街舞大叔 蜡烛 蜡烛 蜡烛 林子 赞 林子 转发 伤心 泪流满面 [蜡烛] [蜡烛] [蜡烛] [蜡烛] [蜡烛] [蜡烛] [蜡烛] [蜡烛] [蜡烛] [蜡烛] [赞] [转发] [伤心] [泪流满面]
0,上次从扬州回来，疯了一样馋江南这种酱油汤的豆花 抓狂 。。现在不抓了，终于让我攻克了这个课题 我现在可以用豆豆厨或白玉的内酯豆腐自制出几乎一样的江南豆花乐 太开心 遨游知道 苏州美食微攻略 [抓狂] [太开心]
0,额 吃惊 我也只有四个 晕 泪 石家大小姐 我只有四个啊！ 怒 怒 [吃惊] [晕] [泪] [怒] [怒]
0,每个都雷同、老了 晕 [晕]
0,遇到过一次这情况，扭伤了脚 怒 半糖会很幸福的： 李 ：天呐，就这样还整高铁呐，谁敢坐啊。 ：太危险了 小能一头： ：什么情况。。 杉 ：天啊 [怒]
0,原来资本主义才是真的实事求是！ 汉嘉高贤林 明白了，美国为什么世界第一 泪 [泪]
0,回复 流星的眼泪 每个女人都有善良美丽的潜质，就看你是用智慧来开启她，还是用欲念去刺激她，过了三十六岁以后就相由心生了！ 流星的眼泪 可是也有科学证明说美丽的人更聪明？ 晕 金星 创造，继承，毁灭。富不过三代！ [晕]
0,嘻嘻 哈哈 爱你 晕 泪 馋嘴 抓狂 哼 可爱 怒 汗 呵呵 睡觉 钱 偷笑 酷 衰 吃惊 闭嘴 鄙视 挖鼻屎 花心 鼓掌 失望 思考 生病 亲亲 怒骂 太开心 懒得理你 右哼哼 左哼哼 嘘 委屈 吐 可怜 打哈气 顶 疑问 做鬼脸 害羞 书呆子 困 悲伤 感冒 拜拜 黑线 抱 [嘻嘻] [哈哈] [爱你] [晕] [泪] [馋嘴] [抓狂] [哼] [可爱] [怒] [汗] [呵呵] [睡觉] [钱] [偷笑] [酷] [衰] [吃惊] [闭嘴] [鄙视] [挖鼻屎] [花心] [鼓掌] [失望] [思考] [生病] [亲亲] [怒骂] [太开心] [懒得理你] [右哼哼] [左哼哼] [嘘] [委屈] [吐] [可怜] [打哈气] [顶] [疑问] [做鬼脸] [害羞] [书呆子] [困] [悲伤] [感冒] [拜拜] [黑线]
0,除夕啦！路上车太少了 我各种横着开 容易超速 晕 晕 偷笑 今天中午吃的都是大鱼大肉海鲜神马的，都是我需要忌口的，妈妈一点都不顾及偶 情绪 哼 哼 哼 。我还是没少吃。 拜年的话不能免俗。祝大家龙年大吉，财源滚滚！顺心顺意咯！ 威武 威武 [晕] [晕] [哼] [哼] [哼] [威武] [威武]
0,回复 古长宏 我做梦都想有一套房子的奖励，谁给，我接受 泪 古长宏 请问：全运会冠军给奖房子不？ 乒乓阎桂丽 等待房地产泡沫，那一天。十万块钱一套，就买。 乒乓阎桂丽 等待房地产泡沫，那一天。十万块钱一套，就买。 [泪]
0,身上灌了铅一样沉 怎么都从床上爬不起来 泪 泪 泪 饿神都不能给我拽起来 兔子 兔子 兔子 [泪] [泪] [泪] [兔子] [兔子] [兔子]
0,回复 上海新闻网 不是会员 人数已 上海新闻网 你好 可爱 求个关注啦 壹黄金李忠华 割了 去势 群贤堂主 暴打 小季伏枥 衰 孙庆生 刘步尘 这是谁家的老公猪，快认领回家一顿爆揍。 [可爱] [衰]
0,回复 怎么说呢？心里年龄十八 偷笑 偷笑 偷笑 没见过，您老嘛？ 马剑是谁 ，我老嘛？ 怒 怒 怒 我还年轻 哈哈 哈哈 哈哈 欢迎欢迎 [偷笑] [偷笑] [偷笑] [怒] [怒] [怒] [哈哈] [哈哈] [哈哈]
0,每个痛经的女生上辈子都是折翼的天使 泪 泪 泪 泪 泪 泪 泪 泪 泪 [泪] [泪] [泪] [泪] [泪] [泪] [泪] [泪] [泪]
0,有事情也要依法呀 张维玉律师 王缪陶不睡觉？ 艾迪狗狗 怒 胡益华律师 一起关注 张维玉律师 怒 伍雷 朱亚年的女儿 到现在依然没有任何消息，手机依然关机。 射手小竹子 有消息了么 伍雷 嘿 老烟枪 朱亚年的女儿 今天庭审法官：审判长王频 男 审判员缪琴奇 女 [怒] [怒]
0,此包房叫南天门 哈哈 扁担姐的大闸蟹 人家卷的是珠帘，后面还有美人，你这个图，我看了，饭都不想吃了 怒 [哈哈] [怒]
0,一个人仙踪林。以后都唔再热情帮人和借钱比人了，因为帮完借完会无朋友做。 伤心 [伤心]
0,抓狂 停电！！！ [抓狂]
0,这位置不太好！ 衰 衰 衰 [衰] [衰] [衰]
0,我都还没舍得摘吃 泪 [泪]
0,王梓骐 衰 [衰]
0,在自己的住所当沙发客兼厅长，我的命运比你还惨 懒人地盘 泪 泪 泪 [泪] [泪] [泪]
0,黄晶 都被逼成什么样了 晕 环保老爸之 如果民政局是上市公司绝对是利好消息 筱斐之 有才 晕 哎哟喂 小言语丝 伤不起啊伤不起。。都被逼疯了。 [晕] [晕]
0,黄栌记忆 ：请阅读潘一恒孩子的画，伤痕呵！ 洁平 泪 香港东方日报：殉职的司机潘一恒，至今仅收到保险公司确认其生前自行投保的人身保险，金额约五万二千余元人民币。潘一恒是铁路职工，不能享受事故遇难者的 万赔偿方案 [泪]
0,我 前边一男人向我走过来，个子比我还矮。问我：会讲中文么？我瞧瞧他，心里打紧，点点头。他继续道：你会说英文吧？你帮我问问机场有没有麦当劳？我笑 莫斯科机场，麦当劳？但很严肃的帮他问了一位俄罗斯帅哥。我告诉他：没有！他接着说：那肯德基好莱，有没有？ 闭嘴 抓狂 想美国快餐想疯啦？ [闭嘴] [抓狂]
0,惊悚 中午刚发了一条说自己年轻的微博，刚才就突然接到一条广告短信，让人不寒而栗。以下为广告内容： 您想瞬间年轻吗？ 用高科技不开刀不手术为您面部提升、祛皱纹、祛眼袋、祛斑、减肥丰胸、溶脂不影响您工作， 年成功经验 电话 为避免侵权，文中商家名称和电话号码做了处理 晕 [晕]
0,徐雷 我懂的，你们懂吗？ 合润王倩 万安凤 怒 阿忆 也许你从此看不成了 [怒]
0,微群小助手 含泪转发 泪 头条新闻 转发微博 [泪]
0,伤心 寒海神龙 伤心 财经网 波音中国总裁微博称飞机已找到 伤心 小马哥爱 蜡烛 蜡烛 蜡烛 [伤心] [伤心] [伤心] [蜡烛] [蜡烛] [蜡烛]
0,看看我的红皮箱 泪 好可怜哦！ [泪]
0,非常适合在这种大阴天听 刘晗小朋友 各种动听的伤感小情歌啊 泪 [泪]
0,偶的神啊！ 晕 抓狂 泪 泪 泪 泪 [晕] [抓狂] [泪] [泪] [泪] [泪]
0,败犬女王 吃惊 衰 [吃惊] [衰]
0,鱼头鱼头烤玉米 一声叹息。。 汤汤的美丽新情 都六年了。。愿早日团圆 怒 泪 转 正数第一名 爸爸爱喜禾 以前转过 康康妈妈 盼早日找到孩子，大家帮忙转 [怒] [泪]
0,又一个小光棍节？ 晕 文武艺术亚洲 月 日这个日子够有讲究的，不是小光棍节吧！希望有时间去看看！高铁方便哟！ [晕]
0,人家说当三次伴娘就嫁不出去，银家这努力控制客流量就给大学同学 隋兰 当了一回怎么还是 衰 不准！人家还说抢到新娘抛的花球下一个结婚的就是你，银家都抢好几回了怎么还是 悲伤 又不准！既然老话不准那咱就别按步就班啦，摔开膀子勇往直前吧 可爱 蕾女心经 电视剧首付 [衰] [悲伤] [可爱]
0,大雄 绪伦 可见右侧有钱人 刘春 你爱特我们干毛啊 怒 一毛不拔大师 孔二狗 刘春 [怒]
0,泪 泪 泪 的涂画簿 她说 [泪] [泪] [泪]
0,回复 大理老黑客栈 黑店 喝了呀 委屈 大理老黑客栈 黑店 你喝酒没有啊，不然没理由拍不到你啊。下次去我们老家。 小魔女的旅途 磅礴乌蒙 神奇昭通 怎么没有我呀 泪 [委屈] [泪]
0,晕 哪的姑娘都好，只要是中国的！ 偷笑 夹袄 换个胶南姑娘就挺好 青岛市黄岛区旅游局官方微博 非常期待景区早日开放 耶 刘敏 旅游达人 期待！加快建设，尽快把你们漂亮的度假区搞出来！ 鼓掌 盛永利 世纪唐人 加油！ [晕] [偷笑] [耶] [鼓掌]
0,抓狂 真丑！ 北极狐不过冬：放大后，拿来养着 [抓狂]
0,怒 青蛙王子 武汉电视问政 主持人柳莺 黄鹤 武汉网络电视 武汉市交委 武汉交通广播 [怒]
0,谁能告诉我国际长途多钱一分钟？ 衰 [衰]
0,怒骂 石小杰微博 别客气抽这个小娘们，没人性，变态，畜牲不如的东西这 辈子决货，生了孩子也没屁 眼 抓狂 怒 怒骂 歌手何静 艾莉莎 任真 胡紫微 田震 薛蛮子 宋体金 苏渝 姜大爷没溜 石苏微博 李向显 晓雨闻铃 演员傅俪云 中俊崔春婷 怒 王于京 怒 [怒骂] [抓狂] [怒] [怒骂] [怒] [怒]
0,下班时分，打雷了！ 抓狂 这还让不让人回家了？！ [抓狂]
0,商业广场 哈哈 老王年方一十八 什么玩意！ 怒 怒 北京晨报秦超 汗 [哈哈] [怒] [怒] [汗]
0,无奈？ 笑多了会淫荡 河蟹社会 抓狂 [抓狂]
0,我的脑子呀，快到家门口才发现把钥匙忘单位了 泪 泪 ，唉，今天好冷呀！ 衰 衰 [泪] [泪] [衰] [衰]
0,这 真不够骂的，心中怒火无法入眠 抓狂 抓狂 抓狂 抓狂 抓狂 流泪了不是受他们狗屎奸情的感动，而是觉得这船和现在的楼脆脆异曲同工，还丧失了那么多人的性命，那一片无法得到救助的生命，这个雨夜为你们点蜡祈祷 蜡烛 由来生要遇到好设计师 泪 [抓狂] [抓狂] [抓狂] [抓狂] [抓狂] [蜡烛] [泪]
0,大饼 怒 丹丹 大 没人性！死去吧！ 四 草 太混蛋了怎么也没人管啊 再转的时候他们该死了吧！没点人性么！ 花果山时光晨 国家该出来管管了！杀戮是不分对象的，他们今天是对小动物，明天可能就是你的孩子！呼吁微薄管理员行使义务。 [怒]
0,羡慕 悲伤 [悲伤]
0,微博搞笑排行榜 我讨厌对我好的人对别人更好。说实话，我会心痛。 失望 [失望]
0,海淘的一批东东中，有个小蜜蜂的油到货完了，一共才 美金的东西，单独发货，按照 美金的运费算的 泪 泪 ，下次一定注意选凑齐物品才发货 [泪] [泪]
0,又儿童医院了，离上次生病不到半个月啊！国际部这边也人山人海的，无奈，我排队，阿姨带着三楼等。 我的小病号 泪 [泪]
0,急需运动 抓狂 [抓狂]
0,落枕了，难受 抓狂 抓狂 [抓狂] [抓狂]
0,要去看要去看 抓狂 跟韩剧学穿衣 敢死队 中文预告！ 电影 没了电影活不了的影虫，快关注 电影新片榜 [抓狂] [电影]
0,这里可以转，给大家笑笑 偷笑 窗边的猪小七 小时候家里来了客人，大家一起吃饭。吃完以后叔叔说喝杯酒就给你一块钱买糖吃，小时候一块钱可是大钱耶！我想都没想一口干了 然后，我看到我爹一副不认识我滴表情 泪 泪 哈哈哈。最后我还是没有得到钱钱，大人就是爱糊弄小孩。 [偷笑] [泪] [泪]
0,开饭早安 坏消息，今天上班 衰 好消息，后天又放假了 嘻嘻 各位早啊 [衰] [嘻嘻]
0,唉 录某某 说的对呢！ 泪 [泪]
0,回复 之巢 有机缘一定会再聚的！ 可爱 之巢 呀，最近被海王彻底整脑残了，突然发现自己报名参加了今天的活动！太羞愧了香香姐，没打声招呼就爽约，只能眼馋了，下次狠狠补一次！ 泪 [可爱] [泪]
0,泪 汗 电影工厂 好熟悉的对白啊，要是那谁也能事先看看 的美食关键词就好了 阴险 [泪] [汗] [阴险]
0,谢谢今天能从烟台飞回，再谢明晚能赶到天津机场接我们。感动，感动，很感动，七夕节快乐，一路平安。 泪 心 心 [泪] [心] [心]
0,第一次看到这么蓝的天空 泪 [泪]
0,蜡烛 心 我是文盲未读书 玫瑰 蜡烛 大莫莫女王 泪 蜡烛 我是文盲未读书 泪 伤心 国旗 无泪的猫妖 这段写的不错 赞 我是文盲未读书 国旗 周总理功勋卓著，崇高的品德，光辉的人格永远铭刻在人民心中！ 蜡烛 心 我是文盲未读书 周公，国之大贤。 [蜡烛] [心] [玫瑰] [蜡烛] [泪] [蜡烛] [泪] [伤心] [国旗] [赞] [国旗] [蜡烛] [心]
0,粱吉勇 晕 水路管不要钱 晕 [晕] [晕]
0,回复 高雅楠吹事班班长 嗯 泪 高雅楠吹事班班长 曾厨，少吃点肉吧 曾老师的生涯小厨 回复 陈一心理热线 不是，额，熬夜干活，这个是晚餐 晕 陈一心理热线 熬夜就是为这个吗 亲曾，俺表示无语中 曾老师的生涯小厨 回复 淡定，哈哈，熬夜人的福利 嘻嘻 [泪] [晕] [嘻嘻]
0,大家都一天感冒吗？ 同感冒！ 衰 [衰]
0,现场一点圣诞的气氛都没有 衰 只剩下 小姐在那里烤香蕉 汗 蕾说： 这个吃法好变态啊！ 小姐一脸淡定： 是吗？我们冬天吃香蕉都这么吃的。 吃惊 苍甜，陕西的乡党！这得丝真地嘛？ 蕾女心经 [衰] [汗] [吃惊]
0,晕 告诉我 这不是真的 爱尚奢侈品 晕 [晕] [晕]
0,我小时候父母上班我由保姆带，有一天我妈忘记喂奶，回来发现保姆在喂我吃安眠药。 赵波 赵桉 这个和猥亵幼女一个级别，都应该处以极刑 怒 [怒]
0,找了半天的钥匙竟然插在门的锁孔里。唉，这两天是有多晕。 晕 晕 晕 [晕] [晕] [晕]
0,豆妈 让我这指甲控如何生活 哼 怒 应该有植物的吧 肖素光 抓狂 各位亲：记住不涂指甲油，少染发哈！ 雨秦雨秦 美丽的木桃 豆妈 [哼] [怒] [抓狂]
0,回复 我就是我 涛 比 我就是我 涛 悲剧啊 泪 泪 泪 [泪] [泪] [泪]
0,人间最悲催的事莫过于亲手毁掉了新鲜的食材 节哀。 泪 泪 泪 [泪] [泪] [泪]
0,新年愿望四 心 实际点吧 猪头 马上孤身一人回国 哈哈 能有个美女给做口饭 馋嘴 哼 泪 [心] [猪头] [哈哈] [馋嘴] [哼] [泪]
0,晚上座 路回家，一上车就觉得与平常不同，速度慢的让我深刻体会到老郭所说被颠腾的 四处点着头成问候状。下车前我 问候 司机师傅为何这样 蠕动 ，要是上班高峰我早就 义愤填膺 了。师傅无奈的说他在等钟点。 ，这北京公共交通就是这样用速度来制约行车安全吗？ 怒 [怒]
0,岁时 我希望可以退休 其实无非就是想做的一切都不再是钱的奴隶。如今我还是人民币的丫鬟 妈的 抓狂 抓狂 抓狂 抓狂 姐要翻身 光买彩票没用的 赚钱赚钱我眼里都是钱 抓狂 抓狂 抓狂 [抓狂] [抓狂] [抓狂] [抓狂] [抓狂] [抓狂] [抓狂]
0,冻死了 衰 [衰]
0,这丢了宝宝的爹妈得急成什么样子啊，希望宝宝能找到自己的爹妈 心 心 心 如果找不到我愿意领养，给小佳宝添个妹妹 我是徐峥 大家都转起来，谁家丢了宝宝的快来看看吧，多好的宝宝啊！该死的人贩子 怒 怒 怒 就应该抓到直接毙了！ [心] [心] [心] [怒] [怒] [怒]
0,困困兔儿睡落枕了！ 泪 [泪]
0,从小就不喜欢过生日，总觉得过生日是一件害人害己的坏事！最主要的是不希望看到蛋糕上越来越多的蜡烛。。。现在蛋糕必须买大的！要不都插不下 根蜡烛 泪 还能孩子多久？ [泪]
0,晕 我在村里叫毛来，不过俺家亲还不赖，叫来财 嘻嘻 [晕] [嘻嘻]
0,别没事就惹我哭，泪点低不是我能控制的。 偷笑 大眼儿猫咪： 挖鼻屎 我哭起来你们是哄不好的 刘晓乐 ： 泪 没事都表要吓唬我 [偷笑] [挖鼻屎] [泪]
0,必须转。 愤怒 愤怒 愤怒 愤怒 。 时尚汇 子 怒 时尚汇 王子 朋友们！转起来谢谢！ 时尚汇 大七七 时尚汇 丁小兔 时尚汇 格格 时尚汇 媛儿 时尚汇 子 时尚汇 姜破朝 新闻晨报 凤凰卫视 嫦凝 邱雨改完密码不发广告了 人民日报 人人 徐乐同 [愤怒] [愤怒] [愤怒] [愤怒] [怒]
0,一路走好 泪 蔡依林 泪 蔡依林吧官方微博 深深默哀，艾米为世界音乐作出的贡献毋庸置疑， 专辑获奖无数，为世人留下了 、 等等啧啧称奇的歌曲。一路走好 [泪] [泪]
0,居然发生电影放错片的情况！我要看得是 绝录求生 ，不是 急速天使 ！这都什么事儿啊？赶紧换啊！ 怒 [怒]
0,威武 威武 邱迁 哈哈！段子来了！某人没吃过泰餐，只点了一道木瓜沙拉，嫌太酸！又点了道绿咖喱鸡，嫌太辣！又点了一道菠萝饭，嫌太甜！结果点了道冬荫功汤，结果又甜又酸又辣！吃完后问，什么菜这么上瘾！服务员说，先生！泰国菜！ 偷笑 偷笑 珊珊来吃 泪 泪 泪 [威武] [威武] [偷笑] [偷笑] [泪] [泪] [泪]
0,长长海岸线上 美女靓仔如云 大部分一丝不挂 抓狂 抓狂 抓狂 [抓狂] [抓狂] [抓狂]
0,去脂肪垫好恐怖。 抓狂 [抓狂]
0,肖大卉 你还记得吗？ 模特郑大鹏 泪 [泪]
0,结束 睡觉 这球。。瑞典也就摆摆样子。淘汰啦 刚才那个没进 抓狂 琪虞记 英格兰打疯了 神了 哈哈 哈哈 哈哈 哈哈 哈哈 哈哈 哈哈 [抓狂] [哈哈] [哈哈] [哈哈] [哈哈] [哈哈] [哈哈] [哈哈]
0,泪 晕 抓狂 私家野史 红后发财，革命代价。 元三郎 官媒之四面楚歌 阳光金沛 强拆在中国屡禁不止，归根结底的原因就是中国官僚特权可以肆意践踏中国的法律，在与政府的力量对比中人民群众更为弱势，无地位，更无发言权。中国只有实现宪政分离，让人民的力量地位远胜于政府时才会 [泪] [晕] [抓狂]
0,为什么一座四年前才办过史上最成功奥运会的都市，又是 全球排名第二的社会主义祖国伟大首都，遇到这大雨整 就 了。一天到晚只会修那豪气，雄伟，看得见，可当做政绩的建筑；而看不见，却与民生习习相关的下水道，官 什么时候放在眼里了 怒 怒 怒 怒 怒 [怒] [怒] [怒] [怒] [怒]
0,苏雨农 赞 泪 庄菁 台湾人的广告创意才是真的创意，温情得一塌糊涂！汇丰客服 被牢牢记住了。 庄小菁的倾情推荐 [赞] [泪]
0,旅游新闻 衰 旅途中，不要拿生命去拍照！ [衰]
0,杀无赦！ 姚晨 可怜的娃呀！ 泪 青媒素 天呐！！！ [泪]
0,你也是这么想的吗？ 悲伤 顽主墨宝 [悲伤]
0,我愿意没有这个曾经 泪 风魔 黄金 北京 曾经有个炒黄金的机会摆在我面前，我没有珍惜，如今金价飞涨，趋势难料，当失去了才后悔莫及，人生最大的痛苦莫过于此，倘若上天再给我一次机会，我会倾家荡产倾囊买入，如果非要在这笔投入上加个数量，我希望是全部地址： [泪]
0,鼓掌 加油哦！ 超级笑星 刘亮 比赛真不容易 泪 泪 泪 [鼓掌] [泪] [泪] [泪]
0,赵震 原来你家的院子的 货 衰 [衰]
0,这夜跑卖票不？ 卤煮鲍鱼 跑的这么嗨，后面追的 是 文怡 吗？ 吃惊 切总 真的 不是我。 衰 糖衣炸 切总 夜跑不解释 [吃惊] [衰]
0,记下先。 生姜的新家 去看 不成了 晕 老男人更温柔 麻小辣 去看！ [晕]
0,台 水果好好吃！ 泪 [泪]
0,持续十天高温！不想回去吖！ 泪 泪 悲伤 抓狂 抓狂 抓狂 [泪] [泪] [悲伤] [抓狂] [抓狂] [抓狂]
0,活着。。。 抓狂 [抓狂]
0,哈哈，真的信了。。。 香妮 必须信！ 嘻嘻 董颖 哇塞 围观 事业运 我是阿兜兜 童话里都是骗人的 泪 泪 泪 孟小烦 青青嘛 [嘻嘻] [围观] [good] [泪] [泪] [泪]
0,安拉胖胖打她 猪头 丁小丁杰静 回复 牛少皮牛拉夫 泪 真爱啊。。。其实心虚的是我。。。 牛少皮牛拉夫 这不怪她，我木兴趣，哈哈 丁小丁杰静 从舍得给他买一张票做起好吗亲？ 害羞 [猪头] [泪] [害羞]
0,没想呆这么久，带的几套衣服翻来覆去穿好几遍了，汗味烟味菜汤汤儿各种味 自己都受不了了。从曾厝 跑到上岭再到中山路 跑了几十家商厦专卖店，这才买到件单色圆领短袖老头衫！不带这样歧视老人的吧？ 衰 衰 衰 真心感谢这两个商家，要不然锅不仅要裸烹，还得裸奔了。 我在 [衰] [衰] [衰]
0,忽而今夏 云 诺诺 光头老薛 看到 隋 我乐了 哈哈 哈哈 哈哈 哈哈 隋 请叫我苏伟 泪 安达 我还是安 请叫我里欧 我是曲大美女 请叫我七雨 郭濮源 请叫我鸽窝 [哈哈] [哈哈] [哈哈] [哈哈] [泪]
0,泪 泪 泪 有一种起床，叫做起不来 微博经典语录 泪 泪 [泪] [泪] [泪] [泪] [泪]
0,十八大 幸福在身边 幸福在身边，亲爱的 。 最好能帮帮 怪诞心理行为学 泪 坚强的女孩。。愿梦想成真！ [泪]
0,车轱辘撞傻了一个。 衰 [衰]
0,深有同感啊！服装同品牌，餐饮也同品牌，口味都相同！我有点怀念巷子里的地沟油了 哼 抓狂 [哼] [抓狂]
0,香港下了一个星期的雨，还要下多久啊啊啊 抓狂 [抓狂]
0,可 以 让 我 早 点 困 吗 ？ 抓狂 [抓狂]
0,哈哈 中国航天电源小蕾 衰 这货是把纸当猫砂埋坨坨么 无语森 月亮渐满 卜黛梵 [哈哈] [衰]
0,修泽吉巳 泪 苦逼设计师的苦逼早餐加午餐，我们村方圆五里没有任何一家餐饮开业 泪 ，客户这就要来 [泪] [泪]
0,这里是北京 围观 围观 围观 四惠地铁站。。。。。 ：主页君诧异了，前两排的人不会掉下去的吗？ 衰 [围观] [围观] [围观] [衰]
0,你又皮痒了是不？ 怒 则卷哈五七 哈哈哈，这张真像她 蔡丽娜 的头像 [怒]
0,太搞了 哈哈 哈哈 ，开眼， 偷笑 老外也看不懂吧 吕植 现在就去吃米线！ 陈瑶的围脖儿 一米线 哈哈 太欢乐了 哈哈 王华 东航？大晚上的我都饿了 晕 晓语嫣然 哈哈 哈哈 哈哈 偷笑 八星瓢虫 [哈哈] [哈哈] [偷笑] [哈哈] [晕] [哈哈] [哈哈] [哈哈] [偷笑]
0,水混 年前记忆错乱 串夹壁趴趴房消失，水面窄了三分之一，夜晚满天歌舞，早起转两圈依然失忆 泪 硬派机器 确切地说你丫应该更喜欢堵在中关村 偷笑 灯泡儿上的尘埃 堵车并不是北京的专利！哪怕是在幅员辽阔的川藏线，只是我们在停住时候心情不同罢了，当然我更希望堵在川藏路上！ [泪] [偷笑]
0,如果有一天再见面！我们还像原来最初吗？ 泪 [泪]
0,胡滨微博 唐宫在朝外丰联广场 楼 又开了一家 边疆边吃边说 晕 金鼎轩虽然"粗制滥造"，可却是我的"珍藏版" 泪 范庭略 孔亮北京 再去检查一下， 哈哈 边疆边吃边说 金鼎轩的粗制滥造 嘻嘻 [晕] [good] [泪] [哈哈] [嘻嘻]
0,清晨早自习，都打着石膏了，还是要写字配画 晕 晕 晕 晕 左手写字左手画 [晕] [晕] [晕] [晕]
0,重启机子再登录 后， 终于不让我再切回旧版界面了 泪 [泪]
0,晕 李 智 夏天之尘 这个可是比较严重吧 [晕]
0,老百姓喝的水都是受污染的水，还要百姓不要抗议！难道你们想重蹈历史还想走汪伪路线，继续自己吃饱捞足，难道百姓的死活就如草芥吗？ 怒 王志华 让那些卖国贼见鬼去吧 上海沈善增 我们先要争取能健康的活下去 [怒]
0,拖鞋质量好，一双穿到老 淋 眼泪止不住的泪腺 泪 泪 泪 泪 泪 泪 心 心 心 [泪] [泪] [泪] [泪] [泪] [泪] [心] [心] [心]
0,回复 天秤小 又秒掉一个。。高处不胜寒呀。。 我的英文名是洛丽塔 的尘埃 还有好久没欺负的 晖粪粪 来 来 来 天秤小 回复 天堂尘爱 让你这个千年腹黑犀利女欺负一下也无妨。。 天秤小 沧海小鼠 每次我很想上去挠死你，每次都忍住了。 抓狂 抓狂 [来] [来] [来] [抓狂] [抓狂]
0,昨天在 红星美凯龙济宁店 亲自感受了啥叫 眼看人低。第一次见他们门口的车位被停满，就美的找不着北了。要不是陪着慧童鞋去看笔记本，谁有空往那里钻？人家的车好就有车位，我们开一个工程车让停去对面，当时还真有想直播和骂娘的冲动！ 怒 生活广播子慧 济宁生活广播刘言 热浪袭缘 济宁台安舒 [怒]
0,县令 威武 孔智勇 哈哈 西安判官 哈哈 县令果然是淫才！首字：必群千万别 张云 晕 想必 薛蛮子 绝没看过这首诗！ [威武] [哈哈] [哈哈] [晕]
0,终于摸到毕业论文的纸质稿了。。 泪 泪 不容易啊，拜托明天吴某人给签字吧 [泪] [泪]
0,具备每一条 泪 短毛冬冬 [泪]
0,无论怎样，孩子们生活的还是很苦，碗里的饭并不丰盛。 悲伤 [悲伤]
0,这个年代太激情了。。。 汗 高华 抓狂 [汗] [抓狂]
0,车坏在路上了， 抓狂 汗 ，离合器片磨没了。问题是还没到发车点呢 泪 [抓狂] [汗] [泪]
0,大晚上的发吃的 衰 饿啊 [衰]
0,没影儿的事。 晕 [晕]
0,每天都在奔跑 累！ 泪 [泪]
0,新到 巾！薄款夏天用超酷喔 抓狂 上身 都附上了 巾有 大 啊 [抓狂]
0,这位老师也是 顺我者昌逆我者亡 啊！ 卢湾诚诚 强烈要求枪毙！！！ 怒 任志强 野兽尚且爱子啊。 北青全伟 真是没人性！ 北京科技报孙凤新 怒 畜生 水满则溢 [怒] [怒]
0,怒 靠！ [怒]
0,看完春晚，语言类节目，明白了一点！创作就是念念短信，说说微薄！在加上网络用语！ 悲哀 ！！！ 左哼哼 右哼哼 怒骂 怒骂 怒骂 我说的！！！ [左哼哼] [右哼哼] [怒骂] [怒骂] [怒骂]
0,曲靖何华：还是那双鞋。。。我们的总理，不容易啊 暗香融融：又见那双鞋！曲靖大旱之时，也是这双鞋走在开裂的土地上！ 泪 卢立波 又见那双鞋，哪里有灾难哪里就有您的身躯。邶 [泪]
0,真的吗？ 天堂尘爱 实用帖！！！超好用！！！！ 抓狂 抓狂 衣锦夜行的燕公子 我擦！幸好语音的搜不到！ [抓狂] [抓狂]
0,然后这路车都没有在站点停靠，我又要等下一班，对不起今天微博变吐槽了 晕 [晕]
0,啊 好困啊！！第一场快完勒，今天盯五场，我在想会不会晕死过去啊！！我想睡觉！！！！ 抓狂 [抓狂]
0,今天又失眠了，睡不着 抓狂 [抓狂]
0,一开始就说是盛大旗下网站，现在盛大说这个网站和我一点关系也没有 晕 若果真没关系，为啥当初不澄清呢？ [晕]
0,回复 快乐天使安安 晕！！！这个还真不一定，万看到后手机屏碎了找谁赔啊 晕 奥特曼 快乐天使安安 我怕我太漂亮，你看上我 哈哈哈 偷笑 主持人少枫 回复 快乐天使安安 切切切，把你的敢晾出来看看不？！ 吃惊 鄙视 [晕] [奥特曼] [偷笑] [吃惊] [鄙视]
0,快下班了， 号线，我又来了。。 衰 [衰]
0,我设了 个 问题是到了 点，我起来时候发现 点半的闹钟还没有关，这样的话我至少关了、、、、 次？ 抓狂 不要 不要 沈阳天空 我设了 个。。。。。。 [抓狂] [good] [不要] [不要]
0,今天一天是有多忙 除了见客户就是见客户 出发 柳芳 抓狂 [抓狂]
0,补好胎我就去圣诞大餐，饿死我了！ 晕 晕 晕 [晕] [晕] [晕]
0,泪 冯小芋 乖乖 怪怪 林月珍 爱胃痛的亲 全球热门百分百 留着 [泪]
0,我就是没等到买了 ： 泪 都挺贵的啊 [泪]
0,个饭局 泪 [泪]
0,销售！ 抓狂 ！拖着疲惫的身躯，抱着大堆材料和样品耐心排队被召见，对着第一次谋面的大爷大娘们微笑，没话找话套近乎，细心解答各种盘问质疑，积极面对塘塞敷衍，饭局上营造和谐场面，，，身边这位说：身在福中不知福，这已经是 待遇啦！能见上，没立马被拒，说明还有戏。强大的内心和脸皮 哼 [抓狂] [哼]
0,成本大吗？墨尔本 疑问 墨尔本 晴不晴 必须去北京了。。。。 抓狂 [疑问] [抓狂]
0,？！ 景景的旅途 人贩子就直接毙了吧 娜娜小姐在洗枣 靠 孙小菲 他们把这些心思和高科技用在别的地方早就发达啦！ 娜娜小姐在洗枣 飞飞 黄小玮 鱿小丝 陈牧青 勇敢的马 钟 阿敏 搜狐视频 伊人飘文 孙小菲 王梵瑞 懒人 丫丫 广泛扩散，该挨千刀的人贩子 怒骂 [怒骂]
0,今晚真尴尬。 泪 糖糖不甜 焦糖小油条 圣诞快乐，温柔可爱的 [泪]
0,为什么要问我！ 泪 [泪]
0,嗯 你和陈总聊过了？ 巴喇子 我是打了鸡血的超人 球球 发胖 你不是超人吗 巴喇子 不行的，明天爬不起来的，后天订单日，明天我还要去下订单 泪 球球 发胖 你可以不睡觉的 [泪]
0,衰 海螃蟹 于川 向啥啥红 忒神了 [衰]
0,回复 大美田园 我们常常会把目光投向远处，直到累了才会低头看看眼前 别纠结了，有机会还可以去嘛 呵呵 大美田园 曾经，我住的离这里很近，但是我，一次都没有去过。。。人有时就是这样，越是身边的越不珍惜，话说，我是不是想的有点多了。。。 失望 [呵呵] [失望]
0,果 只有 的电了，还得会儿才能充电。这会儿，看到谁的鼻孔都像电源 抓狂 抓狂 抓狂 [抓狂] [抓狂] [抓狂]
0,特么的浪费一上午也没修成。几个疑点， ，如果手机被调包那么为什么我没有因为机卡分离而停机？ ，美行是如何解锁 的啊？ ，这台手机的购买时间和办理合约机的时间一样，如果是后来被调包，那也调的太巧太有缘了点儿。 汗 别问我为什么不换疯 和疯 爱死什么的 泪 安青 发奋的俊哥 只有一次修 [汗] [泪]
0,有过相同的遭遇，都懒得理京东！买的东西，回来就不能用了！ 衰 [衰]
0,楼 楼发人深省， 楼太坏了！ 怒 [怒]
0,回复 龙双丰 龙小胖，哈笑。 龙双丰 哈伯 鼓掌 哈戳戳 你这说的是我吧？ 抓狂 [鼓掌] [抓狂]
0,同感 泪 泪 泪 [泪] [泪] [泪]
0,嘻嘻 重庆蕾小吆 回复 我是情商 恩恩，谢啦 我是情商 呵呵，谦虚一些，还行吧，北京欢迎你，来京后介绍好吃的给你！ 嘻嘻 我是情商 回复 空空的绿色天空 呵呵，那就下次吧，想吃什么好吃的就找我，精通北京美食！ 哈哈 空空的绿色天空 不早说。。。都吃过晚饭了 泪 我爱吃肉 [嘻嘻] [嘻嘻] [哈哈] [泪]
0,更不幸的是，以前一场大雨就能从下图变为上图，现在几场都没用了 泪 张栋 机器学习 不幸的是我们的土地变成了这个样子！ 相洪波 世纪初，伦敦是雾都， 年后请将北京称为雾都 [泪]
0,哇 中国好声音 我去一张口我以为是原唱太牛了 泪 泪 泪 我在 [泪] [泪] [泪]
0,我们怎么可以安慰？！ 泪 王利芬 伤心 许文广 最后两句歌词： 亲爱的母亲这是什么道理？亲爱的母亲这是什么真理？ [泪] [伤心]
0,比如唠叨与琐碎 下了个连连看两个多小时就通关了真坑爹 哼 连续多天失眠可愁死了有没有特无聊的人过来跟我聊会儿 阴险 躺在床上想起了中午吃的牛排和昨天中午吃的鲜芋仙和上周五晚上吃的澳门味道 衰 [哼] [阴险] [衰]
0,我没换过那么多套 抓狂 抓狂 偷笑 偷笑 偷笑 下次争取超越她 太开心 太开心 太开心 酷 酷 新相声演员侯振鹏 小 冬冬 鬼故事恐怖 就是这样！！真真儿的！！！ [抓狂] [抓狂] [偷笑] [偷笑] [偷笑] [太开心] [太开心] [太开心] [酷] [酷]
0,不跟别人比，就跟我几几比，已经比以前好多了，主要是身体和状态感觉比以前要好很多。至于体重没减多少的原因，我饺着是因为我的头发。。。。。又厚了 泪 [泪]
0,苍山不败 坦克 叶嘉先生 河北苑东 你们滴福利来哦 刘晔爱旅行 回复 老符向阳 一起出发吧，报名截止日期 月 日 老符向阳 挺好的机会啊 裴小墨 可惜我不能去了！ 泪 [泪]
0,上次我画了三个惊叹号和一个信封，对方竟然猜出来是 吃惊 ，太强了，后悔没截图 抓狂 薛虾米 赵文祥 ？ [吃惊] [抓狂] [good]
0,真心提醒大家外面小贩档小饭店就不要光顾了，多在家做饭吃。出去吃的话吃点品质好的饭店！真心觉得现在西餐比中餐干净点。一分价钱一分货，不改变贪便宜的性格总是会把自己暴露在危险食品面前，也鼓励了黑心商贩更加放肆。这个图片太没底线了，恶心 抓狂 [抓狂]
0,你又没有好好休息？ 晕 [晕]
0,好看 李小 红毛衣美呆，可是要瘦成一片才能这样穿 泪 [泪]
0,大猫总是后知后觉。。。。 我还是他？ 失望 夏林菲 演技太愁人啦 一点点小林 哈哈 乖 稻稻稻稻 好惊典 小泉 打 招呼吧 迷魂记被别人抢了 打个招呼吧 哈哈 [失望] [哈哈]
0,回复 找不到当年的小恶魔了 衰 [衰]
0,你看，杨钰莹比我还大呢 悲伤 噢？怎么了？ 你看人家看着比我还小呢 悲伤 哼 切，女人只是在意自己的外表，真肤浅 母子对话 [悲伤] [悲伤] [哼]
0,回复 韩姐教你下厨房 失望 失望 韩姐教你下厨房 哦，回来再吃。 权金城 崔成哲 愁死我了，到现在没有吃到正宗拉面，不是是没吃到拉面 崔洪峰的微博 拉面在哪！拉面在哪里！ 抓狂 [失望] [失望] [抓狂]
0,岁大龄女青年为自己点根 蜡烛 麒麟胖哥火锅食府 岁大龄单身女青年 泪 抹泪 麒麟锦庭火锅道 蜡烛 烫染剪洗吹 那男的和我同龄 天呐 丧心病狂组 瞳纸在山的那边抠脚 好尼玛吓人 胖爷永远霸气 我都 咯！ 深井冰颜艺综合症患者苏七七 报复社会 尼玛 组 荏荏荏荏荏尼玛 我查 [蜡烛] [泪] [蜡烛]
0,明儿休假学车 抓狂 [抓狂]
0,回了，从早起八点到现在 活生生的折腾到大楼外面关了灯 今晚不能再失眠了吧 泪 [泪]
0,回复 他的野蛮女友 嘻嘻 他的野蛮女友 沙湖很美，是宁夏的宝 沙湖旅游 回复 宗芷伊 呵呵 是湿地博物馆的壁画吧，新画的，我都没看到呢 宗芷伊 沙雕和壁画也相当美，极具艺术感。 赞 不过壁画太隐蔽，跟我同行的人居然都没看到。 晕 [嘻嘻] [赞] [晕]
0,羡慕嫉妒恨呐。。。。 抓狂 我在 [抓狂]
0,办你妹！ 怒 怒 一本关于颜色的黑书 哈哈，先森，办卡洗头有优惠，要不要办张卡 [怒] [怒]
0,周欣 巴巴变 猫玩耗子 的小微 欲擒故纵 呢哩呢哩 ！！ 的无聊微博 ！ 一辈子的才叫爱 太狠了 古人云：法不可知，则深不可测。看来这种理论还是根深蒂固啊！ 抓狂 [抓狂]
0,诶。。。 路人甲 抓狂 白星跃 毛的理论：砸烂了一个旧世界，但建了一个更烂的世界。 视野 一个没有根的国家。 泪 [抓狂] [泪]
0,哎，为啥哥的女粉丝比例只有 左右 泪 [泪]
0,你知道的太多了。。。 谢飞 衰 安卓论坛 人造雨啊！！ [衰]
0,第五张 抓狂 抓狂 抓狂 [抓狂] [抓狂] [抓狂]
0,大冬天的 拗造型的人伤不起 还好我穿得多 冷风吹不进 明媚忧伤兔 我在她旁边冷的发抖 泪 [泪]
0,下午提神贴 目测 月 号要过节的，请自觉领证，不谢。。。。。 泪 [泪]
0,泪 嘘嘘 阿奴 商场都不能拍照的 [泪]
0,北京太脏了！ 鄙视 怒骂 别说什么爱这个城市就可以忍受它的一切，每天呼吸着大扬尘，吹着的风里全是沙子，到了春天整个城市都是让人躁狂的脏，有什么可爱的？ [鄙视] [怒骂]
0,正在减肥的你，看到爸妈精心准备的一桌子菜，以及 的第一屉 处女包子 你是吃呢，吃呢，还是吃呢 泪 [泪]
0,爸爸的那句话 大学时爸爸总担心我不用心读书，事无巨细问到我发脾气地嚷嚷： 哎呀！别磨叽了！ 怒 这都是小事儿 当时，他特别淡定声音不大语气平稳的说 你的事儿对我来说都是大事儿 泪 父亲节快乐 爱你 [怒] [泪] [爱你]
0,泪 企业 注意安全 微数据 希望战士们平安 头条新闻 转发微博 [泪]
0,看上这个猫爬架了，要七百多。。。 衰 [衰]
0,太不安全了 抓狂 郭小懒 转给住附近或者晚上会在附近的盆友 三里屯少去，单身姑娘少去，团结湖地铁站东北东南口少去，三里屯南街太往南少去。 [抓狂]
0,话筒 互联网分析沙龙 拒绝垄断 抓狂 数据挖掘与数据分析 我们的电脑我们做主！ [话筒] [抓狂]
0,害人家又感伤啦 泪 哈哈，说的在理，有点意思，亲们，让你们的男人都拿出觉悟吧！ 李丹 达娃拉姆 唯唯 花 胖方妞 落无声 禧 杉杉 小姐 悠然 [泪]
0,千万别百年，那得苦了多少人啊 伤心 伤心 伤心 北京青联 这样的企业何来百年！ 龚宁 细节决定品质和成功！没有那么多奢望，但至少得靠谱点儿啊 可怜 鄙视 李云威 不拿客户当上帝，当衣食父母也好。 [伤心] [伤心] [伤心] [可怜] [鄙视]
0,我的江南水乡啊 泪 [泪]
0,大连船银 海盗舰长 抓狂 碧海蓝天 述非 还是没有名字八世 宣威老火腿二世 大奸似忠哦 无理系 满天飞雾 该赢的不去赢，该输的不去输 半拍龙猫 水女木 左小祖咒 陈震 左老板吹牛 叶匡政 转发微博 [抓狂]
0,昨晚吃了两大盘豆角焖面，今早五点四十饿醒。。。求破 泪 [泪]
0,干死这傻逼 宪政 梦者 人家心里高兴呢 央视一报道准能升官发财 还能换个老婆 怒 虞大律师 没人性！ 鄙视 大鹏看天下 想不通，此人死了妻子，为何还能如此淡定。尤其是 分 秒的那两声笑，毫无悲伤之情！ [怒] [鄙视]
0,指甲刀找不到了的人表示日子没法儿过了 怒 [怒]
0,都逃难去吧，有多远，跑多远 泪 汪啷啷 抵制垃圾国货 保护的好！ 学不会彪悍的宋 那个澍 [泪]
0,每个人心目中都有属于自己的一本 小时代 ，如今要翻拍成电视剧，无疑是对读者的一次视觉挑战，暂且不做评论，让我们一起期待它的到来吧！ 一本书一句话一段情 小时代 翻拍成电视剧了，希望不要毁了经典 抓狂 ，你期待吗？ [抓狂]
0,泪 晕 泪 晕 [泪] [晕] [泪] [晕]
0,为了等布宫的夜景我在广场上都要被狂风吹得感冒了 泪 泪 泪 天怎么还没暗下来，我要看发光的布宫！ 我在这里 [泪] [泪] [泪]
0,高铁枣庄站，再 一个半小时，接着出租车十分钟，折腾一下午终于到达目的地 汗 汗 汗 汗 完全自己招罪受 泪 泪 泪 我们多久没这么苦游了 挖鼻屎 台儿庄古城门票真够贵， 元一张 怒 既来之，则安之。 我在这里 [汗] [汗] [汗] [汗] [泪] [泪] [泪] [挖鼻屎] [怒]
0,明天不光你们上班，我也要开业了，我也头疼 泪 [泪]
0,安娜酥 嘻嘻 周周 你居然又自己偷着去吃了！太好吃了！ 泪 泪 泪 [嘻嘻] [泪] [泪] [泪]
0,熬夜看完中国男篮，颇为在伦敦期间未去现场观赛庆幸，真丢不起这人：主动突破没有、三分球不及人三分之一、罚球命中率低得可怜，更可怕的是，所有人眼里没杀气、没血性 除了大郅。我们知道，洋帅邓化德赛后铁定离开，但他只能负该负的责任；谁请的他、谁耽误了男篮这四年，也得有人给我们说清楚 怒 [怒]
0,有辣椒吗？给我点辣椒行吗？ 泪 [泪]
0,忍不住，翻出来重听。因为不配，你就忽然自卑说声失陪 伤心 伤心 伤心 [伤心] [伤心] [伤心]
0,这是哪里？ 晕 [晕]
0,恐怖的世界，可怕的人类活动！！！ 抓狂 怀存 嗯。看看这个，震撼。 [抓狂]
0,每个人都有爱的 高手逗着蒙面侠 回复 春城晚报鲁朵雅 但这是明白的实事对吧。狗就是在所谓有些爱心人士救出后，自行处理相继死了的，他们说自己有爱心，现在 多条狗死了 多条，今天为止只有 条了，现在看到此时他们一点难过和自责都没有呢？反而是对指出这一问题的人口吐污言。 伤心 [伤心]
0,这条微博改过，中国端午应该是昨天。你现在在嘛？ 密斯特水水 今天来了，不送了 泪 密斯特水水 馋嘴 马剑是谁 回复 密斯特水水 有，来了跟服务员要就好了 密斯特水水 中午也有吗？ [泪] [馋嘴]
0,早该死 天堂乐队雷刚 滑稽的世界 吴铁花 怒 怒 怒 怒 怒 怒 怒 抓狂 [?怒] [?怒] [?怒] [?怒] [?怒] [?怒] [?怒] [抓狂]
0,泪 王克勤 南极小七 瘦马古道 炒着牛肉喝小酒 [泪]
0,怪不得昨晚很多孩子说： 今夜，我们都是米老鼠 熊猫 今夜，我们都是唐老鸭 衰 [熊猫] [衰]
0,万恶的 桔子水晶孙 杰 ，欺骗我的感情，一大口榴莲酥吃下去，嘴里一天都是榴莲的味道 泪 我恨榴莲 [泪]
0,只要全社会从小关爱并帮助矫正越来越多的自闭症儿童。及时发现，及时矫正，完全可以正常而且成才 爱心传递 海航文化陈伟 国家和全社会什么时候重视并落实解决 衰 义潮妈妈 准时收看 海航文化陈伟 康康妈妈 看小 嘻嘻 嘉宾 [爱心传递] [衰] [嘻嘻]
0,手贱啊，大半夜的看了 人体蜈蚣 ，比第一部恶心 倍不止啊 抓狂 [抓狂]
0,回复 更神的是，它还会爬树！！！我没拍到 晕 饿滴神啊 [晕]
0,厉害，多有爱心 泪 [泪]
0,你们太厉害了，我在值班滴路上 路灯摄影 太残暴了，我还没起床呢。。。 悲伤 [悲伤]
0,乐享武汉 武汉的出租车司机都很坏，上车先说一通武汉话，看我们不明白，就开始绕路，打车只需十几元的路程七绕八绕就变成快三十元了。贴图的这个司机最可恨，我说：师傅你这个路饶的有点狠喔。他回：你也不看看什么时候什么情况，饶点路怎么了。 怒 怒 怒 乐活武汉 武汉同城会 [怒] [怒] [怒]
0,明天要好天啊，我不要每次去会城工作都下雨 哼 泪 [哼] [泪]
0,普希金：青春匆匆，来不及感 泪 北京海培道格南方 好歌 ，每 必唱曲目 徐千雅 一代人的青春祭！ 逸波波 习主席也是知青，希望在心！ 李广平 知青一代已经全面登上中国的历史舞台，愿他们记得那些年青春的酸涩与梦想的暗淡 谢才健 青春就是这样脆弱到无法挽留的东西 [泪]
0,哇现在饿的时候看美食美图真是太折磨了 泪 午间套餐不间断： [泪]
0,没有深夜痛哭过的人，不足以谈人生 泪 伤心 [泪] [伤心]
0,随手拍 拉玛西亚足球学校 这才是王道，这才是出路 怒 [怒]
0,新年前一天手机丢了 非常抱歉，如果大家需要联系我，请微博或者 。 泪 要年后我才能补回之前的卡，顺便祝大家新年快乐了 所有不快乐我都包了 大家都快乐起来 [泪]
0,舔犊之情啊！ 泪 [泪]
0,北京城居然有个没人能管得了的房地产建筑工地。人家可以白天停工，因为太热；一到晚上各种施工开始，大捶，电剧，混凝土浇灌 夜晚无法入睡的隔壁小区，投诉各政府，都说这个房产项目没人能管！！到底是什么来头，竟然可以有这样的尚方宝剑！连政府都可以对投诉的说，我们管不了他们！！！！ 怒 衰 [怒] [衰]
0,哎 效益真好！ 赵鹏社交媒体 谁才是卖国贼？ 怒骂 [怒骂]
0,失败，一个包都没捡到！ 泪 泪 [泪] [泪]
0,可言可语 可可问：妈妈，为什么腋下会长毛毛？我说：长大了就会长，你以后长大了也会长。可可听完大叫：不要呀，我不要长啊，长腋毛穿背心和裙子太难看啦。 黑线 我以为是科普问题，哪曾想瞬间被转化成臭美问题 晕 哼 [黑线] [晕] [哼]
0,甘细部！大个只手指小小， ，哎！点影？ 晕 晕 [晕] [晕]
0,个月至 岁的跨度 泪 这 名遇难者死的冤天朝你可看见？你可感到羞愧 怒骂 怒骂 应该严惩有关职能部门 怒骂 怒骂 让 位遇难者安息 蜡烛 蜡烛 蜡烛 [泪] [怒骂] [怒骂] [怒骂] [怒骂] [蜡烛] [蜡烛] [蜡烛]
0,天相 莫非有人在此地斩蛇而起 康婕迷影 白娘子被野猪精吃了 泪 [泪]
0,好了，老外撞大妈一事，水落石出了。下面希望辟谣的是新兵被虐待还有除夕不再是法定假日了。那个脑袋上长了个包的，团圆饭时来个全国大堵，微博群刷的节奏？？？ 怒 [怒]
0,唯一 ，北京灰太大了、、、 泪 [泪]
0,配图很爆 晕 [晕]
0,衰 求未来成立成人事业部 [衰]
0,求橱柜 悲伤 悲伤 鼓掌 鼓掌 鼓掌 [悲伤] [悲伤] [鼓掌] [鼓掌] [鼓掌]
0,挤压的情绪太多， 需要 的新闻太多。记者与当事人都是时代的牺牲品 李明儒 当初朱总理怎么没给新闻学院题词 不作假新闻 啊？ 陈业文新大都 衰 醒来的大鸦 记住这两张脸，一手炮制了 缝肛门 闹剧 若你们是追求新闻真实公正的记者们的一员，该你们站出来，向助产士说 对不起 [衰]
0,她们说这头发也可以像曾 轶 可！ 抓狂 头 快剪快剪 得意地笑 推荐 [抓狂] [得意地笑] [推荐]
0,梓瞳欧洲之旅 铁力士雪山脚下，我在咖啡坐着，没上山。下雨了，太冷了，我小身子骨吃不消了。 汗 晕 瑞士太美了，被沿途的美景迷的一分钟都没敢打瞌睡。 偷笑 偷笑 我在 [汗] [晕] [偷笑] [偷笑]
0,衰 起了个大早赶去杭州，结果大雾，高速公路封道，相当郁闷啊 晕 晕 晕 汗 [衰] [晕] [晕] [晕] [汗]
0,我对女演员的要求吧 特别单一 名利场里面混 可以不道德可以虚荣 这是您个人选择 但是但是 您必须漂亮 因为姆们花钱买票就想看个赏心悦目 心旷神怡的感觉 您说您长这样 天天穿成这样 有意思吗 吓唬谁啊 伤心 委屈 衰 鄙视 [伤心] [委屈] [衰] [鄙视]
0,我最怕的小强 抓狂 再见金钱豹。。 [抓狂]
0,新三座大山 抓狂 很形象！住房、医疗、教育 [抓狂]
0,又醒了，生病的日子真煎熬，每天睡不好白天还得象女斗士地玩命工作 泪 [泪]
0,求真相！ 吃惊 我觉得应该让真相公之于众 天蝎 汗 霸气 江 吃惊 柏小白 南京零距离 扬子晚报 央视新闻 现代快报 人民日报 锅小勤 怒 怒 怒 怎么可以！！！ 郝浩 这个真实？ 泉 死在团兵出不来 卧槽 。 [吃惊] [汗] [吃惊] [怒] [怒] [怒]
0,跟 些 字 的握手都 有好下 变态辣椒 习总危险了 衰 亭林镇工作室 是这样 江南 年，韩寒拒绝和奥巴马见面。 白饭如霜 祥瑞御免。。。 [衰]
0,说让我测试这款相机的自拍模式，搞了半天没搞懂咋自拍 泪 泪 泪 [泪] [泪] [泪]
0,好像中学应该都学过欧亨利的 吧 果然变变变 或许人家本来就是想坐牢，里面有饭吃。 晔 泪 小白猪猪 人家 了才偷吃面包 送多 也不会死 要不要 狠啊 警察也是 待穷人 是你 家 人民不好造成的。 怒 [泪] [怒]
0,生活天天这样多好好好好啊！！！ 娃娃虎 我 落一把吧。。。 大摇摇 这一场资本主义娱乐盛宴太让人心醉了 泪 [泪]
0,你有时间去体会到重口味，与轻柔，关键取决于谁去推动它，本色的 单元，普通的播放器只能说勉强，而 的确是与众不同 晕 晕 嘻嘻 [晕] [晕] [嘻嘻]
0,刚刚采访到了本人十分敬仰的杨澜老师，可惜由于比较匆忙，所以照片没拍好 她没笑 而且还忘记了合影 泪 哎，下次吧！很快会有机会的 [泪]
0,范立欣 如果你觉得自己还流着一身中国血，就请帮同胞喊一帮声！ 于建嵘 帮你再喊！ 陶行逸 于建嵘 光远看经济 怒 张鸿 ！ 何兵 再帮你喊！ 何兵 帮你申冤！ [怒]
0,回复 张迎夏大大的强大着 一会来吧！ 张迎夏大大的强大着 老板，我现在想喝南瓜羹 泪 泪 泪 黄太吉传统美食 要好好玩！ 嘻嘻 嘻嘻 [泪] [泪] [泪] [嘻嘻] [嘻嘻]
0,又被恶梦惊醒 演出中，伴奏出问题，无法播放，突然失声，说不出话来，台下喧哗生四起，被升降台举到十多层楼那么高的空中，吓得我拼命喊，可没人听得见 彻底砸台上了 泪 泪 [泪] [泪]
0,哈哈 各种波波 哈哈 哈哈 吴晓波 吴春波教授受惊了，您的 下一个倒下的会不会是华为 是去年最好的公司类新书 呵呵 呵呵 另外，我也常常被 ，要么是表扬演技的，要么问我什么时候被放出来了，最要命的是，还有问候银河老师的 泪 泪 何万斌 转发微博 [哈哈] [哈哈] [呵呵] [呵呵] [泪] [泪]
0,真心薄 我喜欢白色的 泪 [泪]
0,我想去！ 泪 [泪]
0,央视报导完微信收费是否，好歹给一个结论啊 衰 衰 衰 [衰] [衰] [衰]
0,抱着熊宝宝，赖床的愿望竟然是那么的强烈 泪 泪 泪 [泪] [泪] [泪]
0,枯荷 泪 [?] [泪]
0,佩服为信念而付出的人 倔强四格格 好不幸啊 悲伤 我是旱鸭子 害羞 应该安全的 思考 [悲伤] [害羞] [思考]
0,我不想去医院 泪 [泪]
0,汗 汗 你没 我，在她眼中估计纱窗也是毛线做的！她还以为自己是蝙蝠侠！！不然就是蜘蛛侠 怒 怒 不然我家纱窗怎么会这么惨烈 泪 静默闹 呆 就是为了这个把纱窗扯坏的吧 [汗] [汗] [怒] [怒] [泪]
0,这样的政府要它何为！ 煮酒谈史 怒 [怒]
0,嘻嘻 鲁欣慰 没牙吃个屁哦 文先生 牙长齐了么你！ 虎： 怒 樱 哈哈哈 郑希朋 今天妈妈不在家。 哈哈 [嘻嘻] [怒] [哈哈]
0,哥，居然咱俩忘照了 晕 光顾着拍现场视频玩儿了 偷笑 歌手春雷 转发微博 [晕] [偷笑]
0,真是过分！ 凤不是凰 救她们的人在水里的时候，景区给她们安排好了洗澡，晚餐和车，这几个刁蛮女人不仅要点最贵的菜还不满意景区给她们安排的中巴车，当然，还要狠狠地要一笔 惊吓费 ！ 野 丫头 上海人 怒 人没找到先谈钱 怒 怒 怒 怒 怒 余杭新闻网 蜡烛 [怒] [怒] [怒] [怒] [怒] [怒] [蜡烛]
0,泪 室外说书。。。 [泪]
0,回复 杨十一女侠 我听着都 晕 了 哈哈 杨十一女侠 恩。另外再赠送两瓶地道的六年西凤酒 广播人沈雷 留点 哈哈 [晕] [哈哈] [哈哈]
0,本周才过一半，已经第二次忘带手机出门了！ 泪 有事请打我 的号 [泪]
0,无法用语言形容 泪 [泪]
0,大 因 前列 瘤病 已 散到其他器官 生 已 法手 也不需要做化 了 大 是 的孩子 我真的好 不得他 泪 泪 [泪] [泪]
0,无比想吃泰国的 抓狂 抓狂 抓狂 抓狂 [抓狂] [抓狂] [抓狂] [抓狂]
0,现写本书，来得及吗？同求 青曜吟：不是名家，铜球 泪 谢思鹏： 泪 不是名家，也想， 天心亲王：我来了我要认证 [泪] [泪]
0,的呼吸 疯游精 还记得不？这 神勇啊 宋狍狍 晕 晕 晕 [晕] [晕] [晕]
0,请大家打开看看这篇文章吧，大老虎太可怜了！ 泪 泪 泪 严重支持禁止动物表演！ 怒 怒 怒 [泪] [泪] [泪] [怒] [怒] [怒]
0,给自己和所有开车的朋友提个醒 喜欢向日葵的昂扬 超 友爱 瀚海观鱼 开车的要注意啦 左手 美图摄影日记 张千里 好好公主妈咪 打电话也不行啊 泪 快乐大姐 的妈咪 [泪]
0,尼玛今天天这么阴都没预警也没提早下班还加班 晕 我在 [晕]
0,回复 霍琳 嚯，山大都玩带动画的，这图片的也就县城的小弊三儿玩！ 嘻嘻 嘻嘻 嘻嘻 嘻嘻 嘻嘻 检查官姐们！ 霍琳 晕 鸭梨山大餐饮公司 香草香草王岩伟 谁不说俺家乡好的呀喂哟 河北解放 回复 霍琳 多照顾我们男同学的眼睛啊，这应该叫观音坐莲吧？ [嘻嘻] [嘻嘻] [嘻嘻] [嘻嘻] [嘻嘻] [晕]
0,以后谁再灌我跟谁死磕！ 晕 中国好宪一 [晕]
0,奔奔向前奔 你一直在挑战我的底限。。。。 我要冻死在夏天了吗？ 怒 鄙视 生病 [怒] [鄙视] [生病]
0,晕 有悖佛门教义 [晕]
0,明天降温 度！ 衰 [衰]
0,饿死了，我还在拍片 泪 [泪]
0,变身，终于下班鸟。 泪 回家收拾行李，明天不要下雨。不要晚点啊。 [泪]
0,我是强迫症 可怜 泪 [可怜] [泪]
0,都快成空中灰人了 怒骂 我在 [怒骂]
0,今天下午作为嘉宾参加潘潘猫新书 我们俩 的发布会，刚到 一坐一忘 餐厅就被 梦遥 埋汰了一下，说偶的衣服比她还鲜艳。席间被请上台去，献丑雕刻了萝卜花，于是第一次在近百人的 围观 下完成了。 潘潘猫 那个樱桃小萝卜是蔫的，小刀还没尖 泪 。还有，图中你那是神马表情 问号 祝大卖！ [围观] [泪] [问号]
0,去了两次，一次暴雪，一次暴雨 痛 泪 [泪]
0,我想说什么来着？大脑当机 生病 。累了，睡了 失望 [生病] [失望]
0,最近拍照时，频频把 闪光 说成 闪电 ，咋回事， 晕 ，口误后，经常自己乐的不行了 偷笑 [晕] [偷笑]
0,那广告三观不正得很 泪 相比之下，搞百合都比那正常 基核肿部 阿哈哈哈哈哈哈哈哈哈哈哈 [泪]
0,感谢大家啊。虽然我家没水没电可是受到了大家的热情收留 泪 泪 [泪] [泪]
0,在你们眼里，游游的智商有这么低嘛 怒 没听说过 元门票嘛？此时不买更待何时 [怒]
0,上海。。。为什么会变成这样？ 一路东去 上海 衰 导演高晓舰 上海 衰 [衰] [衰]
0,琢磨 秒钟，笑了 分钟。 方毅 个信 恩，我一直认为盛大是一个娱乐公司 好牛比的功能 绝对是划时代的 和太阳能手电筒有得一拼啊 没信号的时候才能体现功能价值 衰 浩瀚阳端 以上不可通话的状态连线，还有人不挂断？ [衰]
0,开会，今年的种植计划、品种等等 抓狂 [抓狂]
0,泪 礼物 [泪] [礼物]
0,节操碎一地啊！ 晕 金小雷 太没节操了 衰 [晕] [衰]
